path,image_id,acquisition_prefix,grouped_split,target_label,target_index,cell_type,day_bucket,published_split,sha256
data/raw/ooc/OOC_image_dataset/test/bad/cell_type_A549/0-1_days/221123_1.png,221123_1,221123,train,bad,0,A549,0-1_days,test,8e1e4a7060d42fb8d89f96947bc7b02535f9d2d078cd258ed6ec576495faa113
data/raw/ooc/OOC_image_dataset/test/bad/cell_type_A549/0-1_days/221123_2.png,221123_2,221123,train,bad,0,A549,0-1_days,test,8598c4feee3930c655fc6343555066ee4543408ccb6c7da9c24cc5da57645456
data/raw/ooc/OOC_image_dataset/test/bad/cell_type_A549/0-1_days/221123_7.png,221123_7,221123,train,bad,0,A549,0-1_days,test,a5ea9de8767305b069ec2825ff3362f9f4170d406cf7b66309206d9244440e27
data/raw/ooc/OOC_image_dataset/test/bad/cell_type_A549/0-1_days/221123_9.png,221123_9,221123,train,bad,0,A549,0-1_days,test,7774f0d5470bc7e195d5de74ed39b286c1f0c3f328a4131d00b5af3806994abd
data/raw/ooc/OOC_image_dataset/test/bad/cell_type_A549/0-1_days/230109_125.png,230109_125,230109,train,bad,0,A549,0-1_days,test,dd653b1dc30f0cf03cf951f33b3fb18124e31da68a7fa5becafa0654266f74bc
data/raw/ooc/OOC_image_dataset/test/bad/cell_type_A549/0-1_days/230109_128.png,230109_128,230109,train,bad,0,A549,0-1_days,test,cceb0ba28dab2d62277c86e4625f172f8fa7a12e474db465ba8a23c049af1ae5
data/raw/ooc/OOC_image_dataset/test/bad/cell_type_A549/0-1_days/230109_97.png,230109_97,230109,train,bad,0,A549,0-1_days,test,fe7009c1a8a36b0ae9269b8d61dbf4acdf8f23d0f281fff1cd07db57c6762901
data/raw/ooc/OOC_image_dataset/test/bad/cell_type_A549/0-1_days/230525_114.png,230525_114,230525,train,bad,0,A549,0-1_days,test,1364fb164e241bd6a16a959e3ea1fbb3a02e24eef45519372b9933cddb4edf4a
data/raw/ooc/OOC_image_dataset/test/bad/cell_type_A549/0-1_days/230525_122.png,230525_122,230525,train,bad,0,A549,0-1_days,test,f72b199172edbf8a7f65d24b788930d0546b0151e7f3423c2acf32ebc7249333
data/raw/ooc/OOC_image_dataset/test/bad/cell_type_A549/0-1_days/230525_123.png,230525_123,230525,train,bad,0,A549,0-1_days,test,19ae9c19f677c1dcc7895fcb917e0576e00b0955dba4ccb29f19f775a9a4cfaa
data/raw/ooc/OOC_image_dataset/test/bad/cell_type_A549/0-1_days/230525_124.png,230525_124,230525,train,bad,0,A549,0-1_days,test,8da0d8dc943014d90b83e29e86ff3e8ea452375399ffec1f7b9f67631c5d4d8b
data/raw/ooc/OOC_image_dataset/test/bad/cell_type_A549/0-1_days/230525_211.png,230525_211,230525,train,bad,0,A549,0-1_days,test,e0b683e15098621f9987b491bd3319ff29887afac5e79cebd9686b6a5365d617
data/raw/ooc/OOC_image_dataset/test/bad/cell_type_A549/0-1_days/230525_212.png,230525_212,230525,train,bad,0,A549,0-1_days,test,1ddc84b03cb3f93e78d1d250f82e950f56384aa4065e12562f55e7ba9a36b951
data/raw/ooc/OOC_image_dataset/test/bad/cell_type_A549/2-3_days/220606_5.png,220606_5,220606,train,bad,0,A549,2-3_days,test,ff23f2158501ddc880c5facf83c17569ae70253352726a4cbe6344f8cb7360cd
data/raw/ooc/OOC_image_dataset/test/bad/cell_type_A549/2-3_days/230110_131.png,230110_131,230110,train,bad,0,A549,2-3_days,test,09244b1c1df6d9a2d210c03bf56036bdaeb73d558c587a113017630fe878f4bc
data/raw/ooc/OOC_image_dataset/test/bad/cell_type_A549/2-3_days/230110_147.png,230110_147,230110,train,bad,0,A549,2-3_days,test,9fce46c341bc3fbc98b34eb20ba90baa1cc31b4396c9bd539385df51295046d8
data/raw/ooc/OOC_image_dataset/test/bad/cell_type_A549/4+_days/220611_22.png,220611_22,220611,train,bad,0,A549,4+_days,test,429a3ff98cd0fa730646a20682f35f22f4db09a21ca9858d675c0bc481bb0dcc
data/raw/ooc/OOC_image_dataset/test/bad/cell_type_A549/4+_days/221219_9.png,221219_9,221219,train,bad,0,A549,4+_days,test,eeb835ac55867435c8ec741714bd5b465876b5483ea3b1376efe7dc548d91da4
data/raw/ooc/OOC_image_dataset/test/bad/cell_type_A549/4+_days/230425_161.png,230425_161,230425,train,bad,0,A549,4+_days,test,ad9758e576da0ca535cdba7f98d70b3d4a836c7fa93425585a5e47c36227f8ac
data/raw/ooc/OOC_image_dataset/test/bad/cell_type_A549/4+_days/230425_165.png,230425_165,230425,train,bad,0,A549,4+_days,test,6c2cb2e24b1efcc189f6e8116da4fd2f964af0b5a6d8843e08b6976fd1f48c0b
data/raw/ooc/OOC_image_dataset/test/bad/cell_type_A549/4+_days/230425_166.png,230425_166,230425,train,bad,0,A549,4+_days,test,5b1ac5968695a575a0ffc7cec5a9cabebe02e42a3fa7f45b321018d0869e7529
data/raw/ooc/OOC_image_dataset/test/bad/cell_type_A549/4+_days/230425_176.png,230425_176,230425,train,bad,0,A549,4+_days,test,1598fa798414fec4ba7d9dd1196e9bcdd99c67c756ff6645577ecb1e31bce1a7
data/raw/ooc/OOC_image_dataset/test/bad/cell_type_A549/4+_days/230425_59.png,230425_59,230425,train,bad,0,A549,4+_days,test,bdacfee70507e04d7c5734aff9bb51a1abc0ff6d1c4491f00129099771b89e35
data/raw/ooc/OOC_image_dataset/test/bad/cell_type_A549/4+_days/230425_67.png,230425_67,230425,train,bad,0,A549,4+_days,test,9a5ae84ca79708fdf9fcdd1e121ece2cd86f1de36d33fc8b810b35b90ab6fa45
data/raw/ooc/OOC_image_dataset/test/bad/cell_type_A549/4+_days/230425_79.png,230425_79,230425,train,bad,0,A549,4+_days,test,d1839fcaca13ac78cdc03d9cd629e8bbf9dabd4865005ccc7696cee419951dad
data/raw/ooc/OOC_image_dataset/test/bad/cell_type_A549/4+_days/230425_81.png,230425_81,230425,train,bad,0,A549,4+_days,test,7375ed42ba2d35f4d9d62436b436515a8a0aeddf327552b5556e29af70d11f01
data/raw/ooc/OOC_image_dataset/test/bad/cell_type_A549/4+_days/230425_83.png,230425_83,230425,train,bad,0,A549,4+_days,test,3f6a1d1e5dc12b2708017799f3e2583b055e0e63e68d7d276eccfd4851d937d3
data/raw/ooc/OOC_image_dataset/test/bad/cell_type_A549/4+_days/230512_43.png,230512_43,230512,test,bad,0,A549,4+_days,test,cbaea0a4442e1db158609a25ea66e87955eef4002f8c67691d12f7d4a167a492
data/raw/ooc/OOC_image_dataset/test/bad/cell_type_A549/4+_days/230512_50.png,230512_50,230512,test,bad,0,A549,4+_days,test,e2569e5e67f511ff6597725446d8d6bb0b82c9217855234e85a3d5e188cfd17f
data/raw/ooc/OOC_image_dataset/test/bad/cell_type_A549/4+_days/230512_51.png,230512_51,230512,test,bad,0,A549,4+_days,test,8b1e7e638bebfb145468f6c6567060e72db7077aa914982205cb32d0ab7a4558
data/raw/ooc/OOC_image_dataset/test/bad/cell_type_A549/4+_days/230517_47.png,230517_47,230517,test,bad,0,A549,4+_days,test,f50241d8123085c45855ef0e487d5a7993c8c7b94ef0d88f64b00f49361bc7fb
data/raw/ooc/OOC_image_dataset/test/bad/cell_type_A549/4+_days/230517_55.png,230517_55,230517,test,bad,0,A549,4+_days,test,edaeab6f5eb2c95f40aa057f313969af11c94ba80c7053b4d76b38d422764413
data/raw/ooc/OOC_image_dataset/test/bad/cell_type_A549/4+_days/230529_126.png,230529_126,230529,train,bad,0,A549,4+_days,test,a8cb49c834c24f7017839c4b238b30dc9dfb96681abbc4e9a6d1145879c5099e
data/raw/ooc/OOC_image_dataset/test/bad/cell_type_A549/4+_days/230529_128.png,230529_128,230529,train,bad,0,A549,4+_days,test,3ac850c8fe5fd1fe8f2b832291e26d2b2ee06700054b2629c6013ef4548585b8
data/raw/ooc/OOC_image_dataset/test/bad/cell_type_A549/4+_days/230529_136.png,230529_136,230529,train,bad,0,A549,4+_days,test,0f04fc28d55d1120396cf3daa7ce27aae5e051b660c77a0d905e6e588b9e43b5
data/raw/ooc/OOC_image_dataset/test/bad/cell_type_A549/4+_days/230529_143.png,230529_143,230529,train,bad,0,A549,4+_days,test,4a44d1b99abf71e0b665f979b30305ef1875c770780559ae787f26e6e14b190c
data/raw/ooc/OOC_image_dataset/test/bad/cell_type_A549/4+_days/230529_207.png,230529_207,230529,train,bad,0,A549,4+_days,test,4107cc2fbe200fdd676a3fdec49503415892877a8c82bd786abff300306053b4
data/raw/ooc/OOC_image_dataset/test/bad/cell_type_A549/4+_days/230529_210.png,230529_210,230529,train,bad,0,A549,4+_days,test,aeedd6b8cd56e7ed9b2ad7072fd80a3670ad3c8b0cf4d5a3053b5b1e8d83a14e
data/raw/ooc/OOC_image_dataset/test/bad/cell_type_A549/4+_days/230529_213.png,230529_213,230529,train,bad,0,A549,4+_days,test,e1957f565b7c590a42a2d06e9936b60acbf11fb3f5002f8ae19f973292709344
data/raw/ooc/OOC_image_dataset/test/bad/cell_type_A549/4+_days/230529_216.png,230529_216,230529,train,bad,0,A549,4+_days,test,93bc5983d516c5223f7d59d342c9593e18f0e9f5a734d5b4a2019fce97206e72
data/raw/ooc/OOC_image_dataset/test/bad/cell_type_A549/4+_days/230529_44.png,230529_44,230529,train,bad,0,A549,4+_days,test,a935614c0f4fac4d685e5cbe13cb5a5ab4696bf876a2c18cbd0a2626a347490a
data/raw/ooc/OOC_image_dataset/test/bad/cell_type_A549/4+_days/230529_46.png,230529_46,230529,train,bad,0,A549,4+_days,test,faf4545192622bae24c414923119a3fc0099e5a08d51a927fd9f00b193f88e80
data/raw/ooc/OOC_image_dataset/test/bad/cell_type_A549/4+_days/230529_48.png,230529_48,230529,train,bad,0,A549,4+_days,test,42691e1495ec0994d60511b8eb0c6c3ca4d9c2f7052d49177804e64819c11a54
data/raw/ooc/OOC_image_dataset/test/bad/cell_type_A549/4+_days/230529_67.png,230529_67,230529,train,bad,0,A549,4+_days,test,442a8e4f6d2a9fe542ef004ef45e56b07a02ba680656b440754683f771bc652d
data/raw/ooc/OOC_image_dataset/test/bad/cell_type_A549/4+_days/230529_68.png,230529_68,230529,train,bad,0,A549,4+_days,test,ceee8f0636a01238fcda41f22420318b926802945d6eab82ae59dcad18ef88f0
data/raw/ooc/OOC_image_dataset/test/bad/cell_type_A549/4_days/220608_13.png,220608_13,220608,train,bad,0,A549,4_days,test,a74683bb94f52dfa73dc4b13480ccd536a06a92f7bbb4ffb6785d20f358829ca
data/raw/ooc/OOC_image_dataset/test/bad/cell_type_A549/4_days/220608_15.png,220608_15,220608,train,bad,0,A549,4_days,test,3e5ff27343174e011f112dbf6bd2ba940a0c9a18896810740379bdabddb4cffe
data/raw/ooc/OOC_image_dataset/test/bad/cell_type_A549/4_days/220608_21.png,220608_21,220608,train,bad,0,A549,4_days,test,652ed447c4ebb70fd8ee9b70a6034f709887938725478648935e501c66f1a30b
data/raw/ooc/OOC_image_dataset/test/bad/cell_type_A549/4_days/230424_104.png,230424_104,230424,validation,bad,0,A549,4_days,test,e8097b078e649a72a58d92b964ef2e60aa73ea742c320e42d92bb66d012a2c2b
data/raw/ooc/OOC_image_dataset/test/bad/cell_type_A549/4_days/230424_107.png,230424_107,230424,validation,bad,0,A549,4_days,test,2112990d0f2da4b26774dc9c384c19c5f7dbb90a29162f3517e6e474d83ebf83
data/raw/ooc/OOC_image_dataset/test/bad/cell_type_A549/4_days/230424_77.png,230424_77,230424,validation,bad,0,A549,4_days,test,8bcfeb5f3295c42c06e52e80e5cf733e9e325d8a4980459a60993fbe15944958
data/raw/ooc/OOC_image_dataset/test/bad/cell_type_A549/4_days/230424_98.png,230424_98,230424,validation,bad,0,A549,4_days,test,340606e9b2e7e9e4aa6b1385a297cee576b86f420f215021ff1ad576aa29fe59
data/raw/ooc/OOC_image_dataset/test/bad/cell_type_CACO/2-3_days/220606_12.png,220606_12,220606,train,bad,0,CACO,2-3_days,test,bf98def25092a7b7318a730980d204c8976b6a569dafebf38bc3c78d71a82f10
data/raw/ooc/OOC_image_dataset/test/bad/cell_type_CACO/2-3_days/220606_13.png,220606_13,220606,train,bad,0,CACO,2-3_days,test,32fa229293132e02a4a776351ae45e2059eaeded0679811add39809044202e8f
data/raw/ooc/OOC_image_dataset/test/bad/cell_type_CACO/2-3_days/220606_14.png,220606_14,220606,train,bad,0,CACO,2-3_days,test,b4851af771b9f9c7ecdeeb5caf9ec903cd1c489a0e2a59db54d9da92eb3b3f84
data/raw/ooc/OOC_image_dataset/test/bad/cell_type_CACO/2-3_days/230405_103.png,230405_103,230405,train,bad,0,CACO,2-3_days,test,f33024fba796042de560cb12f429528e8d26fe7dbe2c077f2a801180b3382233
data/raw/ooc/OOC_image_dataset/test/bad/cell_type_CACO/2-3_days/230405_105.png,230405_105,230405,train,bad,0,CACO,2-3_days,test,e2bb1f44ae5c5ca1ee16fc5c1de3cf2278e2a04c2c68b6d92de3a090a714af02
data/raw/ooc/OOC_image_dataset/test/bad/cell_type_CACO/2-3_days/230405_109.png,230405_109,230405,train,bad,0,CACO,2-3_days,test,f16897c5b6bc21d214ea46e4698cb7b8f1874ea85e419f3a265c4aa7c9a68846
data/raw/ooc/OOC_image_dataset/test/bad/cell_type_CACO/2-3_days/230405_113.png,230405_113,230405,train,bad,0,CACO,2-3_days,test,c7f20aef235a24c75a1277260d00b4ce61ed5fa02731028e00641287ac39a158
data/raw/ooc/OOC_image_dataset/test/bad/cell_type_CACO/2-3_days/230405_116.png,230405_116,230405,train,bad,0,CACO,2-3_days,test,24f45734b1449e6b4803e41d69b450da5d4cbaefb623eaf639d07a5f6815589a
data/raw/ooc/OOC_image_dataset/test/bad/cell_type_CACO/2-3_days/230405_123.png,230405_123,230405,train,bad,0,CACO,2-3_days,test,04b0d764ac2747d4c9a59b420ce27959fa089c2e32231062605320d071673987
data/raw/ooc/OOC_image_dataset/test/bad/cell_type_CACO/2-3_days/230405_130.png,230405_130,230405,train,bad,0,CACO,2-3_days,test,f9a88c8745fe77fecff25eee49cd79a890e5830760c7154cab59b1f999bbcf7c
data/raw/ooc/OOC_image_dataset/test/bad/cell_type_CACO/2-3_days/230405_135.png,230405_135,230405,train,bad,0,CACO,2-3_days,test,4bb43dc5fb75b24352f6276e1c1f02ca3d192afd5f91dd4fff8e781f9fed9201
data/raw/ooc/OOC_image_dataset/test/bad/cell_type_CACO/2-3_days/230405_96.png,230405_96,230405,train,bad,0,CACO,2-3_days,test,fff8b7de39d7fad394511b84e577ac913c2bbf32619a9bff2c0d9ea1119bb051
data/raw/ooc/OOC_image_dataset/test/bad/cell_type_CACO/2-3_days/230419_102.png,230419_102,230419,train,bad,0,CACO,2-3_days,test,63f39e64cc96fd8893ebd0b7b78f7069bde14f7eb37a3dc398c93daaa7892b15
data/raw/ooc/OOC_image_dataset/test/bad/cell_type_CACO/2-3_days/230419_103.png,230419_103,230419,train,bad,0,CACO,2-3_days,test,2eda273e63777440ab7cadf1a8ab0ebaebb9e563b727fe24a64a2202905c503b
data/raw/ooc/OOC_image_dataset/test/bad/cell_type_CACO/2-3_days/230419_108.png,230419_108,230419,train,bad,0,CACO,2-3_days,test,5f8b46ed7c870270f4152c7d5b0a336dc80c03cf9052d370f8beac134c421762
data/raw/ooc/OOC_image_dataset/test/bad/cell_type_CACO/2-3_days/230419_113.png,230419_113,230419,train,bad,0,CACO,2-3_days,test,08ab841e1db12130795d626091ec47f367eede35451523aa3ff50094d2afb0eb
data/raw/ooc/OOC_image_dataset/test/bad/cell_type_CACO/2-3_days/230419_114.png,230419_114,230419,train,bad,0,CACO,2-3_days,test,222bc88b070cab2632fa15b675a20c5ab88d335afceef2efb45f6309a5fc7e9d
data/raw/ooc/OOC_image_dataset/test/bad/cell_type_CACO/2-3_days/230419_94.png,230419_94,230419,train,bad,0,CACO,2-3_days,test,201df2da7f4f451a3e4a00e36ca4eb453e77fc15fae8cc9e0797a2a1801caeb8
data/raw/ooc/OOC_image_dataset/test/bad/cell_type_CACO/2-3_days/230419_96.png,230419_96,230419,train,bad,0,CACO,2-3_days,test,e01fc3b48604300fb23f4ce2ebb37b580382aaff0eca16c6ac01b30969808cb2
data/raw/ooc/OOC_image_dataset/test/bad/cell_type_CACO/4+_days/220609_1.png,220609_1,220609,train,bad,0,CACO,4+_days,test,c4703efa5d81373afbd3a7ee7836d61659471019e465a0f3b7a741a7a0682232
data/raw/ooc/OOC_image_dataset/test/bad/cell_type_CACO/4+_days/220611_9.png,220611_9,220611,train,bad,0,CACO,4+_days,test,1eeffca835d51428e635b5490cc7f5dd1b48e23e7f53224033b29a2734cb4982
data/raw/ooc/OOC_image_dataset/test/bad/cell_type_CACO/4+_days/230403_1.png,230403_1,230403,train,bad,0,CACO,4+_days,test,cf31baf09c7bf480833a4cc75b7129a92885a9394937a413b071fdd3529a0f16
data/raw/ooc/OOC_image_dataset/test/bad/cell_type_CACO/4+_days/230403_12.png,230403_12,230403,train,bad,0,CACO,4+_days,test,c75c935501eee17c4f4e4039ded3c64dd1d396260519afb87dda9fac6d1b7a26
data/raw/ooc/OOC_image_dataset/test/bad/cell_type_CACO/4+_days/230403_4.png,230403_4,230403,train,bad,0,CACO,4+_days,test,9638f41b0c27facb1d07e74c33eadc26596a7e0046471840b3a8ba4bc580d095
data/raw/ooc/OOC_image_dataset/test/bad/cell_type_CACO/4+_days/230403_6.png,230403_6,230403,train,bad,0,CACO,4+_days,test,71aa5e38843f864c81ab59b341a0ba867390d4b795375a874a728f4cef5f2dae
data/raw/ooc/OOC_image_dataset/test/bad/cell_type_CACO/4+_days/230405_16.png,230405_16,230405,train,bad,0,CACO,4+_days,test,045f12648bbcf3fd405ced0320554f28a2b08937e734c0bae88aa4d2baf87bfc
data/raw/ooc/OOC_image_dataset/test/bad/cell_type_CACO/4+_days/230405_21.png,230405_21,230405,train,bad,0,CACO,4+_days,test,b95e56b4b975e86c6b3d89aa94ed1b721dd0d3110417efde2a5a1464108fd718
data/raw/ooc/OOC_image_dataset/test/bad/cell_type_CACO/4+_days/230405_25.png,230405_25,230405,train,bad,0,CACO,4+_days,test,d39928691f046da01c594ced3b0cc77f4d74b9fdbf28c431210a08026cc40ab7
data/raw/ooc/OOC_image_dataset/test/bad/cell_type_CACO/4+_days/230405_27.png,230405_27,230405,train,bad,0,CACO,4+_days,test,0475e60c67d51f665cae3beb13fa22cd9aeb7f584dabbe33c68f174144b6f63a
data/raw/ooc/OOC_image_dataset/test/bad/cell_type_CACO/4+_days/230405_28.png,230405_28,230405,train,bad,0,CACO,4+_days,test,140e595cc7aca90976ed42e9a93c4793a0da6a9dccae998c2b6609f4dffa5beb
data/raw/ooc/OOC_image_dataset/test/bad/cell_type_CACO/4+_days/230405_31.png,230405_31,230405,train,bad,0,CACO,4+_days,test,09af3901ebf58464dfe83de151fa401b7e16cfa4637fad6a7d4f48852e20d2b4
data/raw/ooc/OOC_image_dataset/test/bad/cell_type_CACO/4+_days/230405_32.png,230405_32,230405,train,bad,0,CACO,4+_days,test,f61c0e3a805fc1b1e8b8699dd6fc337af88dc689327475c3973db33663aa977e
data/raw/ooc/OOC_image_dataset/test/bad/cell_type_CACO/4+_days/230405_9.png,230405_9,230405,train,bad,0,CACO,4+_days,test,6bd6fce5eae44982cf90aa11818b8b3c2b578e1e2e187eab13654eb24bbe7279
data/raw/ooc/OOC_image_dataset/test/bad/cell_type_CACO/4+_days/230411_51.png,230411_51,230411,validation,bad,0,CACO,4+_days,test,8656110be8b8bddaaa2b789c9b7f56437a7b1493ae33ea07471f7b656df5a9b2
data/raw/ooc/OOC_image_dataset/test/bad/cell_type_CACO/4+_days/230411_60.png,230411_60,230411,validation,bad,0,CACO,4+_days,test,fca2b106dcec80c8c3a61a23dfcc8cd11af0fb43c51b8a4ed06ee0ba54b8c651
data/raw/ooc/OOC_image_dataset/test/bad/cell_type_CACO/4+_days/230411_67.png,230411_67,230411,validation,bad,0,CACO,4+_days,test,b8dbdb5fc430dd420335d18f5732d67fd923557fda14ff0d0be4de94af2f91bc
data/raw/ooc/OOC_image_dataset/test/bad/cell_type_CACO/4+_days/230411_68.png,230411_68,230411,validation,bad,0,CACO,4+_days,test,e13b6389bbfde6194b3c0b7370759bcfbe2f55b3b14cf60c840494b51f686f52
data/raw/ooc/OOC_image_dataset/test/bad/cell_type_CACO/4+_days/230411_71.png,230411_71,230411,validation,bad,0,CACO,4+_days,test,e9c3378751715477190416a422d286d31d6d38048de2aed1f18409d630711dc4
data/raw/ooc/OOC_image_dataset/test/bad/cell_type_CACO/4+_days/230425_183.png,230425_183,230425,train,bad,0,CACO,4+_days,test,b88c04e818cafb2fee2763549dfcf50dfa30e3e8ac7e17c652ff60833b891541
data/raw/ooc/OOC_image_dataset/test/bad/cell_type_CACO/4+_days/230425_186.png,230425_186,230425,train,bad,0,CACO,4+_days,test,cd1ab5201bcc25e9f23b2523a075d76ed08fdc0948ee226aafadf8370c1fb092
data/raw/ooc/OOC_image_dataset/test/bad/cell_type_CACO/4+_days/230425_191.png,230425_191,230425,train,bad,0,CACO,4+_days,test,b8f9cbfeadf78c54c0d34677f7989b6a29f25ec24a466deadee9df748872a96d
data/raw/ooc/OOC_image_dataset/test/bad/cell_type_CACO/4+_days/230425_197.png,230425_197,230425,train,bad,0,CACO,4+_days,test,425a5ee582f5f86e08a1ee451f0dd8e9c5521c5f199249077f25d09538620fde
data/raw/ooc/OOC_image_dataset/test/bad/cell_type_CACO/4+_days/230425_203.png,230425_203,230425,train,bad,0,CACO,4+_days,test,12647c432a6ba7b9fcfdef49175e1fbf52af6403d775a523bb8dfe54ceefd292
data/raw/ooc/OOC_image_dataset/test/bad/cell_type_CACO/4+_days/230425_205.png,230425_205,230425,train,bad,0,CACO,4+_days,test,0a3ead7387d8fd5d4b23bb6108a6621d699916d2f841fe821b6f7cadf6fe3efa
data/raw/ooc/OOC_image_dataset/test/bad/cell_type_CACO/4+_days/230425_209.png,230425_209,230425,train,bad,0,CACO,4+_days,test,c73a19841d840a53d0d5b8163b6f8f4ea0322b82126eee46e5f1d8a82f0547a1
data/raw/ooc/OOC_image_dataset/test/bad/cell_type_CACO/4+_days/230425_211.png,230425_211,230425,train,bad,0,CACO,4+_days,test,b28e91eefd77789cfc1a1e4338ac099a7ddb45aedbf2789f6a25d74c20491a3f
data/raw/ooc/OOC_image_dataset/test/bad/cell_type_CACO/4+_days/230425_213.png,230425_213,230425,train,bad,0,CACO,4+_days,test,1bda2af42e0c89afaa093d0f196ba4cb2c974f74d43d27e567b328817f134d77
data/raw/ooc/OOC_image_dataset/test/bad/cell_type_CACO/4_days/220608_7.png,220608_7,220608,train,bad,0,CACO,4_days,test,7ad0dc2998924bcf6d05958dd2a94b17e5297dfceb4f1488c33d605c6001d66f
data/raw/ooc/OOC_image_dataset/test/bad/cell_type_CACO/4_days/220608_8.png,220608_8,220608,train,bad,0,CACO,4_days,test,595714c9ba87d7d2ee89a860cd46656d7d66f055e5f933171f856d68704471f1
data/raw/ooc/OOC_image_dataset/test/bad/cell_type_CACO/4_days/220608_9.png,220608_9,220608,train,bad,0,CACO,4_days,test,104bbfcf57342d343c1e291d73be3eb9f563d4e8bd75d97287a5f580a03e67f1
data/raw/ooc/OOC_image_dataset/test/bad/cell_type_HPMEC/0-1_days/220429_03.png,220429_03,220429,train,bad,0,HPMEC,0-1_days,test,f617ddc400c4c43ed0ad590d4dde1eb354d73bc848efcaaacc29833cd695b3ab
data/raw/ooc/OOC_image_dataset/test/bad/cell_type_HPMEC/0-1_days/221010_40.png,221010_40,221010,test,bad,0,HPMEC,0-1_days,test,2398ce4293a3fc8520be5e9ddb338f86cce37c9c3d4f8bebe2a3b328af644e44
data/raw/ooc/OOC_image_dataset/test/bad/cell_type_HPMEC/0-1_days/221010_59.png,221010_59,221010,test,bad,0,HPMEC,0-1_days,test,1d668a4aaa3cc08565b2e0fe64884dd34eb8667a0a4f2d0a0121fe5a3c53f5d4
data/raw/ooc/OOC_image_dataset/test/bad/cell_type_HPMEC/0-1_days/230109_95.png,230109_95,230109,train,bad,0,HPMEC,0-1_days,test,7f2bf6edadc49171310cf1f2a4d50bfeeeb52ee7b42fabb7d238ab247583e1eb
data/raw/ooc/OOC_image_dataset/test/bad/cell_type_HPMEC/0-1_days/230206_4.png,230206_4,230206,train,bad,0,HPMEC,0-1_days,test,88975ebb65e585902786623d13753f3144260be13aa0b998cec13e6bedb03ebc
data/raw/ooc/OOC_image_dataset/test/bad/cell_type_HPMEC/0-1_days/230214_36.png,230214_36,230214,validation,bad,0,HPMEC,0-1_days,test,d1ee10ad88f14ff6b64cb6c6e06b23c6b0f708acd21917c489316d42b36f7a7c
data/raw/ooc/OOC_image_dataset/test/bad/cell_type_HPMEC/0-1_days/230215_23.png,230215_23,230215,validation,bad,0,HPMEC,0-1_days,test,f768e831ad9b4be31b9caa9007b1b42677252b849dea40a84e8909087518db70
data/raw/ooc/OOC_image_dataset/test/bad/cell_type_HPMEC/0-1_days/230314_10.png,230314_10,230314,train,bad,0,HPMEC,0-1_days,test,428c35abff406c6175fe40e64c5d796bc4e758b4d3f215404f5079124e1cc5c7
data/raw/ooc/OOC_image_dataset/test/bad/cell_type_HPMEC/0-1_days/230314_14.png,230314_14,230314,train,bad,0,HPMEC,0-1_days,test,27f0738c13b7cefe6e2f955d9170e32b128fe8a4a52c8cc98ea697c429e59efc
data/raw/ooc/OOC_image_dataset/test/bad/cell_type_HPMEC/0-1_days/230314_21.png,230314_21,230314,train,bad,0,HPMEC,0-1_days,test,058e33e68fd6bd0605f760a706af59219e9b8558db72aad063d469ada52add30
data/raw/ooc/OOC_image_dataset/test/bad/cell_type_HPMEC/0-1_days/230314_26.png,230314_26,230314,train,bad,0,HPMEC,0-1_days,test,bf23686473ec35b5b39576010d42093d83246f9ff73c30c6682b14b8780e8c2c
data/raw/ooc/OOC_image_dataset/test/bad/cell_type_HPMEC/0-1_days/230523_100.png,230523_100,230523,train,bad,0,HPMEC,0-1_days,test,d2eb22e038bcfd20586fb9013356641a51177976035328f836622b06f1058641
data/raw/ooc/OOC_image_dataset/test/bad/cell_type_HPMEC/0-1_days/230523_11.png,230523_11,230523,train,bad,0,HPMEC,0-1_days,test,8ab498a554e3a7cfb134b4765dc9df7cad6f74285be76e9e2fe0aac8814461e7
data/raw/ooc/OOC_image_dataset/test/bad/cell_type_HPMEC/0-1_days/230523_13.png,230523_13,230523,train,bad,0,HPMEC,0-1_days,test,b1b1933dee8071c94eb9ccb21789c0237b7e38c6d6c5574a292fe427e88538d3
data/raw/ooc/OOC_image_dataset/test/bad/cell_type_HPMEC/0-1_days/230523_15.png,230523_15,230523,train,bad,0,HPMEC,0-1_days,test,1d08d28b76a97b907cc7bd05a7086e286e432f5918e7543dbae550b802427a26
data/raw/ooc/OOC_image_dataset/test/bad/cell_type_HPMEC/0-1_days/230523_17.png,230523_17,230523,train,bad,0,HPMEC,0-1_days,test,756b0f9ff5ecadbba997170b31acfec0a90aeca1c3ce1828f167d3b323b4ce6c
data/raw/ooc/OOC_image_dataset/test/bad/cell_type_HPMEC/0-1_days/230523_29.png,230523_29,230523,train,bad,0,HPMEC,0-1_days,test,9ef7cdb76e842bc7b4a357cfaac421f14bde1d46c63452b86a40e82fc8a6d639
data/raw/ooc/OOC_image_dataset/test/bad/cell_type_HPMEC/0-1_days/230523_40.png,230523_40,230523,train,bad,0,HPMEC,0-1_days,test,c5218c1ca64f0698feb7ac78eb547c08d97e5f90c35fef3f422d12df393c0312
data/raw/ooc/OOC_image_dataset/test/bad/cell_type_HPMEC/0-1_days/230523_43.png,230523_43,230523,train,bad,0,HPMEC,0-1_days,test,79dde5c518d29c2bfa9273d279c8651bdc055b6e0aaff37adcf692feca4c7d86
data/raw/ooc/OOC_image_dataset/test/bad/cell_type_HPMEC/0-1_days/230523_44.png,230523_44,230523,train,bad,0,HPMEC,0-1_days,test,2173a4bf020167511f8268b5f3f3fc6c0a51438df99cbd19c5893741a74c3345
data/raw/ooc/OOC_image_dataset/test/bad/cell_type_HPMEC/0-1_days/230523_46.png,230523_46,230523,train,bad,0,HPMEC,0-1_days,test,a75079fd47d70e038d8aa13ae9dfdcbc0b3b5fa19b8afaca1a47c61f82a44cdc
data/raw/ooc/OOC_image_dataset/test/bad/cell_type_HPMEC/0-1_days/230523_48.png,230523_48,230523,train,bad,0,HPMEC,0-1_days,test,68acf40731b94fd9a8d5a3152462bd8e9d58eab74a9cfe7cc93aaad83ed1680b
data/raw/ooc/OOC_image_dataset/test/bad/cell_type_HPMEC/0-1_days/230523_49.png,230523_49,230523,train,bad,0,HPMEC,0-1_days,test,a4bc7952719d245a99eadd1f3101091280fdb37dd85b3a6b61793182c4453f9d
data/raw/ooc/OOC_image_dataset/test/bad/cell_type_HPMEC/0-1_days/230523_5.png,230523_5,230523,train,bad,0,HPMEC,0-1_days,test,6f098704e6d77592ea4f1376b3522c63351f24a54cfc8da82b69832e4f35fc47
data/raw/ooc/OOC_image_dataset/test/bad/cell_type_HPMEC/0-1_days/230523_76.png,230523_76,230523,train,bad,0,HPMEC,0-1_days,test,42336f1ee3214a1b342680210af8c5f85e23a136f0d7572fad5aa51f3df1c600
data/raw/ooc/OOC_image_dataset/test/bad/cell_type_HPMEC/0-1_days/230523_78.png,230523_78,230523,train,bad,0,HPMEC,0-1_days,test,f7419e4bd7e1bd234c2829e4b2e5c812e3da33ea4290c7b52f347f8bc01a96ab
data/raw/ooc/OOC_image_dataset/test/bad/cell_type_HPMEC/0-1_days/230523_83.png,230523_83,230523,train,bad,0,HPMEC,0-1_days,test,30b3b1a7fbd97f13ce795374020914277ff828f56e7886bab1c04386d8b8e1a5
data/raw/ooc/OOC_image_dataset/test/bad/cell_type_HPMEC/0-1_days/230523_96.png,230523_96,230523,train,bad,0,HPMEC,0-1_days,test,9874d624e8b945c0cdfff28048c9df8a4768fcf166c95ab50ae3f88dd22022e6
data/raw/ooc/OOC_image_dataset/test/bad/cell_type_HPMEC/0-1_days/230523_99.png,230523_99,230523,train,bad,0,HPMEC,0-1_days,test,a18e7fc0bd483f3dd1b866de9f8812347df0fb8b6219d1abf3f42a68d0c52613
data/raw/ooc/OOC_image_dataset/test/bad/cell_type_HPMEC/2-3_days/230315_2.png,230315_2,230315,train,bad,0,HPMEC,2-3_days,test,4f2795f841b19de42cf85ff5bc5876b3148ced31e2edd90cac4dc973cb1ccfef
data/raw/ooc/OOC_image_dataset/test/bad/cell_type_HPMEC/2-3_days/230315_22.png,230315_22,230315,train,bad,0,HPMEC,2-3_days,test,eb91996c3c981ab178447dbe778c8384ba4c1b2d77a5db078f01f587f5ec265f
data/raw/ooc/OOC_image_dataset/test/bad/cell_type_HPMEC/2-3_days/230315_23.png,230315_23,230315,train,bad,0,HPMEC,2-3_days,test,47d875a2e9cb051db611d532e780d2164f15a0fcfeda35818e1d8373dbf973e1
data/raw/ooc/OOC_image_dataset/test/bad/cell_type_HPMEC/2-3_days/230315_26.png,230315_26,230315,train,bad,0,HPMEC,2-3_days,test,68128ed7566b261fb0505ad36659a582f2c1e55bdcede97687b4a5560d1a58c1
data/raw/ooc/OOC_image_dataset/test/bad/cell_type_HPMEC/2-3_days/230315_29.png,230315_29,230315,train,bad,0,HPMEC,2-3_days,test,9294af40e58eb0e04305af82068f8e3dd2a3922ae9b3bcabe8c3738f45456f59
data/raw/ooc/OOC_image_dataset/test/bad/cell_type_HPMEC/2-3_days/230315_33.png,230315_33,230315,train,bad,0,HPMEC,2-3_days,test,fe6e8f0e1b5de61f7deae69c0d5d8313326883064038dbee929e0095c044764d
data/raw/ooc/OOC_image_dataset/test/bad/cell_type_HPMEC/2-3_days/230315_41.png,230315_41,230315,train,bad,0,HPMEC,2-3_days,test,762ed8018e310ad5f080d7a2fcf14c3537ba73de9e01c2bbcf32447b9041ba3e
data/raw/ooc/OOC_image_dataset/test/bad/cell_type_HPMEC/2-3_days/230315_56.png,230315_56,230315,train,bad,0,HPMEC,2-3_days,test,739708ddec997b73f5d30bce0cf69e3fee14141d27e60f2c7896efd7f6684f1c
data/raw/ooc/OOC_image_dataset/test/bad/cell_type_HPMEC/2-3_days/230315_77.png,230315_77,230315,train,bad,0,HPMEC,2-3_days,test,8f5e3aa7a371acfc3e652a42724d0849eeecddd1347fd486c7ef2a730ae811a3
data/raw/ooc/OOC_image_dataset/test/bad/cell_type_HPMEC/2-3_days/230315_80.png,230315_80,230315,train,bad,0,HPMEC,2-3_days,test,21bd284324b9c3ec158ed567751a23f3e9d56e77fe17f60a9a9de8be0059ba3f
data/raw/ooc/OOC_image_dataset/test/bad/cell_type_HPMEC/2-3_days/230315_91.png,230315_91,230315,train,bad,0,HPMEC,2-3_days,test,863ca5153ac4ee47cf2deffc5ec2bbb8d42e680d9f3c8d5f9384772012262500
data/raw/ooc/OOC_image_dataset/test/bad/cell_type_HPMEC/2-3_days/230315_92.png,230315_92,230315,train,bad,0,HPMEC,2-3_days,test,eddbf6ab2a01a1b3b0764c7b1f79982a9b7e7dd5c3cb9576982805ce4eec2f65
data/raw/ooc/OOC_image_dataset/test/bad/cell_type_HPMEC/2-3_days/230315_94.png,230315_94,230315,train,bad,0,HPMEC,2-3_days,test,d5a858d42c7b7aa8cf8936531aefa459a0d93a29f305eedc809168f7f9615abb
data/raw/ooc/OOC_image_dataset/test/bad/cell_type_HPMEC/2-3_days/230419_15.png,230419_15,230419,train,bad,0,HPMEC,2-3_days,test,a71fbeddd67506c0a845a606c8828cd929320ad441bda70c933d73ddaf4fea90
data/raw/ooc/OOC_image_dataset/test/bad/cell_type_HPMEC/2-3_days/230419_16.png,230419_16,230419,train,bad,0,HPMEC,2-3_days,test,b0a1e34675bbc2be79ad5b1ab6f0ffd27cfbbcb95595843fb413c1ecb82299d3
data/raw/ooc/OOC_image_dataset/test/bad/cell_type_HPMEC/2-3_days/230419_26.png,230419_26,230419,train,bad,0,HPMEC,2-3_days,test,10d15911b13c1335a4d16806994cd98360098d3f340fba968fec19f9a96d506d
data/raw/ooc/OOC_image_dataset/test/bad/cell_type_HPMEC/2-3_days/230419_31.png,230419_31,230419,train,bad,0,HPMEC,2-3_days,test,c4024cb33b93effad92e432123af421d9230a82b5cf2641a7bee035fd11f9278
data/raw/ooc/OOC_image_dataset/test/bad/cell_type_HPMEC/2-3_days/230419_32.png,230419_32,230419,train,bad,0,HPMEC,2-3_days,test,8fd8cd9d06b7204ddad193bbba1608f77e3b714351788e40ede46763f5a711e7
data/raw/ooc/OOC_image_dataset/test/bad/cell_type_HPMEC/2-3_days/230419_33.png,230419_33,230419,train,bad,0,HPMEC,2-3_days,test,f2ae0626d181f41dc0c6fa51619028929e85ff732b49b529d93fc34469e9e74f
data/raw/ooc/OOC_image_dataset/test/bad/cell_type_HPMEC/2-3_days/230419_34.png,230419_34,230419,train,bad,0,HPMEC,2-3_days,test,fe869f2feacc723b4ec49ad49037c12a3c1313125bdda61df76949a3e318b68b
data/raw/ooc/OOC_image_dataset/test/bad/cell_type_HPMEC/2-3_days/230419_35.png,230419_35,230419,train,bad,0,HPMEC,2-3_days,test,30fdc2519de885aaab58b2fe078aadbb42f7e6541f422f45811d7bf3394ae574
data/raw/ooc/OOC_image_dataset/test/bad/cell_type_HPMEC/2-3_days/230419_42.png,230419_42,230419,train,bad,0,HPMEC,2-3_days,test,344ab9d0f281ce13d666db83079edfbe178bbf80be0a74b1412cc95b78560ad8
data/raw/ooc/OOC_image_dataset/test/bad/cell_type_HPMEC/2-3_days/230419_46.png,230419_46,230419,train,bad,0,HPMEC,2-3_days,test,7cf86b8dc4f510a80a425859782a16601ada9cf2cb7155a365339affb0da0ccf
data/raw/ooc/OOC_image_dataset/test/bad/cell_type_HPMEC/2-3_days/230419_53.png,230419_53,230419,train,bad,0,HPMEC,2-3_days,test,4dd173662047bfd042ae14156dbf859e7fe3e2c2ac1d54446db2a9daa9a8f937
data/raw/ooc/OOC_image_dataset/test/bad/cell_type_HPMEC/2-3_days/230419_63.png,230419_63,230419,train,bad,0,HPMEC,2-3_days,test,7851b54d409d6b2839ec114490c7dfb87cbda38ef151f96348bc96101eba7345
data/raw/ooc/OOC_image_dataset/test/bad/cell_type_HPMEC/2-3_days/230419_72.png,230419_72,230419,train,bad,0,HPMEC,2-3_days,test,e8865d297418f78875f28e61f9211a635f68d63d06b04f5d170e18180b78eef1
data/raw/ooc/OOC_image_dataset/test/bad/cell_type_HPMEC/2-3_days/230419_73.png,230419_73,230419,train,bad,0,HPMEC,2-3_days,test,7f7e487222bc7160d6371ea8dc4d38923925261a48d076fa6d0c50a2f5df33f7
data/raw/ooc/OOC_image_dataset/test/bad/cell_type_HPMEC/2-3_days/230419_81.png,230419_81,230419,train,bad,0,HPMEC,2-3_days,test,aa206d5719be6c49407a54a0d990bbdf6978e5b04304b133d21bdf6239c37a8e
data/raw/ooc/OOC_image_dataset/test/bad/cell_type_HPMEC/2-3_days/230419_83.png,230419_83,230419,train,bad,0,HPMEC,2-3_days,test,ea29bcbcd61d16c8b97f5be2cc657612a78e2e8f1e1577f4c6295c89a90741e3
data/raw/ooc/OOC_image_dataset/test/bad/cell_type_HPMEC/2-3_days/230510_31.png,230510_31,230510,validation,bad,0,HPMEC,2-3_days,test,b18a1618753765f8189cef125a40655fc08ce20bd1b4660e085cb69c855bc065
data/raw/ooc/OOC_image_dataset/test/bad/cell_type_HPMEC/2-3_days/230510_35.png,230510_35,230510,validation,bad,0,HPMEC,2-3_days,test,4f6f5942bb44b676b30a3c0588f634bf0000a24ab3eea28f9b3f4f486bcf4ec0
data/raw/ooc/OOC_image_dataset/test/bad/cell_type_HPMEC/2-3_days/230510_37.png,230510_37,230510,validation,bad,0,HPMEC,2-3_days,test,018a1c8825456aa56afb4dadb3139a8025d8679072962de43b8ad3603db8d94e
data/raw/ooc/OOC_image_dataset/test/bad/cell_type_HPMEC/2-3_days/230510_77.png,230510_77,230510,validation,bad,0,HPMEC,2-3_days,test,541b49036386b281af90953148c4f6b445bd1fbf374e720cb22fba6341313bd5
data/raw/ooc/OOC_image_dataset/test/bad/cell_type_HPMEC/2-3_days/230510_80.png,230510_80,230510,validation,bad,0,HPMEC,2-3_days,test,da8394ae14487d72a62e25751baf06a5b245cc7cd0693c19c870f779f86bfda5
data/raw/ooc/OOC_image_dataset/test/bad/cell_type_HPMEC/2-3_days/230510_85.png,230510_85,230510,validation,bad,0,HPMEC,2-3_days,test,00f4b7646c5a98425162ed480e00a9ccac6491b5ebd0a36b60f0800c574279cb
data/raw/ooc/OOC_image_dataset/test/bad/cell_type_HPMEC/2-3_days/230524_102.png,230524_102,230524,test,bad,0,HPMEC,2-3_days,test,ff25af85b77bd9d757dbde73c38f5418698e8b91b4249096598e3543b88930a7
data/raw/ooc/OOC_image_dataset/test/bad/cell_type_HPMEC/2-3_days/230524_104.png,230524_104,230524,test,bad,0,HPMEC,2-3_days,test,48ed4732169fa51df869d1f34e27c04770579d9c9f5ee0cb645f9dabc021d000
data/raw/ooc/OOC_image_dataset/test/bad/cell_type_HPMEC/2-3_days/230524_106.png,230524_106,230524,test,bad,0,HPMEC,2-3_days,test,6a75e7b1ccf297515e3b259380a858a1573a2f385bbfac124222859c122a6a6c
data/raw/ooc/OOC_image_dataset/test/bad/cell_type_HPMEC/2-3_days/230524_11.png,230524_11,230524,test,bad,0,HPMEC,2-3_days,test,cfcba2a05d0425253403952363394250871f71e9385083a7504ad0cdfad186a8
data/raw/ooc/OOC_image_dataset/test/bad/cell_type_HPMEC/2-3_days/230524_13.png,230524_13,230524,test,bad,0,HPMEC,2-3_days,test,360be7772d555044c627d06c60145e4e08ddd8dcfa5e4182a1be2832d7466906
data/raw/ooc/OOC_image_dataset/test/bad/cell_type_HPMEC/2-3_days/230524_18.png,230524_18,230524,test,bad,0,HPMEC,2-3_days,test,d20106f9613ef5a55e83b45366e0f69533d8d43ce103cbb9f1da6cbf3a49444b
data/raw/ooc/OOC_image_dataset/test/bad/cell_type_HPMEC/2-3_days/230524_22.png,230524_22,230524,test,bad,0,HPMEC,2-3_days,test,2bb91030f8fb896a43a75e5401fa7631dd64d38f77ac2ecaa23c5f559a038a7c
data/raw/ooc/OOC_image_dataset/test/bad/cell_type_HPMEC/2-3_days/230524_39.png,230524_39,230524,test,bad,0,HPMEC,2-3_days,test,ca5ea27e9367288e19e0ca3b525ba51c42bd7161ede06cfd4b594b1777afe5c2
data/raw/ooc/OOC_image_dataset/test/bad/cell_type_HPMEC/2-3_days/230524_45.png,230524_45,230524,test,bad,0,HPMEC,2-3_days,test,ef58d5ff162e125698a91c7b626bf212e5b3c3d88adc6027fe3fe956a05f1e22
data/raw/ooc/OOC_image_dataset/test/bad/cell_type_HPMEC/2-3_days/230524_59.png,230524_59,230524,test,bad,0,HPMEC,2-3_days,test,cadba10667448487ecf0679bbbde36bc451c7a9f63eb486cf52c980418dc2b8c
data/raw/ooc/OOC_image_dataset/test/bad/cell_type_HPMEC/2-3_days/230524_82.png,230524_82,230524,test,bad,0,HPMEC,2-3_days,test,e765ecda93e08aa6efdc1a6950224d3aa7297afa00dbeeb38887638ad4eaf7fb
data/raw/ooc/OOC_image_dataset/test/bad/cell_type_HPMEC/2-3_days/230524_84.png,230524_84,230524,test,bad,0,HPMEC,2-3_days,test,6abb8f4057a77ee0b342507a7ce11d11641b9d433ecddfb11f71d53db2af2bfa
data/raw/ooc/OOC_image_dataset/test/bad/cell_type_HPMEC/2-3_days/230524_85.png,230524_85,230524,test,bad,0,HPMEC,2-3_days,test,278f1db5bf5af6af464dd0f7623ec6db73d671bb52c6a672b4050c2b40825332
data/raw/ooc/OOC_image_dataset/test/bad/cell_type_HPMEC/2-3_days/230525_109.png,230525_109,230525,train,bad,0,HPMEC,2-3_days,test,db5bb4735534e6b7ce9ac690c18b92980edf866225993ff8db1f246ddd8364ba
data/raw/ooc/OOC_image_dataset/test/bad/cell_type_HPMEC/2-3_days/230525_173.png,230525_173,230525,train,bad,0,HPMEC,2-3_days,test,1461b23d28f51e3eb1f2a49a0de83a66fe08014c9e8863f53f249ed03123ea52
data/raw/ooc/OOC_image_dataset/test/bad/cell_type_HPMEC/2-3_days/230525_21.png,230525_21,230525,train,bad,0,HPMEC,2-3_days,test,8c7b1325b47c23ae3bde9ba06c2bb85ef1e629008938de54b19ec4bcf2c975ac
data/raw/ooc/OOC_image_dataset/test/bad/cell_type_HPMEC/2-3_days/230525_26.png,230525_26,230525,train,bad,0,HPMEC,2-3_days,test,638be3dd069daabbc40bc9f012e8bcb40f0d077f35bf8e6fd8fa32f6dc2e6dae
data/raw/ooc/OOC_image_dataset/test/bad/cell_type_HPMEC/2-3_days/230525_27.png,230525_27,230525,train,bad,0,HPMEC,2-3_days,test,bd05044f142a03790484f2cfe7ba31c6ececee894fb94757976509c8abe39448
data/raw/ooc/OOC_image_dataset/test/bad/cell_type_HPMEC/2-3_days/230525_32.png,230525_32,230525,train,bad,0,HPMEC,2-3_days,test,f6d52da7ef485f57c3500500abe505291114451a77b9df4a262c4e151065dec9
data/raw/ooc/OOC_image_dataset/test/bad/cell_type_HPMEC/2-3_days/230525_80.png,230525_80,230525,train,bad,0,HPMEC,2-3_days,test,064b5e676829c1f67ca2a3e261b7b3063d63ca49dc2f964f2b0f965e7f4b4673
data/raw/ooc/OOC_image_dataset/test/bad/cell_type_HPMEC/2-3_days/230525_81.png,230525_81,230525,train,bad,0,HPMEC,2-3_days,test,e754f243252921c6fa8e1dd8e02b6bfa841df34e7e4442b20c1c48e845074070
data/raw/ooc/OOC_image_dataset/test/bad/cell_type_HPMEC/2-3_days/230525_85.png,230525_85,230525,train,bad,0,HPMEC,2-3_days,test,b8a1ed18799715fdd66d7cc48a3bce55e5f28b0e6bdbec75aead4d3c7d2b90a0
data/raw/ooc/OOC_image_dataset/test/bad/cell_type_HPMEC/4+_days/230123_18.png,230123_18,230123,test,bad,0,HPMEC,4+_days,test,f8fe573153c08ad17877e9cd95cf6d40dbc862ba463eb70584d2b4d0247f855a
data/raw/ooc/OOC_image_dataset/test/bad/cell_type_HPMEC/4+_days/230320_129.png,230320_129,230320,train,bad,0,HPMEC,4+_days,test,b87b9eea8309d0ec1d81fa960c9101ddc14b5c7f944e6d9c5be4e75fd3c3d5b6
data/raw/ooc/OOC_image_dataset/test/bad/cell_type_HPMEC/4+_days/230320_133.png,230320_133,230320,train,bad,0,HPMEC,4+_days,test,a6475e9e6050c1ebb1ee014430c95a439a482ce668a0ef92b8c395b4550eadef
data/raw/ooc/OOC_image_dataset/test/bad/cell_type_HPMEC/4+_days/230320_166.png,230320_166,230320,train,bad,0,HPMEC,4+_days,test,58262d5dd40a2f367187a872b7394bfd02023deb12ded5f237cac12442cd8932
data/raw/ooc/OOC_image_dataset/test/bad/cell_type_HPMEC/4+_days/230320_167.png,230320_167,230320,train,bad,0,HPMEC,4+_days,test,211919db7ffd2fde0f7a712f5f81d2c6bc933588f1fdab9ecd77d4c88331f3d7
data/raw/ooc/OOC_image_dataset/test/bad/cell_type_HPMEC/4+_days/230320_168.png,230320_168,230320,train,bad,0,HPMEC,4+_days,test,af01e8da467597c59c97725a8f72117451cdbe4ad9d9f53a8c54a976dc60bf57
data/raw/ooc/OOC_image_dataset/test/bad/cell_type_HPMEC/4+_days/230320_171.png,230320_171,230320,train,bad,0,HPMEC,4+_days,test,f1334b6da1bc4c4b999b6824f2e79a48d441720218133516e204498777ec5af6
data/raw/ooc/OOC_image_dataset/test/bad/cell_type_HPMEC/4+_days/230320_172.png,230320_172,230320,train,bad,0,HPMEC,4+_days,test,1f78e26a71b60eb74e3090bf1fc4ef0b2bfbaf445bd8d0ec581ce92c7b0ae2e1
data/raw/ooc/OOC_image_dataset/test/bad/cell_type_HPMEC/4+_days/230320_175.png,230320_175,230320,train,bad,0,HPMEC,4+_days,test,6b2b6fa7d270b232d90c7951d3addc9394c942a5d7f711692eb24b30551ed24b
data/raw/ooc/OOC_image_dataset/test/bad/cell_type_HPMEC/4+_days/230320_181.png,230320_181,230320,train,bad,0,HPMEC,4+_days,test,62613b8e51d93854e1c8214c26c4627c6983790e2d6b5d468a51e79682f37e32
data/raw/ooc/OOC_image_dataset/test/bad/cell_type_HPMEC/4+_days/230320_30.png,230320_30,230320,train,bad,0,HPMEC,4+_days,test,0114c3b0fcbcbc0864d10deda9d01e98352f43d76f0b387548c6a978bf6c7e40
data/raw/ooc/OOC_image_dataset/test/bad/cell_type_HPMEC/4+_days/230320_32.png,230320_32,230320,train,bad,0,HPMEC,4+_days,test,764a9f044da023328e9917a82148013ee4769f50c925f003904159c3181adcbf
data/raw/ooc/OOC_image_dataset/test/bad/cell_type_HPMEC/4+_days/230320_71.png,230320_71,230320,train,bad,0,HPMEC,4+_days,test,a6c65d9e18d03eaa9c3fd5d5105ef6133fbb4a0ced2226e2ddc4cb198e02663e
data/raw/ooc/OOC_image_dataset/test/bad/cell_type_HPMEC/4+_days/230320_84.png,230320_84,230320,train,bad,0,HPMEC,4+_days,test,38adc6f7c28d4061bdf2713d858fea156a6e4f362156831cc27b74f51d1a8a75
data/raw/ooc/OOC_image_dataset/test/bad/cell_type_HPMEC/4+_days/230424_12.png,230424_12,230424,validation,bad,0,HPMEC,4+_days,test,dfcb1f228bf9e404f90d8bb5922244e88cb3cf5cfbccc8f47db7d2f338462e87
data/raw/ooc/OOC_image_dataset/test/bad/cell_type_HPMEC/4+_days/230424_17.png,230424_17,230424,validation,bad,0,HPMEC,4+_days,test,8efed03bb77790db54ee4bc0071517a3d6419e07f526d8f2c93366d7e3bfee3e
data/raw/ooc/OOC_image_dataset/test/bad/cell_type_HPMEC/4+_days/230424_23.png,230424_23,230424,validation,bad,0,HPMEC,4+_days,test,d84187a200eade5ab04d4cedf39bea7f549c445cd3369d393efcf7d55322624f
data/raw/ooc/OOC_image_dataset/test/bad/cell_type_HPMEC/4+_days/230424_35.png,230424_35,230424,validation,bad,0,HPMEC,4+_days,test,7b41be6f16778f90653b2a60a9d1eb32ce1163ad08aac190e8cca6e85ca7fb65
data/raw/ooc/OOC_image_dataset/test/bad/cell_type_HPMEC/4+_days/230424_36.png,230424_36,230424,validation,bad,0,HPMEC,4+_days,test,167c539a36e4013ef7ba924a83c13e3bb04e7f7f069e194fab43f8733727542a
data/raw/ooc/OOC_image_dataset/test/bad/cell_type_HPMEC/4+_days/230424_9.png,230424_9,230424,validation,bad,0,HPMEC,4+_days,test,c4e2d5f5c219316f0e04d95e69bafd6893abfd81d1060a8b7f52e721844b76e6
data/raw/ooc/OOC_image_dataset/test/bad/cell_type_HPMEC/4+_days/230425_10.png,230425_10,230425,train,bad,0,HPMEC,4+_days,test,1ec99a3ce5f1ad706fa3b1785f60af6b39a0c925cc34942547da5883a22f078c
data/raw/ooc/OOC_image_dataset/test/bad/cell_type_HPMEC/4+_days/230425_128.png,230425_128,230425,train,bad,0,HPMEC,4+_days,test,26691cd9036cd46259a6badf37b10ff547bfdc1485da59fde8ecd4f8ba6e285c
data/raw/ooc/OOC_image_dataset/test/bad/cell_type_HPMEC/4+_days/230425_131.png,230425_131,230425,train,bad,0,HPMEC,4+_days,test,dff17486b8e302f2f1e3624a9c66b706be05709efa688045da6be8db8115885c
data/raw/ooc/OOC_image_dataset/test/bad/cell_type_HPMEC/4+_days/230425_15.png,230425_15,230425,train,bad,0,HPMEC,4+_days,test,be345c2488b7d279ee00abdf7dd656f12eaf136223552044749197e0eeb22ea4
data/raw/ooc/OOC_image_dataset/test/bad/cell_type_HPMEC/4+_days/230425_17.png,230425_17,230425,train,bad,0,HPMEC,4+_days,test,abd55dcc9c3f94f24fb60f32e7b6ba514c6a630a16f26e8c2386f8dba1adf079
data/raw/ooc/OOC_image_dataset/test/bad/cell_type_HPMEC/4+_days/230425_2.png,230425_2,230425,train,bad,0,HPMEC,4+_days,test,43cc5cde282d6b426fcdeb8a4f6098c12641a811748517a8a3cc4ad933136ac9
data/raw/ooc/OOC_image_dataset/test/bad/cell_type_HPMEC/4+_days/230425_8.png,230425_8,230425,train,bad,0,HPMEC,4+_days,test,1937db4cc472e70cad8c860bdd6b216bc01ea48288f4bbb0f1092d7403d9d3d5
data/raw/ooc/OOC_image_dataset/test/bad/cell_type_HPMEC/4+_days/230517_29.png,230517_29,230517,test,bad,0,HPMEC,4+_days,test,793d013894fce1963983fde4b2db09512e5e2f02dd8b2b5d9fc819bcc9cb143e
data/raw/ooc/OOC_image_dataset/test/bad/cell_type_HPMEC/4+_days/230517_73.png,230517_73,230517,test,bad,0,HPMEC,4+_days,test,03f055f3a4fd9ea2751f74b7dbcc0a7f48b9ccc0fd45b608e8f42cfef24490ae
data/raw/ooc/OOC_image_dataset/test/bad/cell_type_HPMEC/4+_days/230529_100.png,230529_100,230529,train,bad,0,HPMEC,4+_days,test,f823710ba9d4023e087b4c1580fb41005c9c0d27aeafcf2f1c886f102d76349c
data/raw/ooc/OOC_image_dataset/test/bad/cell_type_HPMEC/4+_days/230529_104.png,230529_104,230529,train,bad,0,HPMEC,4+_days,test,884e759b4b5fd0abf3e184bb41bfd69e783b264f2e060641ceaf43ba11a2c57f
data/raw/ooc/OOC_image_dataset/test/bad/cell_type_HPMEC/4+_days/230529_145.png,230529_145,230529,train,bad,0,HPMEC,4+_days,test,2233942281fc8be358c16656f8226a15d72e1dabc2974c67c09eea3361bbcb37
data/raw/ooc/OOC_image_dataset/test/bad/cell_type_HPMEC/4+_days/230529_15.png,230529_15,230529,train,bad,0,HPMEC,4+_days,test,a4c726411db6278642985ba05db51fdffea9b81281f3d7e872ef3b56ab968b0e
data/raw/ooc/OOC_image_dataset/test/bad/cell_type_HPMEC/4+_days/230529_157.png,230529_157,230529,train,bad,0,HPMEC,4+_days,test,6fe90f4a818141765b694f45fc034744e62ac651c0ff7de2d7a67a4af43f195e
data/raw/ooc/OOC_image_dataset/test/bad/cell_type_HPMEC/4+_days/230529_17.png,230529_17,230529,train,bad,0,HPMEC,4+_days,test,870a46417a493e176739b45305658aab489289e7dd7af430159193153a9a9935
data/raw/ooc/OOC_image_dataset/test/bad/cell_type_HPMEC/4+_days/230529_173.png,230529_173,230529,train,bad,0,HPMEC,4+_days,test,455c84f31864c6a7928599fafec6eb6d2948577516bacffd63864ef82dba55ea
data/raw/ooc/OOC_image_dataset/test/bad/cell_type_HPMEC/4+_days/230529_178.png,230529_178,230529,train,bad,0,HPMEC,4+_days,test,479d4c5ea6f585aaad340f48bf4d418f7ed805152910190548adbbf3abe291a6
data/raw/ooc/OOC_image_dataset/test/bad/cell_type_HPMEC/4+_days/230529_180.png,230529_180,230529,train,bad,0,HPMEC,4+_days,test,e6d332487bb67d291b49aa4cbb3362baa1501ac4d3cb3ff6f281a891846be0fe
data/raw/ooc/OOC_image_dataset/test/bad/cell_type_HPMEC/4+_days/230529_35.png,230529_35,230529,train,bad,0,HPMEC,4+_days,test,f2ece686c03ef53397117401c9ef76c5e44e5d31c66c809a572e3da68636c0be
data/raw/ooc/OOC_image_dataset/test/bad/cell_type_HPMEC/4+_days/230529_74.png,230529_74,230529,train,bad,0,HPMEC,4+_days,test,ccfe1431f42b32fc5ebb25c94a0ce56314b4b22f8a2c3c10325f21faf05dd02b
data/raw/ooc/OOC_image_dataset/test/bad/cell_type_HPMEC/4+_days/230529_88.png,230529_88,230529,train,bad,0,HPMEC,4+_days,test,4290e1e1e331430d15fb6f2a3bc5d87d75042a536961235f3bc58e08196da946
data/raw/ooc/OOC_image_dataset/test/bad/cell_type_HPMEC/4_days/230317_34.png,230317_34,230317,train,bad,0,HPMEC,4_days,test,66755794b9f3e675dbf85542ed8403f6de0e0f76f8c98d945687ff6c5b1b7cb6
data/raw/ooc/OOC_image_dataset/test/bad/cell_type_HPMEC/4_days/230317_42.png,230317_42,230317,train,bad,0,HPMEC,4_days,test,ad50ea22d4a478d222588017c9e8e3a803afc6d54121f3334a8bd9ee70e33529
data/raw/ooc/OOC_image_dataset/test/bad/cell_type_HPMEC/4_days/230317_43.png,230317_43,230317,train,bad,0,HPMEC,4_days,test,2549761d1643796ae703ba01622e51d1eb8b6f88a93925088efbd86ca6b2b854
data/raw/ooc/OOC_image_dataset/test/bad/cell_type_HPMEC/4_days/230317_47.png,230317_47,230317,train,bad,0,HPMEC,4_days,test,69e41c40ca657fc16b76c89239fcd367234fb0c7d4da029e54476dc2cee0bfe2
data/raw/ooc/OOC_image_dataset/test/bad/cell_type_HPMEC/4_days/230317_54.png,230317_54,230317,train,bad,0,HPMEC,4_days,test,cfdceda89c9e6ae9b467e9fa1aa6e60a001fc04fce017b1cc52dfc70caa855cf
data/raw/ooc/OOC_image_dataset/test/bad/cell_type_HPMEC/4_days/230317_8.png,230317_8,230317,train,bad,0,HPMEC,4_days,test,37b39518d171a9ae233b0b42035330cd9f753fb0c7b83aaec668882deac79ff8
data/raw/ooc/OOC_image_dataset/test/bad/cell_type_HPMEC/4_days/230512_29.png,230512_29,230512,test,bad,0,HPMEC,4_days,test,b454d05416b0b25f2a35b83e2b8663a105eaf13f71ac5b0a0221ef78225cacbb
data/raw/ooc/OOC_image_dataset/test/bad/cell_type_HPMEC/4_days/230512_34.png,230512_34,230512,test,bad,0,HPMEC,4_days,test,2eeebe1619cca9df6b6c19ab5c025e0823d59fe1ca0be543272485f97f6d6b1e
data/raw/ooc/OOC_image_dataset/test/bad/cell_type_HPMEC/4_days/230512_7.png,230512_7,230512,test,bad,0,HPMEC,4_days,test,1a73fab8aab1693f5a5b40175a7bfcbad5a5dac259581ab414c701287c9d3fea
data/raw/ooc/OOC_image_dataset/test/bad/cell_type_HPMEC/4_days/230512_80.png,230512_80,230512,test,bad,0,HPMEC,4_days,test,e3d0dc39e12ba370209846aaba679816054db3526ff60932a52900d7e398d7ec
data/raw/ooc/OOC_image_dataset/test/bad/cell_type_HPMEC/4_days/230512_9.png,230512_9,230512,test,bad,0,HPMEC,4_days,test,236e99a6a4358556f8a2bbede588188be4daaf894da2442e70e3b0872bc2e4ce
data/raw/ooc/OOC_image_dataset/test/bad/cell_type_HSAEC/0-1_days/220708_11.png,220708_11,220708,train,bad,0,HSAEC,0-1_days,test,c6a1a0f05c1d3415008960e1bd6600c36440909cf305d658aae436cfc0961e7e
data/raw/ooc/OOC_image_dataset/test/bad/cell_type_HSAEC/0-1_days/220708_12.png,220708_12,220708,train,bad,0,HSAEC,0-1_days,test,143b1209d2097cf490f4f1cdafd6b5fcac48a71b216947487436558416fc78c3
data/raw/ooc/OOC_image_dataset/test/bad/cell_type_HSAEC/0-1_days/221010_28.png,221010_28,221010,test,bad,0,HSAEC,0-1_days,test,901e0a4c732d9c7cac66f6ab26690e3df962c9f7ef1e0ddafc4ad08a5b1d20a8
data/raw/ooc/OOC_image_dataset/test/bad/cell_type_HSAEC/2-3_days/220506_4.png,220506_4,220506,train,bad,0,HSAEC,2-3_days,test,5b59e88b822fb2524074757775fc77589e6e6c1b5533bc0dea22ce160371b643
data/raw/ooc/OOC_image_dataset/test/bad/cell_type_HSAEC/2-3_days/220718_3.png,220718_3,220718,train,bad,0,HSAEC,2-3_days,test,41ba1dfd43e8772b7a0da6e13eaf28ad70d940fce35d231f1b358829a3f8d175
data/raw/ooc/OOC_image_dataset/test/bad/cell_type_HSAEC/2-3_days/220718_4.png,220718_4,220718,train,bad,0,HSAEC,2-3_days,test,deb68bd15ba3ae5e94c80bf1de138f4be3d966fae56bf90b4aaebb17142249eb
data/raw/ooc/OOC_image_dataset/test/bad/cell_type_HSAEC/2-3_days/220718_6.png,220718_6,220718,train,bad,0,HSAEC,2-3_days,test,80e65dfbf81f2c977c53bd9d7b27df3d7f121bb1b1e29b388da7de3183729eff
data/raw/ooc/OOC_image_dataset/test/bad/cell_type_HSAEC/4+_days/220503_3.png,220503_3,220503,validation,bad,0,HSAEC,4+_days,test,8b5f825f140c7a378724faff5ea4b6eaaa3cbc88e605bdfd07a88435f26a48e3
data/raw/ooc/OOC_image_dataset/test/bad/cell_type_HSAEC/4+_days/220503_6.png,220503_6,220503,validation,bad,0,HSAEC,4+_days,test,639c5d639d0f4526095536780b14f92b86876500be06d2e48e63af4da6d897cf
data/raw/ooc/OOC_image_dataset/test/bad/cell_type_HSAEC/4+_days/220503_8.png,220503_8,220503,validation,bad,0,HSAEC,4+_days,test,628ab6da2fc64a8121b4f7a26f609d7a5e7646487a8990b1cd4cfa169d1318df
data/raw/ooc/OOC_image_dataset/test/bad/cell_type_HSAEC/4+_days/220512_4.png,220512_4,220512,validation,bad,0,HSAEC,4+_days,test,ae2435a4dcc198621297694fb4e01839c0fa6c3cb39951cb3c8c35eff77e5c6d
data/raw/ooc/OOC_image_dataset/test/bad/cell_type_HSAEC/4+_days/220526_1.png,220526_1,220526,train,bad,0,HSAEC,4+_days,test,2a1941e9d26a2e586a2d7744c26a5c8e3082857e2873ac3f403962810ba91ce2
data/raw/ooc/OOC_image_dataset/test/bad/cell_type_HSAEC/4+_days/220706_2.png,220706_2,220706,train,bad,0,HSAEC,4+_days,test,90276417c76e19709d31bcec595885df7a55cc93e64459865c085be3b78e0997
data/raw/ooc/OOC_image_dataset/test/bad/cell_type_HSAEC/4+_days/220706_5.png,220706_5,220706,train,bad,0,HSAEC,4+_days,test,9ea1f7d8d84e98a72e2d5466b00ed5f2245fa648016d08701c66715ec547d892
data/raw/ooc/OOC_image_dataset/test/bad/cell_type_HSAEC/4+_days/220721_2.png,220721_2,220721,train,bad,0,HSAEC,4+_days,test,ce91cd2f46001be9702295cd90782bd4b7563098774ef00ffdd3451a7c95a128
data/raw/ooc/OOC_image_dataset/test/bad/cell_type_HSAEC/4+_days/220724_1.png,220724_1,220724,test,bad,0,HSAEC,4+_days,test,c8671346c7d4a46d57e22a944c16c5cc8c3cffd104fa283b7e849bb738f6002e
data/raw/ooc/OOC_image_dataset/test/bad/cell_type_HSAEC/4_days/220630_01.png,220630_01,220630,train,bad,0,HSAEC,4_days,test,4726c96cba0d2fe35650798f607ceb90775508cff949bf21af982e85d59ac86b
data/raw/ooc/OOC_image_dataset/test/bad/cell_type_HSAEC/4_days/220630_02.png,220630_02,220630,train,bad,0,HSAEC,4_days,test,1d757948133ddb9fc6a43881b1b813d71afdd991000dae775b112cc402e53b00
data/raw/ooc/OOC_image_dataset/test/bad/cell_type_HSAEC/4_days/220630_05.png,220630_05,220630,train,bad,0,HSAEC,4_days,test,145448c9cd2a25c3246e20f800f255e34073ce5d37e142e3be80bd11ad0dbbac
data/raw/ooc/OOC_image_dataset/test/bad/cell_type_HSAEC/4_days/220630_08.png,220630_08,220630,train,bad,0,HSAEC,4_days,test,843875c2afe82c2e2aee48e38c60eca7c3c0a2e57cec5d500b916fbc43c8525f
data/raw/ooc/OOC_image_dataset/test/bad/cell_type_HUVEC/0-1_days/221215_7.png,221215_7,221215,train,bad,0,HUVEC,0-1_days,test,a5563ab20dbdb54e1f74425d27e314f83e647955c2539029c12559b506ed69e7
data/raw/ooc/OOC_image_dataset/test/bad/cell_type_HUVEC/2-3_days/230405_39.png,230405_39,230405,train,bad,0,HUVEC,2-3_days,test,94c1c9ac54585fd93f243fb264f48dc611094c4bf65936aa7130aeb58ed1f26a
data/raw/ooc/OOC_image_dataset/test/bad/cell_type_HUVEC/2-3_days/230405_47.png,230405_47,230405,train,bad,0,HUVEC,2-3_days,test,9e494b89785a5ec397a5256db248236d084fd4e0594a309c28cd26630d63e9e4
data/raw/ooc/OOC_image_dataset/test/bad/cell_type_HUVEC/2-3_days/230405_63.png,230405_63,230405,train,bad,0,HUVEC,2-3_days,test,10ffc2438d75e2f013c1b3b3b9516681b84eda329b0f80cb2283fcca2d277150
data/raw/ooc/OOC_image_dataset/test/bad/cell_type_HUVEC/2-3_days/230405_65.png,230405_65,230405,train,bad,0,HUVEC,2-3_days,test,c2ff75f01acfff50742b91a2dbbea293f4f2fdcd44fb8552d606b57bc3d3ad1a
data/raw/ooc/OOC_image_dataset/test/bad/cell_type_HUVEC/2-3_days/230405_71.png,230405_71,230405,train,bad,0,HUVEC,2-3_days,test,6c9fc1169f658f5391a1fdd16690391cefd16a6433a93c5d3cab6425c769be2a
data/raw/ooc/OOC_image_dataset/test/bad/cell_type_HUVEC/2-3_days/230405_74.png,230405_74,230405,train,bad,0,HUVEC,2-3_days,test,a0fe57e8ff31575fc9eda4ee90717c3970386fcaf8f262d60dff6c737066cc3a
data/raw/ooc/OOC_image_dataset/test/bad/cell_type_HUVEC/2-3_days/230405_78.png,230405_78,230405,train,bad,0,HUVEC,2-3_days,test,47eef4dc0f1878dca930fb46103e4ac6f8baf43c485e15668ae299d30a004495
data/raw/ooc/OOC_image_dataset/test/bad/cell_type_HUVEC/2-3_days/230405_80.png,230405_80,230405,train,bad,0,HUVEC,2-3_days,test,3dabf754685275d4da2c3063990b5b20698b886e80bb089cfdb388dad6fc1134
data/raw/ooc/OOC_image_dataset/test/bad/cell_type_HUVEC/2-3_days/230405_82.png,230405_82,230405,train,bad,0,HUVEC,2-3_days,test,0cf496822ba04ca324ed41b220bb4047d3e68ecfce53df6f5dc13d639e371a2a
data/raw/ooc/OOC_image_dataset/test/bad/cell_type_HUVEC/2-3_days/230405_85.png,230405_85,230405,train,bad,0,HUVEC,2-3_days,test,028c5208b878a3463b83aac33d985f84f0e0e99aacac1b3df27414f62d0aa418
data/raw/ooc/OOC_image_dataset/test/bad/cell_type_HUVEC/2-3_days/230405_86.png,230405_86,230405,train,bad,0,HUVEC,2-3_days,test,3b286b1c430fe1564ed7679010a708d6ae628205f0175af77efc017b4711f1eb
data/raw/ooc/OOC_image_dataset/test/bad/cell_type_HUVEC/4+_days/230411_13.png,230411_13,230411,validation,bad,0,HUVEC,4+_days,test,04ab1f91f7f8ab74149fbcffef0ce84cb9ceb5372837cb0f3a8d062db4e5820d
data/raw/ooc/OOC_image_dataset/test/bad/cell_type_HUVEC/4+_days/230411_16.png,230411_16,230411,validation,bad,0,HUVEC,4+_days,test,0362e42767fe4d718bd0e96fa1d3d98fbed5bf7b7b7b754baec6f9a3c1b4682b
data/raw/ooc/OOC_image_dataset/test/bad/cell_type_HUVEC/4+_days/230411_19.png,230411_19,230411,validation,bad,0,HUVEC,4+_days,test,deb43169a22c8e92bc473f6e1dd55005164253880ec13251198ccad1adc89c71
data/raw/ooc/OOC_image_dataset/test/bad/cell_type_HUVEC/4+_days/230411_25.png,230411_25,230411,validation,bad,0,HUVEC,4+_days,test,c9be54401170e10807de047d05135ab08556515fbe638b399b2fb28672946952
data/raw/ooc/OOC_image_dataset/test/bad/cell_type_HUVEC/4+_days/230411_3.png,230411_3,230411,validation,bad,0,HUVEC,4+_days,test,88a1337bc470a36c6b882c51f7cf028459063d3d588b5e6001e348503f2aee91
data/raw/ooc/OOC_image_dataset/test/bad/cell_type_HUVEC/4+_days/230411_34.png,230411_34,230411,validation,bad,0,HUVEC,4+_days,test,d4b4e49c28f03969f39b273504c089a74796ab7c5cd5f96a66dc8a5835b92870
data/raw/ooc/OOC_image_dataset/test/bad/cell_type_HUVEC/4+_days/230411_35.png,230411_35,230411,validation,bad,0,HUVEC,4+_days,test,78959dbe8bec42d49e0bf928e7310dd37265d30a34c8063d50fcd5f77d562f7a
data/raw/ooc/OOC_image_dataset/test/bad/cell_type_HUVEC/4+_days/230411_8.png,230411_8,230411,validation,bad,0,HUVEC,4+_days,test,f8268d290c44e4e81485024e3df89350f84fde608788c0e768205cc4e0bb2610
data/raw/ooc/OOC_image_dataset/test/bad/cell_type_HUVEC/4+_days/230411_9.png,230411_9,230411,validation,bad,0,HUVEC,4+_days,test,fb3ea5b8f172ee80990d7992f0efe21f8bd2d3a2e7f1fc5f8e0234ff4c22ca55
data/raw/ooc/OOC_image_dataset/test/bad/cell_type_NHBE/2-3_days/230510_89.png,230510_89,230510,validation,bad,0,NHBE,2-3_days,test,55253b47b253643e02b25faa38d698c6c4b3dca8c8906eb689898abaf5b75701
data/raw/ooc/OOC_image_dataset/test/bad/cell_type_NHBE/2-3_days/230510_90.png,230510_90,230510,validation,bad,0,NHBE,2-3_days,test,160703bd583a0540a5e3079943e5e2345f563c0663e248a4fdd61f46104ba484
data/raw/ooc/OOC_image_dataset/test/bad/cell_type_NHBE/2-3_days/230510_93.png,230510_93,230510,validation,bad,0,NHBE,2-3_days,test,681df2feffcb341dae612b4b4c9d9fba846ce1945c739e1255ac4ad285138305
data/raw/ooc/OOC_image_dataset/test/bad/cell_type_NHBE/4+_days/230320_204.png,230320_204,230320,train,bad,0,NHBE,4+_days,test,038d92792af8c2a6f20fb8f7da7f9ecc2564f2c048cdd70d5ee3140caab46eda
data/raw/ooc/OOC_image_dataset/test/bad/cell_type_NHBE/4+_days/230320_212.png,230320_212,230320,train,bad,0,NHBE,4+_days,test,27a3f182568fb0d720b5eddd44b71c66c5d091fd011c0c3b7e8afff662b6069d
data/raw/ooc/OOC_image_dataset/test/bad/cell_type_NHBE/4+_days/230517_85.png,230517_85,230517,test,bad,0,NHBE,4+_days,test,90c2c1e7a5e092a52f51fec8048e03c4f85550e78fb7547ec9e1f83478ee28ba
data/raw/ooc/OOC_image_dataset/test/bad/cell_type_NHBE/4+_days/230517_88.png,230517_88,230517,test,bad,0,NHBE,4+_days,test,9fbd869513659a5ebd7567832a7b5c309296666e4f6ab0b638ee8a49d242dfdb
data/raw/ooc/OOC_image_dataset/test/bad/cell_type_NHBE/4_days/230512_85.png,230512_85,230512,test,bad,0,NHBE,4_days,test,7dc7186bcad5f0ea89f34bf412befcf04963ba80e9fa76614d611053febe5b44
data/raw/ooc/OOC_image_dataset/test/bad/cell_type_NHBE/4_days/230512_87.png,230512_87,230512,test,bad,0,NHBE,4_days,test,fe44ad956198fa5a2be52a8c988a1d5b9101fe80b6c2fcf61bcc7d99eed270c0
data/raw/ooc/OOC_image_dataset/test/bad/cell_type_NHBE/4_days/230512_88.png,230512_88,230512,test,bad,0,NHBE,4_days,test,8f46401722d8643c182609c01e36333b0a89ae08476120f4a5bdcbb16018e3bc
data/raw/ooc/OOC_image_dataset/test/good/cell_type_A549/0-1_days/221010_82.png,221010_82,221010,test,good,1,A549,0-1_days,test,5cc7d75dc9f2f4a71ca9d69a60896cd52251665f29b668526fbb3ec4616e7db1
data/raw/ooc/OOC_image_dataset/test/good/cell_type_A549/0-1_days/221010_83.png,221010_83,221010,test,good,1,A549,0-1_days,test,ef4e5c78ab7165e2c7c91785942eed6cb8e61dc839f92d31dae868c96b29e2e0
data/raw/ooc/OOC_image_dataset/test/good/cell_type_A549/0-1_days/221010_84.png,221010_84,221010,test,good,1,A549,0-1_days,test,f83394acc8650a1b6e54e513b6d3c4b3c63c91cb120dfaf61905c378777d9cdd
data/raw/ooc/OOC_image_dataset/test/good/cell_type_A549/0-1_days/221010_96.png,221010_96,221010,test,good,1,A549,0-1_days,test,21fcfd1756e1828b5c7cb9488ccb8b90e122bf0187a15adfee0553c5f0c2bad7
data/raw/ooc/OOC_image_dataset/test/good/cell_type_A549/0-1_days/221010_97.png,221010_97,221010,test,good,1,A549,0-1_days,test,8a4e874a6cd6330170c0885d92fae0f3fbc30c46136750ec03570fb726655a17
data/raw/ooc/OOC_image_dataset/test/good/cell_type_A549/0-1_days/221010_99.png,221010_99,221010,test,good,1,A549,0-1_days,test,ee53c358ed3921aeb7ce67fa9c3de42f6dab038413f405e8b9aaebdd5aa5630b
data/raw/ooc/OOC_image_dataset/test/good/cell_type_A549/0-1_days/230109_113.png,230109_113,230109,train,good,1,A549,0-1_days,test,1d5432d383751e6adb969933c0afe3cf2f13e28df63145afa692e790ae500fb2
data/raw/ooc/OOC_image_dataset/test/good/cell_type_A549/0-1_days/230109_27.png,230109_27,230109,train,good,1,A549,0-1_days,test,41f6c9b1847428e99c0819256561e0d469ac01508809de7c52a517dadeae2bd2
data/raw/ooc/OOC_image_dataset/test/good/cell_type_A549/0-1_days/230109_32.png,230109_32,230109,train,good,1,A549,0-1_days,test,28c63977534567f66d9c951be1fa562b423ccb3df89c82f7dbae90afe6a2fdc5
data/raw/ooc/OOC_image_dataset/test/good/cell_type_A549/0-1_days/230109_33.png,230109_33,230109,train,good,1,A549,0-1_days,test,d3b16a80bba1e8e9249b978cc25848e46091e5fe9c533cbaba8aa9d30fceba20
data/raw/ooc/OOC_image_dataset/test/good/cell_type_A549/0-1_days/230206_13.png,230206_13,230206,train,good,1,A549,0-1_days,test,62cad610172088d760c4d3b5e86718007a6b3bfc00b34665b8c294749ec66f07
data/raw/ooc/OOC_image_dataset/test/good/cell_type_A549/0-1_days/230206_16.png,230206_16,230206,train,good,1,A549,0-1_days,test,99a4edd7cbb86cb95d9cf94402fd1b8b35a9229955ed0f5946612379115fa7ba
data/raw/ooc/OOC_image_dataset/test/good/cell_type_A549/0-1_days/230206_32.png,230206_32,230206,train,good,1,A549,0-1_days,test,19b9f512065d19e4955a7227a6967418d3abe4b65bee3d857ba643ccfbea9299
data/raw/ooc/OOC_image_dataset/test/good/cell_type_A549/0-1_days/230206_33.png,230206_33,230206,train,good,1,A549,0-1_days,test,56100e4e9a43ec7ced66edde56d4f3304b3f2c591f1d08bc78601aca2de46179
data/raw/ooc/OOC_image_dataset/test/good/cell_type_A549/0-1_days/230206_35.png,230206_35,230206,train,good,1,A549,0-1_days,test,baa0e7ea31053afa0e8c76094880ade8a6eeb3cabb0c83b39986739e2dcb4872
data/raw/ooc/OOC_image_dataset/test/good/cell_type_A549/0-1_days/230206_37.png,230206_37,230206,train,good,1,A549,0-1_days,test,f15905574857e4fcbb9f3ba70cc775a062297a83497946bea29afd756775a24f
data/raw/ooc/OOC_image_dataset/test/good/cell_type_A549/0-1_days/230316_10.png,230316_10,230316,validation,good,1,A549,0-1_days,test,c085bb2c71bfb4ee7c5bcf3fa791ee86463bf8ad56046a3e1c453ddade0a4db6
data/raw/ooc/OOC_image_dataset/test/good/cell_type_A549/0-1_days/230316_12.png,230316_12,230316,validation,good,1,A549,0-1_days,test,40164446db66f82da8969c80f89a7021e6fa0caecb650b644a5145d79bfc0593
data/raw/ooc/OOC_image_dataset/test/good/cell_type_A549/0-1_days/230316_4.png,230316_4,230316,validation,good,1,A549,0-1_days,test,cf06d18db819e356b692aaa99c3b80bd90e0b6b87f9b0791756ee61dc27567e0
data/raw/ooc/OOC_image_dataset/test/good/cell_type_A549/0-1_days/230316_5.png,230316_5,230316,validation,good,1,A549,0-1_days,test,0febebaa65a0aff40eb244152b488ca122d215588e9b508967da99f926fb857d
data/raw/ooc/OOC_image_dataset/test/good/cell_type_A549/0-1_days/230525_110.png,230525_110,230525,train,good,1,A549,0-1_days,test,d54ee5a2f45c22d660009ed20a42c07d5fab5320cced1813cfea70c6fe757d7d
data/raw/ooc/OOC_image_dataset/test/good/cell_type_A549/0-1_days/230525_117.png,230525_117,230525,train,good,1,A549,0-1_days,test,4104f4269a85a9d6cccbc6f8a3497e22851e64fc94d722a2478cb82209871f70
data/raw/ooc/OOC_image_dataset/test/good/cell_type_A549/0-1_days/230525_120.png,230525_120,230525,train,good,1,A549,0-1_days,test,a9ca233c382ea00d1c9de5d6d1144d95c2115f4dea4d7c18475777d414925aeb
data/raw/ooc/OOC_image_dataset/test/good/cell_type_A549/0-1_days/230525_132.png,230525_132,230525,train,good,1,A549,0-1_days,test,8ebac969317843eb3a788c8cbdc729b6893af399d0d92ad43188486d43981ac6
data/raw/ooc/OOC_image_dataset/test/good/cell_type_A549/0-1_days/230525_135.png,230525_135,230525,train,good,1,A549,0-1_days,test,134dd788f6f867ff1a6f641af784764a7eca2642b4457794a875668bb6a590e0
data/raw/ooc/OOC_image_dataset/test/good/cell_type_A549/0-1_days/230525_140.png,230525_140,230525,train,good,1,A549,0-1_days,test,816b5e1a7f52c56d3fa9f1be1fb852020c4329a78256c1104ff5f0cb996cdc6b
data/raw/ooc/OOC_image_dataset/test/good/cell_type_A549/0-1_days/230525_143.png,230525_143,230525,train,good,1,A549,0-1_days,test,7b51a5f564631690be435e991685dd7b562a059b852eb266cc02990adf750d18
data/raw/ooc/OOC_image_dataset/test/good/cell_type_A549/0-1_days/230525_144.png,230525_144,230525,train,good,1,A549,0-1_days,test,637f56ee02f766e07e344d94061892227f428c13599cfe4f99cbfb1aef8dffdf
data/raw/ooc/OOC_image_dataset/test/good/cell_type_A549/0-1_days/230525_187.png,230525_187,230525,train,good,1,A549,0-1_days,test,af53d0aced533b1b12346653aa680337a472a0761e471163b97c3845a338fdae
data/raw/ooc/OOC_image_dataset/test/good/cell_type_A549/0-1_days/230525_197.png,230525_197,230525,train,good,1,A549,0-1_days,test,a5b36cdea533598331625e71d64280f90bb7d081a91deeab29784af4ac180b87
data/raw/ooc/OOC_image_dataset/test/good/cell_type_A549/0-1_days/230525_206.png,230525_206,230525,train,good,1,A549,0-1_days,test,94be5f6b685e48425664ffa1dd7824784532f4c6ecb4e78e4b82625ea5e7ac48
data/raw/ooc/OOC_image_dataset/test/good/cell_type_A549/0-1_days/230525_41.png,230525_41,230525,train,good,1,A549,0-1_days,test,34af756763b89e187074b8669d52b1c6217f0d6fe45c8500095f8cf02b054524
data/raw/ooc/OOC_image_dataset/test/good/cell_type_A549/0-1_days/230525_42.png,230525_42,230525,train,good,1,A549,0-1_days,test,4bd5cf786a44effaf6bbb931607ee21909f9e2512bce94c401dcb7ef3e04bd8c
data/raw/ooc/OOC_image_dataset/test/good/cell_type_A549/0-1_days/230525_46.png,230525_46,230525,train,good,1,A549,0-1_days,test,2ac4eec276de668854b823cbaa3cf49aca0c1be072e5f5ae052f199aa9d471ff
data/raw/ooc/OOC_image_dataset/test/good/cell_type_A549/0-1_days/230525_52.png,230525_52,230525,train,good,1,A549,0-1_days,test,64ec105202d248b06205840701c539db549574a56f482dc12d5f1e5e4cc693f3
data/raw/ooc/OOC_image_dataset/test/good/cell_type_A549/0-1_days/230525_54.png,230525_54,230525,train,good,1,A549,0-1_days,test,a7ebe5afaaa1d2a6d03b87169c6781ea4fe4cde750b72e2124dbcc56765b3b02
data/raw/ooc/OOC_image_dataset/test/good/cell_type_A549/0-1_days/230525_65.png,230525_65,230525,train,good,1,A549,0-1_days,test,f6cb52cdf04150e903a65f6ec90d6ad057f877824d1d53516aa590a7e881a7b9
data/raw/ooc/OOC_image_dataset/test/good/cell_type_A549/2-3_days/230110_143.png,230110_143,230110,train,good,1,A549,2-3_days,test,98dfef5b64cde4871800ae9f680690eee4b4cb517b7cceb04880a08444453cf7
data/raw/ooc/OOC_image_dataset/test/good/cell_type_A549/2-3_days/230206_47.png,230206_47,230206,train,good,1,A549,2-3_days,test,c0f936a96f2b6e629806c4cc1c1149627b44239be4631b8dbecb76f9d5bde867
data/raw/ooc/OOC_image_dataset/test/good/cell_type_A549/2-3_days/230206_48.png,230206_48,230206,train,good,1,A549,2-3_days,test,109fe7032f0fed5005254823cdf7d1124af86862b8bdb5db775c14a0d560bee1
data/raw/ooc/OOC_image_dataset/test/good/cell_type_A549/2-3_days/230206_56.png,230206_56,230206,train,good,1,A549,2-3_days,test,063288e72e04b6aaa2f53350d68ce705c6a8b222d3bf4823b2fbcbd4445cac24
data/raw/ooc/OOC_image_dataset/test/good/cell_type_A549/2-3_days/230206_57.png,230206_57,230206,train,good,1,A549,2-3_days,test,187d736fd8808bd38d052143e2facd6c357d283a023a185d63c9de4e5602de65
data/raw/ooc/OOC_image_dataset/test/good/cell_type_A549/2-3_days/230510_41.png,230510_41,230510,validation,good,1,A549,2-3_days,test,54f46142f7371dc8d065fa9ca4b4f94b595e05bf50dd3323902a3fcecfb65d1a
data/raw/ooc/OOC_image_dataset/test/good/cell_type_A549/2-3_days/230510_46.png,230510_46,230510,validation,good,1,A549,2-3_days,test,1aafebc2ae4c3be4009a4977708801577615a319c17dfa84787fdb07208aeb3b
data/raw/ooc/OOC_image_dataset/test/good/cell_type_A549/2-3_days/230510_47.png,230510_47,230510,validation,good,1,A549,2-3_days,test,20895ba240efd865d79435cca51f2baee428f9dc6022a54b08fe8321fcbc141f
data/raw/ooc/OOC_image_dataset/test/good/cell_type_A549/2-3_days/230510_57.png,230510_57,230510,validation,good,1,A549,2-3_days,test,c719f379b296a422146839a5cb8b1a2c020bb0dd989efcacf0c0438919e38368
data/raw/ooc/OOC_image_dataset/test/good/cell_type_A549/2-3_days/230510_62.png,230510_62,230510,validation,good,1,A549,2-3_days,test,cffa53e0f39e84e6d2eee85f7e6c4b2c63d84e94a3e25f07b6c7323e39218626
data/raw/ooc/OOC_image_dataset/test/good/cell_type_A549/2-3_days/230510_66.png,230510_66,230510,validation,good,1,A549,2-3_days,test,c91c71a0869a4f5ab2e6bc730ebeba2bcbe976cef438af5ba9a3bed1f8c99e8d
data/raw/ooc/OOC_image_dataset/test/good/cell_type_A549/2-3_days/230510_70.png,230510_70,230510,validation,good,1,A549,2-3_days,test,fcfadcee5cabb07aebf1608d56d680b7951302a619640b1f60a5ff159b46ec4a
data/raw/ooc/OOC_image_dataset/test/good/cell_type_A549/2-3_days/230510_71.png,230510_71,230510,validation,good,1,A549,2-3_days,test,51b9eaf28aceacc79cfcf189b239e7c5b636a6a31911d58b71bc7478a5621cc2
data/raw/ooc/OOC_image_dataset/test/good/cell_type_A549/2-3_days/230510_72.png,230510_72,230510,validation,good,1,A549,2-3_days,test,29041a364a9d6c6e6707307a9ed8773213e1529ad840f89c03fcd15cc450c133
data/raw/ooc/OOC_image_dataset/test/good/cell_type_A549/2-3_days/230510_74.png,230510_74,230510,validation,good,1,A549,2-3_days,test,744b043472e3fe40e2569df5256a50b941cbc700a263e843c0439f54ef73ec95
data/raw/ooc/OOC_image_dataset/test/good/cell_type_A549/4+_days/220609_11.png,220609_11,220609,train,good,1,A549,4+_days,test,d0fa944d0e9b03e07ec9342370547ea6f74fd963415665b91b5d4c7844677066
data/raw/ooc/OOC_image_dataset/test/good/cell_type_A549/4+_days/220609_14.png,220609_14,220609,train,good,1,A549,4+_days,test,70df559efffa1729f0521b007c15e4d2e8935046c310f5bb2b0e7aa6fc5e7c68
data/raw/ooc/OOC_image_dataset/test/good/cell_type_A549/4+_days/220609_9.png,220609_9,220609,train,good,1,A549,4+_days,test,8555df2fc92a1bab3f828f2fb84e07b70c589cb47559174ee04d344135215045
data/raw/ooc/OOC_image_dataset/test/good/cell_type_A549/4+_days/220611_13.png,220611_13,220611,train,good,1,A549,4+_days,test,7131d926ac71534b99b148a02f95aa1753d4a5dfd224fe3b949c5f9390a64539
data/raw/ooc/OOC_image_dataset/test/good/cell_type_A549/4+_days/220611_15.png,220611_15,220611,train,good,1,A549,4+_days,test,cf17b3fe64a1d2ae16adfad15aa4f16f4572cfd2f88f5b608ebee204ccdd0a7d
data/raw/ooc/OOC_image_dataset/test/good/cell_type_A549/4+_days/220611_18.png,220611_18,220611,train,good,1,A549,4+_days,test,8ecb9fff1ac65fa14a24e924044ba93897154529f6fe447ad6eaba10ac0d326f
data/raw/ooc/OOC_image_dataset/test/good/cell_type_A549/4+_days/220612_15.png,220612_15,220612,train,good,1,A549,4+_days,test,300f9840ec2d6fa0129fcc8e43e50360f1ee1c2dea753ccb13f914bc048a4f05
data/raw/ooc/OOC_image_dataset/test/good/cell_type_A549/4+_days/220620_10.png,220620_10,220620,test,good,1,A549,4+_days,test,35aaeee0dfe823a88107291b03c22b6689337b773687d87af1a18c60784b116f
data/raw/ooc/OOC_image_dataset/test/good/cell_type_A549/4+_days/220620_7.png,220620_7,220620,test,good,1,A549,4+_days,test,4456256a29a74bc9c158ff6c47225ce999da110494e4b707f1081eeca879667e
data/raw/ooc/OOC_image_dataset/test/good/cell_type_A549/4+_days/221219_16.png,221219_16,221219,train,good,1,A549,4+_days,test,770262e14bd8117d69a7add998e6a5c05370fb88878ced0b134a9500797349a7
data/raw/ooc/OOC_image_dataset/test/good/cell_type_A549/4+_days/221219_17.png,221219_17,221219,train,good,1,A549,4+_days,test,8f0011c2e560deba6c2f54968f36e4ee8d843a391d078afdecd775216085dca0
data/raw/ooc/OOC_image_dataset/test/good/cell_type_A549/4+_days/230320_41.png,230320_41,230320,train,good,1,A549,4+_days,test,ca45e3df8188e1fe18051924c9b62e97fb23822de3694650e253427c13e47e4c
data/raw/ooc/OOC_image_dataset/test/good/cell_type_A549/4+_days/230320_46.png,230320_46,230320,train,good,1,A549,4+_days,test,bc724549ea853f969b91441376b2d32b20639673cef1306fc0947577fdeefd95
data/raw/ooc/OOC_image_dataset/test/good/cell_type_A549/4+_days/230320_51.png,230320_51,230320,train,good,1,A549,4+_days,test,3bb48dde8930edf2ef64ce278852535dd9830510903703f0290000cee3e07f68
data/raw/ooc/OOC_image_dataset/test/good/cell_type_A549/4+_days/230320_56.png,230320_56,230320,train,good,1,A549,4+_days,test,75a6935c4e571f3be1a9da31ebae35c5b77411bf868369f435eab8553294ebb7
data/raw/ooc/OOC_image_dataset/test/good/cell_type_A549/4+_days/230320_62.png,230320_62,230320,train,good,1,A549,4+_days,test,321e43c0412cce808ea345362f40a058f83709f5004841bf33ad44c06d1887ba
data/raw/ooc/OOC_image_dataset/test/good/cell_type_A549/4+_days/230320_64.png,230320_64,230320,train,good,1,A549,4+_days,test,8625afcb7bafed96f9ba7191afc11c39538b946fea09a6cb27cb15faa034b9d0
data/raw/ooc/OOC_image_dataset/test/good/cell_type_A549/4+_days/230320_66.png,230320_66,230320,train,good,1,A549,4+_days,test,e1e6cb6bb5833185563749c6e4ae8d4b52498f971fa2f20eb6464ef521cae4d1
data/raw/ooc/OOC_image_dataset/test/good/cell_type_A549/4+_days/230320_69.png,230320_69,230320,train,good,1,A549,4+_days,test,28a7c837bff192e83b9bd34bfa0baf432bd35db7ace921e4eb326e3842774864
data/raw/ooc/OOC_image_dataset/test/good/cell_type_A549/4+_days/230321_1.png,230321_1,230321,test,good,1,A549,4+_days,test,3451443f4170851e4964af7b41a1a707bc85975c51f78914a0d2c4082a20640e
data/raw/ooc/OOC_image_dataset/test/good/cell_type_A549/4+_days/230321_4.png,230321_4,230321,test,good,1,A549,4+_days,test,ea676bcb1c87a455ffbe1bba63599ea07cfeeef15066d72e7ef0469bc16ff779
data/raw/ooc/OOC_image_dataset/test/good/cell_type_A549/4+_days/230321_8.png,230321_8,230321,test,good,1,A549,4+_days,test,a0f699477ca63d117ad496028ac0f1a760f1f6a4b297359d188d7d7240a7c1bc
data/raw/ooc/OOC_image_dataset/test/good/cell_type_A549/4+_days/230425_100.png,230425_100,230425,train,good,1,A549,4+_days,test,c0ddf125a3bccb4542c599b108073e14d2992ec81cf5ee4a5c4ed51fc8ad0236
data/raw/ooc/OOC_image_dataset/test/good/cell_type_A549/4+_days/230425_143.png,230425_143,230425,train,good,1,A549,4+_days,test,32e621bf32b01bf92dc692be5d80f4169e1f4fa54fbec240b85c1c12006ef74d
data/raw/ooc/OOC_image_dataset/test/good/cell_type_A549/4+_days/230425_145.png,230425_145,230425,train,good,1,A549,4+_days,test,c2d9ba345521c5ac5abf9f1d3bce36d2575a91ca3e4ff7d64c50bd7b7e7f88d9
data/raw/ooc/OOC_image_dataset/test/good/cell_type_A549/4+_days/230425_152.png,230425_152,230425,train,good,1,A549,4+_days,test,4dd837e79af8f764fa368ea453bf65d87423b55f2bcdfc12a967eee9cc9c684d
data/raw/ooc/OOC_image_dataset/test/good/cell_type_A549/4+_days/230425_155.png,230425_155,230425,train,good,1,A549,4+_days,test,a95355a5be698cf7d366cc0a4d5570444042ac4093f35386edbef2bda88716d5
data/raw/ooc/OOC_image_dataset/test/good/cell_type_A549/4+_days/230425_71.png,230425_71,230425,train,good,1,A549,4+_days,test,ecc2d44469c5b4ccc7c6b2393c626c42c16a7793bb541184773562e67813e43a
data/raw/ooc/OOC_image_dataset/test/good/cell_type_A549/4+_days/230425_76.png,230425_76,230425,train,good,1,A549,4+_days,test,2bf565f0cc1b244f4ae65d796d6929c76d1b4fd6a38b4d101d16c5937ecbb302
data/raw/ooc/OOC_image_dataset/test/good/cell_type_A549/4+_days/230425_88.png,230425_88,230425,train,good,1,A549,4+_days,test,77f533d71590ff587626044b5b1cdfb7a7e358a465965fadfeeabd2eef73849e
data/raw/ooc/OOC_image_dataset/test/good/cell_type_A549/4+_days/230425_90.png,230425_90,230425,train,good,1,A549,4+_days,test,4d8a59b55499d8ef8cfa241637ec0bdcbf7e6e36c8ec457adc6938d0af56805d
data/raw/ooc/OOC_image_dataset/test/good/cell_type_A549/4+_days/230425_93.png,230425_93,230425,train,good,1,A549,4+_days,test,14b863d018f6155108490e6797013bc4a4a264efe385cb8ca59150d175f51d43
data/raw/ooc/OOC_image_dataset/test/good/cell_type_A549/4+_days/230425_96.png,230425_96,230425,train,good,1,A549,4+_days,test,95bff126ff015e92667eb8b3eb14c03e44bf6ea52b743cca0900c7d9f4f118de
data/raw/ooc/OOC_image_dataset/test/good/cell_type_A549/4+_days/230512_40.png,230512_40,230512,test,good,1,A549,4+_days,test,73934efe5a94cd2ffde35d9c3f93c8a66a7d5c634b50f70f9fe9e7cf918cbf56
data/raw/ooc/OOC_image_dataset/test/good/cell_type_A549/4+_days/230512_54.png,230512_54,230512,test,good,1,A549,4+_days,test,a7e902192784ab32475cf03d7b729e110e568c7dd9fc8eb717dd2babf34ae119
data/raw/ooc/OOC_image_dataset/test/good/cell_type_A549/4+_days/230517_38.png,230517_38,230517,test,good,1,A549,4+_days,test,0ce3902f949f7c3b7a262ddc1bfe92c39a498b15c4480be3b4dba37faa732ddc
data/raw/ooc/OOC_image_dataset/test/good/cell_type_A549/4+_days/230517_39.png,230517_39,230517,test,good,1,A549,4+_days,test,6f2559c51e92e6159926616021b6ef016e0e61e6bfc84dfcefd361a8526aa634
data/raw/ooc/OOC_image_dataset/test/good/cell_type_A549/4+_days/230517_49.png,230517_49,230517,test,good,1,A549,4+_days,test,c6a5e278b438fcc9addafcdec0c3275aa0952d5264b4a9c5b10004dfddec6db4
data/raw/ooc/OOC_image_dataset/test/good/cell_type_A549/4+_days/230517_51.png,230517_51,230517,test,good,1,A549,4+_days,test,aa68dc3bbad1c0564261122509e8edca53f0a6a6ccbbd6bb1b9d05a629332783
data/raw/ooc/OOC_image_dataset/test/good/cell_type_A549/4+_days/230517_57.png,230517_57,230517,test,good,1,A549,4+_days,test,c49192f2684e744951d06ef4abf6d8a8368748317a0ff5005076fc571ef44f85
data/raw/ooc/OOC_image_dataset/test/good/cell_type_A549/4+_days/230517_66.png,230517_66,230517,test,good,1,A549,4+_days,test,78ff0971f30cbfefd0342f4f207fc1c3a6063e89c8f17bb352c8d0568b254deb
data/raw/ooc/OOC_image_dataset/test/good/cell_type_A549/4+_days/230529_109.png,230529_109,230529,train,good,1,A549,4+_days,test,0e03008fe069769d11fcacab628ba98eb4faa1e2e6510cc90063f2e28e19dc1b
data/raw/ooc/OOC_image_dataset/test/good/cell_type_A549/4+_days/230529_116.png,230529_116,230529,train,good,1,A549,4+_days,test,e7c3a789ed88ca55512f60b459aa8318ee0b6b7fb9a72542625ac556b1cbf205
data/raw/ooc/OOC_image_dataset/test/good/cell_type_A549/4+_days/230529_117.png,230529_117,230529,train,good,1,A549,4+_days,test,003935cf2828dd5018af14849180cf3a7780f906b74b58055d168df968148af4
data/raw/ooc/OOC_image_dataset/test/good/cell_type_A549/4+_days/230529_127.png,230529_127,230529,train,good,1,A549,4+_days,test,9f6ca77c4a3f856c8d7e970f7fc3f3fd069a830250df54b85402761391d01e46
data/raw/ooc/OOC_image_dataset/test/good/cell_type_A549/4+_days/230529_133.png,230529_133,230529,train,good,1,A549,4+_days,test,6a800d0f29aeec9dfc85cb3af7207727fb42c9fe43e11fefe7f64842c60b0770
data/raw/ooc/OOC_image_dataset/test/good/cell_type_A549/4+_days/230529_137.png,230529_137,230529,train,good,1,A549,4+_days,test,d0ce1d40ffbb0c1d684a4f7504b44805e9f42a9c2401a3c0f0a66dcda8fbbafe
data/raw/ooc/OOC_image_dataset/test/good/cell_type_A549/4+_days/230529_196.png,230529_196,230529,train,good,1,A549,4+_days,test,415efca7c174dbd1b109712c591eea6273c118079abf953ad1b385b67287544c
data/raw/ooc/OOC_image_dataset/test/good/cell_type_A549/4+_days/230529_204.png,230529_204,230529,train,good,1,A549,4+_days,test,2c721089b519d1b1c8cba2b6b11b930d52f46483b76eebdfbf18558b29086623
data/raw/ooc/OOC_image_dataset/test/good/cell_type_A549/4+_days/230529_36.png,230529_36,230529,train,good,1,A549,4+_days,test,6c286ce019ce7558d17a676a4e625558d5d2ebbd353e8351961c019b3ea766dd
data/raw/ooc/OOC_image_dataset/test/good/cell_type_A549/4+_days/230529_52.png,230529_52,230529,train,good,1,A549,4+_days,test,8d459bf8bdcbe62fd22ca04e9fb61fa26713dcbd30c0af625f3f211de633cfdd
data/raw/ooc/OOC_image_dataset/test/good/cell_type_A549/4_days/230424_62.png,230424_62,230424,validation,good,1,A549,4_days,test,93e979a6b9f57195c41649ae01cfdc9a8ba2c47e4548dde4262235d29567f7e8
data/raw/ooc/OOC_image_dataset/test/good/cell_type_A549/4_days/230424_65.png,230424_65,230424,validation,good,1,A549,4_days,test,68f178830ea2f975eb8de5dfe0efc0b2a9fc7916329766306013666b0fb570e8
data/raw/ooc/OOC_image_dataset/test/good/cell_type_A549/4_days/230424_73.png,230424_73,230424,validation,good,1,A549,4_days,test,b485c8523c209def568f71445d7a1876867ed0a55b64a00ed5012d42aaf5a93c
data/raw/ooc/OOC_image_dataset/test/good/cell_type_A549/4_days/230424_74.png,230424_74,230424,validation,good,1,A549,4_days,test,f1af90b531e006f6f8ef97181f0441a363036b006e7e58747f24fb606fa2d68c
data/raw/ooc/OOC_image_dataset/test/good/cell_type_A549/4_days/230424_78.png,230424_78,230424,validation,good,1,A549,4_days,test,30f48379fe6be7c282c1c2c9de8dd0dc128bf7ab008fecdd5aa57c04946e09ee
data/raw/ooc/OOC_image_dataset/test/good/cell_type_A549/4_days/230424_83.png,230424_83,230424,validation,good,1,A549,4_days,test,187942df044431d30e8ed6ee1fe1acdf4fec353734ce8e1fff0d89f9c11e21e7
data/raw/ooc/OOC_image_dataset/test/good/cell_type_A549/4_days/230424_85.png,230424_85,230424,validation,good,1,A549,4_days,test,feca18dfb07cf8404728f426c9e0e58c239e9e84b1f90c0914da6ccd1cd22d2a
data/raw/ooc/OOC_image_dataset/test/good/cell_type_A549/4_days/230424_87.png,230424_87,230424,validation,good,1,A549,4_days,test,455468a4be05f5f03322085ac9e0a8402bcda0f7567d14aef1cbf7a9cbd09147
data/raw/ooc/OOC_image_dataset/test/good/cell_type_A549/4_days/230424_88.png,230424_88,230424,validation,good,1,A549,4_days,test,28b188a1c69fe2d26539ebd8c7ef988d582ba91b23a45d159c0363933c926b18
data/raw/ooc/OOC_image_dataset/test/good/cell_type_CACO/0-1_days/221215_12.png,221215_12,221215,train,good,1,CACO,0-1_days,test,f1584624ed556ef5f71ff97f829446202bbd529957c019c2adf6d0d86fd468b5
data/raw/ooc/OOC_image_dataset/test/good/cell_type_CACO/0-1_days/221215_16.png,221215_16,221215,train,good,1,CACO,0-1_days,test,6aac1f10b05a9c7edffe906e1976995d21e2475e292b7becc92b8866ec914713
data/raw/ooc/OOC_image_dataset/test/good/cell_type_CACO/0-1_days/221215_22.png,221215_22,221215,train,good,1,CACO,0-1_days,test,a35a34fab8f0ae967128356ce4a6850e872732ce8b48cada0f8efbdb79a294cf
data/raw/ooc/OOC_image_dataset/test/good/cell_type_CACO/0-1_days/230328_11.png,230328_11,230328,test,good,1,CACO,0-1_days,test,2eb339dc77e55b11e06477e6be74156e444f7523b00616ab444fe7a0dc9eee6c
data/raw/ooc/OOC_image_dataset/test/good/cell_type_CACO/0-1_days/230328_12.png,230328_12,230328,test,good,1,CACO,0-1_days,test,ffdd3dc91cf8add25f2473d40c3fd8e00e755da5d2c717aa94deea94d702f491
data/raw/ooc/OOC_image_dataset/test/good/cell_type_CACO/0-1_days/230328_13.png,230328_13,230328,test,good,1,CACO,0-1_days,test,d5bacee05a22ae18de96a04fa78c163d77bfc7b6ebc8b93468d528a79b11e0be
data/raw/ooc/OOC_image_dataset/test/good/cell_type_CACO/0-1_days/230328_3.png,230328_3,230328,test,good,1,CACO,0-1_days,test,33c137d2e63331ade82ab745667273988e31a86df1b8bd23ae726cd4ae881634
data/raw/ooc/OOC_image_dataset/test/good/cell_type_CACO/0-1_days/230328_4.png,230328_4,230328,test,good,1,CACO,0-1_days,test,15b1cc02137728619e8a1fb552656d88b0f5c618bff987596bd73c1389266db7
data/raw/ooc/OOC_image_dataset/test/good/cell_type_CACO/2-3_days/220506_12.png,220506_12,220506,train,good,1,CACO,2-3_days,test,e29d86643b47820a14aaef7411f1067bd7f82b8f99616a5f57e138287bc50efb
data/raw/ooc/OOC_image_dataset/test/good/cell_type_CACO/2-3_days/220606_17.png,220606_17,220606,train,good,1,CACO,2-3_days,test,7f5aecebdebc4fcaa977ed5ce35cdc21d1c74ddaa48e34cf50e4729d4d24ff68
data/raw/ooc/OOC_image_dataset/test/good/cell_type_CACO/2-3_days/230329_6.png,230329_6,230329,train,good,1,CACO,2-3_days,test,7a37cc5068f485374bd659d5b099258bddd5b23a7698de3e6fe79437fadb495b
data/raw/ooc/OOC_image_dataset/test/good/cell_type_CACO/2-3_days/230419_119.png,230419_119,230419,train,good,1,CACO,2-3_days,test,9ab73a0217288b18057f9eed4915b2258da084690dc1a77d94293677eb17ab7f
data/raw/ooc/OOC_image_dataset/test/good/cell_type_CACO/2-3_days/230419_120.png,230419_120,230419,train,good,1,CACO,2-3_days,test,67b55d3fc1a2904930f72719c4a3f8143896b2bda5244d007b6a60c769ddcd2f
data/raw/ooc/OOC_image_dataset/test/good/cell_type_CACO/2-3_days/230419_124.png,230419_124,230419,train,good,1,CACO,2-3_days,test,8e837ef2df214499b1f219ec85a3b5a6300493a61f086c209ab62c4e3960f1a7
data/raw/ooc/OOC_image_dataset/test/good/cell_type_CACO/4+_days/220512_14.png,220512_14,220512,validation,good,1,CACO,4+_days,test,636b4b43e3cc149b46616a96752773ab25535bf632369457e83d56f7a0010cad
data/raw/ooc/OOC_image_dataset/test/good/cell_type_CACO/4+_days/220512_15.png,220512_15,220512,validation,good,1,CACO,4+_days,test,763363f4cd1b80a3f980090b738556c1642da6dda2b3345a4e9039d35fb09451
data/raw/ooc/OOC_image_dataset/test/good/cell_type_CACO/4+_days/220515_1.png,220515_1,220515,train,good,1,CACO,4+_days,test,3ae1f65bb59a1bcdff04bcf0b5a78c3cdf3666be431721dcb81e1ec13acdeb8e
data/raw/ooc/OOC_image_dataset/test/good/cell_type_CACO/4+_days/220515_2.png,220515_2,220515,train,good,1,CACO,4+_days,test,227b1126156a9de65db96c5798e41e695dbbe95490845c3e4cf68457950ae6a3
data/raw/ooc/OOC_image_dataset/test/good/cell_type_CACO/4+_days/220515_3.png,220515_3,220515,train,good,1,CACO,4+_days,test,1ad0b07226ad21216c3cd89733544e1940434c604e842e20b63b5d41bace71d5
data/raw/ooc/OOC_image_dataset/test/good/cell_type_CACO/4+_days/220609_4.png,220609_4,220609,train,good,1,CACO,4+_days,test,d8b9e6a02955bfcd0030dceb69985145f257794069e2b6d185215a545cc7e8b4
data/raw/ooc/OOC_image_dataset/test/good/cell_type_CACO/4+_days/220609_5.png,220609_5,220609,train,good,1,CACO,4+_days,test,9d9d443d7249eebbd927b037234a0d7be9125cd10b859bf727b59cd8692def29
data/raw/ooc/OOC_image_dataset/test/good/cell_type_CACO/4+_days/220611_1.png,220611_1,220611,train,good,1,CACO,4+_days,test,66f7d5655bccf943754653287eb9b8684ff0f1ed9b4bb3334299f891a506dcc4
data/raw/ooc/OOC_image_dataset/test/good/cell_type_CACO/4+_days/220611_5.png,220611_5,220611,train,good,1,CACO,4+_days,test,26f551cf47552eedfd471fdb2a968626314ac22f507a1cd72a75fd457e917881
data/raw/ooc/OOC_image_dataset/test/good/cell_type_CACO/4+_days/220612_5.png,220612_5,220612,train,good,1,CACO,4+_days,test,7879fa98799c496a84d4f4e5b7991ce81bff1f7e690d46cdf0f6a729b5d8bbdc
data/raw/ooc/OOC_image_dataset/test/good/cell_type_CACO/4+_days/220612_8.png,220612_8,220612,train,good,1,CACO,4+_days,test,e2f0f790527a2e01cd9f6211f2ff50217d2dab6f9c4bfa4e6ef7b6fcfd081df0
data/raw/ooc/OOC_image_dataset/test/good/cell_type_HPMEC/0-1_days/220429_10.png,220429_10,220429,train,good,1,HPMEC,0-1_days,test,4d4bc7f94778528a5a921957a5d0475e210c4d46ed52e1d57500ded14d7bdce0
data/raw/ooc/OOC_image_dataset/test/good/cell_type_HPMEC/0-1_days/220429_12.png,220429_12,220429,train,good,1,HPMEC,0-1_days,test,59b12fa020f45bda46961f7c12026e0096444eecda4c5d37a0f718036a722baf
data/raw/ooc/OOC_image_dataset/test/good/cell_type_HPMEC/0-1_days/220626_7.png,220626_7,220626,train,good,1,HPMEC,0-1_days,test,c1718f86ac8f45ed3e398007dbef1620898d523571a389df2898028764c9235f
data/raw/ooc/OOC_image_dataset/test/good/cell_type_HPMEC/0-1_days/220708_4.png,220708_4,220708,train,good,1,HPMEC,0-1_days,test,d85a97a99e051d85982c9c2d336117b94ee6b50c10ce9be76f22ffb157f4eb27
data/raw/ooc/OOC_image_dataset/test/good/cell_type_HPMEC/0-1_days/220708_6.png,220708_6,220708,train,good,1,HPMEC,0-1_days,test,705e320759d5a062d9daf5fc2661fdbf7fe3f460b9ee92ff5a35870d820edf55
data/raw/ooc/OOC_image_dataset/test/good/cell_type_HPMEC/0-1_days/220708_7.png,220708_7,220708,train,good,1,HPMEC,0-1_days,test,5c2eb098268027c4f6a051f247b8dba92dc6523899b45e0250d1fb5bc45cd4e7
data/raw/ooc/OOC_image_dataset/test/good/cell_type_HPMEC/0-1_days/220715_1.png,220715_1,220715,train,good,1,HPMEC,0-1_days,test,8060f5c0bc4d41fde9e2f470cddc35df7ade4a3275bd6369cc60f1a1b2c8fb9f
data/raw/ooc/OOC_image_dataset/test/good/cell_type_HPMEC/0-1_days/221010_12.png,221010_12,221010,test,good,1,HPMEC,0-1_days,test,f2053a7c87a4cb50b35cfb1a1081965adad0c4ba7093307e7caff85655aa68aa
data/raw/ooc/OOC_image_dataset/test/good/cell_type_HPMEC/0-1_days/221010_16.png,221010_16,221010,test,good,1,HPMEC,0-1_days,test,79758559d6889bfff2a40b80c5c52ce57d1b612ae590b4ae70130f4cf638ecfa
data/raw/ooc/OOC_image_dataset/test/good/cell_type_HPMEC/0-1_days/221010_2.png,221010_2,221010,test,good,1,HPMEC,0-1_days,test,9ac66c68f2a2c9725b43e5070c46d4a8c13672ecf3cbd63ac4dd8920e84c0ed1
data/raw/ooc/OOC_image_dataset/test/good/cell_type_HPMEC/0-1_days/221010_42.png,221010_42,221010,test,good,1,HPMEC,0-1_days,test,1a6aae7a9ac3093ebf049a7dda9a21a2d703747eafa7f3016a950f16604572b1
data/raw/ooc/OOC_image_dataset/test/good/cell_type_HPMEC/0-1_days/221010_5.png,221010_5,221010,test,good,1,HPMEC,0-1_days,test,bcfc9856b24ad5efb766fd185af5cd3df40b7b935250045a649870482adeb641
data/raw/ooc/OOC_image_dataset/test/good/cell_type_HPMEC/0-1_days/221010_77.png,221010_77,221010,test,good,1,HPMEC,0-1_days,test,9b689c702204218c069f593e2ea7d89ff94cc67a66268c45d39aadab47d954ff
data/raw/ooc/OOC_image_dataset/test/good/cell_type_HPMEC/0-1_days/221010_9.png,221010_9,221010,test,good,1,HPMEC,0-1_days,test,41623a76820636a678152165cbda9a34aaa0047b8595ca6a9111655dd93408dd
data/raw/ooc/OOC_image_dataset/test/good/cell_type_HPMEC/0-1_days/221214_23.png,221214_23,221214,validation,good,1,HPMEC,0-1_days,test,346407c948e51c1fd76298e9a625434aa72178553565c8d4f976d4c48384e713
data/raw/ooc/OOC_image_dataset/test/good/cell_type_HPMEC/0-1_days/221214_26.png,221214_26,221214,validation,good,1,HPMEC,0-1_days,test,daafd0cc1627c3012731589c9d15ac656de9d1e13638f7b2d5cd59e7b0a8b123
data/raw/ooc/OOC_image_dataset/test/good/cell_type_HPMEC/0-1_days/230109_1.png,230109_1,230109,train,good,1,HPMEC,0-1_days,test,0791bace6e1927649ee731f8824e24e9b4c193214a31130ef6ef715de950f520
data/raw/ooc/OOC_image_dataset/test/good/cell_type_HPMEC/0-1_days/230109_11.png,230109_11,230109,train,good,1,HPMEC,0-1_days,test,a441d7a9ad53f9d8653024d706e4149b362e6e697216c95c5d440f641790ddfa
data/raw/ooc/OOC_image_dataset/test/good/cell_type_HPMEC/0-1_days/230109_12.png,230109_12,230109,train,good,1,HPMEC,0-1_days,test,fed4285afde014f74082b0959d436ba2b5219de0d957d5f974b63ee2e109021f
data/raw/ooc/OOC_image_dataset/test/good/cell_type_HPMEC/0-1_days/230109_20.png,230109_20,230109,train,good,1,HPMEC,0-1_days,test,83b289d364843840a765ec77791222f283d0e3ddc8d3fd563e65a3a2018c366c
data/raw/ooc/OOC_image_dataset/test/good/cell_type_HPMEC/0-1_days/230109_21.png,230109_21,230109,train,good,1,HPMEC,0-1_days,test,ad7fe9c34e4448ced188d0862eff5f788f84a1514af5ce4b3b48227cef32b11f
data/raw/ooc/OOC_image_dataset/test/good/cell_type_HPMEC/0-1_days/230109_6.png,230109_6,230109,train,good,1,HPMEC,0-1_days,test,a35f73e45a6a42c142a7fd9bf3cef57a8d2e798a7a4aca17017d269fde8e7c4e
data/raw/ooc/OOC_image_dataset/test/good/cell_type_HPMEC/0-1_days/230109_7.png,230109_7,230109,train,good,1,HPMEC,0-1_days,test,4db11561d2b335d5eb85b123781601f3a8148c37a76dc17b72cabb060902ba2e
data/raw/ooc/OOC_image_dataset/test/good/cell_type_HPMEC/0-1_days/230109_72.png,230109_72,230109,train,good,1,HPMEC,0-1_days,test,c92c44545c58abbd8766f07608a917bf78c49c279bd03d3ea7bc7a6913076cd4
data/raw/ooc/OOC_image_dataset/test/good/cell_type_HPMEC/0-1_days/230109_82.png,230109_82,230109,train,good,1,HPMEC,0-1_days,test,98c4aa3ef5d93b25aeb653360cfbc580afef88387d0d9fa3b2ee0cf4b2fcef92
data/raw/ooc/OOC_image_dataset/test/good/cell_type_HPMEC/0-1_days/230109_83.png,230109_83,230109,train,good,1,HPMEC,0-1_days,test,c663105470c7629e081ad327176d9086d51aef52b2ea592469c1f13bb8685d17
data/raw/ooc/OOC_image_dataset/test/good/cell_type_HPMEC/0-1_days/230109_9.png,230109_9,230109,train,good,1,HPMEC,0-1_days,test,9c8d0faa3a487f2200ea3807c451901caedfd55de64155b0a1b5ada1d5f2e97b
data/raw/ooc/OOC_image_dataset/test/good/cell_type_HPMEC/0-1_days/230109_93.png,230109_93,230109,train,good,1,HPMEC,0-1_days,test,f8d4cbea57782dfde4b66d5370497d88f5d599d30908bf6cfef117420e119d15
data/raw/ooc/OOC_image_dataset/test/good/cell_type_HPMEC/0-1_days/230119_17.png,230119_17,230119,train,good,1,HPMEC,0-1_days,test,8ea0cf7966bc354296f9c57855dac01c093841c6170d59c318fa44e1a375f0d6
data/raw/ooc/OOC_image_dataset/test/good/cell_type_HPMEC/0-1_days/230119_21.png,230119_21,230119,train,good,1,HPMEC,0-1_days,test,b3fb8b8de3a5c0df42961affccebcc0034dc9e5effd549abadbe12c9e7fcaf8b
data/raw/ooc/OOC_image_dataset/test/good/cell_type_HPMEC/0-1_days/230119_22.png,230119_22,230119,train,good,1,HPMEC,0-1_days,test,f15045082d0a695555daf69e928dd58d49d78f1b8d001c9d74ebb6104ee16c74
data/raw/ooc/OOC_image_dataset/test/good/cell_type_HPMEC/0-1_days/230119_25.png,230119_25,230119,train,good,1,HPMEC,0-1_days,test,98c78cdb924f1316b594e49cba823d0578456d740f57c41157322c46a1aa41bb
data/raw/ooc/OOC_image_dataset/test/good/cell_type_HPMEC/0-1_days/230119_26.png,230119_26,230119,train,good,1,HPMEC,0-1_days,test,9832e2fb7a2c422b2810f4ec31c755dd6cfc9717368f858a2634a016b2b7174d
data/raw/ooc/OOC_image_dataset/test/good/cell_type_HPMEC/0-1_days/230119_31.png,230119_31,230119,train,good,1,HPMEC,0-1_days,test,98681ee2dc38f903f1842b2ba2a30c9c9a0f0f17dad52ba9815e51f8dbf33524
data/raw/ooc/OOC_image_dataset/test/good/cell_type_HPMEC/0-1_days/230119_34.png,230119_34,230119,train,good,1,HPMEC,0-1_days,test,c6dbb4c5d6c8df2ef5c6a0b08485f0a818dd528b096616baf7e6b52fbf3884d2
data/raw/ooc/OOC_image_dataset/test/good/cell_type_HPMEC/0-1_days/230119_36.png,230119_36,230119,train,good,1,HPMEC,0-1_days,test,697365162172111c81793e8da4b9e2d89511c6a4890088ee083acf0508ba38eb
data/raw/ooc/OOC_image_dataset/test/good/cell_type_HPMEC/0-1_days/230119_38.png,230119_38,230119,train,good,1,HPMEC,0-1_days,test,e00d5841cf803c732b16236b5b1a42c73878a23049cb7e63a8b1aba4e229de8e
data/raw/ooc/OOC_image_dataset/test/good/cell_type_HPMEC/0-1_days/230119_5.png,230119_5,230119,train,good,1,HPMEC,0-1_days,test,2d48b8bd86f08f566d1c54e4a76e438d5bce92aa2f03709d92d5fa380b2ff286
data/raw/ooc/OOC_image_dataset/test/good/cell_type_HPMEC/0-1_days/230214_27.png,230214_27,230214,validation,good,1,HPMEC,0-1_days,test,829b3b09688594695f105a31060f0e8a4233886e5deb21b169186dc86d34636a
data/raw/ooc/OOC_image_dataset/test/good/cell_type_HPMEC/0-1_days/230214_3.png,230214_3,230214,validation,good,1,HPMEC,0-1_days,test,ef3355621a96c8b72703a871ad0d7d2fa4673dd0de1a456abf084338311d2280
data/raw/ooc/OOC_image_dataset/test/good/cell_type_HPMEC/0-1_days/230214_30.png,230214_30,230214,validation,good,1,HPMEC,0-1_days,test,62d8a4f74eed7d1a98a553a21419ad502a517b10c9aa4972bf55ad0839a2413c
data/raw/ooc/OOC_image_dataset/test/good/cell_type_HPMEC/0-1_days/230214_33.png,230214_33,230214,validation,good,1,HPMEC,0-1_days,test,cd2d3bf1fbbc754eab0d4d727c9a311f25ef1de5af1561460bc44b65e3ea5dfe
data/raw/ooc/OOC_image_dataset/test/good/cell_type_HPMEC/0-1_days/230214_40.png,230214_40,230214,validation,good,1,HPMEC,0-1_days,test,6df061f56177fccf1fcb00c0e80d8ce6876af923c456737b01b462d39391b836
data/raw/ooc/OOC_image_dataset/test/good/cell_type_HPMEC/0-1_days/230214_41.png,230214_41,230214,validation,good,1,HPMEC,0-1_days,test,b76ee0cdc45282a3bcc4ebbcb5711cb595ee9b8387a766d9fb237ef1e002bcd8
data/raw/ooc/OOC_image_dataset/test/good/cell_type_HPMEC/0-1_days/230214_42.png,230214_42,230214,validation,good,1,HPMEC,0-1_days,test,f6c3117c35239b5a7c7907f0c68d9d58c238437a765c415c6534ae9e568aee63
data/raw/ooc/OOC_image_dataset/test/good/cell_type_HPMEC/0-1_days/230214_43.png,230214_43,230214,validation,good,1,HPMEC,0-1_days,test,4ac658dd188739f12660422c79a4a48a3f13702c8a6f632db182a0c8aa1ae6d7
data/raw/ooc/OOC_image_dataset/test/good/cell_type_HPMEC/0-1_days/230214_44.png,230214_44,230214,validation,good,1,HPMEC,0-1_days,test,5c95b67f52f0147f7032cc80ef1f44a633c96925cd2c6a902fb0ff4411ae58a2
data/raw/ooc/OOC_image_dataset/test/good/cell_type_HPMEC/0-1_days/230214_5.png,230214_5,230214,validation,good,1,HPMEC,0-1_days,test,fbc59bbcfea554abb77e1a0279e35b7df07bba594a90847342935f008b088647
data/raw/ooc/OOC_image_dataset/test/good/cell_type_HPMEC/0-1_days/230214_7.png,230214_7,230214,validation,good,1,HPMEC,0-1_days,test,89aa5889d36c6f2acdb375ca613ca9d352331e5c37c932e3a2c9abb74163dd67
data/raw/ooc/OOC_image_dataset/test/good/cell_type_HPMEC/0-1_days/230215_13.png,230215_13,230215,validation,good,1,HPMEC,0-1_days,test,664c13ca19ef65973f306fe7d3f49bd061088b6992dc5ad183b6dc93bfac555e
data/raw/ooc/OOC_image_dataset/test/good/cell_type_HPMEC/0-1_days/230215_16.png,230215_16,230215,validation,good,1,HPMEC,0-1_days,test,c091adcdfbde4204812952fea596d989adbee64b392505a7c35de469c9f1655b
data/raw/ooc/OOC_image_dataset/test/good/cell_type_HPMEC/0-1_days/230314_48.png,230314_48,230314,train,good,1,HPMEC,0-1_days,test,44c51e41b3a679815b2b93e76de75d948772880493066b65e3dd02146030a3ec
data/raw/ooc/OOC_image_dataset/test/good/cell_type_HPMEC/0-1_days/230314_50.png,230314_50,230314,train,good,1,HPMEC,0-1_days,test,0cf2b8f7bea0d9252ade67672c550c20347afeb1de03a47a090bd40ecaed45cc
data/raw/ooc/OOC_image_dataset/test/good/cell_type_HPMEC/0-1_days/230314_7.png,230314_7,230314,train,good,1,HPMEC,0-1_days,test,3ed322a721febd9e5bed77cef6bd20d359a979f65e716b59bde94e66e49b8282
data/raw/ooc/OOC_image_dataset/test/good/cell_type_HPMEC/0-1_days/230316_33.png,230316_33,230316,validation,good,1,HPMEC,0-1_days,test,22531f5b2ff18b0a924b16680ff982382717c3f3be4648fb0a5f8f17bc3c75f7
data/raw/ooc/OOC_image_dataset/test/good/cell_type_HPMEC/0-1_days/230316_38.png,230316_38,230316,validation,good,1,HPMEC,0-1_days,test,a340c59f47a9cd7bbaf57b99a2554e4213a1bd7081838bbd15f95095ab21becb
data/raw/ooc/OOC_image_dataset/test/good/cell_type_HPMEC/0-1_days/230316_44.png,230316_44,230316,validation,good,1,HPMEC,0-1_days,test,9aa8ca9d2e217866783ea5a5e65a60b1a1787cfe4a5fbb4c57692bfe5b1433d5
data/raw/ooc/OOC_image_dataset/test/good/cell_type_HPMEC/0-1_days/230523_107.png,230523_107,230523,train,good,1,HPMEC,0-1_days,test,223661f1a5ddd2885604012f472e473757a20d08d7949735a4b356440cd75ab7
data/raw/ooc/OOC_image_dataset/test/good/cell_type_HPMEC/0-1_days/230523_21.png,230523_21,230523,train,good,1,HPMEC,0-1_days,test,02657089b644861b3979811675712a91844a9fd25b4d76889fb1513cae81704c
data/raw/ooc/OOC_image_dataset/test/good/cell_type_HPMEC/0-1_days/230523_3.png,230523_3,230523,train,good,1,HPMEC,0-1_days,test,e102215f5d9bcac2d3fc4dca708b4af5255f2394c07b272ee495c6978e78a722
data/raw/ooc/OOC_image_dataset/test/good/cell_type_HPMEC/0-1_days/230523_51.png,230523_51,230523,train,good,1,HPMEC,0-1_days,test,c548a7d981d48d8e76ac0070d873d99846e82dd37662a6d439086aeb9d483c20
data/raw/ooc/OOC_image_dataset/test/good/cell_type_HPMEC/0-1_days/230523_61.png,230523_61,230523,train,good,1,HPMEC,0-1_days,test,324e35205c3d4f6b4f014f97f95d9f8922afc102d91dff5d1561531656e0f760
data/raw/ooc/OOC_image_dataset/test/good/cell_type_HPMEC/0-1_days/230523_66.png,230523_66,230523,train,good,1,HPMEC,0-1_days,test,eb4d2ad6aca5b762bee97b0c2fe815fbd69181c3b46a15bc6f4c56481c69fbcd
data/raw/ooc/OOC_image_dataset/test/good/cell_type_HPMEC/0-1_days/230523_68.png,230523_68,230523,train,good,1,HPMEC,0-1_days,test,040af94cf2815363fd78802b93d164914e33cbae293a4dfa5d99ddd38bdf4db9
data/raw/ooc/OOC_image_dataset/test/good/cell_type_HPMEC/0-1_days/230523_69.png,230523_69,230523,train,good,1,HPMEC,0-1_days,test,032fdc6186a3c371ef32534e3f5f0adc7092b9c3a00327f18b7c4fe3083c843f
data/raw/ooc/OOC_image_dataset/test/good/cell_type_HPMEC/0-1_days/230523_74.png,230523_74,230523,train,good,1,HPMEC,0-1_days,test,357f8de9b5e2629f0c84b9129034e6084e2ed50c353959e3d8fde15f88c76c7b
data/raw/ooc/OOC_image_dataset/test/good/cell_type_HPMEC/2-3_days/230315_16.png,230315_16,230315,train,good,1,HPMEC,2-3_days,test,dfa4232887052de26694002a52b270d578b3ac8e54e3a6a3148b61a8a234dde9
data/raw/ooc/OOC_image_dataset/test/good/cell_type_HPMEC/2-3_days/230315_38.png,230315_38,230315,train,good,1,HPMEC,2-3_days,test,431c9ddb60e60e5345aef7e721a84bfa27ef81c48b4923788eb1eb7d23bece99
data/raw/ooc/OOC_image_dataset/test/good/cell_type_HPMEC/2-3_days/230315_44.png,230315_44,230315,train,good,1,HPMEC,2-3_days,test,751f7d2e25dce57bd06922af8f260f90eb9ef73ab2b9dc5c29f09c39d1d9cf04
data/raw/ooc/OOC_image_dataset/test/good/cell_type_HPMEC/2-3_days/230315_50.png,230315_50,230315,train,good,1,HPMEC,2-3_days,test,101205569906d534501382b8d7f7c18dbf479ab2a52b2eb1d72b0bd43a486645
data/raw/ooc/OOC_image_dataset/test/good/cell_type_HPMEC/2-3_days/230315_66.png,230315_66,230315,train,good,1,HPMEC,2-3_days,test,8ff20f3a203e8fea7024aa1197befa45327f5f7ec20ddc1c5b6219e55f6c37c2
data/raw/ooc/OOC_image_dataset/test/good/cell_type_HPMEC/2-3_days/230315_68.png,230315_68,230315,train,good,1,HPMEC,2-3_days,test,8ca68b5afd2358992d8a3cfc0a6f0e704f9dd4d9be2820c66a907d7d155718a3
data/raw/ooc/OOC_image_dataset/test/good/cell_type_HPMEC/2-3_days/230315_70.png,230315_70,230315,train,good,1,HPMEC,2-3_days,test,b31de22402dd82b57b37d1005ba289bcc3aa24fc36b5bccb20d7adf0b8b8f775
data/raw/ooc/OOC_image_dataset/test/good/cell_type_HPMEC/2-3_days/230315_72.png,230315_72,230315,train,good,1,HPMEC,2-3_days,test,ad90814999a89199129bed0787bb397b7a26180d07027244ce37300ef3bba7b2
data/raw/ooc/OOC_image_dataset/test/good/cell_type_HPMEC/2-3_days/230315_82.png,230315_82,230315,train,good,1,HPMEC,2-3_days,test,107b94426b8ba9095bebfdde0cf1bd3e1a0128156f3787d4a4230ee8782a1129
data/raw/ooc/OOC_image_dataset/test/good/cell_type_HPMEC/2-3_days/230315_84.png,230315_84,230315,train,good,1,HPMEC,2-3_days,test,60dbd69bf176dd30dfe4eacb5919eaaef5b5cfd6c5b6be994e47f8b03ab842ce
data/raw/ooc/OOC_image_dataset/test/good/cell_type_HPMEC/2-3_days/230315_9.png,230315_9,230315,train,good,1,HPMEC,2-3_days,test,ad0de4de0af028af55d8f72d9f1529fb02e70e3f4f1387f1f5a475c7569be254
data/raw/ooc/OOC_image_dataset/test/good/cell_type_HPMEC/2-3_days/230510_18.png,230510_18,230510,validation,good,1,HPMEC,2-3_days,test,1d419a339b8765aa1b5212532055ebfa96dfa133fed6507fbabe5f7928120149
data/raw/ooc/OOC_image_dataset/test/good/cell_type_HPMEC/2-3_days/230510_2.png,230510_2,230510,validation,good,1,HPMEC,2-3_days,test,8d03a29b4776486ef219aa99a9058ff278452abd2da93a1b718db35eae547378
data/raw/ooc/OOC_image_dataset/test/good/cell_type_HPMEC/2-3_days/230510_36.png,230510_36,230510,validation,good,1,HPMEC,2-3_days,test,585650ac051185cba10385aa63579f237150095eda91e476eb10e226044657a1
data/raw/ooc/OOC_image_dataset/test/good/cell_type_HPMEC/2-3_days/230524_31.png,230524_31,230524,test,good,1,HPMEC,2-3_days,test,b4b00b8891d4d5f3254869a3e01974d138b46298c6fcf9fe744f223b391ce987
data/raw/ooc/OOC_image_dataset/test/good/cell_type_HPMEC/2-3_days/230524_46.png,230524_46,230524,test,good,1,HPMEC,2-3_days,test,c2899fefee306409ef784eeec18ae9b827c95848d0907becb06aeaa712e6d51b
data/raw/ooc/OOC_image_dataset/test/good/cell_type_HPMEC/2-3_days/230524_50.png,230524_50,230524,test,good,1,HPMEC,2-3_days,test,b4dcae3743d2df813ab30978949e52a9ef8dd5c599fa57726929187e662c2367
data/raw/ooc/OOC_image_dataset/test/good/cell_type_HPMEC/2-3_days/230524_53.png,230524_53,230524,test,good,1,HPMEC,2-3_days,test,cb14af15bd2d82d5a42a957751ee8aeb94cbe4bbd09ae70800f84babd1b29976
data/raw/ooc/OOC_image_dataset/test/good/cell_type_HPMEC/2-3_days/230524_62.png,230524_62,230524,test,good,1,HPMEC,2-3_days,test,85c0228c288f5face0cd2737a5d9871b735ea563a94606c6586e9f8e6178e446
data/raw/ooc/OOC_image_dataset/test/good/cell_type_HPMEC/2-3_days/230524_68.png,230524_68,230524,test,good,1,HPMEC,2-3_days,test,3c1f79328598de9a69de567f02ffa0a06f4d224dac8ed2e032b6275cade574e8
data/raw/ooc/OOC_image_dataset/test/good/cell_type_HPMEC/2-3_days/230525_101.png,230525_101,230525,train,good,1,HPMEC,2-3_days,test,5749d22f14e2aaf17398af8c6934586879974c7b3ddd08705ca3e863d3915e1a
data/raw/ooc/OOC_image_dataset/test/good/cell_type_HPMEC/2-3_days/230525_153.png,230525_153,230525,train,good,1,HPMEC,2-3_days,test,509f5c2cfe60b5eb1be8d9c18760aac6b280103c45676036584c06ded8e404e2
data/raw/ooc/OOC_image_dataset/test/good/cell_type_HPMEC/2-3_days/230525_154.png,230525_154,230525,train,good,1,HPMEC,2-3_days,test,d1bcee655f5e0958d6cd38ab1267db7e56430ae0267ae162b1e7bd06018cfdf7
data/raw/ooc/OOC_image_dataset/test/good/cell_type_HPMEC/2-3_days/230525_166.png,230525_166,230525,train,good,1,HPMEC,2-3_days,test,11057fbcf0f6d7b5c3bec86b8cb5ecd33eddb4f201fbf3019e164972d29d9d6f
data/raw/ooc/OOC_image_dataset/test/good/cell_type_HPMEC/2-3_days/230525_168.png,230525_168,230525,train,good,1,HPMEC,2-3_days,test,3c39f11aa4337c2da0a4e896746713782eba5eab595890cf25edc1788ea5b884
data/raw/ooc/OOC_image_dataset/test/good/cell_type_HPMEC/2-3_days/230525_172.png,230525_172,230525,train,good,1,HPMEC,2-3_days,test,ad2c14eb7e48615010f32ab73dc7deff305d64abc58e1b1e5da49ae552a3810a
data/raw/ooc/OOC_image_dataset/test/good/cell_type_HPMEC/2-3_days/230525_33.png,230525_33,230525,train,good,1,HPMEC,2-3_days,test,9f5c7b4644daea237cfd7fe00ced9a5c1946c883ad01143121319a7dbafa63e6
data/raw/ooc/OOC_image_dataset/test/good/cell_type_HPMEC/2-3_days/230525_34.png,230525_34,230525,train,good,1,HPMEC,2-3_days,test,b1bd270bb8696b7dbb9189a98e46c6432bda484772a79ae0ed0774c79baf1241
data/raw/ooc/OOC_image_dataset/test/good/cell_type_HPMEC/2-3_days/230525_36.png,230525_36,230525,train,good,1,HPMEC,2-3_days,test,991e6195e794654b8e79b66d93ae3ff9b87b1d4e5646583521039fc5439506e3
data/raw/ooc/OOC_image_dataset/test/good/cell_type_HPMEC/2-3_days/230525_4.png,230525_4,230525,train,good,1,HPMEC,2-3_days,test,2f25209064b0ac9512733ecf5e93498e835c864e0f3abbd2a7a1a1d65002f872
data/raw/ooc/OOC_image_dataset/test/good/cell_type_HPMEC/2-3_days/230525_73.png,230525_73,230525,train,good,1,HPMEC,2-3_days,test,aca9939a8b8aead83278af95f6b63e3e3d9a4eb29473e42c903b6db8ffad73e7
data/raw/ooc/OOC_image_dataset/test/good/cell_type_HPMEC/2-3_days/230525_75.png,230525_75,230525,train,good,1,HPMEC,2-3_days,test,6ad00a17640aeefbcbe7b2677374a49ac942fe1c7e34a9a38c4604257e733bdf
data/raw/ooc/OOC_image_dataset/test/good/cell_type_HPMEC/2-3_days/230525_76.png,230525_76,230525,train,good,1,HPMEC,2-3_days,test,13c6218f450c45ee73df5428a6c171b125d56ebb2410842c8bac8ff0886b7515
data/raw/ooc/OOC_image_dataset/test/good/cell_type_HPMEC/2-3_days/230525_86.png,230525_86,230525,train,good,1,HPMEC,2-3_days,test,dbec919ca334877f7fc1253722c7ca9546d418e5faf85d745cb3af4836c4c989
data/raw/ooc/OOC_image_dataset/test/good/cell_type_HPMEC/2-3_days/230525_92.png,230525_92,230525,train,good,1,HPMEC,2-3_days,test,ed671601624264f8f1e92a0d95235f7baffbbb505224d54152d0b216f0b677e8
data/raw/ooc/OOC_image_dataset/test/good/cell_type_HPMEC/2-3_days/230525_99.png,230525_99,230525,train,good,1,HPMEC,2-3_days,test,010e83810fa003599adce6a55f45908c57856262d6d337f12a247cf0d45ad578
data/raw/ooc/OOC_image_dataset/test/good/cell_type_HPMEC/4+_days/230320_100.png,230320_100,230320,train,good,1,HPMEC,4+_days,test,859421ac507c5118da8649616c2e70039374867618d888f5486438472c2ca4a9
data/raw/ooc/OOC_image_dataset/test/good/cell_type_HPMEC/4+_days/230320_102.png,230320_102,230320,train,good,1,HPMEC,4+_days,test,d9980408ecd7a4d1dbf2867c0d4fc6ec3f6c91de5737fdae7b2de1a47d3bc0d7
data/raw/ooc/OOC_image_dataset/test/good/cell_type_HPMEC/4+_days/230320_104.png,230320_104,230320,train,good,1,HPMEC,4+_days,test,5ea182e4d8af23759867a691d0a1ba5b55b4b593ac244ab8da085b35ca59432c
data/raw/ooc/OOC_image_dataset/test/good/cell_type_HPMEC/4+_days/230320_114.png,230320_114,230320,train,good,1,HPMEC,4+_days,test,8bb18c883efefdfc40db21925584f552b390fd063431735a06a058e29e8a8f9a
data/raw/ooc/OOC_image_dataset/test/good/cell_type_HPMEC/4+_days/230320_118.png,230320_118,230320,train,good,1,HPMEC,4+_days,test,307aad35ecda08bddcdc07d2d5bbfd7c975c4caa9341ef29c184cf582516e2e6
data/raw/ooc/OOC_image_dataset/test/good/cell_type_HPMEC/4+_days/230320_12.png,230320_12,230320,train,good,1,HPMEC,4+_days,test,f7f4f5833e2ea98f6c915b5b7dc95383e70f1ddbcdf43168ca55eed8a6372859
data/raw/ooc/OOC_image_dataset/test/good/cell_type_HPMEC/4+_days/230320_120.png,230320_120,230320,train,good,1,HPMEC,4+_days,test,c692db19f266856bd09bc634cfabf82e9d8f0f360e3c417167b5879f6e234ad7
data/raw/ooc/OOC_image_dataset/test/good/cell_type_HPMEC/4+_days/230320_124.png,230320_124,230320,train,good,1,HPMEC,4+_days,test,bacec52ee0e307fb570d4630f4972f08301e2b59e54e3b46d5695c68cf16b84c
data/raw/ooc/OOC_image_dataset/test/good/cell_type_HPMEC/4+_days/230320_14.png,230320_14,230320,train,good,1,HPMEC,4+_days,test,6a121ae091701ead908ff5bc7a6a75f9b1e5e35a47ebc6a26a9934e482a518d4
data/raw/ooc/OOC_image_dataset/test/good/cell_type_HPMEC/4+_days/230320_15.png,230320_15,230320,train,good,1,HPMEC,4+_days,test,a0fe535f5e098d7247e875fd13c3f06c05bdf0d545e90c7260d9fc9ab10ab9a2
data/raw/ooc/OOC_image_dataset/test/good/cell_type_HPMEC/4+_days/230320_198.png,230320_198,230320,train,good,1,HPMEC,4+_days,test,fe5a78970c9c3fc8a2c03217fd1e35d289751d3898b5a386ed407fa3b66dde00
data/raw/ooc/OOC_image_dataset/test/good/cell_type_HPMEC/4+_days/230320_20.png,230320_20,230320,train,good,1,HPMEC,4+_days,test,afbb45770703b943cdeb8c1551c3413d0a893f477a112647d12ed3c1813534f5
data/raw/ooc/OOC_image_dataset/test/good/cell_type_HPMEC/4+_days/230320_200.png,230320_200,230320,train,good,1,HPMEC,4+_days,test,afc78024c6e72c27c01de462338f88499dda42f2af1327fc09c70ccfea323294
data/raw/ooc/OOC_image_dataset/test/good/cell_type_HPMEC/4+_days/230320_21.png,230320_21,230320,train,good,1,HPMEC,4+_days,test,ec6a352471c40942c73c4000e1fbfdf0dbc36a4ac5bb1e0946d50bc958588df6
data/raw/ooc/OOC_image_dataset/test/good/cell_type_HPMEC/4+_days/230320_7.png,230320_7,230320,train,good,1,HPMEC,4+_days,test,a7099096ae25fcf47350d77b38347d05f23263a76aa0ab1d3b7b2c2b3f05fd7e
data/raw/ooc/OOC_image_dataset/test/good/cell_type_HPMEC/4+_days/230320_77.png,230320_77,230320,train,good,1,HPMEC,4+_days,test,1b83c4a28b99c341447d0f3212a6388ee7da97bd890af463aab6ea6d6362e33e
data/raw/ooc/OOC_image_dataset/test/good/cell_type_HPMEC/4+_days/230320_78.png,230320_78,230320,train,good,1,HPMEC,4+_days,test,92f6f350e90477a9cf88d515c149668b7997d385bef76b464ffe65b45319e073
data/raw/ooc/OOC_image_dataset/test/good/cell_type_HPMEC/4+_days/230320_85.png,230320_85,230320,train,good,1,HPMEC,4+_days,test,d1c24045be9d16d350862222c5bc94f1c5ef69151f33a7dc2083633e86b189fc
data/raw/ooc/OOC_image_dataset/test/good/cell_type_HPMEC/4+_days/230320_86.png,230320_86,230320,train,good,1,HPMEC,4+_days,test,fe77e1b849a34e5a5310c026cdf90510f9a8a7c7e3d811f53e03749e561c9ff6
data/raw/ooc/OOC_image_dataset/test/good/cell_type_HPMEC/4+_days/230321_12.png,230321_12,230321,test,good,1,HPMEC,4+_days,test,5679436303f05fe50d6de4f45e61479235a04b738da39ad843593a8d864d1778
data/raw/ooc/OOC_image_dataset/test/good/cell_type_HPMEC/4+_days/230321_13.png,230321_13,230321,test,good,1,HPMEC,4+_days,test,0f796a88851d47da69f810652dab6cd006d85572f0c773870dbc039e837b813f
data/raw/ooc/OOC_image_dataset/test/good/cell_type_HPMEC/4+_days/230321_14.png,230321_14,230321,test,good,1,HPMEC,4+_days,test,650f7ffce347a3fd5d6a1e346ab359174348fcd34fe80eee4cf6a32641c151f5
data/raw/ooc/OOC_image_dataset/test/good/cell_type_HPMEC/4+_days/230424_31.png,230424_31,230424,validation,good,1,HPMEC,4+_days,test,c87b301af251db0fc44c30a770c94c698faaaec59de53e4a44d7ee605170b2f9
data/raw/ooc/OOC_image_dataset/test/good/cell_type_HPMEC/4+_days/230424_39.png,230424_39,230424,validation,good,1,HPMEC,4+_days,test,540df47cfd944c33087375ada4188337cbe63e880d76b2e40dcb3d945cf5e843
data/raw/ooc/OOC_image_dataset/test/good/cell_type_HPMEC/4+_days/230425_108.png,230425_108,230425,train,good,1,HPMEC,4+_days,test,d5557f37cce91fa0ec0c52f2148ac914b8c5f9341d80a315bb8325d73fe7c772
data/raw/ooc/OOC_image_dataset/test/good/cell_type_HPMEC/4+_days/230425_111.png,230425_111,230425,train,good,1,HPMEC,4+_days,test,ebcf0966b553247232143430ba379946aefc8f29c2421a0cc880ede508490b4e
data/raw/ooc/OOC_image_dataset/test/good/cell_type_HPMEC/4+_days/230425_122.png,230425_122,230425,train,good,1,HPMEC,4+_days,test,75fdcc05262229f606a8707a6ec7d6b47186c452f0c1cca54c81f85ea98cefa7
data/raw/ooc/OOC_image_dataset/test/good/cell_type_HPMEC/4+_days/230425_124.png,230425_124,230425,train,good,1,HPMEC,4+_days,test,0f288e8ff5e9fc0027db7c8ff419e4528ffd00ddc04601d58364177319ac3f5b
data/raw/ooc/OOC_image_dataset/test/good/cell_type_HPMEC/4+_days/230425_133.png,230425_133,230425,train,good,1,HPMEC,4+_days,test,0e98909f03b2146048ba2d23ea7ca51c1c7f6abf737c4169b3e4d4a56d40b41a
data/raw/ooc/OOC_image_dataset/test/good/cell_type_HPMEC/4+_days/230425_134.png,230425_134,230425,train,good,1,HPMEC,4+_days,test,c7b922ee9b74a496b54f1ddcb299d196731c1b086e1b038ff3203ffb32ba563c
data/raw/ooc/OOC_image_dataset/test/good/cell_type_HPMEC/4+_days/230425_136.png,230425_136,230425,train,good,1,HPMEC,4+_days,test,253fb5d1252fd046cb64228809b7df660b0da1b6760854580727305010abe371
data/raw/ooc/OOC_image_dataset/test/good/cell_type_HPMEC/4+_days/230425_137.png,230425_137,230425,train,good,1,HPMEC,4+_days,test,8a44d8db402f7fd5a932dfa94005d25b80f7b242f587b679bc1a4c6dda1a39be
data/raw/ooc/OOC_image_dataset/test/good/cell_type_HPMEC/4+_days/230425_21.png,230425_21,230425,train,good,1,HPMEC,4+_days,test,4c72ba9c1e599372516b7f4732fbf3eae2c0779586ea386d3535ba5805a492d8
data/raw/ooc/OOC_image_dataset/test/good/cell_type_HPMEC/4+_days/230425_30.png,230425_30,230425,train,good,1,HPMEC,4+_days,test,19f55c6702f78d064a94cf10892b04c9aaccbc3f357d2ebe9aa5c9ee6710eba8
data/raw/ooc/OOC_image_dataset/test/good/cell_type_HPMEC/4+_days/230425_32.png,230425_32,230425,train,good,1,HPMEC,4+_days,test,06e7dbcdc6665cdfbd8df42231626974236138143d7d4cd64a0374e52610223e
data/raw/ooc/OOC_image_dataset/test/good/cell_type_HPMEC/4+_days/230425_36.png,230425_36,230425,train,good,1,HPMEC,4+_days,test,823063ce00f47f7abf3fd22d98e93fc20850ab81f6c7f9bd7be520f3270a9a2a
data/raw/ooc/OOC_image_dataset/test/good/cell_type_HPMEC/4+_days/230425_39.png,230425_39,230425,train,good,1,HPMEC,4+_days,test,aceed487912e46825f3f22d41ee6341611c6463f6c0c5961f471ab6e545c0a4d
data/raw/ooc/OOC_image_dataset/test/good/cell_type_HPMEC/4+_days/230425_40.png,230425_40,230425,train,good,1,HPMEC,4+_days,test,2931ee630b60a548b988740347d3d8183447f6b40a7cfb4d523e44610763dde7
data/raw/ooc/OOC_image_dataset/test/good/cell_type_HPMEC/4+_days/230425_41.png,230425_41,230425,train,good,1,HPMEC,4+_days,test,a13c5c947533073b5504012f22af817da41ff5697f606b3dbb07aa7762e587d7
data/raw/ooc/OOC_image_dataset/test/good/cell_type_HPMEC/4+_days/230425_42.png,230425_42,230425,train,good,1,HPMEC,4+_days,test,28cc4a033b94c07e76d81f1428ebd83d23bd93d3835288b3bf5420f622c28b5e
data/raw/ooc/OOC_image_dataset/test/good/cell_type_HPMEC/4+_days/230517_11.png,230517_11,230517,test,good,1,HPMEC,4+_days,test,a30b97d4e1274664ee7c7cfbd49e028333792eb3cc879a6a43feea01a59009a5
data/raw/ooc/OOC_image_dataset/test/good/cell_type_HPMEC/4+_days/230517_17.png,230517_17,230517,test,good,1,HPMEC,4+_days,test,008bffd1cce60ccc9428b858827589520420c516f9165f094958396d55c63271
data/raw/ooc/OOC_image_dataset/test/good/cell_type_HPMEC/4+_days/230517_18.png,230517_18,230517,test,good,1,HPMEC,4+_days,test,f7514c8101d264299ad26b5a1c85c8334f2f267b82501ab2eec31732da49d85a
data/raw/ooc/OOC_image_dataset/test/good/cell_type_HPMEC/4+_days/230517_23.png,230517_23,230517,test,good,1,HPMEC,4+_days,test,9c0584c468c730f017f82191fdaa5a4ca458adbf7453ff057f88f994065466d0
data/raw/ooc/OOC_image_dataset/test/good/cell_type_HPMEC/4+_days/230517_3.png,230517_3,230517,test,good,1,HPMEC,4+_days,test,c87386c3c01144e96cf2486bd913d8a910d35784a7df459372c9e3dba0c8975c
data/raw/ooc/OOC_image_dataset/test/good/cell_type_HPMEC/4+_days/230529_2.png,230529_2,230529,train,good,1,HPMEC,4+_days,test,946864796d58d7e48929a3731c5c93a6727ee894d80d2e9397ab91ee532a45ad
data/raw/ooc/OOC_image_dataset/test/good/cell_type_HPMEC/4+_days/230529_5.png,230529_5,230529,train,good,1,HPMEC,4+_days,test,158b734ecc8c8fc17b21fed1fb959dbcd126c5dca8f4c6fee2222ab0f952021f
data/raw/ooc/OOC_image_dataset/test/good/cell_type_HPMEC/4+_days/230529_81.png,230529_81,230529,train,good,1,HPMEC,4+_days,test,4ce0613325376c5bf75f17b4dc49078ae5ba027252c01538ebf976d5aa8fd8c1
data/raw/ooc/OOC_image_dataset/test/good/cell_type_HPMEC/4_days/230317_11.png,230317_11,230317,train,good,1,HPMEC,4_days,test,2f8aa8917bd20fdbd990396ce4754f33872f80f24e32b58e6a9dbe21bf0575d5
data/raw/ooc/OOC_image_dataset/test/good/cell_type_HPMEC/4_days/230317_12.png,230317_12,230317,train,good,1,HPMEC,4_days,test,879cc207e7c46e0f899221ef6fef2a225f32cc545642f170be336227ffa90ee9
data/raw/ooc/OOC_image_dataset/test/good/cell_type_HPMEC/4_days/230317_14.png,230317_14,230317,train,good,1,HPMEC,4_days,test,6901c74c86800e70980c7e4b2a401ce0ef846a64c07087d78d9d677ff0b603d4
data/raw/ooc/OOC_image_dataset/test/good/cell_type_HPMEC/4_days/230317_16.png,230317_16,230317,train,good,1,HPMEC,4_days,test,e78e9b8eb242092fe63722806df623dd1de86e4201da2f2619e69865a37e864c
data/raw/ooc/OOC_image_dataset/test/good/cell_type_HPMEC/4_days/230317_26.png,230317_26,230317,train,good,1,HPMEC,4_days,test,0bd3f2ce906ebe439ea112a617ca604bfeadd7e13d96c359c337789712ec7b2a
data/raw/ooc/OOC_image_dataset/test/good/cell_type_HPMEC/4_days/230317_57.png,230317_57,230317,train,good,1,HPMEC,4_days,test,28b054155d5fd55cd8d8f32a1400afb3b12a248bfd125aea2904d744b7402b28
data/raw/ooc/OOC_image_dataset/test/good/cell_type_HPMEC/4_days/230317_65.png,230317_65,230317,train,good,1,HPMEC,4_days,test,aa61b03b4b9cbecaa3dd70affea6afb9931fbbccb6b28496c962ad99dfd6e3a0
data/raw/ooc/OOC_image_dataset/test/good/cell_type_HPMEC/4_days/230512_14.png,230512_14,230512,test,good,1,HPMEC,4_days,test,aff380648e0c16a2bb38bc1b09df31ef9aa54978141767e20bf0ef6e212c1dd5
data/raw/ooc/OOC_image_dataset/test/good/cell_type_HPMEC/4_days/230512_18.png,230512_18,230512,test,good,1,HPMEC,4_days,test,a936b9d8f2f9ead551dd17c7e593de51fc1cdd3331c05dfbb5460c06f3b55673
data/raw/ooc/OOC_image_dataset/test/good/cell_type_HPMEC/4_days/230512_21.png,230512_21,230512,test,good,1,HPMEC,4_days,test,291fa83636ed927107bca592cba730ac2e0d3e1f431e16a5c14ecb588cfc6d0d
data/raw/ooc/OOC_image_dataset/test/good/cell_type_HPMEC/4_days/230512_24.png,230512_24,230512,test,good,1,HPMEC,4_days,test,16c64f2e7b6e47aa613b5b457bd3c0717f225b57c725b00baa1cbdf5ab3567e3
data/raw/ooc/OOC_image_dataset/test/good/cell_type_HPMEC/4_days/230512_6.png,230512_6,230512,test,good,1,HPMEC,4_days,test,a2072f571b938161438916acfa8de5d667af0ffcd11823d48d5cb789d2c2e282
data/raw/ooc/OOC_image_dataset/test/good/cell_type_HPMEC/4_days/230512_8.png,230512_8,230512,test,good,1,HPMEC,4_days,test,c37dd2f437718b0d2896e13e99497badc1dc8836ae8ad00ed44e204c6587312f
data/raw/ooc/OOC_image_dataset/test/good/cell_type_HSAEC/0-1_days/220429_21.png,220429_21,220429,train,good,1,HSAEC,0-1_days,test,108445918b8c1a8dbf210050b2105fe3c5de825fac9760d47c4e27de533b24e3
data/raw/ooc/OOC_image_dataset/test/good/cell_type_HSAEC/0-1_days/220429_32.png,220429_32,220429,train,good,1,HSAEC,0-1_days,test,9de75f77e97bc48a170a3c62e4eeb455880a57b8ad15b6cbe73239c885fe3e6e
data/raw/ooc/OOC_image_dataset/test/good/cell_type_HSAEC/0-1_days/220626_10.png,220626_10,220626,train,good,1,HSAEC,0-1_days,test,dc8abfabbd3ec5f9161caf28713dd42f2907bce340b80bab757a39ca6a6e54e9
data/raw/ooc/OOC_image_dataset/test/good/cell_type_HSAEC/0-1_days/220626_14.png,220626_14,220626,train,good,1,HSAEC,0-1_days,test,62b08f4084b530860cb48de7977d2dfd3cb2976cb312d4aa997fbf356f262302
data/raw/ooc/OOC_image_dataset/test/good/cell_type_HSAEC/0-1_days/220708_8.png,220708_8,220708,train,good,1,HSAEC,0-1_days,test,394be14001e8431327ff9894879d12a31c765632425a6b60301b98c91a492eab
data/raw/ooc/OOC_image_dataset/test/good/cell_type_HSAEC/0-1_days/221010_20.png,221010_20,221010,test,good,1,HSAEC,0-1_days,test,74b1d9e080f6e647245004fea70f680f7f27eab69bf3980f3248617b7a88d071
data/raw/ooc/OOC_image_dataset/test/good/cell_type_HSAEC/0-1_days/221010_23.png,221010_23,221010,test,good,1,HSAEC,0-1_days,test,5901300ac3113a958404f6a4c36e0df5011b774079069c9529d0da9a71648914
data/raw/ooc/OOC_image_dataset/test/good/cell_type_HSAEC/0-1_days/221010_27.png,221010_27,221010,test,good,1,HSAEC,0-1_days,test,d7f4bcb415625a9f1cc35fbe62f6f5226302cc363f96a8d8424055faa85cc71e
data/raw/ooc/OOC_image_dataset/test/good/cell_type_HSAEC/0-1_days/221010_47.png,221010_47,221010,test,good,1,HSAEC,0-1_days,test,8a46d86484b9e16a6b60c8cd8707b08a81a6f9e423038b583d7019a728065dd2
data/raw/ooc/OOC_image_dataset/test/good/cell_type_HSAEC/0-1_days/221010_49.png,221010_49,221010,test,good,1,HSAEC,0-1_days,test,cf9ed69f3a53a268453c6c99558f6bec73cef52150eba2f30c6e11b4bc72975b
data/raw/ooc/OOC_image_dataset/test/good/cell_type_HSAEC/0-1_days/230119_44.png,230119_44,230119,train,good,1,HSAEC,0-1_days,test,673a2519ed9f66013b5b146401d3bfd23792b626a59139051d865a3dadf8ddb1
data/raw/ooc/OOC_image_dataset/test/good/cell_type_HSAEC/0-1_days/230119_46.png,230119_46,230119,train,good,1,HSAEC,0-1_days,test,f313ad7b9aa076a6cdf0ed071758fe3fe5fbd9a1f685b1ec2f444528166bd6f7
data/raw/ooc/OOC_image_dataset/test/good/cell_type_HSAEC/0-1_days/230119_52.png,230119_52,230119,train,good,1,HSAEC,0-1_days,test,f97afedb866cb68dc7443dba397bc785c8b8fa8f59cecc14f3fa5aae5ec12a11
data/raw/ooc/OOC_image_dataset/test/good/cell_type_HSAEC/0-1_days/230119_56.png,230119_56,230119,train,good,1,HSAEC,0-1_days,test,2e7f5af923d80f39d8cd904ff3f8a655d435f68e435ad44f5a0a52b7a69cb125
data/raw/ooc/OOC_image_dataset/test/good/cell_type_HSAEC/0-1_days/230119_60.png,230119_60,230119,train,good,1,HSAEC,0-1_days,test,ef6f496ca887e005be225891089dbf3328536fbd603e6093a4a80275af0ae412
data/raw/ooc/OOC_image_dataset/test/good/cell_type_HSAEC/0-1_days/230119_61.png,230119_61,230119,train,good,1,HSAEC,0-1_days,test,a5c578cc6857cdc51123f48ce15bf8a0225629312b0d955b65301b01eea45aa3
data/raw/ooc/OOC_image_dataset/test/good/cell_type_HSAEC/0-1_days/230119_62.png,230119_62,230119,train,good,1,HSAEC,0-1_days,test,0bfccab4217a9aec99148a2f3eba939f57905728535f7d5c07075aff62ce8116
data/raw/ooc/OOC_image_dataset/test/good/cell_type_HSAEC/2-3_days/220506_6.png,220506_6,220506,train,good,1,HSAEC,2-3_days,test,2e29b6a2b60fce40bd5a306e8214f62dffb721e20603902ed256d3a87eeb7dfe
data/raw/ooc/OOC_image_dataset/test/good/cell_type_HSAEC/2-3_days/220716_8.png,220716_8,220716,train,good,1,HSAEC,2-3_days,test,f5aa4003261c9c8c91c079d2515b53fb3f85fe988f646c96d1a0f04098a27710
data/raw/ooc/OOC_image_dataset/test/good/cell_type_HSAEC/2-3_days/220716_9.png,220716_9,220716,train,good,1,HSAEC,2-3_days,test,17a94638e91707c6e092689f9c304046a853f9e35bcf1a78e656ffb6c23b1540
data/raw/ooc/OOC_image_dataset/test/good/cell_type_HSAEC/2-3_days/221012_11.png,221012_11,221012,train,good,1,HSAEC,2-3_days,test,576eb1a780929d32db74292383415c8e851ae4aafaf6e6555b6118770e5cbde9
data/raw/ooc/OOC_image_dataset/test/good/cell_type_HSAEC/2-3_days/221012_18.png,221012_18,221012,train,good,1,HSAEC,2-3_days,test,fff5568f439e6196471df6cc143b2f5ec01a6906d4d9a8c25ce0c97b759f3663
data/raw/ooc/OOC_image_dataset/test/good/cell_type_HSAEC/2-3_days/221012_2.png,221012_2,221012,train,good,1,HSAEC,2-3_days,test,af925d4ce81b3f8a8cd84049a6f3cb8a8204226df3d7b68deab9c5b6926ea7c0
data/raw/ooc/OOC_image_dataset/test/good/cell_type_HSAEC/2-3_days/221012_3.png,221012_3,221012,train,good,1,HSAEC,2-3_days,test,c17d00a00202137a4883151f4087ceeb49431c23df103d79749e408841f1be81
data/raw/ooc/OOC_image_dataset/test/good/cell_type_HSAEC/2-3_days/221012_5.png,221012_5,221012,train,good,1,HSAEC,2-3_days,test,95ec1d098fbbc5ce95ac167cf1847340b1a097f872c79f14e1dc69d6b60690d0
data/raw/ooc/OOC_image_dataset/test/good/cell_type_HSAEC/4+_days/220503_1.png,220503_1,220503,validation,good,1,HSAEC,4+_days,test,4bb186442c95fd1a1ac12d97dfa65ca0ed8dbeb07ebfcb46ab9562ee1e745e95
data/raw/ooc/OOC_image_dataset/test/good/cell_type_HSAEC/4+_days/220503_2.png,220503_2,220503,validation,good,1,HSAEC,4+_days,test,1166c496f95c9b8505817d8780ed056bd29536624f9cc4cdb249815e26a73cf4
data/raw/ooc/OOC_image_dataset/test/good/cell_type_HSAEC/4+_days/220512_2.png,220512_2,220512,validation,good,1,HSAEC,4+_days,test,aa8797370cb9778e4ccc0d1fe2b588fba28d3f66609b6b4308626b31bc59526d
data/raw/ooc/OOC_image_dataset/test/good/cell_type_HSAEC/4+_days/220515_11.png,220515_11,220515,train,good,1,HSAEC,4+_days,test,2da7b7c2c34f40c322c534098852d6f0c9a871f7b9e317688b520b5cd56ba3ca
data/raw/ooc/OOC_image_dataset/test/good/cell_type_HSAEC/4+_days/220706_9.png,220706_9,220706,train,good,1,HSAEC,4+_days,test,f21462f700a9b89d4b08478ded7b38a23b4368914ee6ac0f6738162baa9f04df
data/raw/ooc/OOC_image_dataset/test/good/cell_type_HSAEC/4+_days/220722_7.png,220722_7,220722,train,good,1,HSAEC,4+_days,test,abc4d124a46be548b4b51f211733f290cca3244248df5245ac7da1c84d6af28a
data/raw/ooc/OOC_image_dataset/test/good/cell_type_HSAEC/4+_days/230123_20.png,230123_20,230123,test,good,1,HSAEC,4+_days,test,942a89d2daa34c78713471fa9eecddca33b10201370e0cc45831468ee1605401
data/raw/ooc/OOC_image_dataset/test/good/cell_type_HSAEC/4+_days/230123_21.png,230123_21,230123,test,good,1,HSAEC,4+_days,test,1673785f6804c202e785b0011aeb768e98782745c3c897c6edeb490c63b40c10
data/raw/ooc/OOC_image_dataset/test/good/cell_type_HSAEC/4+_days/230123_26.png,230123_26,230123,test,good,1,HSAEC,4+_days,test,085d6fc1eb4345c87700ab1589eae814dce1105101c04401cc17139ee357947a
data/raw/ooc/OOC_image_dataset/test/good/cell_type_HSAEC/4_days/220502_2.png,220502_2,220502,train,good,1,HSAEC,4_days,test,34259dbbeb556a07178782ebe8dc424e32d204a3759bcc82a0df0275400ad9e4
data/raw/ooc/OOC_image_dataset/test/good/cell_type_HSAEC/4_days/220502_6.png,220502_6,220502,train,good,1,HSAEC,4_days,test,8c1f05a0163e52509a149eee803884a93267717a060c146cf13042b7d09de4e7
data/raw/ooc/OOC_image_dataset/test/good/cell_type_HSAEC/4_days/220630_10.png,220630_10,220630,train,good,1,HSAEC,4_days,test,be1c06804f97eedd0fbfef211083ef9248190f5db3bd5e5464b62ea064a0587a
data/raw/ooc/OOC_image_dataset/test/good/cell_type_HUVEC/0-1_days/221010_68.png,221010_68,221010,test,good,1,HUVEC,0-1_days,test,2d8f06ce9d10e0f403bb28d603c61215b3fe9ae954322d95d1096de268758fc5
data/raw/ooc/OOC_image_dataset/test/good/cell_type_HUVEC/0-1_days/221010_71.png,221010_71,221010,test,good,1,HUVEC,0-1_days,test,43b23bfd56fc25cf80bd53f9b93ed76874a87977aa4457f476481972614db8ec
data/raw/ooc/OOC_image_dataset/test/good/cell_type_HUVEC/0-1_days/221010_75.png,221010_75,221010,test,good,1,HUVEC,0-1_days,test,237b504156c42d5b2594dff8ae7cdec6fbccbce27d28c75fa7ac15fdf780b1ef
data/raw/ooc/OOC_image_dataset/test/good/cell_type_HUVEC/0-1_days/221215_9.png,221215_9,221215,train,good,1,HUVEC,0-1_days,test,335230a0b5e2044ed3a670bfb740264065e02c4c8bb1288e047d3c94650af880
data/raw/ooc/OOC_image_dataset/test/good/cell_type_NHBE/0-1_days/230316_17.png,230316_17,230316,validation,good,1,NHBE,0-1_days,test,bf3e28aeaeb0b0d471a44341f0f2b57b5a8c22eca7d5fd83cc50de50f70c109a
data/raw/ooc/OOC_image_dataset/test/good/cell_type_NHBE/0-1_days/230316_28.png,230316_28,230316,validation,good,1,NHBE,0-1_days,test,a2ebb81d7eb0eb7904dfea0f332d915962ade6ea943d72ad25dfe67dc2801014
data/raw/ooc/OOC_image_dataset/test/good/cell_type_NHBE/0-1_days/230316_29.png,230316_29,230316,validation,good,1,NHBE,0-1_days,test,7f0fe0f4879387fbfc8bb9a0c155693aa961eb954ddde6495b96237ab1bd78e8
data/raw/ooc/OOC_image_dataset/test/good/cell_type_NHBE/0-1_days/230316_31.png,230316_31,230316,validation,good,1,NHBE,0-1_days,test,0e9ca3063dcc4839b4c5c8661f147ff17b8fd227895d617fcee246023044b0e1
data/raw/ooc/OOC_image_dataset/test/good/cell_type_NHBE/2-3_days/230317_72.png,230317_72,230317,train,good,1,NHBE,2-3_days,test,0fc0e244336aefb3b68de7c948d31308b5f29d5e6c91526f09d5e51a7972b65b
data/raw/ooc/OOC_image_dataset/test/good/cell_type_NHBE/2-3_days/230317_74.png,230317_74,230317,train,good,1,NHBE,2-3_days,test,b134810cab2a55f1292938e8bfbacf9d91804af89138bc39e12afa7c9f413779
data/raw/ooc/OOC_image_dataset/test/good/cell_type_NHBE/2-3_days/230317_75.png,230317_75,230317,train,good,1,NHBE,2-3_days,test,891367940ebb4b1a2015a0981a1751e35db68804bd1f45548ec1ba0976142082
data/raw/ooc/OOC_image_dataset/test/good/cell_type_NHBE/2-3_days/230317_78.png,230317_78,230317,train,good,1,NHBE,2-3_days,test,81461755df8dc814e137034c013c64b5bbc9dfc8714ca654173a1e048eb32694
data/raw/ooc/OOC_image_dataset/test/good/cell_type_NHBE/2-3_days/230317_80.png,230317_80,230317,train,good,1,NHBE,2-3_days,test,089c5155565f5d0822d2ffc2b3561e83d17478a3dd2a524bdcc5efbf4d20e14b
data/raw/ooc/OOC_image_dataset/test/good/cell_type_NHBE/2-3_days/230317_84.png,230317_84,230317,train,good,1,NHBE,2-3_days,test,fbee85063c1bcd8f5e49809c4a1f4d97a9e6b23769313397f5c9556cae68634b
data/raw/ooc/OOC_image_dataset/test/good/cell_type_NHBE/2-3_days/230317_88.png,230317_88,230317,train,good,1,NHBE,2-3_days,test,adf6e9b9563f32bc5b992f00eb8baa5e59617cd7d6f2b12c2053d5ec5611d36b
data/raw/ooc/OOC_image_dataset/test/good/cell_type_NHBE/2-3_days/230317_97.png,230317_97,230317,train,good,1,NHBE,2-3_days,test,a06c1db407050966843be6eff10c1b2aee875f23c22961268afd6bce2e6ae89b
data/raw/ooc/OOC_image_dataset/test/good/cell_type_NHBE/4+_days/230320_137.png,230320_137,230320,train,good,1,NHBE,4+_days,test,3e5e73f083b5b400eb369eea4678e090418f4ea1858d05246627d606afc05d1d
data/raw/ooc/OOC_image_dataset/test/good/cell_type_NHBE/4+_days/230320_138.png,230320_138,230320,train,good,1,NHBE,4+_days,test,edd20ac0fdaf22972fb3ca1d6cd8692c77c8636ea1f0f57dbb2ca71459817969
data/raw/ooc/OOC_image_dataset/test/good/cell_type_NHBE/4+_days/230320_146.png,230320_146,230320,train,good,1,NHBE,4+_days,test,28290d720526cbfe448d3b2e6ab997b119d430314cab45aba1def8dc4bf43e82
data/raw/ooc/OOC_image_dataset/test/good/cell_type_NHBE/4+_days/230320_147.png,230320_147,230320,train,good,1,NHBE,4+_days,test,ca45b2e992f7d0d98a72de7b0b878d208dafbbded5fd28c516b3ce9b12982815
data/raw/ooc/OOC_image_dataset/test/good/cell_type_NHBE/4+_days/230320_156.png,230320_156,230320,train,good,1,NHBE,4+_days,test,8ac64024da82a0edb26aeb5b977204af2310d357214c5e854ce62f234a05dfab
data/raw/ooc/OOC_image_dataset/test/good/cell_type_NHBE/4+_days/230320_162.png,230320_162,230320,train,good,1,NHBE,4+_days,test,0c33213ae741d20f14b2012c555f5a17d0312de3a3b7ae3e496d8a0e95934dd4
data/raw/ooc/OOC_image_dataset/test/good/cell_type_NHBE/4+_days/230320_207.png,230320_207,230320,train,good,1,NHBE,4+_days,test,cb9f495bb50f33fd47827cf8af3c7f33543ae9374fa4ed59836cc83b4dc0e62a
data/raw/ooc/OOC_image_dataset/test/good/cell_type_NHBE/4+_days/230320_217.png,230320_217,230320,train,good,1,NHBE,4+_days,test,2df58aed05f67566ef5e8e08f90da8f18c62eb50f4bf662bd79d96b0304afff1
data/raw/ooc/OOC_image_dataset/test/good/cell_type_NHBE/4+_days/230320_219.png,230320_219,230320,train,good,1,NHBE,4+_days,test,9c75d757ef45259123d892f1a6fbebfdbb5d9c86e90f3e3d6dbff570f29dc5d4
data/raw/ooc/OOC_image_dataset/test/good/cell_type_NHBE/4+_days/230320_220.png,230320_220,230320,train,good,1,NHBE,4+_days,test,51ebaa5de82eae4ac3c89fe60bc4c5ff9906aeb1b2a3f8f12980ea81fcb19617
data/raw/ooc/OOC_image_dataset/test/good/cell_type_NHBE/4+_days/230320_226.png,230320_226,230320,train,good,1,NHBE,4+_days,test,6150e595c1f0657e8f4e3abdbbdb5f3d789aefa46b60108f0f598d4d5d384bf8
data/raw/ooc/OOC_image_dataset/test/good/cell_type_NHBE/4+_days/230320_229.png,230320_229,230320,train,good,1,NHBE,4+_days,test,e52739e444a7102f4d73c430de009a3cba39e8613f6cd5ff0157a668f5632963
data/raw/ooc/OOC_image_dataset/train/bad/cell_type_A549/0-1_days/221123_10.png,221123_10,221123,train,bad,0,A549,0-1_days,train,e5f9036d9c2855b477633c15c8d18cbfb2bc75c3da32a99bfcea5f64cc7f1571
data/raw/ooc/OOC_image_dataset/train/bad/cell_type_A549/0-1_days/221123_11.png,221123_11,221123,train,bad,0,A549,0-1_days,train,a243a206878edef59e5fad6e1d4d5bb788c52560d06f60ad3fc0fbc2fe6d0d4a
data/raw/ooc/OOC_image_dataset/train/bad/cell_type_A549/0-1_days/221123_12.png,221123_12,221123,train,bad,0,A549,0-1_days,train,741b6399fe3b63ae118d20ebd37dee85a821ede9ab5a2588598b80ce9f9bcc85
data/raw/ooc/OOC_image_dataset/train/bad/cell_type_A549/0-1_days/221123_5.png,221123_5,221123,train,bad,0,A549,0-1_days,train,a128c5fb46263a458ce48288b15de49a7d86e2ec1674c011267c69062b0776e8
data/raw/ooc/OOC_image_dataset/train/bad/cell_type_A549/0-1_days/221123_6.png,221123_6,221123,train,bad,0,A549,0-1_days,train,a09b10833fa60b4ab3712ab3174fef0ea56ad26931f65d2bb9f0100c36a727e8
data/raw/ooc/OOC_image_dataset/train/bad/cell_type_A549/0-1_days/221123_8.png,221123_8,221123,train,bad,0,A549,0-1_days,train,c4529aa40729889cf8c132fa46bf5f0f6f227cd6629e5bb3a922e566ae8884b5
data/raw/ooc/OOC_image_dataset/train/bad/cell_type_A549/0-1_days/230109_102.png,230109_102,230109,train,bad,0,A549,0-1_days,train,785a2d1f26f98025c56cdd4541cd90942552036dfe4f28305d810e6405247567
data/raw/ooc/OOC_image_dataset/train/bad/cell_type_A549/0-1_days/230109_103.png,230109_103,230109,train,bad,0,A549,0-1_days,train,ed84c943e925897467591ab7cff655ae927dc804fb8ee5711d70503d1498e741
data/raw/ooc/OOC_image_dataset/train/bad/cell_type_A549/0-1_days/230109_104.png,230109_104,230109,train,bad,0,A549,0-1_days,train,5e8089770bff2184f031ba1a44e25e85bc19e470412727cca48dda1f3f1ed68c
data/raw/ooc/OOC_image_dataset/train/bad/cell_type_A549/0-1_days/230109_105.png,230109_105,230109,train,bad,0,A549,0-1_days,train,2a0e46b3eebe3f73681af3359d7b145ca804b045bc5e7d43a4252987f7961549
data/raw/ooc/OOC_image_dataset/train/bad/cell_type_A549/0-1_days/230109_106.png,230109_106,230109,train,bad,0,A549,0-1_days,train,a3383143e0e7945a903d3a734e178dd57f98376448e86ea78db823c9f12c0d3d
data/raw/ooc/OOC_image_dataset/train/bad/cell_type_A549/0-1_days/230109_112.png,230109_112,230109,train,bad,0,A549,0-1_days,train,a952b337c2fd14d30d4a1b7b1c0f3b49d1d2cbd00a0f268f2a32c2c4b80b907f
data/raw/ooc/OOC_image_dataset/train/bad/cell_type_A549/0-1_days/230109_115.png,230109_115,230109,train,bad,0,A549,0-1_days,train,9f55fb78918316067a3adae82955836359cf75e73d4ef553d63e0770a7140acb
data/raw/ooc/OOC_image_dataset/train/bad/cell_type_A549/0-1_days/230109_119.png,230109_119,230109,train,bad,0,A549,0-1_days,train,640c661a419613dd1d61f8dccc21d14056753ee4a5d48f49a127e6248ef867b5
data/raw/ooc/OOC_image_dataset/train/bad/cell_type_A549/0-1_days/230109_120.png,230109_120,230109,train,bad,0,A549,0-1_days,train,144da4c1a8107f646a640c81e60ba095b7e38444b9f6c7e11fc67928d0a7e491
data/raw/ooc/OOC_image_dataset/train/bad/cell_type_A549/0-1_days/230109_122.png,230109_122,230109,train,bad,0,A549,0-1_days,train,07ea2a8c0ffa04525651271e2ddd68ea8e8fd2fad8caede8c4fb70b161197be0
data/raw/ooc/OOC_image_dataset/train/bad/cell_type_A549/0-1_days/230109_123.png,230109_123,230109,train,bad,0,A549,0-1_days,train,9ca32b344619515dc4164e5bbfd6bf1f9cef081a6aaa09db581e0ebf0606c64b
data/raw/ooc/OOC_image_dataset/train/bad/cell_type_A549/0-1_days/230109_124.png,230109_124,230109,train,bad,0,A549,0-1_days,train,c7f4bfd9a87bcf462e0a9d32cbfeff2d69f985d718f95cbc4ef6c10caf793da7
data/raw/ooc/OOC_image_dataset/train/bad/cell_type_A549/0-1_days/230109_126.png,230109_126,230109,train,bad,0,A549,0-1_days,train,10d193f2927c36c4ae4280676991e287e55c1e0ef23e3830bf4730683b655911
data/raw/ooc/OOC_image_dataset/train/bad/cell_type_A549/0-1_days/230109_127.png,230109_127,230109,train,bad,0,A549,0-1_days,train,5f2f7bd3b3da95555a5284741d8835c72a5ff0a7f205097b921e45f966860af6
data/raw/ooc/OOC_image_dataset/train/bad/cell_type_A549/0-1_days/230109_130.png,230109_130,230109,train,bad,0,A549,0-1_days,train,a85f436a81aa08cb0dfc6efcd596204afd567278ca841310f185b2b0984ad6b9
data/raw/ooc/OOC_image_dataset/train/bad/cell_type_A549/0-1_days/230525_111.png,230525_111,230525,train,bad,0,A549,0-1_days,train,899f5602f9e93076a06074f7ce80e3507873d637fa38eba72387327029b6514b
data/raw/ooc/OOC_image_dataset/train/bad/cell_type_A549/0-1_days/230525_126.png,230525_126,230525,train,bad,0,A549,0-1_days,train,2c821aedc89d24be4d99cf891160554fbea5f5b5f6a4f56cf75b02e33037ccee
data/raw/ooc/OOC_image_dataset/train/bad/cell_type_A549/0-1_days/230525_127.png,230525_127,230525,train,bad,0,A549,0-1_days,train,5fa493b88618a60e2c60b16510d8e3f0964278e3c588a738c47b37cfaee1399c
data/raw/ooc/OOC_image_dataset/train/bad/cell_type_A549/0-1_days/230525_128.png,230525_128,230525,train,bad,0,A549,0-1_days,train,bd16c0f65b912f272b4300dfddba5b23f64241257b3fdcae405d029553778b74
data/raw/ooc/OOC_image_dataset/train/bad/cell_type_A549/0-1_days/230525_183.png,230525_183,230525,train,bad,0,A549,0-1_days,train,d392eb3bbbf86a17ce6e3a28afb8f40c1b740acb50b7fb6bf52a542e77982ddf
data/raw/ooc/OOC_image_dataset/train/bad/cell_type_A549/0-1_days/230525_186.png,230525_186,230525,train,bad,0,A549,0-1_days,train,141b7bbf977857d4f0ceab318331fb5299fc00bfcf904cfb5e62246ce9cd4e03
data/raw/ooc/OOC_image_dataset/train/bad/cell_type_A549/0-1_days/230525_208.png,230525_208,230525,train,bad,0,A549,0-1_days,train,ce816f3c3eff7e3706ab2a277a1b4d6144b74fc5cb3339a10d9faed9aca052e4
data/raw/ooc/OOC_image_dataset/train/bad/cell_type_A549/0-1_days/230525_210.png,230525_210,230525,train,bad,0,A549,0-1_days,train,23acb3b3ea026b47e9c3036291bfe253fc5ffcbc7f4803afdce126727490ce28
data/raw/ooc/OOC_image_dataset/train/bad/cell_type_A549/0-1_days/230525_213.png,230525_213,230525,train,bad,0,A549,0-1_days,train,2c3ddcb34259c7845714cae8a6eac5c7e746909529c3202d76874965ea32f52e
data/raw/ooc/OOC_image_dataset/train/bad/cell_type_A549/0-1_days/230525_214.png,230525_214,230525,train,bad,0,A549,0-1_days,train,9672b54ae2ab754b3f937f083fae05c5ca7ddc27681fc0f480424acaf5124c4b
data/raw/ooc/OOC_image_dataset/train/bad/cell_type_A549/0-1_days/230525_215.png,230525_215,230525,train,bad,0,A549,0-1_days,train,7c960b505bb428f3a053dbe749f5388c6305bb5cbd0a16926084507b9f9c8dff
data/raw/ooc/OOC_image_dataset/train/bad/cell_type_A549/0-1_days/230525_216.png,230525_216,230525,train,bad,0,A549,0-1_days,train,600e4db3af8a093a3a9ddb30b4be6bf37b16239b8df018d11427acfd3c081217
data/raw/ooc/OOC_image_dataset/train/bad/cell_type_A549/0-1_days/230525_218.png,230525_218,230525,train,bad,0,A549,0-1_days,train,5cc87eedf202c489ba1e9e3ead764fa0245a62a649b145b2103ab5ecd33260be
data/raw/ooc/OOC_image_dataset/train/bad/cell_type_A549/0-1_days/230525_48.png,230525_48,230525,train,bad,0,A549,0-1_days,train,f241c79bde31ebf1ed404e2085eda29ff0b6d8445986ecc9d18b8170536c7335
data/raw/ooc/OOC_image_dataset/train/bad/cell_type_A549/0-1_days/230525_55.png,230525_55,230525,train,bad,0,A549,0-1_days,train,eb6e3634e040564db78d0fb0fe5eef8e827c15e5b0cf2603d8af66d36370b817
data/raw/ooc/OOC_image_dataset/train/bad/cell_type_A549/0-1_days/230525_58.png,230525_58,230525,train,bad,0,A549,0-1_days,train,da73480f0b210e84237ed925520176ada8fb139d4a9ba1b22129ec24a81e3170
data/raw/ooc/OOC_image_dataset/train/bad/cell_type_A549/0-1_days/230525_63.png,230525_63,230525,train,bad,0,A549,0-1_days,train,b3611f8c91cddaaa5b9dbd52df4cf92231c4bc52a4136559615b12dd76a0a5cb
data/raw/ooc/OOC_image_dataset/train/bad/cell_type_A549/0-1_days/230525_64.png,230525_64,230525,train,bad,0,A549,0-1_days,train,b38b3786197467fa9bd8c9bcbf82da78e67999fd050069e510793abd5b91c723
data/raw/ooc/OOC_image_dataset/train/bad/cell_type_A549/0-1_days/230525_67.png,230525_67,230525,train,bad,0,A549,0-1_days,train,32453f55912e4b59b443689c9db1e2d99654c7367badb2e57406b913085b121a
data/raw/ooc/OOC_image_dataset/train/bad/cell_type_A549/2-3_days/220606_11.png,220606_11,220606,train,bad,0,A549,2-3_days,train,d3e7b1ed6065956048267cbb137ac40702971dadcd96e24538c6b934fbacefa8
data/raw/ooc/OOC_image_dataset/train/bad/cell_type_A549/2-3_days/220606_8.png,220606_8,220606,train,bad,0,A549,2-3_days,train,17bf6a723bdebefb4f793ea77e9e7f82aa5131d86b1df63a28e0119182fb0f68
data/raw/ooc/OOC_image_dataset/train/bad/cell_type_A549/2-3_days/221215_2.png,221215_2,221215,train,bad,0,A549,2-3_days,train,4b76641b23777239d92f4734018bf774709364e486f46adc2833035253b3b123
data/raw/ooc/OOC_image_dataset/train/bad/cell_type_A549/2-3_days/230110_132.png,230110_132,230110,train,bad,0,A549,2-3_days,train,ae85e1708940e91810daf00722848db432a3be16652083e0617cfbb490b4cdd5
data/raw/ooc/OOC_image_dataset/train/bad/cell_type_A549/2-3_days/230110_140.png,230110_140,230110,train,bad,0,A549,2-3_days,train,6b17a61b5040aa35f52f8514e25ed287a30f714f43376311f10d120c0770ccce
data/raw/ooc/OOC_image_dataset/train/bad/cell_type_A549/2-3_days/230110_141.png,230110_141,230110,train,bad,0,A549,2-3_days,train,28f3619cbfdc67ca700c1e6bbcf8d5039dccae85f477a51ca3df91e28c4dd89d
data/raw/ooc/OOC_image_dataset/train/bad/cell_type_A549/2-3_days/230510_44.png,230510_44,230510,validation,bad,0,A549,2-3_days,train,87a2f9eb231b2c38c81d239d1a403a36804fb8cf2f62b13ba4f17f0e0283c82e
data/raw/ooc/OOC_image_dataset/train/bad/cell_type_A549/2-3_days/230510_68.png,230510_68,230510,validation,bad,0,A549,2-3_days,train,2167e877e9316787c208728e1847d5d674459c98bdb9931bf59b94f5237bffea
data/raw/ooc/OOC_image_dataset/train/bad/cell_type_A549/4+_days/220609_16.png,220609_16,220609,train,bad,0,A549,4+_days,train,4c00757614db6f3eb752d4d53c6e05b9920e83262a3e6ea78942f51da383314b
data/raw/ooc/OOC_image_dataset/train/bad/cell_type_A549/4+_days/220610_22.png,220610_22,220610,validation,bad,0,A549,4+_days,train,fca5c160f6d253a26de67b6e9d6db213c6c693b6e697a460def3543f89bb7bf2
data/raw/ooc/OOC_image_dataset/train/bad/cell_type_A549/4+_days/220610_23.png,220610_23,220610,validation,bad,0,A549,4+_days,train,d3fe782c568e3cf623506cab3776d0134cedecb332af6d159ac6627df1d0022f
data/raw/ooc/OOC_image_dataset/train/bad/cell_type_A549/4+_days/220611_17.png,220611_17,220611,train,bad,0,A549,4+_days,train,73870ad10d213a2f3ca3ba04ff4e32b9cbf23707cf6dd19c94071e0c00e7f12a
data/raw/ooc/OOC_image_dataset/train/bad/cell_type_A549/4+_days/220611_24.png,220611_24,220611,train,bad,0,A549,4+_days,train,adf0bb4125bb1a8ccdc531b68afe74e3dd3dd93065b6faf622c12e254c676a2c
data/raw/ooc/OOC_image_dataset/train/bad/cell_type_A549/4+_days/220612_17.png,220612_17,220612,train,bad,0,A549,4+_days,train,b22cc5727bea19f2cae83049617638c2df024370966cf254171bbc24ffb149c2
data/raw/ooc/OOC_image_dataset/train/bad/cell_type_A549/4+_days/220612_24.png,220612_24,220612,train,bad,0,A549,4+_days,train,403923826dc9b6a1b4c6cbd57d2d76a4ea25932937380012c45c91213afd78bc
data/raw/ooc/OOC_image_dataset/train/bad/cell_type_A549/4+_days/220620_11.png,220620_11,220620,test,bad,0,A549,4+_days,train,1313d30448c7c63ff3c6ba582db2eee336a5b27557f9abd89d30e5871431b503
data/raw/ooc/OOC_image_dataset/train/bad/cell_type_A549/4+_days/221219_10.png,221219_10,221219,train,bad,0,A549,4+_days,train,478ee1f87c3fc66b3137684336aec2df0e14718d68f05e7953ff04868cfb5b96
data/raw/ooc/OOC_image_dataset/train/bad/cell_type_A549/4+_days/221219_12.png,221219_12,221219,train,bad,0,A549,4+_days,train,a960b46bf6c10dce0135172bb0f865fb17efc064800145e7961b9131d3d8576f
data/raw/ooc/OOC_image_dataset/train/bad/cell_type_A549/4+_days/221219_13.png,221219_13,221219,train,bad,0,A549,4+_days,train,dfe9dd07a06259df995e194d93fe3b0232e19ca2800607ff1ed2a7bd0112d6fe
data/raw/ooc/OOC_image_dataset/train/bad/cell_type_A549/4+_days/221219_14.png,221219_14,221219,train,bad,0,A549,4+_days,train,6a0ffb2b5de8d789f845196b33022d6f352f74313722031273e7072d07d09767
data/raw/ooc/OOC_image_dataset/train/bad/cell_type_A549/4+_days/221219_15.png,221219_15,221219,train,bad,0,A549,4+_days,train,2df835327696bd3fe84c3f32ff66e4374bc3b5f94e2468db5dda823b7aadb86d
data/raw/ooc/OOC_image_dataset/train/bad/cell_type_A549/4+_days/221219_3.png,221219_3,221219,train,bad,0,A549,4+_days,train,3aca468d69234ef4772f4a210ba26c8882e7655333f6a9f99bf3c069ea47d201
data/raw/ooc/OOC_image_dataset/train/bad/cell_type_A549/4+_days/221219_5.png,221219_5,221219,train,bad,0,A549,4+_days,train,ce6d4557dda57bc4c76004afd6a6e21e38af66903a24e7b4ffde8150370b008d
data/raw/ooc/OOC_image_dataset/train/bad/cell_type_A549/4+_days/221219_6.png,221219_6,221219,train,bad,0,A549,4+_days,train,2ff2ac606c9f4bc48f06bcb9a70385aa77f1f5af260322df1d59db4495945e5c
data/raw/ooc/OOC_image_dataset/train/bad/cell_type_A549/4+_days/221219_8.png,221219_8,221219,train,bad,0,A549,4+_days,train,de45ca6fbead1245b616c1432414b634598454f8b838204239a85c28420ddc8b
data/raw/ooc/OOC_image_dataset/train/bad/cell_type_A549/4+_days/230320_53.png,230320_53,230320,train,bad,0,A549,4+_days,train,a229158bac5ccae3f8f4154b31ed3beadee673f45ce71147c4a8a0bfae0e2c84
data/raw/ooc/OOC_image_dataset/train/bad/cell_type_A549/4+_days/230320_55.png,230320_55,230320,train,bad,0,A549,4+_days,train,bcb51e9a76c618c68b83cb8272348314c1e211676fc9a46b95e5b9c0e57cc01c
data/raw/ooc/OOC_image_dataset/train/bad/cell_type_A549/4+_days/230320_61.png,230320_61,230320,train,bad,0,A549,4+_days,train,169f34002c41ce62f32838385353e4e63995052d83e621458ae4ea5dcb6b9aed
data/raw/ooc/OOC_image_dataset/train/bad/cell_type_A549/4+_days/230425_102.png,230425_102,230425,train,bad,0,A549,4+_days,train,755199c24a637603b480ea671013802e071fe6a6e77f01a6a1b65c728e485876
data/raw/ooc/OOC_image_dataset/train/bad/cell_type_A549/4+_days/230425_103.png,230425_103,230425,train,bad,0,A549,4+_days,train,2ad3c8160e0879b21842565c5ea4a671f2945afd14a904a2e1cc9a31d7232b49
data/raw/ooc/OOC_image_dataset/train/bad/cell_type_A549/4+_days/230425_104.png,230425_104,230425,train,bad,0,A549,4+_days,train,fda0f6fe793705ba7b60bf5c98bf404467d48962b03c81c84a33901cafb92f05
data/raw/ooc/OOC_image_dataset/train/bad/cell_type_A549/4+_days/230425_160.png,230425_160,230425,train,bad,0,A549,4+_days,train,d7360b01e981da76a5bc39494cb825217f26473d0579c34143d0aea18369e4b1
data/raw/ooc/OOC_image_dataset/train/bad/cell_type_A549/4+_days/230425_163.png,230425_163,230425,train,bad,0,A549,4+_days,train,319db9b3250c70490647658b74de4a8449f2dfbc1ea8168bc8cd33878aec1b8a
data/raw/ooc/OOC_image_dataset/train/bad/cell_type_A549/4+_days/230425_164.png,230425_164,230425,train,bad,0,A549,4+_days,train,b213da404401fb8116643bd469a89ab7e2bfc29e4e45e7230d437a213486a199
data/raw/ooc/OOC_image_dataset/train/bad/cell_type_A549/4+_days/230425_167.png,230425_167,230425,train,bad,0,A549,4+_days,train,693b665aa383d3a18701374e96bed0ef5d90a5466eed06fc1129d50fd6bbac07
data/raw/ooc/OOC_image_dataset/train/bad/cell_type_A549/4+_days/230425_168.png,230425_168,230425,train,bad,0,A549,4+_days,train,d41d1007aa56656d93c3ee63999542f53cf41e3305c0fe0fa608029a42035607
data/raw/ooc/OOC_image_dataset/train/bad/cell_type_A549/4+_days/230425_169.png,230425_169,230425,train,bad,0,A549,4+_days,train,c57d9e4e4c9fee1c9f380fc467f19f6a27555b55fa52f5ce2c9379a017465564
data/raw/ooc/OOC_image_dataset/train/bad/cell_type_A549/4+_days/230425_178.png,230425_178,230425,train,bad,0,A549,4+_days,train,fcf370731c39580bbd8825e3c86082ab38eae45f37db31f5f634720483722ae6
data/raw/ooc/OOC_image_dataset/train/bad/cell_type_A549/4+_days/230425_52.png,230425_52,230425,train,bad,0,A549,4+_days,train,ec5b309f5e7cb8e7d9fb62d342c097576afafc2c5dbab75ac61c6ceaebcd9c98
data/raw/ooc/OOC_image_dataset/train/bad/cell_type_A549/4+_days/230425_53.png,230425_53,230425,train,bad,0,A549,4+_days,train,15acc38f6d0d1aab8716525bb567f547b01e63738ae8ecfb37ab953f13dfbefe
data/raw/ooc/OOC_image_dataset/train/bad/cell_type_A549/4+_days/230425_54.png,230425_54,230425,train,bad,0,A549,4+_days,train,458046ff1eee3e64038c21a2bcdaf86822ec23123d0052465762241277a196eb
data/raw/ooc/OOC_image_dataset/train/bad/cell_type_A549/4+_days/230425_56.png,230425_56,230425,train,bad,0,A549,4+_days,train,3f952a6b25650039d36d0990c0a44456a7db4b3b7ee0a410769c7e6c8b276391
data/raw/ooc/OOC_image_dataset/train/bad/cell_type_A549/4+_days/230425_57.png,230425_57,230425,train,bad,0,A549,4+_days,train,ad7fbc295cbcfc752c3b176cd4020adc18cb2db2311baed6f4953bade4603744
data/raw/ooc/OOC_image_dataset/train/bad/cell_type_A549/4+_days/230425_58.png,230425_58,230425,train,bad,0,A549,4+_days,train,3e345365cfde85c7cd2ac024e2d4053da51143d1b09ad6814827aa6fe0b58d3d
data/raw/ooc/OOC_image_dataset/train/bad/cell_type_A549/4+_days/230425_60.png,230425_60,230425,train,bad,0,A549,4+_days,train,b9366ec93c9af5d0a772eef5633fa6f3ca383d3c8bed6457a9f941cbd7549d2c
data/raw/ooc/OOC_image_dataset/train/bad/cell_type_A549/4+_days/230425_66.png,230425_66,230425,train,bad,0,A549,4+_days,train,dca15013ef5eae8031debfca0df4d655c47b5d0692f458fa4e331bef6c4af3ba
data/raw/ooc/OOC_image_dataset/train/bad/cell_type_A549/4+_days/230425_68.png,230425_68,230425,train,bad,0,A549,4+_days,train,252a389737719b35e0313909e1afb6f3fa061da32516e27d0a1baf8b75e49406
data/raw/ooc/OOC_image_dataset/train/bad/cell_type_A549/4+_days/230425_69.png,230425_69,230425,train,bad,0,A549,4+_days,train,7d73a2e75fe08e5932d36f21533d29dcb2d13635179b7156a0b5b8f267638828
data/raw/ooc/OOC_image_dataset/train/bad/cell_type_A549/4+_days/230425_80.png,230425_80,230425,train,bad,0,A549,4+_days,train,019ad0e99d08caf1740b1520b53b98bb8a39932fc146cd2905e4ff5d10b4941f
data/raw/ooc/OOC_image_dataset/train/bad/cell_type_A549/4+_days/230425_84.png,230425_84,230425,train,bad,0,A549,4+_days,train,79c2de84d8e3595e1c7719cca57fe38cf8a88a7f9507e2862595f18b2bcdc094
data/raw/ooc/OOC_image_dataset/train/bad/cell_type_A549/4+_days/230425_85.png,230425_85,230425,train,bad,0,A549,4+_days,train,6d33a483c8be94ec9d70f603a594ca723bc42b355935b38aa390d8199ec17deb
data/raw/ooc/OOC_image_dataset/train/bad/cell_type_A549/4+_days/230512_38.png,230512_38,230512,test,bad,0,A549,4+_days,train,96f3686c37aba67bae9c21cda1590ccf7d64014edbcce5b7e78897b8d633b395
data/raw/ooc/OOC_image_dataset/train/bad/cell_type_A549/4+_days/230512_41.png,230512_41,230512,test,bad,0,A549,4+_days,train,03e6bd0cc8a231516e3f0de16405c2cb057a7953921943d105c52e9ecdd6c1f1
data/raw/ooc/OOC_image_dataset/train/bad/cell_type_A549/4+_days/230512_46.png,230512_46,230512,test,bad,0,A549,4+_days,train,b23e3d9908d9a7d43aa09c75f0138116bbc5a35a59f883cafc6237da78baad0f
data/raw/ooc/OOC_image_dataset/train/bad/cell_type_A549/4+_days/230512_47.png,230512_47,230512,test,bad,0,A549,4+_days,train,bdc8ceb49d1025d080f83f854f3892eff10362e8e52ff6f5b37112d14d589fbc
data/raw/ooc/OOC_image_dataset/train/bad/cell_type_A549/4+_days/230512_48.png,230512_48,230512,test,bad,0,A549,4+_days,train,cf9d0a4a2d20faf23a4777e521de6e3c567ec155773d4399ff166aeed3c438be
data/raw/ooc/OOC_image_dataset/train/bad/cell_type_A549/4+_days/230512_49.png,230512_49,230512,test,bad,0,A549,4+_days,train,d0fb7dc453cac0fb86582dee0bc1953dd05b95c7cda72cb6a202935ca7444a8e
data/raw/ooc/OOC_image_dataset/train/bad/cell_type_A549/4+_days/230512_52.png,230512_52,230512,test,bad,0,A549,4+_days,train,fd0dd2aec6c8a494061f450aafdb0629d7c6bcbae6cedf47943f263bcde65ae2
data/raw/ooc/OOC_image_dataset/train/bad/cell_type_A549/4+_days/230512_56.png,230512_56,230512,test,bad,0,A549,4+_days,train,eccdb1b4eedb151ba08acdacb1a8df62b3dcd9f716edfd4254a17cdb41e88449
data/raw/ooc/OOC_image_dataset/train/bad/cell_type_A549/4+_days/230512_58.png,230512_58,230512,test,bad,0,A549,4+_days,train,6ab12dcb94f95103ff6198cfd777c1ac579025b9aaaebdd906b4f2f255082f1a
data/raw/ooc/OOC_image_dataset/train/bad/cell_type_A549/4+_days/230512_61.png,230512_61,230512,test,bad,0,A549,4+_days,train,355c05c71772da03327a91e876101adf8a2061517361c7fa0ddc4e10d11eb93f
data/raw/ooc/OOC_image_dataset/train/bad/cell_type_A549/4+_days/230512_64.png,230512_64,230512,test,bad,0,A549,4+_days,train,be18ed1cb63a0a366dedc8a36ef5c110a436861d7571e3a9389bc5cc3b47bafa
data/raw/ooc/OOC_image_dataset/train/bad/cell_type_A549/4+_days/230512_66.png,230512_66,230512,test,bad,0,A549,4+_days,train,4a962443e6ffdee0aa8ffc018baf19b7fa33160200315f098df67ebe2d445022
data/raw/ooc/OOC_image_dataset/train/bad/cell_type_A549/4+_days/230512_67.png,230512_67,230512,test,bad,0,A549,4+_days,train,d37698a102592f43feaf97878dfc52e83acd0a328022120283673a57c74b8075
data/raw/ooc/OOC_image_dataset/train/bad/cell_type_A549/4+_days/230512_68.png,230512_68,230512,test,bad,0,A549,4+_days,train,6cc988508128aeafdf499f62feb12ae6c67c977fec37267165a6110b46307d4b
data/raw/ooc/OOC_image_dataset/train/bad/cell_type_A549/4+_days/230512_69.png,230512_69,230512,test,bad,0,A549,4+_days,train,3f63ce05449d821470b3bcbb9a3a28fe3d1b339e5942b154b54804076d12eece
data/raw/ooc/OOC_image_dataset/train/bad/cell_type_A549/4+_days/230512_71.png,230512_71,230512,test,bad,0,A549,4+_days,train,4e6d1690d44973ea4ec0a0fbf98201f3064f140c2151e96e319753d522d2aaf1
data/raw/ooc/OOC_image_dataset/train/bad/cell_type_A549/4+_days/230517_46.png,230517_46,230517,test,bad,0,A549,4+_days,train,ddafe154c43ef2c6e5a4a638a46bef41c7acf129d75639e52046b06c33de12cc
data/raw/ooc/OOC_image_dataset/train/bad/cell_type_A549/4+_days/230517_56.png,230517_56,230517,test,bad,0,A549,4+_days,train,34b243769c80bafc822179e37659e10c0e5558a336df940fd61dc1a1e6806204
data/raw/ooc/OOC_image_dataset/train/bad/cell_type_A549/4+_days/230517_64.png,230517_64,230517,test,bad,0,A549,4+_days,train,5a7afc1036b713aa9a2aaf810784ae7b4271ade3ec083857d61f027ac7745057
data/raw/ooc/OOC_image_dataset/train/bad/cell_type_A549/4+_days/230517_67.png,230517_67,230517,test,bad,0,A549,4+_days,train,01f2ac48465805ee81d7b9e1c4779607aee8c60990b908be498f525d8f16a459
data/raw/ooc/OOC_image_dataset/train/bad/cell_type_A549/4+_days/230517_68.png,230517_68,230517,test,bad,0,A549,4+_days,train,eac8d853248627d2ec8d626573c30676b63d5af9193077af9f3d08fdc19333da
data/raw/ooc/OOC_image_dataset/train/bad/cell_type_A549/4+_days/230517_71.png,230517_71,230517,test,bad,0,A549,4+_days,train,b7a77e9a09005e3f530bbac1ee9d23365048a5e9c435147e84e6dfe93c931533
data/raw/ooc/OOC_image_dataset/train/bad/cell_type_A549/4+_days/230529_114.png,230529_114,230529,train,bad,0,A549,4+_days,train,9d78555fcaf8513cd6e806be63535cd130c4a199becb5c99c43ee6b89da7d671
data/raw/ooc/OOC_image_dataset/train/bad/cell_type_A549/4+_days/230529_115.png,230529_115,230529,train,bad,0,A549,4+_days,train,a384d95a9fa9cbeabf0b0e5c5af0f83ad3724acca7f68efe3a23eb417f29b093
data/raw/ooc/OOC_image_dataset/train/bad/cell_type_A549/4+_days/230529_124.png,230529_124,230529,train,bad,0,A549,4+_days,train,2bdf196f6d6feafbee0d0fdd0a73e8602f3a023c9cdc37976b9379c0ba0b49b5
data/raw/ooc/OOC_image_dataset/train/bad/cell_type_A549/4+_days/230529_125.png,230529_125,230529,train,bad,0,A549,4+_days,train,81fa99419847af6507ade311e4ce9cc47ed84c567523e2da935f7e22a4507d81
data/raw/ooc/OOC_image_dataset/train/bad/cell_type_A549/4+_days/230529_135.png,230529_135,230529,train,bad,0,A549,4+_days,train,7f9657d2f9b75fee60da0f5ab486035ad3f33223e2e0426876fb86b0a1e9850a
data/raw/ooc/OOC_image_dataset/train/bad/cell_type_A549/4+_days/230529_139.png,230529_139,230529,train,bad,0,A549,4+_days,train,23679d3bed907aca134cf5cf0267afcde84c974007a8be5d6aea76c104042488
data/raw/ooc/OOC_image_dataset/train/bad/cell_type_A549/4+_days/230529_142.png,230529_142,230529,train,bad,0,A549,4+_days,train,513f6d81a120a15168ba7e18def08c8b10ba8a87bcbb07a03b1bbbae376b9f72
data/raw/ooc/OOC_image_dataset/train/bad/cell_type_A549/4+_days/230529_187.png,230529_187,230529,train,bad,0,A549,4+_days,train,5fe98fccfac7bc847887d9f43037c585a613c75df15f0578c1d64e32acf07b90
data/raw/ooc/OOC_image_dataset/train/bad/cell_type_A549/4+_days/230529_188.png,230529_188,230529,train,bad,0,A549,4+_days,train,f309a517b5cf2e52d7cbfe03cab7c60f9a2e58118bd28ad5004889259a98587b
data/raw/ooc/OOC_image_dataset/train/bad/cell_type_A549/4+_days/230529_189.png,230529_189,230529,train,bad,0,A549,4+_days,train,670493e6be5ddc72a5a784411a9872adebc23ba233e45cd7dfb49b91ea1b210f
data/raw/ooc/OOC_image_dataset/train/bad/cell_type_A549/4+_days/230529_190.png,230529_190,230529,train,bad,0,A549,4+_days,train,b811809fc73f2e0a29b29034a6b5e5529f7c5bde3fbb625b77a5fdef37ea5832
data/raw/ooc/OOC_image_dataset/train/bad/cell_type_A549/4+_days/230529_193.png,230529_193,230529,train,bad,0,A549,4+_days,train,0929cad211de1c0ab604ebf8b1bf94ae9a8c5c499124bdfbb45251528d73f7a1
data/raw/ooc/OOC_image_dataset/train/bad/cell_type_A549/4+_days/230529_197.png,230529_197,230529,train,bad,0,A549,4+_days,train,d82ae3a512231e8f6572fbc74b6318966fe40d549ceec437b85948068d4116b8
data/raw/ooc/OOC_image_dataset/train/bad/cell_type_A549/4+_days/230529_198.png,230529_198,230529,train,bad,0,A549,4+_days,train,76f6a5369c1d25cb2c885f1b1a7c5740bb1c0f671212c945b350a1e209d68451
data/raw/ooc/OOC_image_dataset/train/bad/cell_type_A549/4+_days/230529_199.png,230529_199,230529,train,bad,0,A549,4+_days,train,017d863991f51b367e98504785221d836b2ace224ba39ae578d25058f088c510
data/raw/ooc/OOC_image_dataset/train/bad/cell_type_A549/4+_days/230529_200.png,230529_200,230529,train,bad,0,A549,4+_days,train,0f4be4d19ce8e177153fd20a611fe8b184a2c682e37935e5dc1f95d74a625ee8
data/raw/ooc/OOC_image_dataset/train/bad/cell_type_A549/4+_days/230529_201.png,230529_201,230529,train,bad,0,A549,4+_days,train,43730f8da3cc13092ef62f07429ff7da5ba4fcbfb87c9e8bb83e7c4c34960c7d
data/raw/ooc/OOC_image_dataset/train/bad/cell_type_A549/4+_days/230529_202.png,230529_202,230529,train,bad,0,A549,4+_days,train,0878c43c737a0498132a4b32d6b487ee3544844ec17e1d677defaa55159cfc3a
data/raw/ooc/OOC_image_dataset/train/bad/cell_type_A549/4+_days/230529_208.png,230529_208,230529,train,bad,0,A549,4+_days,train,01db13053583bf757ba152953d2e752affb7f56635eedf3a095ff4f25dedc20b
data/raw/ooc/OOC_image_dataset/train/bad/cell_type_A549/4+_days/230529_209.png,230529_209,230529,train,bad,0,A549,4+_days,train,8b5e712f13fb46b1d1e2b4e39b82e2a880868f2d2692cb39b7f78ecaa4bd2d93
data/raw/ooc/OOC_image_dataset/train/bad/cell_type_A549/4+_days/230529_211.png,230529_211,230529,train,bad,0,A549,4+_days,train,338c5e60ab458ccb462fc98d7795bf66b8f880b6578588ebf320a837889c76f3
data/raw/ooc/OOC_image_dataset/train/bad/cell_type_A549/4+_days/230529_212.png,230529_212,230529,train,bad,0,A549,4+_days,train,5c04bbd226ba10030308d93f6c9d16059aec1b148863335cc07c1a8b23a0c55c
data/raw/ooc/OOC_image_dataset/train/bad/cell_type_A549/4+_days/230529_214.png,230529_214,230529,train,bad,0,A549,4+_days,train,c4d643f06d62869490966e4d143a518ff63fd8537dc799c05e24ecb4c72c7c7b
data/raw/ooc/OOC_image_dataset/train/bad/cell_type_A549/4+_days/230529_215.png,230529_215,230529,train,bad,0,A549,4+_days,train,57093859351510cb0411ea4b3fcc87eb3dfd5fe98bbebfeae14e8033900eb4bf
data/raw/ooc/OOC_image_dataset/train/bad/cell_type_A549/4+_days/230529_54.png,230529_54,230529,train,bad,0,A549,4+_days,train,61c78f0b4fbee3ea82974eb1bede7062952354870bb883ce8caa8e75827b4e6a
data/raw/ooc/OOC_image_dataset/train/bad/cell_type_A549/4+_days/230529_55.png,230529_55,230529,train,bad,0,A549,4+_days,train,38e2303cad60886ad913395c75582b7a40ba337c12efca6e52e6d296b7392559
data/raw/ooc/OOC_image_dataset/train/bad/cell_type_A549/4+_days/230529_63.png,230529_63,230529,train,bad,0,A549,4+_days,train,a7f69370b06721f7425b2156348a54226fb5ba3c4ec3bf678023a5a5744f2ad4
data/raw/ooc/OOC_image_dataset/train/bad/cell_type_A549/4+_days/230529_64.png,230529_64,230529,train,bad,0,A549,4+_days,train,619c65020869f22b69e22cbe07888af041d12800713df3b818c2ea2219eeadec
data/raw/ooc/OOC_image_dataset/train/bad/cell_type_A549/4+_days/230529_66.png,230529_66,230529,train,bad,0,A549,4+_days,train,82149c2b5c90bc29780efe2ad004d8c0aedd8304108fa1e39416ad3ac8147a5a
data/raw/ooc/OOC_image_dataset/train/bad/cell_type_A549/4+_days/230529_69.png,230529_69,230529,train,bad,0,A549,4+_days,train,86a853bef966dabcd4bf44db450f3c24e97f1bd5862d8726d16b83a429e617c8
data/raw/ooc/OOC_image_dataset/train/bad/cell_type_A549/4+_days/230529_70.png,230529_70,230529,train,bad,0,A549,4+_days,train,4d524e8e8750bf2cd259355d9ff152eb5ec5ba2d28a6865916b5d6cb4d08a519
data/raw/ooc/OOC_image_dataset/train/bad/cell_type_A549/4+_days/230529_71.png,230529_71,230529,train,bad,0,A549,4+_days,train,e413c4553f9d4855320bf98163e84d517ea098b0b50d464e225fa1f73c2a3513
data/raw/ooc/OOC_image_dataset/train/bad/cell_type_A549/4_days/220608_12.png,220608_12,220608,train,bad,0,A549,4_days,train,70cfebf24b91cae83a5a86de0b29d2b268b474ac4f5226cd5fbbc89735a49bb2
data/raw/ooc/OOC_image_dataset/train/bad/cell_type_A549/4_days/220608_14.png,220608_14,220608,train,bad,0,A549,4_days,train,466c2f8e469aaa265d1c7be42080d617c1da51e4be35a9261b630a8d67c11154
data/raw/ooc/OOC_image_dataset/train/bad/cell_type_A549/4_days/220608_16.png,220608_16,220608,train,bad,0,A549,4_days,train,0ecce573c374fc076e3a9c545b8e38b54870e5e0987f352e22b98d5caf2fd992
data/raw/ooc/OOC_image_dataset/train/bad/cell_type_A549/4_days/220608_17.png,220608_17,220608,train,bad,0,A549,4_days,train,f54a19ee38ccf74c7935ea730e3f9099cf18f2c4535eb95475f9bb25db6c5425
data/raw/ooc/OOC_image_dataset/train/bad/cell_type_A549/4_days/220608_18.png,220608_18,220608,train,bad,0,A549,4_days,train,af0fd142cbb3bb4925b2688b6963dabac2b073b33eccb3f65992a880c90946da
data/raw/ooc/OOC_image_dataset/train/bad/cell_type_A549/4_days/220608_19.png,220608_19,220608,train,bad,0,A549,4_days,train,097b4a15e9f09d60a8e4fc50cb9c493b8fe5d5f7ae7cb72e81c6d67c0c14debd
data/raw/ooc/OOC_image_dataset/train/bad/cell_type_A549/4_days/220608_20.png,220608_20,220608,train,bad,0,A549,4_days,train,799f7a3f4be917dbf86ebf2f8efc7396918610533079251525bdad344dfa2777
data/raw/ooc/OOC_image_dataset/train/bad/cell_type_A549/4_days/220608_22.png,220608_22,220608,train,bad,0,A549,4_days,train,7d3c9930949994e6f56ed1dad339e477161abfdbb2e64e49da59c975213f8855
data/raw/ooc/OOC_image_dataset/train/bad/cell_type_A549/4_days/220608_23.png,220608_23,220608,train,bad,0,A549,4_days,train,c7a05832c5b0dc21e807abdbb962f97853f110d2ffbf93e58987652845fe401c
data/raw/ooc/OOC_image_dataset/train/bad/cell_type_A549/4_days/230424_101.png,230424_101,230424,validation,bad,0,A549,4_days,train,185849acdb7d24006f00b53853d117f0e0316e2477174c72aa53eee370674364
data/raw/ooc/OOC_image_dataset/train/bad/cell_type_A549/4_days/230424_102.png,230424_102,230424,validation,bad,0,A549,4_days,train,85a8f2ea758211a8a319050ef8c4600ce652a34ad6ed10f4477d832903983c7e
data/raw/ooc/OOC_image_dataset/train/bad/cell_type_A549/4_days/230424_108.png,230424_108,230424,validation,bad,0,A549,4_days,train,9dae42aa359dc228c64794e09d4701f9a4e1a3b3d0b2b6fcd9d5253bf3524f2a
data/raw/ooc/OOC_image_dataset/train/bad/cell_type_A549/4_days/230424_55.png,230424_55,230424,validation,bad,0,A549,4_days,train,07c958c5652e83cdae2811f5cca190bc6aa05afe8139f11c610ec3688876594d
data/raw/ooc/OOC_image_dataset/train/bad/cell_type_A549/4_days/230424_56.png,230424_56,230424,validation,bad,0,A549,4_days,train,b99a28ee2265a548b9d75c94c742cabe47543d786d8037c17e3cb9ac762f6e9c
data/raw/ooc/OOC_image_dataset/train/bad/cell_type_A549/4_days/230424_58.png,230424_58,230424,validation,bad,0,A549,4_days,train,deef443dcf65599682edd080b534f296c52f2b85da4230709ba164f596041109
data/raw/ooc/OOC_image_dataset/train/bad/cell_type_A549/4_days/230424_59.png,230424_59,230424,validation,bad,0,A549,4_days,train,272ae6e3e337e80f949c793eef700a314495b81c25bcab81a42eec672f43cc3d
data/raw/ooc/OOC_image_dataset/train/bad/cell_type_A549/4_days/230424_80.png,230424_80,230424,validation,bad,0,A549,4_days,train,a8ddd119f04705a03f93d0dc16c2e97381727a0e03eaa88715df39feead7dffa
data/raw/ooc/OOC_image_dataset/train/bad/cell_type_A549/4_days/230424_81.png,230424_81,230424,validation,bad,0,A549,4_days,train,8bf406dee63b33a755f60921c835a0ad848e3a475f67533d06f19ead06cc3764
data/raw/ooc/OOC_image_dataset/train/bad/cell_type_A549/4_days/230424_96.png,230424_96,230424,validation,bad,0,A549,4_days,train,97804d4b9ccf62bb4c7a892f2d4e2d6fb958f278419f28dffe5cf02eb94c1162
data/raw/ooc/OOC_image_dataset/train/bad/cell_type_A549/4_days/230424_99.png,230424_99,230424,validation,bad,0,A549,4_days,train,18766cd978ba740ee431f471d5231668944512f1bf7b84df073682c226d137a2
data/raw/ooc/OOC_image_dataset/train/bad/cell_type_CACO/2-3_days/220506_13.png,220506_13,220506,train,bad,0,CACO,2-3_days,train,98f1995f160f63e090bb63e4da552b8867bf7ce1d744fe833acf9c37ed569c7b
data/raw/ooc/OOC_image_dataset/train/bad/cell_type_CACO/2-3_days/220506_14.png,220506_14,220506,train,bad,0,CACO,2-3_days,train,94492545cd74a4037a22c903aab400ea3d7a43a147f3155de75b666cf0d614a6
data/raw/ooc/OOC_image_dataset/train/bad/cell_type_CACO/2-3_days/220506_9.png,220506_9,220506,train,bad,0,CACO,2-3_days,train,407f1162b86ef2da5230ea7605b4d52e8f2266d77ccb5a60fbc69b6cae42bff7
data/raw/ooc/OOC_image_dataset/train/bad/cell_type_CACO/2-3_days/220606_16.png,220606_16,220606,train,bad,0,CACO,2-3_days,train,1ec445f08e76cd3f461bf4601abd2f7ded47d8bdd38bbfad9964bf135a93de9d
data/raw/ooc/OOC_image_dataset/train/bad/cell_type_CACO/2-3_days/220606_18.png,220606_18,220606,train,bad,0,CACO,2-3_days,train,a1cfc9bd9a4d65e52163b97398324bba6cd205e3e3b614b2f13fa42ffe641857
data/raw/ooc/OOC_image_dataset/train/bad/cell_type_CACO/2-3_days/220606_21.png,220606_21,220606,train,bad,0,CACO,2-3_days,train,e51cdf649200b23c62f395bcf14ccd686f5aa7c0c3372c6f093a14665901cfd4
data/raw/ooc/OOC_image_dataset/train/bad/cell_type_CACO/2-3_days/220606_22.png,220606_22,220606,train,bad,0,CACO,2-3_days,train,3ee8d10162461727b901d4727fce8e17b8840d108bd67caa81ad2cd046d7b680
data/raw/ooc/OOC_image_dataset/train/bad/cell_type_CACO/2-3_days/230329_12.png,230329_12,230329,train,bad,0,CACO,2-3_days,train,5c9e141b231bd9b96b311dca8dd9ead1d1e72b2633764c4af3d297672422f568
data/raw/ooc/OOC_image_dataset/train/bad/cell_type_CACO/2-3_days/230405_100.png,230405_100,230405,train,bad,0,CACO,2-3_days,train,3538c187b23de658c6bc0fdb0452c54430ba6466fd8d73335906ca9da1927e2d
data/raw/ooc/OOC_image_dataset/train/bad/cell_type_CACO/2-3_days/230405_101.png,230405_101,230405,train,bad,0,CACO,2-3_days,train,d8a8ef22bc336ddd96bfeea2e02dc524823cfb92a7bba1b14d1929dcb3afe16f
data/raw/ooc/OOC_image_dataset/train/bad/cell_type_CACO/2-3_days/230405_102.png,230405_102,230405,train,bad,0,CACO,2-3_days,train,eb907bb8d81aacf508d11d7e55a8aadf4af4caa4850dee341c78f3eba5997719
data/raw/ooc/OOC_image_dataset/train/bad/cell_type_CACO/2-3_days/230405_104.png,230405_104,230405,train,bad,0,CACO,2-3_days,train,beca2cd890279ae8f1e01fad75db4cb790a2c791ef656e6801cafbd73746f145
data/raw/ooc/OOC_image_dataset/train/bad/cell_type_CACO/2-3_days/230405_106.png,230405_106,230405,train,bad,0,CACO,2-3_days,train,79c706d93f578e9606fe03cca986780f9602c69df56629d54949207556d0836a
data/raw/ooc/OOC_image_dataset/train/bad/cell_type_CACO/2-3_days/230405_107.png,230405_107,230405,train,bad,0,CACO,2-3_days,train,ae02703d24e0c592f6ca942c3f3e02123e445adfccd87a7d700c32d60fb421a5
data/raw/ooc/OOC_image_dataset/train/bad/cell_type_CACO/2-3_days/230405_108.png,230405_108,230405,train,bad,0,CACO,2-3_days,train,15d1b9e2921a20c3e5b7c753d3fabaa6d48c8d7dc2c031aef5ab4677f84debf2
data/raw/ooc/OOC_image_dataset/train/bad/cell_type_CACO/2-3_days/230405_110.png,230405_110,230405,train,bad,0,CACO,2-3_days,train,05ead1b7e969ab3b324d991a0f83ddcc529953043e631c625aa75e9e5fd03235
data/raw/ooc/OOC_image_dataset/train/bad/cell_type_CACO/2-3_days/230405_111.png,230405_111,230405,train,bad,0,CACO,2-3_days,train,2c9ab257d4b491f127c7ba4ee28bcd277c31e219b61a008d8884b5fefe2234a0
data/raw/ooc/OOC_image_dataset/train/bad/cell_type_CACO/2-3_days/230405_112.png,230405_112,230405,train,bad,0,CACO,2-3_days,train,b39225348ccad98e47353cd088f4fd24f77e5252bd1c99d133b07d03e6128764
data/raw/ooc/OOC_image_dataset/train/bad/cell_type_CACO/2-3_days/230405_114.png,230405_114,230405,train,bad,0,CACO,2-3_days,train,25a9f1e6c1b4ccb29104f8c570eb2675abe6b10a53d4ccf098233674c28dfadf
data/raw/ooc/OOC_image_dataset/train/bad/cell_type_CACO/2-3_days/230405_115.png,230405_115,230405,train,bad,0,CACO,2-3_days,train,e1f5bb23b3e33aa2a774b38c09a1c8a5e5b9f355f4afc44cba2e45073c3bffe3
data/raw/ooc/OOC_image_dataset/train/bad/cell_type_CACO/2-3_days/230405_117.png,230405_117,230405,train,bad,0,CACO,2-3_days,train,95bb55dcb90a5565c84c2e780047206281d67ba1cabd4e2ec0b3994a9be7b295
data/raw/ooc/OOC_image_dataset/train/bad/cell_type_CACO/2-3_days/230405_118.png,230405_118,230405,train,bad,0,CACO,2-3_days,train,e5d9bca197a9628a925985594c63a2b113c824f9fdfd3fb2e86359fff245bc1c
data/raw/ooc/OOC_image_dataset/train/bad/cell_type_CACO/2-3_days/230405_119.png,230405_119,230405,train,bad,0,CACO,2-3_days,train,1ff1a636f455565166fad7ec3d9fb7a1a2039c369683eecc68909d5d29683dce
data/raw/ooc/OOC_image_dataset/train/bad/cell_type_CACO/2-3_days/230405_121.png,230405_121,230405,train,bad,0,CACO,2-3_days,train,371dc078b94d1427004b8cdc2b9135be64a054c1f625c163b1ed257faec7aac9
data/raw/ooc/OOC_image_dataset/train/bad/cell_type_CACO/2-3_days/230405_122.png,230405_122,230405,train,bad,0,CACO,2-3_days,train,5dedb16028dda7df24ac9b88261a56fd04f77e5d22d067c7bb0b9b7ca698bec1
data/raw/ooc/OOC_image_dataset/train/bad/cell_type_CACO/2-3_days/230405_124.png,230405_124,230405,train,bad,0,CACO,2-3_days,train,db6126f94bd27007848042de274e0c6d0354ee850cb6d22afa61284ca3697920
data/raw/ooc/OOC_image_dataset/train/bad/cell_type_CACO/2-3_days/230405_125.png,230405_125,230405,train,bad,0,CACO,2-3_days,train,e729721f91cf8677b4e290633fcbbd0261eb330b2f6242daeb39890a9ecf2443
data/raw/ooc/OOC_image_dataset/train/bad/cell_type_CACO/2-3_days/230405_126.png,230405_126,230405,train,bad,0,CACO,2-3_days,train,8deaa84d56be85fd64826d2e18d17f33748bd1490e9d9e4900df7a10ddcc57db
data/raw/ooc/OOC_image_dataset/train/bad/cell_type_CACO/2-3_days/230405_127.png,230405_127,230405,train,bad,0,CACO,2-3_days,train,c6265f703f93b30f91aec4a19d4595298099b3064208fdea4475ab6df7fd4f45
data/raw/ooc/OOC_image_dataset/train/bad/cell_type_CACO/2-3_days/230405_128.png,230405_128,230405,train,bad,0,CACO,2-3_days,train,1ef7bd958b9673d7641b2cb4972314ecd3f3fffb70cb5b2ef3fbf3dce0cae292
data/raw/ooc/OOC_image_dataset/train/bad/cell_type_CACO/2-3_days/230405_131.png,230405_131,230405,train,bad,0,CACO,2-3_days,train,0fea38c98161e8848e41811bc7093545bfabaee095b1bac790f6f7a965f3aeb1
data/raw/ooc/OOC_image_dataset/train/bad/cell_type_CACO/2-3_days/230405_132.png,230405_132,230405,train,bad,0,CACO,2-3_days,train,21cf6ed825d2c3e30fbbd2590da0b27c35e31b98c3c1eede3276c456c6bdd7e3
data/raw/ooc/OOC_image_dataset/train/bad/cell_type_CACO/2-3_days/230405_133.png,230405_133,230405,train,bad,0,CACO,2-3_days,train,b0edb7da8242b8a0a79acf616d68038bcaa659f4a0f1bcf25213589985228708
data/raw/ooc/OOC_image_dataset/train/bad/cell_type_CACO/2-3_days/230405_134.png,230405_134,230405,train,bad,0,CACO,2-3_days,train,2468ff5edbd81dc3f37038c3105dee683542a4be53e062add8a45a804c5b7670
data/raw/ooc/OOC_image_dataset/train/bad/cell_type_CACO/2-3_days/230405_136.png,230405_136,230405,train,bad,0,CACO,2-3_days,train,91711a0d862dbb05502e607348fd7551f9bcf8bae6119ee4fa2aa1cbcf9b1517
data/raw/ooc/OOC_image_dataset/train/bad/cell_type_CACO/2-3_days/230405_138.png,230405_138,230405,train,bad,0,CACO,2-3_days,train,1a9e225e1b282cd5dc85f2996ab9f32b0f9b04cf9f3347dea1dd40e7537c6cd9
data/raw/ooc/OOC_image_dataset/train/bad/cell_type_CACO/2-3_days/230405_88.png,230405_88,230405,train,bad,0,CACO,2-3_days,train,e719bd3831c15bbb3492a7b3ca6eb330c983d5fb8eb8e0ac1cb78477b2a8bdd9
data/raw/ooc/OOC_image_dataset/train/bad/cell_type_CACO/2-3_days/230405_89.png,230405_89,230405,train,bad,0,CACO,2-3_days,train,cb3210825e41b38f6e2ba980d953292e244c89283f0eb470d6c6559c079ddeda
data/raw/ooc/OOC_image_dataset/train/bad/cell_type_CACO/2-3_days/230405_90.png,230405_90,230405,train,bad,0,CACO,2-3_days,train,e2acc7af7d3415e2101b91715b4bd33d5d30e17956d0d5b94dde451f77b83566
data/raw/ooc/OOC_image_dataset/train/bad/cell_type_CACO/2-3_days/230405_91.png,230405_91,230405,train,bad,0,CACO,2-3_days,train,723ef96fbe233827ef100841fbf7eafccc6d993354665ff97c96b280b49f20a7
data/raw/ooc/OOC_image_dataset/train/bad/cell_type_CACO/2-3_days/230405_92.png,230405_92,230405,train,bad,0,CACO,2-3_days,train,ee6fd959cca12fb45afa91252ef42f3561a0a5564a506ad5bfce18f0b2adc880
data/raw/ooc/OOC_image_dataset/train/bad/cell_type_CACO/2-3_days/230405_93.png,230405_93,230405,train,bad,0,CACO,2-3_days,train,8a8f008cc1431f42bc81bbe4266fd38fe6e45cae0dde1bc8a09574a26cd81f64
data/raw/ooc/OOC_image_dataset/train/bad/cell_type_CACO/2-3_days/230405_94.png,230405_94,230405,train,bad,0,CACO,2-3_days,train,4687eeb72b0d8064918722b1e0b2b0cc67adc3f7a7012c2b8c173b09de9bec17
data/raw/ooc/OOC_image_dataset/train/bad/cell_type_CACO/2-3_days/230405_95.png,230405_95,230405,train,bad,0,CACO,2-3_days,train,27ede2c7d54b8590c867911d9a39ea3cf069d8bfceda7d79da238f76419274e7
data/raw/ooc/OOC_image_dataset/train/bad/cell_type_CACO/2-3_days/230405_97.png,230405_97,230405,train,bad,0,CACO,2-3_days,train,337b3f0fa7210b2fe759b802a0ceec936e3b9adbca2d2f9d7cbacfdbd2fa1666
data/raw/ooc/OOC_image_dataset/train/bad/cell_type_CACO/2-3_days/230405_98.png,230405_98,230405,train,bad,0,CACO,2-3_days,train,f545904885bafcaab85c797109a964b7b3b13527b53fdf803e2a47f20ded7e91
data/raw/ooc/OOC_image_dataset/train/bad/cell_type_CACO/2-3_days/230405_99.png,230405_99,230405,train,bad,0,CACO,2-3_days,train,87e3091d290104d1bee062f50da346a408f47b429a45253a0a9674f69858b9f5
data/raw/ooc/OOC_image_dataset/train/bad/cell_type_CACO/2-3_days/230419_100.png,230419_100,230419,train,bad,0,CACO,2-3_days,train,482d01645b935314fb4b2fb0e1af18c07beb28a506231fb5a117497d227685d4
data/raw/ooc/OOC_image_dataset/train/bad/cell_type_CACO/2-3_days/230419_101.png,230419_101,230419,train,bad,0,CACO,2-3_days,train,b6d329e57ede48f9b037e08426fbeac574b3ab0af4160ae1fd7efbe9fe8c09c7
data/raw/ooc/OOC_image_dataset/train/bad/cell_type_CACO/2-3_days/230419_105.png,230419_105,230419,train,bad,0,CACO,2-3_days,train,6f922e796ce969aadc154348a6467983f73019760c6c758f69a48a10e2955734
data/raw/ooc/OOC_image_dataset/train/bad/cell_type_CACO/2-3_days/230419_106.png,230419_106,230419,train,bad,0,CACO,2-3_days,train,7605ed4086f3117bc407c1309e759afaef57ba7de1ee286f184487e619403347
data/raw/ooc/OOC_image_dataset/train/bad/cell_type_CACO/2-3_days/230419_107.png,230419_107,230419,train,bad,0,CACO,2-3_days,train,5d3362da523f1894755c9a3869e20a87d465b8d04376f1665fc436422d150892
data/raw/ooc/OOC_image_dataset/train/bad/cell_type_CACO/2-3_days/230419_109.png,230419_109,230419,train,bad,0,CACO,2-3_days,train,f6a35584dab6f89cc11e7c32e9f7f79e82fc118d31be7514248ba5f803ccb219
data/raw/ooc/OOC_image_dataset/train/bad/cell_type_CACO/2-3_days/230419_110.png,230419_110,230419,train,bad,0,CACO,2-3_days,train,82856288f2630a5338a845c68a16842a26a8da94bd11b9d09931c5f014e4c888
data/raw/ooc/OOC_image_dataset/train/bad/cell_type_CACO/2-3_days/230419_111.png,230419_111,230419,train,bad,0,CACO,2-3_days,train,23770b39cb8bcb4b4d4efed3478ba63a05fb91aeb4311b4686b6de5a9c1a62ae
data/raw/ooc/OOC_image_dataset/train/bad/cell_type_CACO/2-3_days/230419_112.png,230419_112,230419,train,bad,0,CACO,2-3_days,train,b0d7b2cbf9036d562756c31a123394998f32577434efb98a4e9e4aa8be1741cf
data/raw/ooc/OOC_image_dataset/train/bad/cell_type_CACO/2-3_days/230419_115.png,230419_115,230419,train,bad,0,CACO,2-3_days,train,8cb1d1ef0274e4e9378c7809c12adf6d3e82bcf5918e1bc57499a79cc04cb682
data/raw/ooc/OOC_image_dataset/train/bad/cell_type_CACO/2-3_days/230419_116.png,230419_116,230419,train,bad,0,CACO,2-3_days,train,5c015eec4c0a1382860841e1cbe935c7b52b7d119eab09b7dfc0ea33ff6d1dbb
data/raw/ooc/OOC_image_dataset/train/bad/cell_type_CACO/2-3_days/230419_89.png,230419_89,230419,train,bad,0,CACO,2-3_days,train,5b8d1fd8048f445618562aa093796473ca46f056d79aec3ca11f8a90b37a0861
data/raw/ooc/OOC_image_dataset/train/bad/cell_type_CACO/2-3_days/230419_90.png,230419_90,230419,train,bad,0,CACO,2-3_days,train,d2b573b5af1fb8867bcc4d9334b311422887d98644c221b30f52f02f5b06702b
data/raw/ooc/OOC_image_dataset/train/bad/cell_type_CACO/2-3_days/230419_92.png,230419_92,230419,train,bad,0,CACO,2-3_days,train,208e472789aaed9b66fb09740f75bc5892bd0de2779663f002307ca6c4e02c63
data/raw/ooc/OOC_image_dataset/train/bad/cell_type_CACO/2-3_days/230419_95.png,230419_95,230419,train,bad,0,CACO,2-3_days,train,b27c21210cda72f2c9d6b5b1ead7f9953496c2aba53a20589538a78a8a3f2470
data/raw/ooc/OOC_image_dataset/train/bad/cell_type_CACO/2-3_days/230419_97.png,230419_97,230419,train,bad,0,CACO,2-3_days,train,0b8446ac4cc92c15a45dff344d4662b6496b3200e18e5ebaa65235758e4930c9
data/raw/ooc/OOC_image_dataset/train/bad/cell_type_CACO/2-3_days/230419_98.png,230419_98,230419,train,bad,0,CACO,2-3_days,train,43f9366dee8185cbfa4a21439337781296cd3331b7b02ea624c18cb8e4838dba
data/raw/ooc/OOC_image_dataset/train/bad/cell_type_CACO/4+_days/220512_10.png,220512_10,220512,validation,bad,0,CACO,4+_days,train,b4f4fff19d7b9d854d5157948bc59de4fed527d8d337ade1f5b46eba79b85170
data/raw/ooc/OOC_image_dataset/train/bad/cell_type_CACO/4+_days/220512_13.png,220512_13,220512,validation,bad,0,CACO,4+_days,train,07c09bbd3fef73b8cf400d8f589c200f3d1cd3e06a5dc1390a72c91143270fba
data/raw/ooc/OOC_image_dataset/train/bad/cell_type_CACO/4+_days/220515_5.png,220515_5,220515,train,bad,0,CACO,4+_days,train,36bd7135c0d45c74c363793fefeb16491d39bda3cd6b6122f9030c5afd502cb3
data/raw/ooc/OOC_image_dataset/train/bad/cell_type_CACO/4+_days/220609_2.png,220609_2,220609,train,bad,0,CACO,4+_days,train,df41392b74e21f1a23265c4ba88bb95b25f34c6883aaae43e3356dd1f200ed24
data/raw/ooc/OOC_image_dataset/train/bad/cell_type_CACO/4+_days/220609_3.png,220609_3,220609,train,bad,0,CACO,4+_days,train,b8f14fa55d7549f04ea01b8b81b5dd2920d4081d389d53e11e36b710dab9bf3c
data/raw/ooc/OOC_image_dataset/train/bad/cell_type_CACO/4+_days/220609_8.png,220609_8,220609,train,bad,0,CACO,4+_days,train,89b2d37cf8cb5f890931c2a25239366e67d48ba9d100205972b964d2cca206f5
data/raw/ooc/OOC_image_dataset/train/bad/cell_type_CACO/4+_days/220610_1.png,220610_1,220610,validation,bad,0,CACO,4+_days,train,2db27243c188060241134e25fdfce7dee00777840c3c0c3718861b2dbafdd462
data/raw/ooc/OOC_image_dataset/train/bad/cell_type_CACO/4+_days/220610_3.png,220610_3,220610,validation,bad,0,CACO,4+_days,train,bb9077c8b6c4c81c734cd6ab406c5be1fdbc09514001381bc1abbdc0818e8b3e
data/raw/ooc/OOC_image_dataset/train/bad/cell_type_CACO/4+_days/220610_4.png,220610_4,220610,validation,bad,0,CACO,4+_days,train,2bae5a93c770d1b2f631c3513435a12b2121052f7660ba2db3c48e3609161adf
data/raw/ooc/OOC_image_dataset/train/bad/cell_type_CACO/4+_days/220611_11.png,220611_11,220611,train,bad,0,CACO,4+_days,train,63576322a3b64e3d763e27ac4434969ffffe95a9b162d44030b7ee2771391f23
data/raw/ooc/OOC_image_dataset/train/bad/cell_type_CACO/4+_days/220611_12.png,220611_12,220611,train,bad,0,CACO,4+_days,train,96de4a7fb156f16a1ef04c47ce3cbfd6a5f93b2a547b8928f56c931da1db382d
data/raw/ooc/OOC_image_dataset/train/bad/cell_type_CACO/4+_days/220612_3.png,220612_3,220612,train,bad,0,CACO,4+_days,train,e2b97c5738761fbd5062145e62173ea760e0b169411fc6a178492c37e1830654
data/raw/ooc/OOC_image_dataset/train/bad/cell_type_CACO/4+_days/230403_10.png,230403_10,230403,train,bad,0,CACO,4+_days,train,66129320c8555d40691d01b3ac3aface892b01a21c7be71070237f67448c4168
data/raw/ooc/OOC_image_dataset/train/bad/cell_type_CACO/4+_days/230403_11.png,230403_11,230403,train,bad,0,CACO,4+_days,train,4cf5fcd87dd7af21ade865f78531dfe79cbc8330a124eb86551d227255eb1339
data/raw/ooc/OOC_image_dataset/train/bad/cell_type_CACO/4+_days/230403_2.png,230403_2,230403,train,bad,0,CACO,4+_days,train,c0856893fd8cb7f639fa019fe569c38e7c2283cd9a930158c93a837526ae0ccb
data/raw/ooc/OOC_image_dataset/train/bad/cell_type_CACO/4+_days/230403_5.png,230403_5,230403,train,bad,0,CACO,4+_days,train,26a1da94803a5e950e97ca2d7184fa1a53d3a1662f928a146a44f39ca4bfaec9
data/raw/ooc/OOC_image_dataset/train/bad/cell_type_CACO/4+_days/230403_8.png,230403_8,230403,train,bad,0,CACO,4+_days,train,aa3e95b7fbd41d36f3d2fc1d774b0e63f71dbffbd5f261e0db1087b9791bff7e
data/raw/ooc/OOC_image_dataset/train/bad/cell_type_CACO/4+_days/230405_1.png,230405_1,230405,train,bad,0,CACO,4+_days,train,de895e278ae5444af11941ed05fe6b7fc727e109bca135ccc3112b5077433d87
data/raw/ooc/OOC_image_dataset/train/bad/cell_type_CACO/4+_days/230405_10.png,230405_10,230405,train,bad,0,CACO,4+_days,train,35433bc68b785f3a405fb32c53e9ad18584adc6154e73d890c97b9265e6d3820
data/raw/ooc/OOC_image_dataset/train/bad/cell_type_CACO/4+_days/230405_11.png,230405_11,230405,train,bad,0,CACO,4+_days,train,6ab952120aed40d358048d5fd2ac158a065375ae44138725c2ead82d412d0ba0
data/raw/ooc/OOC_image_dataset/train/bad/cell_type_CACO/4+_days/230405_12.png,230405_12,230405,train,bad,0,CACO,4+_days,train,28c67e45e52a6ea9884497dcca6248e21b89acd35c54a21a56fd614fc9fdeec3
data/raw/ooc/OOC_image_dataset/train/bad/cell_type_CACO/4+_days/230405_13.png,230405_13,230405,train,bad,0,CACO,4+_days,train,db9f8a28acd00588af92e131d101d6f8ce7f9f4c8eddeef69b0a6f233707da31
data/raw/ooc/OOC_image_dataset/train/bad/cell_type_CACO/4+_days/230405_14.png,230405_14,230405,train,bad,0,CACO,4+_days,train,8294e00b8b30573a2a21df3b5ae43fcf7367a274468deae80bae085d7d3b029b
data/raw/ooc/OOC_image_dataset/train/bad/cell_type_CACO/4+_days/230405_15.png,230405_15,230405,train,bad,0,CACO,4+_days,train,7fd81b4ec0ae10ade8d837617be2b3a033e37281b2067e7976db3f1e5d46f8a7
data/raw/ooc/OOC_image_dataset/train/bad/cell_type_CACO/4+_days/230405_17.png,230405_17,230405,train,bad,0,CACO,4+_days,train,2a2a6f904cb42535c726a6ddf8e1f27080feb0cf0ec2c4850515f537c8ea6141
data/raw/ooc/OOC_image_dataset/train/bad/cell_type_CACO/4+_days/230405_18.png,230405_18,230405,train,bad,0,CACO,4+_days,train,701868435e005e70d516d359757b691a6db4eedde999d9de3654be0b59bf00e6
data/raw/ooc/OOC_image_dataset/train/bad/cell_type_CACO/4+_days/230405_19.png,230405_19,230405,train,bad,0,CACO,4+_days,train,1d3cc4f4538ce5c70fa3ae0e7f62453d1ca10114405e2c5436a5fdb61e37826b
data/raw/ooc/OOC_image_dataset/train/bad/cell_type_CACO/4+_days/230405_2.png,230405_2,230405,train,bad,0,CACO,4+_days,train,9369a7daa52f2e4d75da8597bd69836cc3618122d1c86a8ee7bbf266a02c872f
data/raw/ooc/OOC_image_dataset/train/bad/cell_type_CACO/4+_days/230405_20.png,230405_20,230405,train,bad,0,CACO,4+_days,train,7df0466e912fc04e0984dd2dfc97392552822808647500f21cfe7bfe14500641
data/raw/ooc/OOC_image_dataset/train/bad/cell_type_CACO/4+_days/230405_23.png,230405_23,230405,train,bad,0,CACO,4+_days,train,e8d1c0cc7eeb79e5dbf94be819d2467cbdd7795eb811240d0396af9826ccf6c3
data/raw/ooc/OOC_image_dataset/train/bad/cell_type_CACO/4+_days/230405_24.png,230405_24,230405,train,bad,0,CACO,4+_days,train,79eba45f5f5437355a2801f5261293c7f51608aeef0ee3ddb2b929313238ebf6
data/raw/ooc/OOC_image_dataset/train/bad/cell_type_CACO/4+_days/230405_26.png,230405_26,230405,train,bad,0,CACO,4+_days,train,c87be7ca98666d092b12c51331e775d10696ad4eca2b8da931a7144d4392fa73
data/raw/ooc/OOC_image_dataset/train/bad/cell_type_CACO/4+_days/230405_29.png,230405_29,230405,train,bad,0,CACO,4+_days,train,431dcc8ada9197555871a984ef62fc6329cb6857b4f0c7648cbd117cf9fcaa93
data/raw/ooc/OOC_image_dataset/train/bad/cell_type_CACO/4+_days/230405_30.png,230405_30,230405,train,bad,0,CACO,4+_days,train,ca0cb58ac46d3b1dc4f7117f55229da253ca714fafb0e7950c3c40ecf86a0d9c
data/raw/ooc/OOC_image_dataset/train/bad/cell_type_CACO/4+_days/230405_33.png,230405_33,230405,train,bad,0,CACO,4+_days,train,6c22c82672808c20e7e3a7b6a4db076230937a8cdd642456d1014746a3fa97ef
data/raw/ooc/OOC_image_dataset/train/bad/cell_type_CACO/4+_days/230405_34.png,230405_34,230405,train,bad,0,CACO,4+_days,train,a6c6c25aec7433b9f21a52a4bd077fb415068c830d46ca3bd2e20f3852994897
data/raw/ooc/OOC_image_dataset/train/bad/cell_type_CACO/4+_days/230405_35.png,230405_35,230405,train,bad,0,CACO,4+_days,train,6cbaf336b3be04f6e02c6038b8135181f2836442adec9ba4d1f2cbfda56bab05
data/raw/ooc/OOC_image_dataset/train/bad/cell_type_CACO/4+_days/230405_4.png,230405_4,230405,train,bad,0,CACO,4+_days,train,99c51302dd5798bf1c9358c71942692d34c460532c559cc3e10b47cc22c3258d
data/raw/ooc/OOC_image_dataset/train/bad/cell_type_CACO/4+_days/230405_5.png,230405_5,230405,train,bad,0,CACO,4+_days,train,b0af5e873b27d016802222e80a8bd98136d89386932f964a23b53d0cda327506
data/raw/ooc/OOC_image_dataset/train/bad/cell_type_CACO/4+_days/230405_6.png,230405_6,230405,train,bad,0,CACO,4+_days,train,0a80347db06871619932f21d55fc0d17832c15b432847976741a41c74cdcf70a
data/raw/ooc/OOC_image_dataset/train/bad/cell_type_CACO/4+_days/230405_7.png,230405_7,230405,train,bad,0,CACO,4+_days,train,a97377e25395eee0779e784d336957fa524697258733751dec38fbcf929602e8
data/raw/ooc/OOC_image_dataset/train/bad/cell_type_CACO/4+_days/230405_8.png,230405_8,230405,train,bad,0,CACO,4+_days,train,d6abd30f6bcf08f7b2ac64e71b87c610394f98b414596c1edc3bab83858a978c
data/raw/ooc/OOC_image_dataset/train/bad/cell_type_CACO/4+_days/230411_40.png,230411_40,230411,validation,bad,0,CACO,4+_days,train,59428503176b7d120c7094bbf32066693a703eb045a0609d15b77799db799bba
data/raw/ooc/OOC_image_dataset/train/bad/cell_type_CACO/4+_days/230411_41.png,230411_41,230411,validation,bad,0,CACO,4+_days,train,7c043045cacfd755ee0889400694d4be6b90a7c1f4e556af444f9482964a37d8
data/raw/ooc/OOC_image_dataset/train/bad/cell_type_CACO/4+_days/230411_42.png,230411_42,230411,validation,bad,0,CACO,4+_days,train,a643afb720fff5077c5e55882db1c2fe239eb9ade0e560823a6c847c5ea93c08
data/raw/ooc/OOC_image_dataset/train/bad/cell_type_CACO/4+_days/230411_43.png,230411_43,230411,validation,bad,0,CACO,4+_days,train,651bdbca1218c7d12cd43cc0e2f1eadda40a6b0c988371e8bc510d4b2c161b37
data/raw/ooc/OOC_image_dataset/train/bad/cell_type_CACO/4+_days/230411_44.png,230411_44,230411,validation,bad,0,CACO,4+_days,train,ce467b2ac7420d4f5840ce16fd5d8031e68ce0b2486b7864f06bb57c96c3a27f
data/raw/ooc/OOC_image_dataset/train/bad/cell_type_CACO/4+_days/230411_45.png,230411_45,230411,validation,bad,0,CACO,4+_days,train,db1106f8230c73cb5f815a7dffd087a3b9ed0b7875f0390f905fac329104689a
data/raw/ooc/OOC_image_dataset/train/bad/cell_type_CACO/4+_days/230411_47.png,230411_47,230411,validation,bad,0,CACO,4+_days,train,bd0a2e5b7481d376494efa88bfe352b92a8f0bba4abae1d209e71d387253b8b8
data/raw/ooc/OOC_image_dataset/train/bad/cell_type_CACO/4+_days/230411_48.png,230411_48,230411,validation,bad,0,CACO,4+_days,train,47d0621f8073d9d3b869613758e8ec28b9546c20c8e6098ff30fa507b6cb4c3d
data/raw/ooc/OOC_image_dataset/train/bad/cell_type_CACO/4+_days/230411_49.png,230411_49,230411,validation,bad,0,CACO,4+_days,train,0018acb3a97b5be59efee3ea51c8258d884a04c1c6c6a88105fb705df7180dce
data/raw/ooc/OOC_image_dataset/train/bad/cell_type_CACO/4+_days/230411_50.png,230411_50,230411,validation,bad,0,CACO,4+_days,train,2dba71d44c9c664842fae69d66f6a25dca0ba7547413d80b3a52edde9fa8ce9a
data/raw/ooc/OOC_image_dataset/train/bad/cell_type_CACO/4+_days/230411_52.png,230411_52,230411,validation,bad,0,CACO,4+_days,train,5fb1a346707eab380a67031f1b416adcc24b756fb0c46264cbe80307cba8959a
data/raw/ooc/OOC_image_dataset/train/bad/cell_type_CACO/4+_days/230411_53.png,230411_53,230411,validation,bad,0,CACO,4+_days,train,6280e65644597ba8ce5a042b6adf2f44f183a5dcccd4f969bb4199133239b66d
data/raw/ooc/OOC_image_dataset/train/bad/cell_type_CACO/4+_days/230411_54.png,230411_54,230411,validation,bad,0,CACO,4+_days,train,d02eb61c0351d8361f1e3c8be81bc9cba382b0f5ac28a476ae47af540271f389
data/raw/ooc/OOC_image_dataset/train/bad/cell_type_CACO/4+_days/230411_55.png,230411_55,230411,validation,bad,0,CACO,4+_days,train,81f96fae6b72c90d86c93ab610d69768bdd9e5555731915035ca01a68e88b462
data/raw/ooc/OOC_image_dataset/train/bad/cell_type_CACO/4+_days/230411_56.png,230411_56,230411,validation,bad,0,CACO,4+_days,train,4424b2ab4f2c8446631506c132d61ac4203352d886086b4634f9f583bb671b7f
data/raw/ooc/OOC_image_dataset/train/bad/cell_type_CACO/4+_days/230411_57.png,230411_57,230411,validation,bad,0,CACO,4+_days,train,124e2528ca9d1b775626d8892a46193817d8bed909ee8a5352d57d229f3ea9ed
data/raw/ooc/OOC_image_dataset/train/bad/cell_type_CACO/4+_days/230411_58.png,230411_58,230411,validation,bad,0,CACO,4+_days,train,0244a9c518e052c0a29e77205a9797a46e58c8e59c4ae09941ec94fa7f536c5f
data/raw/ooc/OOC_image_dataset/train/bad/cell_type_CACO/4+_days/230411_59.png,230411_59,230411,validation,bad,0,CACO,4+_days,train,4e958a32ba22998c74727fba980e18af5269ad4f577b37aa3c9d924b8fc45c27
data/raw/ooc/OOC_image_dataset/train/bad/cell_type_CACO/4+_days/230411_61.png,230411_61,230411,validation,bad,0,CACO,4+_days,train,9db39c4556a132f0dd5672bf43c44ceb9f06a3613a456136f752a13e44952eb8
data/raw/ooc/OOC_image_dataset/train/bad/cell_type_CACO/4+_days/230411_62.png,230411_62,230411,validation,bad,0,CACO,4+_days,train,263550b13b732a53d58efb87dbc1b5e6d424609d5e1cbd583b9bb9eeea36a594
data/raw/ooc/OOC_image_dataset/train/bad/cell_type_CACO/4+_days/230411_63.png,230411_63,230411,validation,bad,0,CACO,4+_days,train,e0e69e7ef563c70a32081aadaadb0c57ab3569804a0778c06e6f4c2a90db4747
data/raw/ooc/OOC_image_dataset/train/bad/cell_type_CACO/4+_days/230411_64.png,230411_64,230411,validation,bad,0,CACO,4+_days,train,9f9a0dd54cbdb88bee9e59af83dcb216d2f167b1a6186bd328f3b2b8f469dc30
data/raw/ooc/OOC_image_dataset/train/bad/cell_type_CACO/4+_days/230411_65.png,230411_65,230411,validation,bad,0,CACO,4+_days,train,f6b7ec73bee19585bb0b4cd2ed01c611e5ae07e7e2c4e793a6ea6d5c79bb3043
data/raw/ooc/OOC_image_dataset/train/bad/cell_type_CACO/4+_days/230411_66.png,230411_66,230411,validation,bad,0,CACO,4+_days,train,721c1f6307c7884ea12aac15b0f81ae623a3919e0b894f78f545ace27bbf4571
data/raw/ooc/OOC_image_dataset/train/bad/cell_type_CACO/4+_days/230411_69.png,230411_69,230411,validation,bad,0,CACO,4+_days,train,04cf241d3d543beac67db53f757fe59abf61a0b7da404b1de5233ca8d747d6a1
data/raw/ooc/OOC_image_dataset/train/bad/cell_type_CACO/4+_days/230411_70.png,230411_70,230411,validation,bad,0,CACO,4+_days,train,3863b2f9ce391618994e1fd97370c329fce990279e2907d469e4b1a57854bf54
data/raw/ooc/OOC_image_dataset/train/bad/cell_type_CACO/4+_days/230411_74.png,230411_74,230411,validation,bad,0,CACO,4+_days,train,d174d4a63832f687f7564a8a6c4749d47e2333256365242f75a7f8756958b5b3
data/raw/ooc/OOC_image_dataset/train/bad/cell_type_CACO/4+_days/230411_75.png,230411_75,230411,validation,bad,0,CACO,4+_days,train,7425916d8a72066694a630226ed83b0a96861ed8903a3ccb96f450d84724d1ed
data/raw/ooc/OOC_image_dataset/train/bad/cell_type_CACO/4+_days/230411_77.png,230411_77,230411,validation,bad,0,CACO,4+_days,train,0551f0d26efe7dfe4735761986508b7563e071b663686be449534941b24fb5ce
data/raw/ooc/OOC_image_dataset/train/bad/cell_type_CACO/4+_days/230411_78.png,230411_78,230411,validation,bad,0,CACO,4+_days,train,9dd70417901217136f94c029a5a095aeeb452d5cd597d2a53a46be9e2d9b7693
data/raw/ooc/OOC_image_dataset/train/bad/cell_type_CACO/4+_days/230411_79.png,230411_79,230411,validation,bad,0,CACO,4+_days,train,b44a2dbfa1fc5721556887e4a203ce70c6e6275d08dd9a77c3475358fa1abd02
data/raw/ooc/OOC_image_dataset/train/bad/cell_type_CACO/4+_days/230425_180.png,230425_180,230425,train,bad,0,CACO,4+_days,train,293abaedd0f575228de95f6ce5fbc304655f8f96dfd14d40b6fcb866ed3d976c
data/raw/ooc/OOC_image_dataset/train/bad/cell_type_CACO/4+_days/230425_181.png,230425_181,230425,train,bad,0,CACO,4+_days,train,92ed303dde107adb302966cc2512cb3922fb88526882455047e6d3c0e189f4ab
data/raw/ooc/OOC_image_dataset/train/bad/cell_type_CACO/4+_days/230425_184.png,230425_184,230425,train,bad,0,CACO,4+_days,train,2d64d0f6b1f8d6d80af567627e5ad6b9796d6e2966fdda9be1b1cdf040b690e5
data/raw/ooc/OOC_image_dataset/train/bad/cell_type_CACO/4+_days/230425_185.png,230425_185,230425,train,bad,0,CACO,4+_days,train,2a9ffe81fb52cef849d9f7b1fd578dd0d3715af58033f945286c2d4e2331a8a7
data/raw/ooc/OOC_image_dataset/train/bad/cell_type_CACO/4+_days/230425_187.png,230425_187,230425,train,bad,0,CACO,4+_days,train,15e38f3da78406ee576c7865946763533f0bfd0e05c189bf84b7034c6f052d16
data/raw/ooc/OOC_image_dataset/train/bad/cell_type_CACO/4+_days/230425_190.png,230425_190,230425,train,bad,0,CACO,4+_days,train,a12f8ec6bf84fab967cabe232833c001fed4e0d6fec1a54a92f42abf167af3ef
data/raw/ooc/OOC_image_dataset/train/bad/cell_type_CACO/4+_days/230425_192.png,230425_192,230425,train,bad,0,CACO,4+_days,train,55728dede33c17139490345b21b189a4fa0b6e009965737dc7b494766d1b6482
data/raw/ooc/OOC_image_dataset/train/bad/cell_type_CACO/4+_days/230425_193.png,230425_193,230425,train,bad,0,CACO,4+_days,train,a8cd5cbe71a9d2877b778241299e941ddbdfba2241dccfe139fae825e1edb1ad
data/raw/ooc/OOC_image_dataset/train/bad/cell_type_CACO/4+_days/230425_194.png,230425_194,230425,train,bad,0,CACO,4+_days,train,44d1de18abc6716e003663758955e98f986d78617681fedbd7df890175b64cc0
data/raw/ooc/OOC_image_dataset/train/bad/cell_type_CACO/4+_days/230425_196.png,230425_196,230425,train,bad,0,CACO,4+_days,train,a949510901b78e0cd2875984bd80ccd01194384cc9214aa478dbdbb3648c1b7c
data/raw/ooc/OOC_image_dataset/train/bad/cell_type_CACO/4+_days/230425_200.png,230425_200,230425,train,bad,0,CACO,4+_days,train,26355a98b76390e5c9b21f6071e833f4b87c0f359522d8f31ecf2333d0ea3820
data/raw/ooc/OOC_image_dataset/train/bad/cell_type_CACO/4+_days/230425_201.png,230425_201,230425,train,bad,0,CACO,4+_days,train,639e87b0afdd5bb936076d3dc0f8827876aa992ae418b7073a0431407ecd32f6
data/raw/ooc/OOC_image_dataset/train/bad/cell_type_CACO/4+_days/230425_202.png,230425_202,230425,train,bad,0,CACO,4+_days,train,74393a621bec553540b040d7d8ae9daa566a2d26b86aaa5953a02fab51d48c6d
data/raw/ooc/OOC_image_dataset/train/bad/cell_type_CACO/4+_days/230425_206.png,230425_206,230425,train,bad,0,CACO,4+_days,train,7424db14a6a96c3b1afad502a2cc266afe8eb0824b92716905b9484986164a71
data/raw/ooc/OOC_image_dataset/train/bad/cell_type_CACO/4+_days/230425_207.png,230425_207,230425,train,bad,0,CACO,4+_days,train,8a034d62f2108a33da104db5dd967f860c8b3cacdf093bf2ba159fe581cd747b
data/raw/ooc/OOC_image_dataset/train/bad/cell_type_CACO/4+_days/230425_208.png,230425_208,230425,train,bad,0,CACO,4+_days,train,685c618b9f97f6027d42d65a716c32dd80c6fe392869748c24770b763cbc7d13
data/raw/ooc/OOC_image_dataset/train/bad/cell_type_CACO/4+_days/230425_210.png,230425_210,230425,train,bad,0,CACO,4+_days,train,f1c9788e13d20b278007d893e261f492bb12c8733f65510d6e6a1f165eb176ea
data/raw/ooc/OOC_image_dataset/train/bad/cell_type_CACO/4+_days/230425_212.png,230425_212,230425,train,bad,0,CACO,4+_days,train,a7a9bd73f11d0f89bf80681bd7a45d72fba1354d9271c7c57e94d4075e9ba86a
data/raw/ooc/OOC_image_dataset/train/bad/cell_type_CACO/4+_days/230425_214.png,230425_214,230425,train,bad,0,CACO,4+_days,train,b61a2c3bb20b5862b7355f14508d7ff66106b8585160806eeaa9546eb0c5bda3
data/raw/ooc/OOC_image_dataset/train/bad/cell_type_CACO/4+_days/230425_215.png,230425_215,230425,train,bad,0,CACO,4+_days,train,ad2d26e7155f5628bedd108bdd6ee6e29677b9dc37f7b3d5b5b4eb4c5f00223b
data/raw/ooc/OOC_image_dataset/train/bad/cell_type_CACO/4_days/220608_1.png,220608_1,220608,train,bad,0,CACO,4_days,train,b8eaa0d25cd407a7e2885d2e711a2279afc6e34dfdf35d07846052c6ffb676cc
data/raw/ooc/OOC_image_dataset/train/bad/cell_type_CACO/4_days/220608_11.png,220608_11,220608,train,bad,0,CACO,4_days,train,870b6621c1a1536aee77020d33fadb2965ac58490aca384a65fa7bc971cf85ac
data/raw/ooc/OOC_image_dataset/train/bad/cell_type_CACO/4_days/220608_2.png,220608_2,220608,train,bad,0,CACO,4_days,train,be872a827fc6f61a5f855ea948a84e84f11cd531009ae6704edf0c2687d77240
data/raw/ooc/OOC_image_dataset/train/bad/cell_type_CACO/4_days/220608_3.png,220608_3,220608,train,bad,0,CACO,4_days,train,f93a54dbf79eb20bd1cd07c841235f910bda96b28ec8ee2572bdecdb64c73cf5
data/raw/ooc/OOC_image_dataset/train/bad/cell_type_CACO/4_days/220608_4.png,220608_4,220608,train,bad,0,CACO,4_days,train,2400a0bfed30f57d918685b6ea885d0784062853cec95b258aa8ea9e408019b5
data/raw/ooc/OOC_image_dataset/train/bad/cell_type_CACO/4_days/220608_5.png,220608_5,220608,train,bad,0,CACO,4_days,train,ed5879d33a4b81a4ba29f952af0ad515308bd4bc2c9fb6ff7650b78b1776b696
data/raw/ooc/OOC_image_dataset/train/bad/cell_type_CACO/4_days/220608_6.png,220608_6,220608,train,bad,0,CACO,4_days,train,e93c6499d537f81f6bceb097d59cf0a30d17dd664811b1fddd3622adf5418875
data/raw/ooc/OOC_image_dataset/train/bad/cell_type_HPMEC/0-1_days/220429_04.png,220429_04,220429,train,bad,0,HPMEC,0-1_days,train,a76eb5b973abaf6af9330efdf9ea4a469912d380971e53405615045892ea61b9
data/raw/ooc/OOC_image_dataset/train/bad/cell_type_HPMEC/0-1_days/220429_07.png,220429_07,220429,train,bad,0,HPMEC,0-1_days,train,a49ed8adb2108ccbb22a372811899fe451b1e287556a1f4f24ebee8b105fc598
data/raw/ooc/OOC_image_dataset/train/bad/cell_type_HPMEC/0-1_days/220429_08.png,220429_08,220429,train,bad,0,HPMEC,0-1_days,train,e314735fa3ff78ab47efb9ecd087cd564ecd12c71f9ba6713833cd0e8c8d18c5
data/raw/ooc/OOC_image_dataset/train/bad/cell_type_HPMEC/0-1_days/220429_13.png,220429_13,220429,train,bad,0,HPMEC,0-1_days,train,8844d69ea32d9cb27e369cecc236da94fd93ddf7543873f6460e80b9a70d97e7
data/raw/ooc/OOC_image_dataset/train/bad/cell_type_HPMEC/0-1_days/220429_16.png,220429_16,220429,train,bad,0,HPMEC,0-1_days,train,33259ffed64533ac18793bb5389865b57fbd6ee8f4222208999f066ec8b97fdd
data/raw/ooc/OOC_image_dataset/train/bad/cell_type_HPMEC/0-1_days/220708_1.png,220708_1,220708,train,bad,0,HPMEC,0-1_days,train,4b48a11e9846d0ed527cef265b61c1469ee219db22bfeefad68d395ac1fac943
data/raw/ooc/OOC_image_dataset/train/bad/cell_type_HPMEC/0-1_days/220708_2.png,220708_2,220708,train,bad,0,HPMEC,0-1_days,train,a198347197d5fbb195bd3a9d553a737d3b62a1cf0b31df456bf04b3c30ee4006
data/raw/ooc/OOC_image_dataset/train/bad/cell_type_HPMEC/0-1_days/220715_7.png,220715_7,220715,train,bad,0,HPMEC,0-1_days,train,ca546c8b762f9cdbc32ee7f39a4bcb32706d7ac84b5ec03d53b96d15eff8c70d
data/raw/ooc/OOC_image_dataset/train/bad/cell_type_HPMEC/0-1_days/220715_8.png,220715_8,220715,train,bad,0,HPMEC,0-1_days,train,7d08642374fc3a902be67236b8660858ff6620fe709d054f04fd842d7f4f937a
data/raw/ooc/OOC_image_dataset/train/bad/cell_type_HPMEC/0-1_days/220715_9.png,220715_9,220715,train,bad,0,HPMEC,0-1_days,train,6ab1b90c1d9e0d44ef00239f20afc228647f5e2d04362a62d0e2840ade989fc3
data/raw/ooc/OOC_image_dataset/train/bad/cell_type_HPMEC/0-1_days/221010_30.png,221010_30,221010,test,bad,0,HPMEC,0-1_days,train,462b6a99412f503837c9ef7b0285a8a027657ae231e5a0bb49c29a8b0ce0f50d
data/raw/ooc/OOC_image_dataset/train/bad/cell_type_HPMEC/0-1_days/221010_31.png,221010_31,221010,test,bad,0,HPMEC,0-1_days,train,dcbb3623a787a8aa8971412b49bb70388f45ff71316d28f4fe566b1c7434026e
data/raw/ooc/OOC_image_dataset/train/bad/cell_type_HPMEC/0-1_days/221010_32.png,221010_32,221010,test,bad,0,HPMEC,0-1_days,train,ff2a4d4111322f926142b078dc0b85a09339179323b430634373d32c5e3c6078
data/raw/ooc/OOC_image_dataset/train/bad/cell_type_HPMEC/0-1_days/221010_34.png,221010_34,221010,test,bad,0,HPMEC,0-1_days,train,b5aa46e30732c360e31b46f22bdc61aa71efd164b5c9d49454bf31e4c309cdbd
data/raw/ooc/OOC_image_dataset/train/bad/cell_type_HPMEC/0-1_days/221010_35.png,221010_35,221010,test,bad,0,HPMEC,0-1_days,train,906a9596618839c265a8bbc892e7a32dd98f9b4187fd19df76da8651ae23117d
data/raw/ooc/OOC_image_dataset/train/bad/cell_type_HPMEC/0-1_days/221010_36.png,221010_36,221010,test,bad,0,HPMEC,0-1_days,train,6d85a39cc2c1778e624bffa41d54623969d9f2689d71969aa88a528641bd583f
data/raw/ooc/OOC_image_dataset/train/bad/cell_type_HPMEC/0-1_days/221010_37.png,221010_37,221010,test,bad,0,HPMEC,0-1_days,train,44103d679ddb0b0844d7f016b98da8938990433c7ea10c8abe53f6496453a108
data/raw/ooc/OOC_image_dataset/train/bad/cell_type_HPMEC/0-1_days/221010_38.png,221010_38,221010,test,bad,0,HPMEC,0-1_days,train,6c6aee67649ef64be7c4012910d62b8c4d776e332475f0b46a85387b5d64e191
data/raw/ooc/OOC_image_dataset/train/bad/cell_type_HPMEC/0-1_days/221010_39.png,221010_39,221010,test,bad,0,HPMEC,0-1_days,train,bfe7d901aa17699b64b976c076091ec3afba834c9cfe2f72b2de09b75dc1fe64
data/raw/ooc/OOC_image_dataset/train/bad/cell_type_HPMEC/0-1_days/221010_43.png,221010_43,221010,test,bad,0,HPMEC,0-1_days,train,ec9841cbd575870f2649f9b05ea2b984b971678d29080d576d8c2d414de68630
data/raw/ooc/OOC_image_dataset/train/bad/cell_type_HPMEC/0-1_days/230206_5.png,230206_5,230206,train,bad,0,HPMEC,0-1_days,train,ccbafaa8df22c15a462653dd104d453d906934da0977a252ee5e03ccfec30c0e
data/raw/ooc/OOC_image_dataset/train/bad/cell_type_HPMEC/0-1_days/230206_7.png,230206_7,230206,train,bad,0,HPMEC,0-1_days,train,5ea556a36f7aa890185b9cd2001f25f2d0a568d223be6cb10c3c5241f16d4c8c
data/raw/ooc/OOC_image_dataset/train/bad/cell_type_HPMEC/0-1_days/230206_8.png,230206_8,230206,train,bad,0,HPMEC,0-1_days,train,4ebbddd60015df5ad9ecbfd03dfbeb3d735c0a98f566e708328751900a917ea1
data/raw/ooc/OOC_image_dataset/train/bad/cell_type_HPMEC/0-1_days/230214_12.png,230214_12,230214,validation,bad,0,HPMEC,0-1_days,train,a4d0c20fa99ad7d242c3e4d34c64b3ba3499f966d4905292008aa55a3ba9c5d3
data/raw/ooc/OOC_image_dataset/train/bad/cell_type_HPMEC/0-1_days/230214_46.png,230214_46,230214,validation,bad,0,HPMEC,0-1_days,train,5f6555f72429182b39dbc97f7d4d313e4f1e441ccbc8bfe58206ca88b0181bb5
data/raw/ooc/OOC_image_dataset/train/bad/cell_type_HPMEC/0-1_days/230215_19.png,230215_19,230215,validation,bad,0,HPMEC,0-1_days,train,6ea8238d8be9013c84aedb7b52f6be2c09985d4c225d00744944204eabaa84f5
data/raw/ooc/OOC_image_dataset/train/bad/cell_type_HPMEC/0-1_days/230215_24.png,230215_24,230215,validation,bad,0,HPMEC,0-1_days,train,dcb119fd4895681a70edf2c88c78a8c266cefb3aed4f8ab113d2e41d38d5a629
data/raw/ooc/OOC_image_dataset/train/bad/cell_type_HPMEC/0-1_days/230215_5.png,230215_5,230215,validation,bad,0,HPMEC,0-1_days,train,1093350470e16c65910cb67dd0ad3981d469b83dde52043609fc558593366559
data/raw/ooc/OOC_image_dataset/train/bad/cell_type_HPMEC/0-1_days/230215_6.png,230215_6,230215,validation,bad,0,HPMEC,0-1_days,train,34a5c6115a47ae8d8502828fb18f75414abd94c516c1023c7585ad27dc636774
data/raw/ooc/OOC_image_dataset/train/bad/cell_type_HPMEC/0-1_days/230215_8.png,230215_8,230215,validation,bad,0,HPMEC,0-1_days,train,ec5ceca85fc711f10eb7a4da73ddfb5fa68a53b7a7c7453568174aada7b71846
data/raw/ooc/OOC_image_dataset/train/bad/cell_type_HPMEC/0-1_days/230314_11.png,230314_11,230314,train,bad,0,HPMEC,0-1_days,train,9922f4609ee5d569720e8a55015dc55de1c45d8ccb88f789901a011e168b97e1
data/raw/ooc/OOC_image_dataset/train/bad/cell_type_HPMEC/0-1_days/230314_13.png,230314_13,230314,train,bad,0,HPMEC,0-1_days,train,5e12346729ef2c55c0bd90807d7193de7b284585e481170e06a742f954ad108f
data/raw/ooc/OOC_image_dataset/train/bad/cell_type_HPMEC/0-1_days/230314_15.png,230314_15,230314,train,bad,0,HPMEC,0-1_days,train,2616519494cad200c66f75cca0fe817290a83ea413457c973615b8c4dc95d5d9
data/raw/ooc/OOC_image_dataset/train/bad/cell_type_HPMEC/0-1_days/230314_16.png,230314_16,230314,train,bad,0,HPMEC,0-1_days,train,c7f6aa308f616f824a4d1f5e563f5546dd703a6a1b91acb5a4456f163514248b
data/raw/ooc/OOC_image_dataset/train/bad/cell_type_HPMEC/0-1_days/230314_17.png,230314_17,230314,train,bad,0,HPMEC,0-1_days,train,91ff57d253cb36bf0ea6ad24509b07c63bfdd1ee30c115f0151ac4279c842c10
data/raw/ooc/OOC_image_dataset/train/bad/cell_type_HPMEC/0-1_days/230314_18.png,230314_18,230314,train,bad,0,HPMEC,0-1_days,train,952849ac20d5e21d17706e62ba1e817298e33ea649c06a1d7759ceb141b0b767
data/raw/ooc/OOC_image_dataset/train/bad/cell_type_HPMEC/0-1_days/230314_19.png,230314_19,230314,train,bad,0,HPMEC,0-1_days,train,131f0ad02e3ec85805c86eecdd8cdf2a0e521ee88ceab43d9433c4bc328b6cec
data/raw/ooc/OOC_image_dataset/train/bad/cell_type_HPMEC/0-1_days/230314_20.png,230314_20,230314,train,bad,0,HPMEC,0-1_days,train,3492cb842341207cb07f9a51d817d0f979b9ab0ca28136aeebd55c23bfa66805
data/raw/ooc/OOC_image_dataset/train/bad/cell_type_HPMEC/0-1_days/230314_22.png,230314_22,230314,train,bad,0,HPMEC,0-1_days,train,469d0205ec3008bd27500d9613f10d48087ccedccf9b3cde432c16a5871a56af
data/raw/ooc/OOC_image_dataset/train/bad/cell_type_HPMEC/0-1_days/230314_25.png,230314_25,230314,train,bad,0,HPMEC,0-1_days,train,dd505e41d8c7ef6f5b510a62d9aff99ecc26741b86c4be043431ea5778aa5ffe
data/raw/ooc/OOC_image_dataset/train/bad/cell_type_HPMEC/0-1_days/230314_28.png,230314_28,230314,train,bad,0,HPMEC,0-1_days,train,167b000a369218d1cbda264fb30ee0c335fe357e737617b8503c31176b1b588f
data/raw/ooc/OOC_image_dataset/train/bad/cell_type_HPMEC/0-1_days/230314_29.png,230314_29,230314,train,bad,0,HPMEC,0-1_days,train,e81a9b6f3af0162940efa19bb878a3871b19c523c8b50f46bddffd1a847baca6
data/raw/ooc/OOC_image_dataset/train/bad/cell_type_HPMEC/0-1_days/230314_30.png,230314_30,230314,train,bad,0,HPMEC,0-1_days,train,42f9838871a8a06e0abbfaa33aacfbea20fca44a3495436a61aeb64cafa63b98
data/raw/ooc/OOC_image_dataset/train/bad/cell_type_HPMEC/0-1_days/230314_31.png,230314_31,230314,train,bad,0,HPMEC,0-1_days,train,f8255f3cda31b7332c39d2de64877bb74fbf09d997b535d538b98839de3ae93c
data/raw/ooc/OOC_image_dataset/train/bad/cell_type_HPMEC/0-1_days/230314_32.png,230314_32,230314,train,bad,0,HPMEC,0-1_days,train,c668abebf6ff86f235cfdb20500d6b8f4e72de02d9499a089acc7e853dc24e94
data/raw/ooc/OOC_image_dataset/train/bad/cell_type_HPMEC/0-1_days/230314_33.png,230314_33,230314,train,bad,0,HPMEC,0-1_days,train,45a9ee7fcf43c9d6f6237d2e0303cdbea8ac6c9e41cde5761ff63e60dd1f0f9d
data/raw/ooc/OOC_image_dataset/train/bad/cell_type_HPMEC/0-1_days/230314_34.png,230314_34,230314,train,bad,0,HPMEC,0-1_days,train,f1427f1fde86e0549c9afad3d8606446cae264f2b7d175478f8a3936e8e5826b
data/raw/ooc/OOC_image_dataset/train/bad/cell_type_HPMEC/0-1_days/230314_35.png,230314_35,230314,train,bad,0,HPMEC,0-1_days,train,57de15df15526bb2032a99e91638670fdd71a0684a40cb92393ed8aabc6549c5
data/raw/ooc/OOC_image_dataset/train/bad/cell_type_HPMEC/0-1_days/230314_8.png,230314_8,230314,train,bad,0,HPMEC,0-1_days,train,8898946af3df5468d3d52d43f6b152348b621789fa19c74d1adaffb6af34a8b6
data/raw/ooc/OOC_image_dataset/train/bad/cell_type_HPMEC/0-1_days/230314_9.png,230314_9,230314,train,bad,0,HPMEC,0-1_days,train,7a4f40d5d33249751c7a4b3006b9f7cece41c594e72281129407c310048a2342
data/raw/ooc/OOC_image_dataset/train/bad/cell_type_HPMEC/0-1_days/230523_10.png,230523_10,230523,train,bad,0,HPMEC,0-1_days,train,110b3970ef1cf199f63e30390402de26a70b3ceba29d7b3c0455fe8ad59814ec
data/raw/ooc/OOC_image_dataset/train/bad/cell_type_HPMEC/0-1_days/230523_101.png,230523_101,230523,train,bad,0,HPMEC,0-1_days,train,4ee569967e0a951bc37ac49e35db69b9b8b71dc36c5ddbbbbb7409505cf6345a
data/raw/ooc/OOC_image_dataset/train/bad/cell_type_HPMEC/0-1_days/230523_102.png,230523_102,230523,train,bad,0,HPMEC,0-1_days,train,a1cf8026fbc30be6a5565d7c73844d5074ae7b57bb80c2cb3f6630406eabc6f5
data/raw/ooc/OOC_image_dataset/train/bad/cell_type_HPMEC/0-1_days/230523_103.png,230523_103,230523,train,bad,0,HPMEC,0-1_days,train,b94c79c108e1c100567d37d1d439f609138d32a29a474a29f8a2ee4997f926da
data/raw/ooc/OOC_image_dataset/train/bad/cell_type_HPMEC/0-1_days/230523_104.png,230523_104,230523,train,bad,0,HPMEC,0-1_days,train,1a59080a091645298ec596d8e5dca785cd36586d4b93b6da293a18f5eaaa2248
data/raw/ooc/OOC_image_dataset/train/bad/cell_type_HPMEC/0-1_days/230523_105.png,230523_105,230523,train,bad,0,HPMEC,0-1_days,train,685a0922a1e12084a80e8145e41441b81f9cb5b5876c7e6a0c4836150bcefd77
data/raw/ooc/OOC_image_dataset/train/bad/cell_type_HPMEC/0-1_days/230523_106.png,230523_106,230523,train,bad,0,HPMEC,0-1_days,train,eb43f5101cccca69884a91cf2da0a2ca5e6b05e0fb51e4bae0d2a9f7c4fa99c6
data/raw/ooc/OOC_image_dataset/train/bad/cell_type_HPMEC/0-1_days/230523_108.png,230523_108,230523,train,bad,0,HPMEC,0-1_days,train,24759b8ac576e2ac046a9ab6a811e80c6a4943db0cd11660a6d105a06d22cd26
data/raw/ooc/OOC_image_dataset/train/bad/cell_type_HPMEC/0-1_days/230523_109.png,230523_109,230523,train,bad,0,HPMEC,0-1_days,train,cb78e053e0451d774591e06bad26958c7c90a9c7f3fd1bcdc1ff57f162601936
data/raw/ooc/OOC_image_dataset/train/bad/cell_type_HPMEC/0-1_days/230523_111.png,230523_111,230523,train,bad,0,HPMEC,0-1_days,train,c29c66606f71ccd9f9837849d13263783592645257a995383291f4440a4824f5
data/raw/ooc/OOC_image_dataset/train/bad/cell_type_HPMEC/0-1_days/230523_12.png,230523_12,230523,train,bad,0,HPMEC,0-1_days,train,513b161719e2190b5827e5f2f5e4e9b9a3ca19aa7204b67bb6c7a20d9d5866bb
data/raw/ooc/OOC_image_dataset/train/bad/cell_type_HPMEC/0-1_days/230523_14.png,230523_14,230523,train,bad,0,HPMEC,0-1_days,train,824c8761f15ac032a7f71ad674963c5f49a22ed64ae243418f37453465663041
data/raw/ooc/OOC_image_dataset/train/bad/cell_type_HPMEC/0-1_days/230523_18.png,230523_18,230523,train,bad,0,HPMEC,0-1_days,train,9d5a5dcb9f6209b946cff5753c9a153a07b15c2a6d521db4ce7799d1f6234822
data/raw/ooc/OOC_image_dataset/train/bad/cell_type_HPMEC/0-1_days/230523_19.png,230523_19,230523,train,bad,0,HPMEC,0-1_days,train,efe85e924a9f3a3e43ae78e429dfedacd2dd4116620f94ac02527c14f86a0eb8
data/raw/ooc/OOC_image_dataset/train/bad/cell_type_HPMEC/0-1_days/230523_20.png,230523_20,230523,train,bad,0,HPMEC,0-1_days,train,1cbb15dc8419bcddb9e39ddbf2fd4a46a239ee7ddd28baac5bc25b79c4d38303
data/raw/ooc/OOC_image_dataset/train/bad/cell_type_HPMEC/0-1_days/230523_23.png,230523_23,230523,train,bad,0,HPMEC,0-1_days,train,c3d01782047b48f5376d1c02f0c21a6ea04028fff6c2f9ea5b58f490e5d77841
data/raw/ooc/OOC_image_dataset/train/bad/cell_type_HPMEC/0-1_days/230523_24.png,230523_24,230523,train,bad,0,HPMEC,0-1_days,train,c2e94b84f49a0358ef33fe2f3348693a029454d073faa170ef1f16b663560b87
data/raw/ooc/OOC_image_dataset/train/bad/cell_type_HPMEC/0-1_days/230523_25.png,230523_25,230523,train,bad,0,HPMEC,0-1_days,train,644a076d33a661a680ea4c31715a0c5ed6700055d1521d7bf84989ff10ce062e
data/raw/ooc/OOC_image_dataset/train/bad/cell_type_HPMEC/0-1_days/230523_26.png,230523_26,230523,train,bad,0,HPMEC,0-1_days,train,4084614b38f16529fd4d443572b6669e4cf3525d9c9f5de1dc25b82aef1ad342
data/raw/ooc/OOC_image_dataset/train/bad/cell_type_HPMEC/0-1_days/230523_27.png,230523_27,230523,train,bad,0,HPMEC,0-1_days,train,c8f084ec7eaa54640dfa074f8584d79c310c028dbe15b16b61ec0ca4541411c0
data/raw/ooc/OOC_image_dataset/train/bad/cell_type_HPMEC/0-1_days/230523_28.png,230523_28,230523,train,bad,0,HPMEC,0-1_days,train,070658f43e1d7c8b6ce43d5f8c5003b4b223da7a8441b8e14a15c13121336f93
data/raw/ooc/OOC_image_dataset/train/bad/cell_type_HPMEC/0-1_days/230523_30.png,230523_30,230523,train,bad,0,HPMEC,0-1_days,train,946c14ba0258914acb3f90a16d32ae7b3d272922b9fd45d399cbd3ca9eb761a4
data/raw/ooc/OOC_image_dataset/train/bad/cell_type_HPMEC/0-1_days/230523_31.png,230523_31,230523,train,bad,0,HPMEC,0-1_days,train,6faa2270d877f629e96a8824cf66b6244e962e162acebb91bd34b0d0a8084b80
data/raw/ooc/OOC_image_dataset/train/bad/cell_type_HPMEC/0-1_days/230523_32.png,230523_32,230523,train,bad,0,HPMEC,0-1_days,train,26db4ddf3705f360eaa8b4216678c52663da1deadb837f1172e19d7ea82367d7
data/raw/ooc/OOC_image_dataset/train/bad/cell_type_HPMEC/0-1_days/230523_33.png,230523_33,230523,train,bad,0,HPMEC,0-1_days,train,060a6cde7227bca85091cf8a988923daa854bd436e0b6cc164d4512ed6a52031
data/raw/ooc/OOC_image_dataset/train/bad/cell_type_HPMEC/0-1_days/230523_34.png,230523_34,230523,train,bad,0,HPMEC,0-1_days,train,0ba09b2b349bec3b115745da4aa06e5ff114382695ffc4f992df7fd8f3d73b8e
data/raw/ooc/OOC_image_dataset/train/bad/cell_type_HPMEC/0-1_days/230523_37.png,230523_37,230523,train,bad,0,HPMEC,0-1_days,train,a2038f7b3c96610d45388d2f6bbd8a4aeec41c435b15df22f0722a45654233fa
data/raw/ooc/OOC_image_dataset/train/bad/cell_type_HPMEC/0-1_days/230523_41.png,230523_41,230523,train,bad,0,HPMEC,0-1_days,train,2bac4e5eb0f0d2cef901c6a0d988af8f121d3e1d0d252bb6025a2c85be5e70d3
data/raw/ooc/OOC_image_dataset/train/bad/cell_type_HPMEC/0-1_days/230523_42.png,230523_42,230523,train,bad,0,HPMEC,0-1_days,train,37f5bace7c4f070e0452cd57c0dbc486a51c5c38997d21df0cfc864bd344a4c1
data/raw/ooc/OOC_image_dataset/train/bad/cell_type_HPMEC/0-1_days/230523_45.png,230523_45,230523,train,bad,0,HPMEC,0-1_days,train,e6926ad4d73fcaeb3f3444c482ee99d3822f60e3c9d93d8f2b5884fd4a59edb4
data/raw/ooc/OOC_image_dataset/train/bad/cell_type_HPMEC/0-1_days/230523_6.png,230523_6,230523,train,bad,0,HPMEC,0-1_days,train,f6b8fbc3bf4e49bc75595c8cb9e197181af229f1c2fa029f1a096acd0ac38b6e
data/raw/ooc/OOC_image_dataset/train/bad/cell_type_HPMEC/0-1_days/230523_60.png,230523_60,230523,train,bad,0,HPMEC,0-1_days,train,c4444d826c0549c3fe0a5437d11b80db3802c04d0e11e94bab5a7acb44dd0f35
data/raw/ooc/OOC_image_dataset/train/bad/cell_type_HPMEC/0-1_days/230523_7.png,230523_7,230523,train,bad,0,HPMEC,0-1_days,train,5c6db7b630cf7173d84313bf8c586ce852b07ffc9428e938154c5139adaee647
data/raw/ooc/OOC_image_dataset/train/bad/cell_type_HPMEC/0-1_days/230523_71.png,230523_71,230523,train,bad,0,HPMEC,0-1_days,train,3ee51df02743c9ff6cb1b6c5ac961e342f02cf3a1bde1042cee38be2bf2ba9ee
data/raw/ooc/OOC_image_dataset/train/bad/cell_type_HPMEC/0-1_days/230523_79.png,230523_79,230523,train,bad,0,HPMEC,0-1_days,train,fc935aba3eb8912858ee58c6acb9ffa59d10adc9baa520876c0b6c5ce96bc825
data/raw/ooc/OOC_image_dataset/train/bad/cell_type_HPMEC/0-1_days/230523_81.png,230523_81,230523,train,bad,0,HPMEC,0-1_days,train,1516df51b5c0a014fcec01122d82098e39a277aa176eb3d0938fc61fffde15ca
data/raw/ooc/OOC_image_dataset/train/bad/cell_type_HPMEC/0-1_days/230523_89.png,230523_89,230523,train,bad,0,HPMEC,0-1_days,train,3c341b987548c1c8bcd8f3318304fc8438425a45990f53fd812886e0d902c341
data/raw/ooc/OOC_image_dataset/train/bad/cell_type_HPMEC/0-1_days/230523_9.png,230523_9,230523,train,bad,0,HPMEC,0-1_days,train,b13a3abea3bf45cb50be3db5c47d756f1a681e0c3a9d6aaf742eea87768ebb0d
data/raw/ooc/OOC_image_dataset/train/bad/cell_type_HPMEC/0-1_days/230523_90.png,230523_90,230523,train,bad,0,HPMEC,0-1_days,train,be36777f9d20637a8da2447ebb435cc80889a96939858c2fd1ed90317845b6f1
data/raw/ooc/OOC_image_dataset/train/bad/cell_type_HPMEC/0-1_days/230523_91.png,230523_91,230523,train,bad,0,HPMEC,0-1_days,train,3f9ba588458f02fbb4e8b21589d90d100b840b79510f0a55125b4b50f462739c
data/raw/ooc/OOC_image_dataset/train/bad/cell_type_HPMEC/0-1_days/230523_93.png,230523_93,230523,train,bad,0,HPMEC,0-1_days,train,a4182f6830b239be4e0a088d9a71154ae710a486e8da9b1790fc7df227b6335d
data/raw/ooc/OOC_image_dataset/train/bad/cell_type_HPMEC/0-1_days/230523_94.png,230523_94,230523,train,bad,0,HPMEC,0-1_days,train,dc7442a1882ed2e4c77fee8fdb8243f6428326743394cd8d1d64b20d50c8395c
data/raw/ooc/OOC_image_dataset/train/bad/cell_type_HPMEC/0-1_days/230523_95.png,230523_95,230523,train,bad,0,HPMEC,0-1_days,train,6b7f568b00e79f48215a1078d7adf8bf39d7d9b491630909dc5b0bade492f20d
data/raw/ooc/OOC_image_dataset/train/bad/cell_type_HPMEC/0-1_days/230523_97.png,230523_97,230523,train,bad,0,HPMEC,0-1_days,train,e509485828c015d0e96e3eeee1d6efe6971fed8e5f5444d9c3b5ac224cbb774c
data/raw/ooc/OOC_image_dataset/train/bad/cell_type_HPMEC/0-1_days/230523_98.png,230523_98,230523,train,bad,0,HPMEC,0-1_days,train,77611f5fc699cb566e6264e7c0ee2ef47e6db1ad778dccbb1bc4df25fe581f05
data/raw/ooc/OOC_image_dataset/train/bad/cell_type_HPMEC/2-3_days/230315_1.png,230315_1,230315,train,bad,0,HPMEC,2-3_days,train,fdd5a992e9c425a19e3406f0df60247d12dc8625a2cef012831d89ea193a1a1f
data/raw/ooc/OOC_image_dataset/train/bad/cell_type_HPMEC/2-3_days/230315_19.png,230315_19,230315,train,bad,0,HPMEC,2-3_days,train,6f04fa40973739c87692660ab57ececd56c158837dd2591731bf55b5adb133ea
data/raw/ooc/OOC_image_dataset/train/bad/cell_type_HPMEC/2-3_days/230315_24.png,230315_24,230315,train,bad,0,HPMEC,2-3_days,train,0cda797eaf8dce4f639f1e19b2a18ca04312646c9f84bcff760d28e2f722fa7b
data/raw/ooc/OOC_image_dataset/train/bad/cell_type_HPMEC/2-3_days/230315_25.png,230315_25,230315,train,bad,0,HPMEC,2-3_days,train,21649b46b9f5eefc95795b58e26859bcfaa002ca1b30f3ebac7490e5e8494ada
data/raw/ooc/OOC_image_dataset/train/bad/cell_type_HPMEC/2-3_days/230315_27.png,230315_27,230315,train,bad,0,HPMEC,2-3_days,train,2b6b3f6f27c47be06cff5ad12096cb9a15b484d07040cfd6e3f5f7c93274ce85
data/raw/ooc/OOC_image_dataset/train/bad/cell_type_HPMEC/2-3_days/230315_28.png,230315_28,230315,train,bad,0,HPMEC,2-3_days,train,70b8e20d318f787a3c88ae58c927d04bf7c20d5dafbe2867328862fd9fc78b71
data/raw/ooc/OOC_image_dataset/train/bad/cell_type_HPMEC/2-3_days/230315_30.png,230315_30,230315,train,bad,0,HPMEC,2-3_days,train,38ec9294c727a5f9fb87767be900ceac251b2b95a53afcae1bfc17a6e9cf0aac
data/raw/ooc/OOC_image_dataset/train/bad/cell_type_HPMEC/2-3_days/230315_31.png,230315_31,230315,train,bad,0,HPMEC,2-3_days,train,9eb8350ed37697c76692b9791973d3ef57975deb7591ecb09be9a0e352cd263d
data/raw/ooc/OOC_image_dataset/train/bad/cell_type_HPMEC/2-3_days/230315_32.png,230315_32,230315,train,bad,0,HPMEC,2-3_days,train,4b2ab2acfe006250238fea777029567e1b60479bd99b49a94cb60576d24fc8cf
data/raw/ooc/OOC_image_dataset/train/bad/cell_type_HPMEC/2-3_days/230315_34.png,230315_34,230315,train,bad,0,HPMEC,2-3_days,train,fc9ad7d9729e83ced618d5103ad10a603bbc36864017fda05591850bd23a2903
data/raw/ooc/OOC_image_dataset/train/bad/cell_type_HPMEC/2-3_days/230315_35.png,230315_35,230315,train,bad,0,HPMEC,2-3_days,train,c848a6cc380bcdf97423ac6175c1c763be4458d698a371c0d1d05949aabaf776
data/raw/ooc/OOC_image_dataset/train/bad/cell_type_HPMEC/2-3_days/230315_36.png,230315_36,230315,train,bad,0,HPMEC,2-3_days,train,7190dc02753feb555b2704cd8e2b8d59ba925ad25fc6ace8fae85c8fe7b089fb
data/raw/ooc/OOC_image_dataset/train/bad/cell_type_HPMEC/2-3_days/230315_40.png,230315_40,230315,train,bad,0,HPMEC,2-3_days,train,a479c2d0317c20bb211b3e0122aea69f16d26503333337648b11d33c51416390
data/raw/ooc/OOC_image_dataset/train/bad/cell_type_HPMEC/2-3_days/230315_57.png,230315_57,230315,train,bad,0,HPMEC,2-3_days,train,c1180829a21aa771ed23e92c48f2af7033ed7c410e5fce8dc7162b2bdb2a5177
data/raw/ooc/OOC_image_dataset/train/bad/cell_type_HPMEC/2-3_days/230315_58.png,230315_58,230315,train,bad,0,HPMEC,2-3_days,train,b9411fe0dd4d9dcab9eaa66438e53bea472732c1d86bba0b83e1328b679c5c8d
data/raw/ooc/OOC_image_dataset/train/bad/cell_type_HPMEC/2-3_days/230315_59.png,230315_59,230315,train,bad,0,HPMEC,2-3_days,train,5de9cee65e30516310f5d7aa1e5ecf985f8d5c352074cf87abc5f3592ba52f62
data/raw/ooc/OOC_image_dataset/train/bad/cell_type_HPMEC/2-3_days/230315_61.png,230315_61,230315,train,bad,0,HPMEC,2-3_days,train,4f0a07a0c11d2235616f8dfa89e4dbc7915f960ba243307a3e924ae9a234048c
data/raw/ooc/OOC_image_dataset/train/bad/cell_type_HPMEC/2-3_days/230315_62.png,230315_62,230315,train,bad,0,HPMEC,2-3_days,train,1ff939cfdd28484e3788f4f9d2396853d901b0488aa3c9b0843986f341be629a
data/raw/ooc/OOC_image_dataset/train/bad/cell_type_HPMEC/2-3_days/230315_63.png,230315_63,230315,train,bad,0,HPMEC,2-3_days,train,b9fd629f79a7843125b3ba43a5671d6a071a49399211835761b6383661cd99ad
data/raw/ooc/OOC_image_dataset/train/bad/cell_type_HPMEC/2-3_days/230315_73.png,230315_73,230315,train,bad,0,HPMEC,2-3_days,train,36ccf13152b8e9a73f01086d596fc70163e53276ae7eeba2cdaa6bba7416b62d
data/raw/ooc/OOC_image_dataset/train/bad/cell_type_HPMEC/2-3_days/230315_74.png,230315_74,230315,train,bad,0,HPMEC,2-3_days,train,efba3183ec66509cf9570addac5980085c920ee4ed835bbe06dc6a96bd6c27e8
data/raw/ooc/OOC_image_dataset/train/bad/cell_type_HPMEC/2-3_days/230315_76.png,230315_76,230315,train,bad,0,HPMEC,2-3_days,train,f8665c534f45fb4e8e218ebdbe53b47b6640717a5eb9ffe724f2cf16f700a727
data/raw/ooc/OOC_image_dataset/train/bad/cell_type_HPMEC/2-3_days/230315_78.png,230315_78,230315,train,bad,0,HPMEC,2-3_days,train,465270cedf284e5fade57310b61779cd35689cd551dbd58f0b8dd2caca784ab0
data/raw/ooc/OOC_image_dataset/train/bad/cell_type_HPMEC/2-3_days/230315_79.png,230315_79,230315,train,bad,0,HPMEC,2-3_days,train,6a0dc7360d21bc9840da2e55bea5cc2a2fa196db4138dfb71ed7aa8d5036384a
data/raw/ooc/OOC_image_dataset/train/bad/cell_type_HPMEC/2-3_days/230315_81.png,230315_81,230315,train,bad,0,HPMEC,2-3_days,train,72b7caa57ed8364a45b68492ed04e69f9b22c011c85b5716b786653691521468
data/raw/ooc/OOC_image_dataset/train/bad/cell_type_HPMEC/2-3_days/230315_93.png,230315_93,230315,train,bad,0,HPMEC,2-3_days,train,9a424ccead71f0627d320f664191a4f807afeef39542ae51e34ccd9c5272909e
data/raw/ooc/OOC_image_dataset/train/bad/cell_type_HPMEC/2-3_days/230419_1.png,230419_1,230419,train,bad,0,HPMEC,2-3_days,train,4312f5cc645de1799d3b033bd6703a54db0701139f101cc3363b0b2a8eac7e22
data/raw/ooc/OOC_image_dataset/train/bad/cell_type_HPMEC/2-3_days/230419_10.png,230419_10,230419,train,bad,0,HPMEC,2-3_days,train,2d7216879d59c0d7519acd9c1ae4de65ef71aa1229aef682134e7c04b9b9b7dc
data/raw/ooc/OOC_image_dataset/train/bad/cell_type_HPMEC/2-3_days/230419_11.png,230419_11,230419,train,bad,0,HPMEC,2-3_days,train,6299c77986924ebb3b2bc2664cfa49dc1d673ffcbafcb60cc769fb20a4d79fbb
data/raw/ooc/OOC_image_dataset/train/bad/cell_type_HPMEC/2-3_days/230419_12.png,230419_12,230419,train,bad,0,HPMEC,2-3_days,train,13801d381a6c8c27cdc5cd30a5e6e64d2193cc583e4c27c9ae084d580f8c501c
data/raw/ooc/OOC_image_dataset/train/bad/cell_type_HPMEC/2-3_days/230419_14.png,230419_14,230419,train,bad,0,HPMEC,2-3_days,train,801d164228fe00bde78e21cafdccf32968e987a94b3f49c9d91e92ee2786542f
data/raw/ooc/OOC_image_dataset/train/bad/cell_type_HPMEC/2-3_days/230419_17.png,230419_17,230419,train,bad,0,HPMEC,2-3_days,train,af23ae4bf33cd8326a445ef7a2346a4ad697ef1a2032a14dec2efdbf7d6ff3cd
data/raw/ooc/OOC_image_dataset/train/bad/cell_type_HPMEC/2-3_days/230419_18.png,230419_18,230419,train,bad,0,HPMEC,2-3_days,train,74daab789f06a7bc4dfff9d6721dea7feba293282a4fbdeed8889170d57fb46f
data/raw/ooc/OOC_image_dataset/train/bad/cell_type_HPMEC/2-3_days/230419_2.png,230419_2,230419,train,bad,0,HPMEC,2-3_days,train,8e651522ceac04f2be628a871ab0450c5a99552b1b95ee93d252a9c3f79f2ff2
data/raw/ooc/OOC_image_dataset/train/bad/cell_type_HPMEC/2-3_days/230419_20.png,230419_20,230419,train,bad,0,HPMEC,2-3_days,train,ddb82f21a05bd76a4e3c626d6cf19cd30a74af43f0bddb2e5a406999dbbbe2e4
data/raw/ooc/OOC_image_dataset/train/bad/cell_type_HPMEC/2-3_days/230419_21.png,230419_21,230419,train,bad,0,HPMEC,2-3_days,train,244ced10d12e7799508bb4d38c149c1120316ce7e2b59416bc074c0ecab4371e
data/raw/ooc/OOC_image_dataset/train/bad/cell_type_HPMEC/2-3_days/230419_22.png,230419_22,230419,train,bad,0,HPMEC,2-3_days,train,b72f968c38bf8ed82a0630eb87b150dcf38e62656297fa4a3a93008c784e1b83
data/raw/ooc/OOC_image_dataset/train/bad/cell_type_HPMEC/2-3_days/230419_23.png,230419_23,230419,train,bad,0,HPMEC,2-3_days,train,51950f05138dada262db330d5e458b2b73d1e7bc883631ec34e845e92785f3c9
data/raw/ooc/OOC_image_dataset/train/bad/cell_type_HPMEC/2-3_days/230419_24.png,230419_24,230419,train,bad,0,HPMEC,2-3_days,train,7dc041d7d19c7180e0b7ddb998ff332c1d816ccf2239afd6dc963b215a57a7fb
data/raw/ooc/OOC_image_dataset/train/bad/cell_type_HPMEC/2-3_days/230419_25.png,230419_25,230419,train,bad,0,HPMEC,2-3_days,train,a9ae08f5876e00a3828f80e64cc9189a84705ca5f8a41b855f9d84cb1e59fed5
data/raw/ooc/OOC_image_dataset/train/bad/cell_type_HPMEC/2-3_days/230419_27.png,230419_27,230419,train,bad,0,HPMEC,2-3_days,train,85bb52161d95a4b658f72258c9d11ba0d1319880c4f09808efb7087c75fe650b
data/raw/ooc/OOC_image_dataset/train/bad/cell_type_HPMEC/2-3_days/230419_28.png,230419_28,230419,train,bad,0,HPMEC,2-3_days,train,2415cd78a14c1ada5f5db61e07feaf25f14594cf55ae92276e8c2cd4a95c547e
data/raw/ooc/OOC_image_dataset/train/bad/cell_type_HPMEC/2-3_days/230419_29.png,230419_29,230419,train,bad,0,HPMEC,2-3_days,train,b1489783e6e1616c21d141bab9fbd88519c1699204f1e3a93d53751820aa9248
data/raw/ooc/OOC_image_dataset/train/bad/cell_type_HPMEC/2-3_days/230419_3.png,230419_3,230419,train,bad,0,HPMEC,2-3_days,train,7970f8a64dd32cd62432d73530a902d2f931f63351be84ef094e28b986042c8d
data/raw/ooc/OOC_image_dataset/train/bad/cell_type_HPMEC/2-3_days/230419_30.png,230419_30,230419,train,bad,0,HPMEC,2-3_days,train,446103e25962abe287be53fcd4f06247fa43b76a5a3fe3892a11f1906a3f49fe
data/raw/ooc/OOC_image_dataset/train/bad/cell_type_HPMEC/2-3_days/230419_36.png,230419_36,230419,train,bad,0,HPMEC,2-3_days,train,489ec101519125e0735c03df0b5fdbed63b8b0fbed8c20b27ba24373bae955c2
data/raw/ooc/OOC_image_dataset/train/bad/cell_type_HPMEC/2-3_days/230419_37.png,230419_37,230419,train,bad,0,HPMEC,2-3_days,train,655802ad5c0a5de3499fdec734639cea8cf2c11d4fab92bd98d37405f9d3e150
data/raw/ooc/OOC_image_dataset/train/bad/cell_type_HPMEC/2-3_days/230419_38.png,230419_38,230419,train,bad,0,HPMEC,2-3_days,train,01bd34f0c77b6cb509be3baea38d8a323a4bfa31df7e54c59f7338b66eca8efa
data/raw/ooc/OOC_image_dataset/train/bad/cell_type_HPMEC/2-3_days/230419_4.png,230419_4,230419,train,bad,0,HPMEC,2-3_days,train,bd0014d1c0c22d778acf664a7b5e1243d5e46d0c9233ad0429f2c5df7691b6cd
data/raw/ooc/OOC_image_dataset/train/bad/cell_type_HPMEC/2-3_days/230419_40.png,230419_40,230419,train,bad,0,HPMEC,2-3_days,train,b1d3d1c2bef4589a0e423b0ccbaee3f044b2fa7e85162353d670719e12d35da7
data/raw/ooc/OOC_image_dataset/train/bad/cell_type_HPMEC/2-3_days/230419_41.png,230419_41,230419,train,bad,0,HPMEC,2-3_days,train,ccd7ef3c260c4ca33b8b3ff72875000c45fd39f69fbef52fd422a8d5c516a3b7
data/raw/ooc/OOC_image_dataset/train/bad/cell_type_HPMEC/2-3_days/230419_43.png,230419_43,230419,train,bad,0,HPMEC,2-3_days,train,8d250ed72523dea576e7ae405bab0b72f7d9cea009449f0da97447224c7c45c1
data/raw/ooc/OOC_image_dataset/train/bad/cell_type_HPMEC/2-3_days/230419_45.png,230419_45,230419,train,bad,0,HPMEC,2-3_days,train,c6c8f429c1000fef5078467739e074a1e6d4537472c2e997ea7216ab75c6ebb0
data/raw/ooc/OOC_image_dataset/train/bad/cell_type_HPMEC/2-3_days/230419_47.png,230419_47,230419,train,bad,0,HPMEC,2-3_days,train,3c463c3e35fa54011e1f1a8aa43b905a8c66c329885b5ac25312ea914d795aa0
data/raw/ooc/OOC_image_dataset/train/bad/cell_type_HPMEC/2-3_days/230419_48.png,230419_48,230419,train,bad,0,HPMEC,2-3_days,train,d4e5239ae71db24f374f6ef854697d560f7378c9b45a57a0f05d73e0634462ad
data/raw/ooc/OOC_image_dataset/train/bad/cell_type_HPMEC/2-3_days/230419_49.png,230419_49,230419,train,bad,0,HPMEC,2-3_days,train,507578007f8baecb416b64a960618232fb06599b39599fbe1a38e13b86e87b4f
data/raw/ooc/OOC_image_dataset/train/bad/cell_type_HPMEC/2-3_days/230419_5.png,230419_5,230419,train,bad,0,HPMEC,2-3_days,train,edc7667c7c688d710c7ecbdd3287931b25bfb318a668988b243ddd49361b1b4b
data/raw/ooc/OOC_image_dataset/train/bad/cell_type_HPMEC/2-3_days/230419_50.png,230419_50,230419,train,bad,0,HPMEC,2-3_days,train,c169cf733165e3b8c46a04f830152c9c2c4f119a17960e266fdab50adb9a9359
data/raw/ooc/OOC_image_dataset/train/bad/cell_type_HPMEC/2-3_days/230419_51.png,230419_51,230419,train,bad,0,HPMEC,2-3_days,train,086b5223f49b7270f6b42c1f40b17edf45aa9e059c980e81485e09ec2a691975
data/raw/ooc/OOC_image_dataset/train/bad/cell_type_HPMEC/2-3_days/230419_52.png,230419_52,230419,train,bad,0,HPMEC,2-3_days,train,fa2e9557a36e86e4403d0512e7ebb787a6fa8645352977a753fbda38658b3adb
data/raw/ooc/OOC_image_dataset/train/bad/cell_type_HPMEC/2-3_days/230419_55.png,230419_55,230419,train,bad,0,HPMEC,2-3_days,train,5442a9e702b8e0da83a1b3172767da62d4050ecf81abb27de6e52ce1d60d03c4
data/raw/ooc/OOC_image_dataset/train/bad/cell_type_HPMEC/2-3_days/230419_56.png,230419_56,230419,train,bad,0,HPMEC,2-3_days,train,b2ec60f34dd08f8436ee1c726913307688fc6fd089aa2fc5a617ef7a0138bad3
data/raw/ooc/OOC_image_dataset/train/bad/cell_type_HPMEC/2-3_days/230419_57.png,230419_57,230419,train,bad,0,HPMEC,2-3_days,train,ce5c2d04219c2a239fa2888c116662ee40e3778df324a692c661907102a0e80e
data/raw/ooc/OOC_image_dataset/train/bad/cell_type_HPMEC/2-3_days/230419_58.png,230419_58,230419,train,bad,0,HPMEC,2-3_days,train,38e099fc0cad9b7e0f5b8042b4143731c41429f192bcbc920a0dd7f05cb094fb
data/raw/ooc/OOC_image_dataset/train/bad/cell_type_HPMEC/2-3_days/230419_59.png,230419_59,230419,train,bad,0,HPMEC,2-3_days,train,e008152afe76af690f28eac64e7c9f82aaab4af6b7a7ea265c56df4771f03e2d
data/raw/ooc/OOC_image_dataset/train/bad/cell_type_HPMEC/2-3_days/230419_6.png,230419_6,230419,train,bad,0,HPMEC,2-3_days,train,17b9a7377f22f6c0fe61b5a7cf667b6e21937e930cc4027dc7e262a29b81bc53
data/raw/ooc/OOC_image_dataset/train/bad/cell_type_HPMEC/2-3_days/230419_60.png,230419_60,230419,train,bad,0,HPMEC,2-3_days,train,8249829443b48ad6a4e96768df1d502a9b86c72cde2efdacb4565b9043f6f33b
data/raw/ooc/OOC_image_dataset/train/bad/cell_type_HPMEC/2-3_days/230419_61.png,230419_61,230419,train,bad,0,HPMEC,2-3_days,train,7681656de2cbccba2ee9590af3fdc356425b7323cf0ed1cf42a71953c8c9649d
data/raw/ooc/OOC_image_dataset/train/bad/cell_type_HPMEC/2-3_days/230419_62.png,230419_62,230419,train,bad,0,HPMEC,2-3_days,train,7a50e122ea7b922e5b14519c04e21683bf5502e151c04dde0f7af516068548bd
data/raw/ooc/OOC_image_dataset/train/bad/cell_type_HPMEC/2-3_days/230419_64.png,230419_64,230419,train,bad,0,HPMEC,2-3_days,train,2e4f3e6ddce95930bf7930f8681154b01916db66b600c8e2881c67d290fc1106
data/raw/ooc/OOC_image_dataset/train/bad/cell_type_HPMEC/2-3_days/230419_66.png,230419_66,230419,train,bad,0,HPMEC,2-3_days,train,e52c5e0918f9a4cfa1a3a924f2da379185c4d868adf1638581f7340606eacb7b
data/raw/ooc/OOC_image_dataset/train/bad/cell_type_HPMEC/2-3_days/230419_67.png,230419_67,230419,train,bad,0,HPMEC,2-3_days,train,e9e3c65ce5379aa1ab387032c63fda0526fc97c2c68415b06ee0ab25750bd6c6
data/raw/ooc/OOC_image_dataset/train/bad/cell_type_HPMEC/2-3_days/230419_68.png,230419_68,230419,train,bad,0,HPMEC,2-3_days,train,8550f60453d933909b8d902a3d84b2211dd081627faa012744a8c24e7ac5b2f5
data/raw/ooc/OOC_image_dataset/train/bad/cell_type_HPMEC/2-3_days/230419_69.png,230419_69,230419,train,bad,0,HPMEC,2-3_days,train,a50d5cde011639761481c5b1ff69ca1179778cdca70b2013740ff8d5e240e638
data/raw/ooc/OOC_image_dataset/train/bad/cell_type_HPMEC/2-3_days/230419_7.png,230419_7,230419,train,bad,0,HPMEC,2-3_days,train,ed0fcb96d380af48d416e802c174cf69c7866b4b67c90b3eccd3737d2fc34dcb
data/raw/ooc/OOC_image_dataset/train/bad/cell_type_HPMEC/2-3_days/230419_70.png,230419_70,230419,train,bad,0,HPMEC,2-3_days,train,ad2615f2ab4fc76c76508ceeb5f81916636950ed96c47350f254fa17a9a95fe6
data/raw/ooc/OOC_image_dataset/train/bad/cell_type_HPMEC/2-3_days/230419_71.png,230419_71,230419,train,bad,0,HPMEC,2-3_days,train,0ceb2ba8f4bc65f491edbabf28878bbf0ee68d41b503294494dbd88816c2e8d1
data/raw/ooc/OOC_image_dataset/train/bad/cell_type_HPMEC/2-3_days/230419_76.png,230419_76,230419,train,bad,0,HPMEC,2-3_days,train,2dec49080a30ccbe530faccf2c0b9d250ee1d85327ec2129a03c8cbcdfce0130
data/raw/ooc/OOC_image_dataset/train/bad/cell_type_HPMEC/2-3_days/230419_77.png,230419_77,230419,train,bad,0,HPMEC,2-3_days,train,3417875d31143e4c44497a9bb2bcf0121740e3920680ed291eb9b4fa73d1c629
data/raw/ooc/OOC_image_dataset/train/bad/cell_type_HPMEC/2-3_days/230419_78.png,230419_78,230419,train,bad,0,HPMEC,2-3_days,train,58f921bfff7969615dd81a153abbea0bec6188d5c1d1aed09afed2ab70aac9d7
data/raw/ooc/OOC_image_dataset/train/bad/cell_type_HPMEC/2-3_days/230419_8.png,230419_8,230419,train,bad,0,HPMEC,2-3_days,train,d556818ad8c1f526ecd080e98a717b9a43d245f07f896d29fc231160be01615f
data/raw/ooc/OOC_image_dataset/train/bad/cell_type_HPMEC/2-3_days/230419_80.png,230419_80,230419,train,bad,0,HPMEC,2-3_days,train,1012421f2db82fe847b083be021c4d9cf7399bb68d363729be785eb9126303ab
data/raw/ooc/OOC_image_dataset/train/bad/cell_type_HPMEC/2-3_days/230419_82.png,230419_82,230419,train,bad,0,HPMEC,2-3_days,train,c6bd123ae721c5a408480924d90cde55203875796a468a90634eecae2646d7da
data/raw/ooc/OOC_image_dataset/train/bad/cell_type_HPMEC/2-3_days/230419_84.png,230419_84,230419,train,bad,0,HPMEC,2-3_days,train,94626f94a3d57b81f24eb7197aa07e29093a799d9cf051b379117c5e0a9193ea
data/raw/ooc/OOC_image_dataset/train/bad/cell_type_HPMEC/2-3_days/230419_85.png,230419_85,230419,train,bad,0,HPMEC,2-3_days,train,7b618089aa77d3514ea081aca1354b9994f4bf7926316682d5f9e1aa2e7ac6a1
data/raw/ooc/OOC_image_dataset/train/bad/cell_type_HPMEC/2-3_days/230419_86.png,230419_86,230419,train,bad,0,HPMEC,2-3_days,train,8324b93cea80eda5b949154b5c8203dbc77b960bd9680b00efac533a4f943a4b
data/raw/ooc/OOC_image_dataset/train/bad/cell_type_HPMEC/2-3_days/230419_87.png,230419_87,230419,train,bad,0,HPMEC,2-3_days,train,294920e27dac2c26291548feaeb644d7d9797291eb9eb1b171884812bc000727
data/raw/ooc/OOC_image_dataset/train/bad/cell_type_HPMEC/2-3_days/230419_88.png,230419_88,230419,train,bad,0,HPMEC,2-3_days,train,5e7820bd134c178b0d768c5a01d6e38834f1ad32529d85ecf67b8a34f43094a7
data/raw/ooc/OOC_image_dataset/train/bad/cell_type_HPMEC/2-3_days/230419_9.png,230419_9,230419,train,bad,0,HPMEC,2-3_days,train,9530c29251062263f254a37d6dd56c2b1a8b480dc9c4f8779688ea31ec77595f
data/raw/ooc/OOC_image_dataset/train/bad/cell_type_HPMEC/2-3_days/230510_12.png,230510_12,230510,validation,bad,0,HPMEC,2-3_days,train,1d3d7db4109ec489a787b64b83fb5a763765dfab9b934d35cf98f3265e196b6f
data/raw/ooc/OOC_image_dataset/train/bad/cell_type_HPMEC/2-3_days/230510_13.png,230510_13,230510,validation,bad,0,HPMEC,2-3_days,train,cef830982021341b951cbeb70f91b42401100cb5b5e66355c39b04cb11d9e17c
data/raw/ooc/OOC_image_dataset/train/bad/cell_type_HPMEC/2-3_days/230510_24.png,230510_24,230510,validation,bad,0,HPMEC,2-3_days,train,9e8097aaaedaea4d4c6a8706480ca033b89a7dc6cbb75dff75441f723cf10f10
data/raw/ooc/OOC_image_dataset/train/bad/cell_type_HPMEC/2-3_days/230510_26.png,230510_26,230510,validation,bad,0,HPMEC,2-3_days,train,72501e91313d7df30e491d7fb9756d3e6cbe362062d537645c27aad635b945d7
data/raw/ooc/OOC_image_dataset/train/bad/cell_type_HPMEC/2-3_days/230510_27.png,230510_27,230510,validation,bad,0,HPMEC,2-3_days,train,2662d40fd70df68c2ec0b799ea06b3c89ca8d5b5f68069b114bedb419f0b142e
data/raw/ooc/OOC_image_dataset/train/bad/cell_type_HPMEC/2-3_days/230510_28.png,230510_28,230510,validation,bad,0,HPMEC,2-3_days,train,3568e1d9ff026cb3b54f6208d51d657e3bd2ab32692dcd4cafbb636110dc2c02
data/raw/ooc/OOC_image_dataset/train/bad/cell_type_HPMEC/2-3_days/230510_29.png,230510_29,230510,validation,bad,0,HPMEC,2-3_days,train,e7f5f220a423a8765afb23a372f685a9e06f3a2526f029e1ce033c076d244891
data/raw/ooc/OOC_image_dataset/train/bad/cell_type_HPMEC/2-3_days/230510_32.png,230510_32,230510,validation,bad,0,HPMEC,2-3_days,train,a7db27993ab116c52ae46ce881444cd2b4a1b0ba9902a3b52b3047d7689641d3
data/raw/ooc/OOC_image_dataset/train/bad/cell_type_HPMEC/2-3_days/230510_34.png,230510_34,230510,validation,bad,0,HPMEC,2-3_days,train,dca429262d4a96908c4d338b8c6d4671dc67c1e0d7953be066695aacf38d1574
data/raw/ooc/OOC_image_dataset/train/bad/cell_type_HPMEC/2-3_days/230510_38.png,230510_38,230510,validation,bad,0,HPMEC,2-3_days,train,ac04fd30a230b3021abd4e937cc7fe2d4604b6bc126c7dbeab1a1d3d53fcfcf1
data/raw/ooc/OOC_image_dataset/train/bad/cell_type_HPMEC/2-3_days/230510_5.png,230510_5,230510,validation,bad,0,HPMEC,2-3_days,train,0b58aeb9ae5818434605496b417996a125355ddd0b94c55c2ed730cde9c6b1a7
data/raw/ooc/OOC_image_dataset/train/bad/cell_type_HPMEC/2-3_days/230510_78.png,230510_78,230510,validation,bad,0,HPMEC,2-3_days,train,abdda1df6b57d4cbef92ac1c96557c19362e649827301de27d6d142cefc81ea8
data/raw/ooc/OOC_image_dataset/train/bad/cell_type_HPMEC/2-3_days/230510_79.png,230510_79,230510,validation,bad,0,HPMEC,2-3_days,train,faed7e19257047395af9945e534c979a1712c04ac3b61b0ee0e33266b34ead60
data/raw/ooc/OOC_image_dataset/train/bad/cell_type_HPMEC/2-3_days/230510_81.png,230510_81,230510,validation,bad,0,HPMEC,2-3_days,train,68faf0fc2d93bfe8a59dfb9b0c605fe3d03fe9a46f4e8cde287a56666af65ae7
data/raw/ooc/OOC_image_dataset/train/bad/cell_type_HPMEC/2-3_days/230510_82.png,230510_82,230510,validation,bad,0,HPMEC,2-3_days,train,cc5dced26db99004a4c9c2fbd58b2a1476e7e859c5242e9aa9b4989b7ce67911
data/raw/ooc/OOC_image_dataset/train/bad/cell_type_HPMEC/2-3_days/230510_83.png,230510_83,230510,validation,bad,0,HPMEC,2-3_days,train,9810c19ba644fff5d0c99ca18d3bd643333e88662506fd0540e247aef9af2b42
data/raw/ooc/OOC_image_dataset/train/bad/cell_type_HPMEC/2-3_days/230510_84.png,230510_84,230510,validation,bad,0,HPMEC,2-3_days,train,99c54e65aa9d8946b1b931833a87d74d8e4340291fcf87d937a249b30e1e904e
data/raw/ooc/OOC_image_dataset/train/bad/cell_type_HPMEC/2-3_days/230524_1.png,230524_1,230524,test,bad,0,HPMEC,2-3_days,train,c4d735b4c02039e81be45fab36a16659fd21d05a82282bc63104d622a3c3b7f7
data/raw/ooc/OOC_image_dataset/train/bad/cell_type_HPMEC/2-3_days/230524_10.png,230524_10,230524,test,bad,0,HPMEC,2-3_days,train,fc688ee5ef4b06d5c52493c7eeaddc18e348238baa459577fb069f700da02740
data/raw/ooc/OOC_image_dataset/train/bad/cell_type_HPMEC/2-3_days/230524_100.png,230524_100,230524,test,bad,0,HPMEC,2-3_days,train,12baa3e26dd6f9ef9424d93cd166bc33b8d349cc8c91acce1445c1721eb39afa
data/raw/ooc/OOC_image_dataset/train/bad/cell_type_HPMEC/2-3_days/230524_101.png,230524_101,230524,test,bad,0,HPMEC,2-3_days,train,a232ddbf7ca2ab264f5cda8d19cb399e65a698ced208cf07760c177c0eca2fb7
data/raw/ooc/OOC_image_dataset/train/bad/cell_type_HPMEC/2-3_days/230524_105.png,230524_105,230524,test,bad,0,HPMEC,2-3_days,train,ecb8c3cfab59143ed963fa6cf81f3da9afd8621bebc572e018e697a9f905f4be
data/raw/ooc/OOC_image_dataset/train/bad/cell_type_HPMEC/2-3_days/230524_107.png,230524_107,230524,test,bad,0,HPMEC,2-3_days,train,8d18e0b99639cbecea4b807ea56840cfb16b29cf442029c2dd4609f93f78f66a
data/raw/ooc/OOC_image_dataset/train/bad/cell_type_HPMEC/2-3_days/230524_108.png,230524_108,230524,test,bad,0,HPMEC,2-3_days,train,2a29205f67f66d5346bbb790a5f507333b09b523ca0ddc09422920a12c9c62e9
data/raw/ooc/OOC_image_dataset/train/bad/cell_type_HPMEC/2-3_days/230524_12.png,230524_12,230524,test,bad,0,HPMEC,2-3_days,train,b0317f3de94ccf7f33dbe20d1970077dd407a08d99f3b73f5fd133d8281ba952
data/raw/ooc/OOC_image_dataset/train/bad/cell_type_HPMEC/2-3_days/230524_14.png,230524_14,230524,test,bad,0,HPMEC,2-3_days,train,f38c7ebee263e2ebc6e070b74fb88088815b19a61851f8e1972b689aedb1544a
data/raw/ooc/OOC_image_dataset/train/bad/cell_type_HPMEC/2-3_days/230524_15.png,230524_15,230524,test,bad,0,HPMEC,2-3_days,train,a40e24af575bc4ebf063db4593ec22a02f68c224b5759555948194073c05753f
data/raw/ooc/OOC_image_dataset/train/bad/cell_type_HPMEC/2-3_days/230524_16.png,230524_16,230524,test,bad,0,HPMEC,2-3_days,train,9f38efe3c55b97372b4827767b8154490a3bdb37514836644234d576efadaf40
data/raw/ooc/OOC_image_dataset/train/bad/cell_type_HPMEC/2-3_days/230524_17.png,230524_17,230524,test,bad,0,HPMEC,2-3_days,train,714c4b3703e776a2853062576c28ba36026b843bcc4ed4c3072b0c7ada14f570
data/raw/ooc/OOC_image_dataset/train/bad/cell_type_HPMEC/2-3_days/230524_20.png,230524_20,230524,test,bad,0,HPMEC,2-3_days,train,d25121f2f73eb07ab51119fd62ddd7334726160e58ea3770f8045927494761a5
data/raw/ooc/OOC_image_dataset/train/bad/cell_type_HPMEC/2-3_days/230524_24.png,230524_24,230524,test,bad,0,HPMEC,2-3_days,train,7e4bbf88fd268429c2bbac6f31825387e82b3c03253cdcb8f7532b5081b66d33
data/raw/ooc/OOC_image_dataset/train/bad/cell_type_HPMEC/2-3_days/230524_25.png,230524_25,230524,test,bad,0,HPMEC,2-3_days,train,798b67fc926830c353721ac6749609ba6aa322c593315f39c11ac75a1ae68de5
data/raw/ooc/OOC_image_dataset/train/bad/cell_type_HPMEC/2-3_days/230524_27.png,230524_27,230524,test,bad,0,HPMEC,2-3_days,train,2f0ab3c1a00aceb2f29e00ac13242e1f23848075cb2650b1d6f2f65cea251aff
data/raw/ooc/OOC_image_dataset/train/bad/cell_type_HPMEC/2-3_days/230524_28.png,230524_28,230524,test,bad,0,HPMEC,2-3_days,train,42bc0304632d48f779691d3452d426292742e98426ab2d9d0afb33e0352cec83
data/raw/ooc/OOC_image_dataset/train/bad/cell_type_HPMEC/2-3_days/230524_29.png,230524_29,230524,test,bad,0,HPMEC,2-3_days,train,ace3661305120be20f3856db077ea45f88df43850402755836549b77edf0000f
data/raw/ooc/OOC_image_dataset/train/bad/cell_type_HPMEC/2-3_days/230524_3.png,230524_3,230524,test,bad,0,HPMEC,2-3_days,train,2a12c2fc2ea0754d059127c3b3d9fad8146ea2fcc8884353f3d6207ae6729218
data/raw/ooc/OOC_image_dataset/train/bad/cell_type_HPMEC/2-3_days/230524_33.png,230524_33,230524,test,bad,0,HPMEC,2-3_days,train,7a9c44cad9b59b9d4ec7cbd4345301b7d2158f571f582394d7a657db10184d5b
data/raw/ooc/OOC_image_dataset/train/bad/cell_type_HPMEC/2-3_days/230524_34.png,230524_34,230524,test,bad,0,HPMEC,2-3_days,train,7d996b58922f1f30d88293d17f167506032f0d8308e98b04b019f6c746ae3147
data/raw/ooc/OOC_image_dataset/train/bad/cell_type_HPMEC/2-3_days/230524_35.png,230524_35,230524,test,bad,0,HPMEC,2-3_days,train,d4c81966b06dd6c0d977e949e2b1072550ba7d56d8b0a261df7d869ed2b572b9
data/raw/ooc/OOC_image_dataset/train/bad/cell_type_HPMEC/2-3_days/230524_36.png,230524_36,230524,test,bad,0,HPMEC,2-3_days,train,2f1e7b69288d07fb70b73a20a287c7e09ed02473f01a36fe4ecf023bceaa813e
data/raw/ooc/OOC_image_dataset/train/bad/cell_type_HPMEC/2-3_days/230524_40.png,230524_40,230524,test,bad,0,HPMEC,2-3_days,train,b0028c071d00a7d629b93d9f0ab3c883e1abefe8cdf2b740ed3a171185955796
data/raw/ooc/OOC_image_dataset/train/bad/cell_type_HPMEC/2-3_days/230524_41.png,230524_41,230524,test,bad,0,HPMEC,2-3_days,train,df382d8ae18b3960fe49ccfaecd54c67b406abedcb1f4a96e2dc3add4a1e8f3a
data/raw/ooc/OOC_image_dataset/train/bad/cell_type_HPMEC/2-3_days/230524_42.png,230524_42,230524,test,bad,0,HPMEC,2-3_days,train,9102780ea329267206d7d7a791fcc3ef8c8dae8e2c76f82b4d7668ffefb6d00f
data/raw/ooc/OOC_image_dataset/train/bad/cell_type_HPMEC/2-3_days/230524_43.png,230524_43,230524,test,bad,0,HPMEC,2-3_days,train,69962449aa14a4610f66ec5fc1bd083f992fb0bb3b08092f73411169105337ce
data/raw/ooc/OOC_image_dataset/train/bad/cell_type_HPMEC/2-3_days/230524_5.png,230524_5,230524,test,bad,0,HPMEC,2-3_days,train,99c973947af81cb71ff0bce3876e60a2fec8237d8dfa1a60b50a4f133d7d0833
data/raw/ooc/OOC_image_dataset/train/bad/cell_type_HPMEC/2-3_days/230524_55.png,230524_55,230524,test,bad,0,HPMEC,2-3_days,train,a8b2e2ba9328e454180f36577337adf70b94840c1c6aab93c804ee1d31ae5efc
data/raw/ooc/OOC_image_dataset/train/bad/cell_type_HPMEC/2-3_days/230524_56.png,230524_56,230524,test,bad,0,HPMEC,2-3_days,train,0982dcc638999cca3af11102894f59de365755bc7a7dd623ebc6955067387442
data/raw/ooc/OOC_image_dataset/train/bad/cell_type_HPMEC/2-3_days/230524_57.png,230524_57,230524,test,bad,0,HPMEC,2-3_days,train,d2f97a507da143cc654d23234ede88e0ce86c6f84d7f392b34d50cb87efbbb66
data/raw/ooc/OOC_image_dataset/train/bad/cell_type_HPMEC/2-3_days/230524_58.png,230524_58,230524,test,bad,0,HPMEC,2-3_days,train,b383d770344152bdb5e364c3dfc5651456c471962933b55b7ceab6c4e1d2f307
data/raw/ooc/OOC_image_dataset/train/bad/cell_type_HPMEC/2-3_days/230524_6.png,230524_6,230524,test,bad,0,HPMEC,2-3_days,train,ef4adffc7e9e6ec6bccc8e34948726792e75a319693188ca38757830a9a07ec5
data/raw/ooc/OOC_image_dataset/train/bad/cell_type_HPMEC/2-3_days/230524_60.png,230524_60,230524,test,bad,0,HPMEC,2-3_days,train,6210a82e7e34c33c7ea99ee2e215e78fd84ca17464b98d8851f1126109ecf46f
data/raw/ooc/OOC_image_dataset/train/bad/cell_type_HPMEC/2-3_days/230524_61.png,230524_61,230524,test,bad,0,HPMEC,2-3_days,train,dc4b350d17f3e060f2a671fd02eb84c926eec48d9bc75edcb98590fe4de88e35
data/raw/ooc/OOC_image_dataset/train/bad/cell_type_HPMEC/2-3_days/230524_63.png,230524_63,230524,test,bad,0,HPMEC,2-3_days,train,c82d8314c7669cd85aa65ff5a99fa508cac4756b74e57296c845f23d018da238
data/raw/ooc/OOC_image_dataset/train/bad/cell_type_HPMEC/2-3_days/230524_64.png,230524_64,230524,test,bad,0,HPMEC,2-3_days,train,39756b39df0156ca6b4ba7e046ce9558f5b35aa5b8c3aa1c1d727120cb1877b9
data/raw/ooc/OOC_image_dataset/train/bad/cell_type_HPMEC/2-3_days/230524_65.png,230524_65,230524,test,bad,0,HPMEC,2-3_days,train,816f39b0a70834c72f0d1f2e560e7733c1d28ff8a30947bd1f1d1be576162bf6
data/raw/ooc/OOC_image_dataset/train/bad/cell_type_HPMEC/2-3_days/230524_7.png,230524_7,230524,test,bad,0,HPMEC,2-3_days,train,59c4296f1084e2fcd68f9ce912e96853fea18e5de23cab41614eaaa6478f43b0
data/raw/ooc/OOC_image_dataset/train/bad/cell_type_HPMEC/2-3_days/230524_70.png,230524_70,230524,test,bad,0,HPMEC,2-3_days,train,1954d9bffe5c6250ddd957dd02586316f060aa1715020e140dab30e7bdc71098
data/raw/ooc/OOC_image_dataset/train/bad/cell_type_HPMEC/2-3_days/230524_71.png,230524_71,230524,test,bad,0,HPMEC,2-3_days,train,f3bb9306882ccb473103d12ba82a71b7c7c6ad568b6c4410415919132677f060
data/raw/ooc/OOC_image_dataset/train/bad/cell_type_HPMEC/2-3_days/230524_78.png,230524_78,230524,test,bad,0,HPMEC,2-3_days,train,d2664b52bd8f477c19cfaed0f99576ca57b9282ace6c65104bbc5107b5068178
data/raw/ooc/OOC_image_dataset/train/bad/cell_type_HPMEC/2-3_days/230524_79.png,230524_79,230524,test,bad,0,HPMEC,2-3_days,train,d6c13fa2d764a84c9e2c14c4231a63e6b6cc0f5577a48559a424b0667b033998
data/raw/ooc/OOC_image_dataset/train/bad/cell_type_HPMEC/2-3_days/230524_81.png,230524_81,230524,test,bad,0,HPMEC,2-3_days,train,d18b8d8de694a24ab23d3a1f937fbe1c52461613098d5c174150a18b2fcb0f67
data/raw/ooc/OOC_image_dataset/train/bad/cell_type_HPMEC/2-3_days/230524_83.png,230524_83,230524,test,bad,0,HPMEC,2-3_days,train,582f729cfd47a7699b48ff30d9a0b70f2d58f6928614c77e96147aba3e6e4568
data/raw/ooc/OOC_image_dataset/train/bad/cell_type_HPMEC/2-3_days/230524_86.png,230524_86,230524,test,bad,0,HPMEC,2-3_days,train,a4e360d435677c245e606d889b334f8615c6cf025972b226653c22b3a8015953
data/raw/ooc/OOC_image_dataset/train/bad/cell_type_HPMEC/2-3_days/230524_87.png,230524_87,230524,test,bad,0,HPMEC,2-3_days,train,a763992a6dedcab6484b6a08d75b1b70bffbbb2f4029fbd50640feccf782845f
data/raw/ooc/OOC_image_dataset/train/bad/cell_type_HPMEC/2-3_days/230524_88.png,230524_88,230524,test,bad,0,HPMEC,2-3_days,train,e6e81753d4716e0ece4bbbff89fbf6063f1876a5461177e12ea358b03cb93ff4
data/raw/ooc/OOC_image_dataset/train/bad/cell_type_HPMEC/2-3_days/230524_89.png,230524_89,230524,test,bad,0,HPMEC,2-3_days,train,85f312f906833cd48364c3e8eee893a8154cc191b099d7f3c149b1900042aa6a
data/raw/ooc/OOC_image_dataset/train/bad/cell_type_HPMEC/2-3_days/230524_9.png,230524_9,230524,test,bad,0,HPMEC,2-3_days,train,1a79216900e6b87710656311710cfb67c2132b1946ce4d16c3ec6fac6827bc71
data/raw/ooc/OOC_image_dataset/train/bad/cell_type_HPMEC/2-3_days/230524_90.png,230524_90,230524,test,bad,0,HPMEC,2-3_days,train,8291de3ac6b2c7cebbacdcc4a623e6a2d8cee5613b04ed83dd6d8e3ab47a86e6
data/raw/ooc/OOC_image_dataset/train/bad/cell_type_HPMEC/2-3_days/230524_91.png,230524_91,230524,test,bad,0,HPMEC,2-3_days,train,84fa42833e705e6028b3c2c0b78a49e4a99fac6b816c6844e5a1a660566f28ee
data/raw/ooc/OOC_image_dataset/train/bad/cell_type_HPMEC/2-3_days/230524_93.png,230524_93,230524,test,bad,0,HPMEC,2-3_days,train,6c2b7ee800e93980828b26de69e13b50c75ca600f68c89a8aab22b4cc06cad48
data/raw/ooc/OOC_image_dataset/train/bad/cell_type_HPMEC/2-3_days/230524_94.png,230524_94,230524,test,bad,0,HPMEC,2-3_days,train,a985ccab6ba3371cc1339842ce79c8f5ebfbcab722df48cd620db82a141f3b61
data/raw/ooc/OOC_image_dataset/train/bad/cell_type_HPMEC/2-3_days/230524_95.png,230524_95,230524,test,bad,0,HPMEC,2-3_days,train,6e0fa147c891e4847307f9909a5128e24f0d4d263fed7da0a8d35ee0eebec588
data/raw/ooc/OOC_image_dataset/train/bad/cell_type_HPMEC/2-3_days/230524_96.png,230524_96,230524,test,bad,0,HPMEC,2-3_days,train,274b1a4b0050b66a9f6cf8206830ea535bf737ea83079fc4fab741f2d5ef3f7b
data/raw/ooc/OOC_image_dataset/train/bad/cell_type_HPMEC/2-3_days/230524_97.png,230524_97,230524,test,bad,0,HPMEC,2-3_days,train,234859a7131b6953d347c318f2624f4a37550cba205a90d0deab936741ae349a
data/raw/ooc/OOC_image_dataset/train/bad/cell_type_HPMEC/2-3_days/230524_99.png,230524_99,230524,test,bad,0,HPMEC,2-3_days,train,7391d3fd82c032c0d443eb2f55a3af833a4577788b2d72f28031e87ada2ae51d
data/raw/ooc/OOC_image_dataset/train/bad/cell_type_HPMEC/2-3_days/230525_10.png,230525_10,230525,train,bad,0,HPMEC,2-3_days,train,b1a1ee939f5bae25006326182002c9284dd7ff825ebcc32c47c2069cba5fbc5c
data/raw/ooc/OOC_image_dataset/train/bad/cell_type_HPMEC/2-3_days/230525_108.png,230525_108,230525,train,bad,0,HPMEC,2-3_days,train,00af4058aa649eb0b09e04a4ea20f49f4f95abea3e200fa0db145eea2f9a608a
data/raw/ooc/OOC_image_dataset/train/bad/cell_type_HPMEC/2-3_days/230525_11.png,230525_11,230525,train,bad,0,HPMEC,2-3_days,train,112b7c2fa30eb044107a110aaaa7381f57dfcfad3fd51b98e571c7ad3b0a0bff
data/raw/ooc/OOC_image_dataset/train/bad/cell_type_HPMEC/2-3_days/230525_12.png,230525_12,230525,train,bad,0,HPMEC,2-3_days,train,4ee51a30438ad203adfeba834c74939bc3eae9ca9103b09064ab8225770634f0
data/raw/ooc/OOC_image_dataset/train/bad/cell_type_HPMEC/2-3_days/230525_13.png,230525_13,230525,train,bad,0,HPMEC,2-3_days,train,f75715ace02bbf88c16df3dfd734ce4ccfc18a4010b0086f2f0597ac5c7b81a6
data/raw/ooc/OOC_image_dataset/train/bad/cell_type_HPMEC/2-3_days/230525_14.png,230525_14,230525,train,bad,0,HPMEC,2-3_days,train,1e3597ee4dc5216cd2110440b60db0054c99318b4d1d524df5df99984a5383f8
data/raw/ooc/OOC_image_dataset/train/bad/cell_type_HPMEC/2-3_days/230525_147.png,230525_147,230525,train,bad,0,HPMEC,2-3_days,train,1ce6eb1d1270a1413995e03e47bba357026539fd82e954a217bf799b5db42265
data/raw/ooc/OOC_image_dataset/train/bad/cell_type_HPMEC/2-3_days/230525_148.png,230525_148,230525,train,bad,0,HPMEC,2-3_days,train,c563ec45dcb7f7a7a8dfe8357dec7dbfe4349075b8460fc55b1ced86278e0bfe
data/raw/ooc/OOC_image_dataset/train/bad/cell_type_HPMEC/2-3_days/230525_15.png,230525_15,230525,train,bad,0,HPMEC,2-3_days,train,d99daebebb748ee552ff3e9e029875a234a6d74f457336833fb48d121cf4029a
data/raw/ooc/OOC_image_dataset/train/bad/cell_type_HPMEC/2-3_days/230525_150.png,230525_150,230525,train,bad,0,HPMEC,2-3_days,train,0050f1b08314ae11d8d3bc5b4b25245339178f6e9f802ab188d5cea217a6336f
data/raw/ooc/OOC_image_dataset/train/bad/cell_type_HPMEC/2-3_days/230525_151.png,230525_151,230525,train,bad,0,HPMEC,2-3_days,train,dd4673d15a8c226e6087beb7098511ee4202ef9bb947d37d43cb587614af00cd
data/raw/ooc/OOC_image_dataset/train/bad/cell_type_HPMEC/2-3_days/230525_152.png,230525_152,230525,train,bad,0,HPMEC,2-3_days,train,c7242445033ac4c0829caa92bc3d86c208aef48933d66eca37b77306b8d12f64
data/raw/ooc/OOC_image_dataset/train/bad/cell_type_HPMEC/2-3_days/230525_159.png,230525_159,230525,train,bad,0,HPMEC,2-3_days,train,ab18b95a902b207a2f13a657a973c76c9e944eb4b11237445251aa4d7882f6d1
data/raw/ooc/OOC_image_dataset/train/bad/cell_type_HPMEC/2-3_days/230525_17.png,230525_17,230525,train,bad,0,HPMEC,2-3_days,train,76605886fff5bef1331c84a0ff1ee001983f72d271ca9e3551f8cbc3ff8ee611
data/raw/ooc/OOC_image_dataset/train/bad/cell_type_HPMEC/2-3_days/230525_175.png,230525_175,230525,train,bad,0,HPMEC,2-3_days,train,3cdfe521c8ad30aaa77a947d74838972aa899932b7a220fb73aac8af87d7e5ff
data/raw/ooc/OOC_image_dataset/train/bad/cell_type_HPMEC/2-3_days/230525_176.png,230525_176,230525,train,bad,0,HPMEC,2-3_days,train,2cd7b3d21f8115121d2440d5eeeeb93c250251aff64587334dbd62f6882d1cf5
data/raw/ooc/OOC_image_dataset/train/bad/cell_type_HPMEC/2-3_days/230525_177.png,230525_177,230525,train,bad,0,HPMEC,2-3_days,train,c82ab2b54f09cca607f1c397ba49fc6e9b176d15bdf94acf1c0e7368573ec374
data/raw/ooc/OOC_image_dataset/train/bad/cell_type_HPMEC/2-3_days/230525_178.png,230525_178,230525,train,bad,0,HPMEC,2-3_days,train,993863ffbe281aff2c43fd0c72c0225f8541c76b59062e7d9eaa0207cffe8c60
data/raw/ooc/OOC_image_dataset/train/bad/cell_type_HPMEC/2-3_days/230525_179.png,230525_179,230525,train,bad,0,HPMEC,2-3_days,train,923c10247e801573736911ad186673c1a642b9bd8d2a298c2502917f7c7c7c79
data/raw/ooc/OOC_image_dataset/train/bad/cell_type_HPMEC/2-3_days/230525_18.png,230525_18,230525,train,bad,0,HPMEC,2-3_days,train,dd11c9fd1ff230ed1bbffb838a22e90dae78d3594ccc17f6e22c81f37b4dfddd
data/raw/ooc/OOC_image_dataset/train/bad/cell_type_HPMEC/2-3_days/230525_181.png,230525_181,230525,train,bad,0,HPMEC,2-3_days,train,1b0c51a06e84c48cdf564a715a51055faeeb32ea1f73f1390bdb8f63d548e3e4
data/raw/ooc/OOC_image_dataset/train/bad/cell_type_HPMEC/2-3_days/230525_19.png,230525_19,230525,train,bad,0,HPMEC,2-3_days,train,742ec0499db1e738f633ea5d9bb32ea41982426849b5d5df5c51de922e7f1fce
data/raw/ooc/OOC_image_dataset/train/bad/cell_type_HPMEC/2-3_days/230525_20.png,230525_20,230525,train,bad,0,HPMEC,2-3_days,train,6f04da6824bb6f9d154088e4eee6bd78b0d87b2518bbb78fbeb3ca61e12f8287
data/raw/ooc/OOC_image_dataset/train/bad/cell_type_HPMEC/2-3_days/230525_29.png,230525_29,230525,train,bad,0,HPMEC,2-3_days,train,c24e9b3204b82405fc16267cdf17116729aacce20aef0fba23f4427ca5ba1ae7
data/raw/ooc/OOC_image_dataset/train/bad/cell_type_HPMEC/2-3_days/230525_31.png,230525_31,230525,train,bad,0,HPMEC,2-3_days,train,68c3c879d71523e72c65e256a9896d4a8d3a83f265643e1d29708446a6364378
data/raw/ooc/OOC_image_dataset/train/bad/cell_type_HPMEC/2-3_days/230525_37.png,230525_37,230525,train,bad,0,HPMEC,2-3_days,train,0f7076791afef5b71bf4768c355d5d0fd20272568a10beeffe87e3900570a584
data/raw/ooc/OOC_image_dataset/train/bad/cell_type_HPMEC/2-3_days/230525_79.png,230525_79,230525,train,bad,0,HPMEC,2-3_days,train,6c01c3cd67fab44ffcbf8a76af85f1d1a08ef10f42f94234ea12c8d2f196d75d
data/raw/ooc/OOC_image_dataset/train/bad/cell_type_HPMEC/2-3_days/230525_88.png,230525_88,230525,train,bad,0,HPMEC,2-3_days,train,33bc806a2d903875af0d61efd95f2db68562e69b5242c505c06c5af16a743229
data/raw/ooc/OOC_image_dataset/train/bad/cell_type_HPMEC/2-3_days/230525_91.png,230525_91,230525,train,bad,0,HPMEC,2-3_days,train,b2dfc8eb767daf80423386f4c6a538366a118cf601ecc1cc1471c18326307344
data/raw/ooc/OOC_image_dataset/train/bad/cell_type_HPMEC/4+_days/230320_125.png,230320_125,230320,train,bad,0,HPMEC,4+_days,train,8870c4db9afbab20835bc6d8a39b3b3eafe34ef07cae8fd242ce32247c948a8e
data/raw/ooc/OOC_image_dataset/train/bad/cell_type_HPMEC/4+_days/230320_126.png,230320_126,230320,train,bad,0,HPMEC,4+_days,train,f61b05b522ade64a7ad5b579a1b13a27cab87986a6ad92b34708f6a88d347db5
data/raw/ooc/OOC_image_dataset/train/bad/cell_type_HPMEC/4+_days/230320_127.png,230320_127,230320,train,bad,0,HPMEC,4+_days,train,d398d86dcc114b02c4d82613e8de9d3b911c0580fb18988180ad34237c7ee3f0
data/raw/ooc/OOC_image_dataset/train/bad/cell_type_HPMEC/4+_days/230320_128.png,230320_128,230320,train,bad,0,HPMEC,4+_days,train,74093abef62c01184b5b25ba5fbbdf4a2c6957ba0618215af906711467e74509
data/raw/ooc/OOC_image_dataset/train/bad/cell_type_HPMEC/4+_days/230320_130.png,230320_130,230320,train,bad,0,HPMEC,4+_days,train,c2916ad837cf18a1356d720524d48e2f7ee5ac5d5f5096034a7b04c28ce93ae8
data/raw/ooc/OOC_image_dataset/train/bad/cell_type_HPMEC/4+_days/230320_131.png,230320_131,230320,train,bad,0,HPMEC,4+_days,train,24b837158c03c56c173644695c4a9971fbd443c379c218e9e4c00f565b2bf6d9
data/raw/ooc/OOC_image_dataset/train/bad/cell_type_HPMEC/4+_days/230320_132.png,230320_132,230320,train,bad,0,HPMEC,4+_days,train,31717cadf1d5f4460d6633340a91cf70417b87745683454e2ea6d5526132986d
data/raw/ooc/OOC_image_dataset/train/bad/cell_type_HPMEC/4+_days/230320_169.png,230320_169,230320,train,bad,0,HPMEC,4+_days,train,b5004159e27cd3b95a99a440d87317e491f3ef9baab50d07f46c948fe3f93451
data/raw/ooc/OOC_image_dataset/train/bad/cell_type_HPMEC/4+_days/230320_17.png,230320_17,230320,train,bad,0,HPMEC,4+_days,train,7b687fa72b1d91aa5bc883d5b79a76236a16e74da79a0967fd5b478225375aa0
data/raw/ooc/OOC_image_dataset/train/bad/cell_type_HPMEC/4+_days/230320_170.png,230320_170,230320,train,bad,0,HPMEC,4+_days,train,2b523a9317cb749e158c00ad175f50907dc637d8565deda9b4582e42065561f0
data/raw/ooc/OOC_image_dataset/train/bad/cell_type_HPMEC/4+_days/230320_173.png,230320_173,230320,train,bad,0,HPMEC,4+_days,train,95187cd9cbce97a6f8cda973c899e5c42b80b45390af19ed20c7587efaf71a58
data/raw/ooc/OOC_image_dataset/train/bad/cell_type_HPMEC/4+_days/230320_174.png,230320_174,230320,train,bad,0,HPMEC,4+_days,train,819223e279ff7e040591a2e61569ce4d42593863525bcdeb3d7d012de6d868f8
data/raw/ooc/OOC_image_dataset/train/bad/cell_type_HPMEC/4+_days/230320_176.png,230320_176,230320,train,bad,0,HPMEC,4+_days,train,e87b0aeef6351f8870ffe9f9328559720fc64289cbab690235b655d6facd5c4e
data/raw/ooc/OOC_image_dataset/train/bad/cell_type_HPMEC/4+_days/230320_177.png,230320_177,230320,train,bad,0,HPMEC,4+_days,train,5505309f6274dc1a85b51b9789e84829127f334a86a3884e5d1d90cf3c46c2d0
data/raw/ooc/OOC_image_dataset/train/bad/cell_type_HPMEC/4+_days/230320_178.png,230320_178,230320,train,bad,0,HPMEC,4+_days,train,7e950371592bbfaae82ffd44139d402f8f88288402d22aac7db68c8a93000d3d
data/raw/ooc/OOC_image_dataset/train/bad/cell_type_HPMEC/4+_days/230320_179.png,230320_179,230320,train,bad,0,HPMEC,4+_days,train,64a509aeda82be87e37d8dd194024878b10c949537b33b99bf623fed59fac0c7
data/raw/ooc/OOC_image_dataset/train/bad/cell_type_HPMEC/4+_days/230320_180.png,230320_180,230320,train,bad,0,HPMEC,4+_days,train,b98dd768c492090e57db39ada18dcb5cebc22b8825f1e5e2ed41f7bdf4552453
data/raw/ooc/OOC_image_dataset/train/bad/cell_type_HPMEC/4+_days/230320_182.png,230320_182,230320,train,bad,0,HPMEC,4+_days,train,ed43b8ba4d857789fe133b4d9ecba1b45e943d00da01c3f8760d8be7e08a4b46
data/raw/ooc/OOC_image_dataset/train/bad/cell_type_HPMEC/4+_days/230320_183.png,230320_183,230320,train,bad,0,HPMEC,4+_days,train,c43440f824e7c21af69ff06ab5691d0b6a1adebca22cb12f096b7cb4b4dd3e63
data/raw/ooc/OOC_image_dataset/train/bad/cell_type_HPMEC/4+_days/230320_184.png,230320_184,230320,train,bad,0,HPMEC,4+_days,train,e9557b8560192017704a6dd460d35f8890461018ed028ecda7406fa2176fb448
data/raw/ooc/OOC_image_dataset/train/bad/cell_type_HPMEC/4+_days/230320_201.png,230320_201,230320,train,bad,0,HPMEC,4+_days,train,e599b3a180d97c148abfdc147f5920312220778ff7e3a270dffea2b41b4fef37
data/raw/ooc/OOC_image_dataset/train/bad/cell_type_HPMEC/4+_days/230320_24.png,230320_24,230320,train,bad,0,HPMEC,4+_days,train,8f8fa5cccfbd1432dedd37c7fae10785fa657f36d23fd2681a9cedbc0935e275
data/raw/ooc/OOC_image_dataset/train/bad/cell_type_HPMEC/4+_days/230320_25.png,230320_25,230320,train,bad,0,HPMEC,4+_days,train,c617789c98e6f2103e9667653e8d4fdfd3ed26bbb19941dae65bcfe8f4ccb4f9
data/raw/ooc/OOC_image_dataset/train/bad/cell_type_HPMEC/4+_days/230320_26.png,230320_26,230320,train,bad,0,HPMEC,4+_days,train,aa18ed41ab9d9af022c814782b78b7e2aa87fb8b42fe978818bec07cc16e6d9f
data/raw/ooc/OOC_image_dataset/train/bad/cell_type_HPMEC/4+_days/230320_27.png,230320_27,230320,train,bad,0,HPMEC,4+_days,train,248ac995e05101f5a7dd973bb481976a18517445551717fc2a66a4eafb117a83
data/raw/ooc/OOC_image_dataset/train/bad/cell_type_HPMEC/4+_days/230320_28.png,230320_28,230320,train,bad,0,HPMEC,4+_days,train,2f3d385c9c3c9eca3e6dafd960a6c845c05aa581f79cf1b2e84acc7f75d27e44
data/raw/ooc/OOC_image_dataset/train/bad/cell_type_HPMEC/4+_days/230320_29.png,230320_29,230320,train,bad,0,HPMEC,4+_days,train,585f0bbdf8a206d3924d00d67923e4d022d7d2e6f4a659bd2e1cb45368c7512e
data/raw/ooc/OOC_image_dataset/train/bad/cell_type_HPMEC/4+_days/230320_31.png,230320_31,230320,train,bad,0,HPMEC,4+_days,train,2df68aedfad299c0d71d0cb117d1a4f45d1e2049dcc221298774a77e5f9d007e
data/raw/ooc/OOC_image_dataset/train/bad/cell_type_HPMEC/4+_days/230320_70.png,230320_70,230320,train,bad,0,HPMEC,4+_days,train,1c45b0227525618f9357cfec6032616af55893ec2130ed2323f79206e1bba5bf
data/raw/ooc/OOC_image_dataset/train/bad/cell_type_HPMEC/4+_days/230320_74.png,230320_74,230320,train,bad,0,HPMEC,4+_days,train,8592141188665bd56f491ff6a18c0bc09fac3b80586540e9e7299ce18fcef316
data/raw/ooc/OOC_image_dataset/train/bad/cell_type_HPMEC/4+_days/230424_1.png,230424_1,230424,validation,bad,0,HPMEC,4+_days,train,d8d1e9552e465027a984a0293a929e413dfd095d7ffff813e7774d7105f48dc1
data/raw/ooc/OOC_image_dataset/train/bad/cell_type_HPMEC/4+_days/230424_10.png,230424_10,230424,validation,bad,0,HPMEC,4+_days,train,6ea1326563baeada5d60cb931c1d0875acf93c245d19739c05a15cc0b3451e02
data/raw/ooc/OOC_image_dataset/train/bad/cell_type_HPMEC/4+_days/230424_11.png,230424_11,230424,validation,bad,0,HPMEC,4+_days,train,45cbb224db16d3cbd9f1fb556ba636c1294fe3045e4d45dc17de22feac02a2aa
data/raw/ooc/OOC_image_dataset/train/bad/cell_type_HPMEC/4+_days/230424_13.png,230424_13,230424,validation,bad,0,HPMEC,4+_days,train,51254456a443d92c602e3f89f332f696d9c751925e9d4857d5c461fef35572c4
data/raw/ooc/OOC_image_dataset/train/bad/cell_type_HPMEC/4+_days/230424_14.png,230424_14,230424,validation,bad,0,HPMEC,4+_days,train,3aa5c696d1277c647d92a976c5c092165af65a3d05ffa9f596487717cbd36f21
data/raw/ooc/OOC_image_dataset/train/bad/cell_type_HPMEC/4+_days/230424_15.png,230424_15,230424,validation,bad,0,HPMEC,4+_days,train,caa8f6bf98877bf97780202cdf6f767b1a6debacb6e02b88c20fa9f4bcf070a9
data/raw/ooc/OOC_image_dataset/train/bad/cell_type_HPMEC/4+_days/230424_16.png,230424_16,230424,validation,bad,0,HPMEC,4+_days,train,fb39898e438c1a5530980134ef7f607ecf0ef404132b42818c44d82e3107363c
data/raw/ooc/OOC_image_dataset/train/bad/cell_type_HPMEC/4+_days/230424_18.png,230424_18,230424,validation,bad,0,HPMEC,4+_days,train,50962f61faf0798ffbada3e7c7bbdf98ac54afb17fa1de23097fd40fc49cb81b
data/raw/ooc/OOC_image_dataset/train/bad/cell_type_HPMEC/4+_days/230424_19.png,230424_19,230424,validation,bad,0,HPMEC,4+_days,train,c676c324e11985ec9491b7d3c1c759f5c39bf9cb86729899103c6c77f3996931
data/raw/ooc/OOC_image_dataset/train/bad/cell_type_HPMEC/4+_days/230424_2.png,230424_2,230424,validation,bad,0,HPMEC,4+_days,train,69b8b8d9f5013137361e9ec904c1723ff021f5c6b0318cb8a2455ca146656528
data/raw/ooc/OOC_image_dataset/train/bad/cell_type_HPMEC/4+_days/230424_21.png,230424_21,230424,validation,bad,0,HPMEC,4+_days,train,102a81f0bb589748d7f2ddf3b41d37c574d60e8ae25b4e0cf82fbe457e27538c
data/raw/ooc/OOC_image_dataset/train/bad/cell_type_HPMEC/4+_days/230424_24.png,230424_24,230424,validation,bad,0,HPMEC,4+_days,train,86f79c8958e74d0e3f2a8b66ab370d9b5ef27d60bd00669f315cf6b1d258524e
data/raw/ooc/OOC_image_dataset/train/bad/cell_type_HPMEC/4+_days/230424_25.png,230424_25,230424,validation,bad,0,HPMEC,4+_days,train,b6734d354598ebe3dc3abc78704ce0ad0846937fdaa4310f65cbdfb756ab4f14
data/raw/ooc/OOC_image_dataset/train/bad/cell_type_HPMEC/4+_days/230424_26.png,230424_26,230424,validation,bad,0,HPMEC,4+_days,train,ca22da88f9690141544dd1bb29158bbc07978ce0a06210d3e5e449807c113ae4
data/raw/ooc/OOC_image_dataset/train/bad/cell_type_HPMEC/4+_days/230424_27.png,230424_27,230424,validation,bad,0,HPMEC,4+_days,train,61465ea6be47008688f45c85b4b1dee36051881050bb681ed4c40bddc931087d
data/raw/ooc/OOC_image_dataset/train/bad/cell_type_HPMEC/4+_days/230424_28.png,230424_28,230424,validation,bad,0,HPMEC,4+_days,train,b3d9550e612ef6d90f9c513a2111a14a81b0106c65b6f44909472f290e5782e3
data/raw/ooc/OOC_image_dataset/train/bad/cell_type_HPMEC/4+_days/230424_3.png,230424_3,230424,validation,bad,0,HPMEC,4+_days,train,354bc97a0110d0bea73e8cf7f831a78a34e5d97f70b8af968038622d155c6f9f
data/raw/ooc/OOC_image_dataset/train/bad/cell_type_HPMEC/4+_days/230424_37.png,230424_37,230424,validation,bad,0,HPMEC,4+_days,train,747cbedf0885c755b4a9e2c55de9e84e71696031aca21bc41942b79f303d3271
data/raw/ooc/OOC_image_dataset/train/bad/cell_type_HPMEC/4+_days/230424_38.png,230424_38,230424,validation,bad,0,HPMEC,4+_days,train,5bd37e77ba70d1b1a20d43db2a367737f9dba142e7401f690e192a5eaf0e973b
data/raw/ooc/OOC_image_dataset/train/bad/cell_type_HPMEC/4+_days/230424_4.png,230424_4,230424,validation,bad,0,HPMEC,4+_days,train,a3199dc016a95f882f4f7dbe502659f6f0c476f2fab6cb7ad195a7fba553e75c
data/raw/ooc/OOC_image_dataset/train/bad/cell_type_HPMEC/4+_days/230424_42.png,230424_42,230424,validation,bad,0,HPMEC,4+_days,train,1a33b037f15b7bcc3a13edd495577da0e954ec73d3cec4991a1d005dd05efe7d
data/raw/ooc/OOC_image_dataset/train/bad/cell_type_HPMEC/4+_days/230424_43.png,230424_43,230424,validation,bad,0,HPMEC,4+_days,train,3ecc82971b86d213f1d8833b5ecdafffff68c6ecae376a24eb6e94bd09c60395
data/raw/ooc/OOC_image_dataset/train/bad/cell_type_HPMEC/4+_days/230424_44.png,230424_44,230424,validation,bad,0,HPMEC,4+_days,train,a1cdf763cf64743a6b8678f0bec50f7eca0d636eba67a50993a739bf707e64fc
data/raw/ooc/OOC_image_dataset/train/bad/cell_type_HPMEC/4+_days/230424_5.png,230424_5,230424,validation,bad,0,HPMEC,4+_days,train,977b523bd28eb6bd7dae481c8cba08daada86f9d317a4ee61ea78a83c3f63e01
data/raw/ooc/OOC_image_dataset/train/bad/cell_type_HPMEC/4+_days/230424_53.png,230424_53,230424,validation,bad,0,HPMEC,4+_days,train,1be6ef026327fab511ce3ce7dc7d3e13943cc0876fc374fd7bdd74b727a04584
data/raw/ooc/OOC_image_dataset/train/bad/cell_type_HPMEC/4+_days/230424_7.png,230424_7,230424,validation,bad,0,HPMEC,4+_days,train,210a38411399a169e5c7b6656a473ce0d124059cc4836606cc5a2dd3960ab4c6
data/raw/ooc/OOC_image_dataset/train/bad/cell_type_HPMEC/4+_days/230424_8.png,230424_8,230424,validation,bad,0,HPMEC,4+_days,train,acce6bdaa02d93df05d80cc411f4e40275af7b1a469e9420730edc6b09661492
data/raw/ooc/OOC_image_dataset/train/bad/cell_type_HPMEC/4+_days/230425_1.png,230425_1,230425,train,bad,0,HPMEC,4+_days,train,ea117dbb1aebb345e04eefef697e98be669b44503f8b64111b4f70d1d5a31dde
data/raw/ooc/OOC_image_dataset/train/bad/cell_type_HPMEC/4+_days/230425_106.png,230425_106,230425,train,bad,0,HPMEC,4+_days,train,c071c3181c9a733e7a944ec2713ae0c064c9d883b71bf19748b6c22bcb2560cd
data/raw/ooc/OOC_image_dataset/train/bad/cell_type_HPMEC/4+_days/230425_11.png,230425_11,230425,train,bad,0,HPMEC,4+_days,train,dfabe134a0f9d36a8b386471786be3e58c0bf37484e4ce5092651981490d1cc9
data/raw/ooc/OOC_image_dataset/train/bad/cell_type_HPMEC/4+_days/230425_12.png,230425_12,230425,train,bad,0,HPMEC,4+_days,train,8c31a90b69368b5be616acd19c812e39111e7e8a65b071adc72cdc0ab5d4dc2a
data/raw/ooc/OOC_image_dataset/train/bad/cell_type_HPMEC/4+_days/230425_125.png,230425_125,230425,train,bad,0,HPMEC,4+_days,train,6f457f0e0127be78ccc97322a6612d0b7ba4d94d0f5fea9c92cfd7ffbc86d657
data/raw/ooc/OOC_image_dataset/train/bad/cell_type_HPMEC/4+_days/230425_129.png,230425_129,230425,train,bad,0,HPMEC,4+_days,train,60569c6ce5dfa93ff18138810a590c482d8ebd468358d1b19fcf8201e469e9db
data/raw/ooc/OOC_image_dataset/train/bad/cell_type_HPMEC/4+_days/230425_13.png,230425_13,230425,train,bad,0,HPMEC,4+_days,train,f1663029c72e979c266b4b2a3e6f45661c122e03ba8ba532eae3bc19d523982f
data/raw/ooc/OOC_image_dataset/train/bad/cell_type_HPMEC/4+_days/230425_132.png,230425_132,230425,train,bad,0,HPMEC,4+_days,train,cf022f45803a7ccf107ce693fa7f1d4c9cf03eb780611389981134441e6aaccf
data/raw/ooc/OOC_image_dataset/train/bad/cell_type_HPMEC/4+_days/230425_14.png,230425_14,230425,train,bad,0,HPMEC,4+_days,train,3e27a3141523214737a3a1dc8be52c7a4c615bb3d01c2d3a84afa4a7bef49179
data/raw/ooc/OOC_image_dataset/train/bad/cell_type_HPMEC/4+_days/230425_16.png,230425_16,230425,train,bad,0,HPMEC,4+_days,train,df86c20987af9a4d0ce826df7ee762572b1fd475e2af3b9ff577aaa69925a47e
data/raw/ooc/OOC_image_dataset/train/bad/cell_type_HPMEC/4+_days/230425_3.png,230425_3,230425,train,bad,0,HPMEC,4+_days,train,729bdfd757cf8adfa32e2098ccbfb95d6efdbc26fd636cf257581bd55330f055
data/raw/ooc/OOC_image_dataset/train/bad/cell_type_HPMEC/4+_days/230425_4.png,230425_4,230425,train,bad,0,HPMEC,4+_days,train,98246a804d70356a9d73a8edd10c294d71db199e6fef9775b03ef34bebc346e2
data/raw/ooc/OOC_image_dataset/train/bad/cell_type_HPMEC/4+_days/230425_5.png,230425_5,230425,train,bad,0,HPMEC,4+_days,train,3ab48746c4f0b71d3972f4208b633a74c04c1b7e82571db3c2757df3769d6801
data/raw/ooc/OOC_image_dataset/train/bad/cell_type_HPMEC/4+_days/230425_7.png,230425_7,230425,train,bad,0,HPMEC,4+_days,train,98814a2b13838d01e7f7c02b2d1ba174da0319efe6f99cc2ec72f75112222b7d
data/raw/ooc/OOC_image_dataset/train/bad/cell_type_HPMEC/4+_days/230425_9.png,230425_9,230425,train,bad,0,HPMEC,4+_days,train,49db10123f10561eaf3e6788ba10a3d18106301ec9bb2112d189b42d4dbe8a57
data/raw/ooc/OOC_image_dataset/train/bad/cell_type_HPMEC/4+_days/230517_28.png,230517_28,230517,test,bad,0,HPMEC,4+_days,train,a1199a05099b7114962a17d071e747dc35b5f0a8b6a6736d1bcc7d7e9b282718
data/raw/ooc/OOC_image_dataset/train/bad/cell_type_HPMEC/4+_days/230517_30.png,230517_30,230517,test,bad,0,HPMEC,4+_days,train,bcaf385865b3789a1fe272c78f1db9da22391acf4ad3839ca5f56e8a3b6c1542
data/raw/ooc/OOC_image_dataset/train/bad/cell_type_HPMEC/4+_days/230517_31.png,230517_31,230517,test,bad,0,HPMEC,4+_days,train,851135f015a973fa8b8258fd7627c9f2c4ca0dc8171478441d861e6e4633ebee
data/raw/ooc/OOC_image_dataset/train/bad/cell_type_HPMEC/4+_days/230517_34.png,230517_34,230517,test,bad,0,HPMEC,4+_days,train,b24dc0b3fa88a65c4f19c9735d070eb0829c6078a4a1a4b8f5b55801cb15b99a
data/raw/ooc/OOC_image_dataset/train/bad/cell_type_HPMEC/4+_days/230517_35.png,230517_35,230517,test,bad,0,HPMEC,4+_days,train,36d2073b4a72dfb7ee1d18c9bd92238f7b5f2503f36173f41aaf15113f216ad0
data/raw/ooc/OOC_image_dataset/train/bad/cell_type_HPMEC/4+_days/230517_36.png,230517_36,230517,test,bad,0,HPMEC,4+_days,train,1bb3dcbedd59056fabf6895a9c078e1f1d89039f976e214a5d81230c339fd227
data/raw/ooc/OOC_image_dataset/train/bad/cell_type_HPMEC/4+_days/230517_74.png,230517_74,230517,test,bad,0,HPMEC,4+_days,train,fa7ccf27e7d94bd87b36ea640d573a93577f15c75343c76af80adf8b5215f9e7
data/raw/ooc/OOC_image_dataset/train/bad/cell_type_HPMEC/4+_days/230517_75.png,230517_75,230517,test,bad,0,HPMEC,4+_days,train,c1070e20f69e8ef688dbaa26adc6c73f80de28c8cb1ffd3ecad12d899c7a33fe
data/raw/ooc/OOC_image_dataset/train/bad/cell_type_HPMEC/4+_days/230517_77.png,230517_77,230517,test,bad,0,HPMEC,4+_days,train,9557b23e68bbb6b679986a8682076301988bbb3961dd2a46ded312b2dcd70657
data/raw/ooc/OOC_image_dataset/train/bad/cell_type_HPMEC/4+_days/230517_78.png,230517_78,230517,test,bad,0,HPMEC,4+_days,train,46949e1bdbe855593215f3806391c103370d2960980399cdc304e7873cd45b8d
data/raw/ooc/OOC_image_dataset/train/bad/cell_type_HPMEC/4+_days/230517_79.png,230517_79,230517,test,bad,0,HPMEC,4+_days,train,485d9120392e5932413a7a8d4e48c2bee8b9e0d903553b6eb11d967f188ac570
data/raw/ooc/OOC_image_dataset/train/bad/cell_type_HPMEC/4+_days/230517_80.png,230517_80,230517,test,bad,0,HPMEC,4+_days,train,2c59ed837c45a35f7a83ad969fab9faf73fe4935620b925b178fd6c8a96a8246
data/raw/ooc/OOC_image_dataset/train/bad/cell_type_HPMEC/4+_days/230529_101.png,230529_101,230529,train,bad,0,HPMEC,4+_days,train,19a267267b1ba0d0108d80f90e3f8db71d041758592d39376b1cd396b0a2df56
data/raw/ooc/OOC_image_dataset/train/bad/cell_type_HPMEC/4+_days/230529_105.png,230529_105,230529,train,bad,0,HPMEC,4+_days,train,8cab776fff64e55ffdc007b09bdd1803480f1334ebd5f4e146f1b67615f44c0d
data/raw/ooc/OOC_image_dataset/train/bad/cell_type_HPMEC/4+_days/230529_106.png,230529_106,230529,train,bad,0,HPMEC,4+_days,train,4a3a8d91703b084d0a15751797c9b24f5754f878927f9cd14d314e127f8d8ec0
data/raw/ooc/OOC_image_dataset/train/bad/cell_type_HPMEC/4+_days/230529_107.png,230529_107,230529,train,bad,0,HPMEC,4+_days,train,fbbdc02fed3a851417fd474a411af52af55fc98c786ea2712aa0eb8e8471b462
data/raw/ooc/OOC_image_dataset/train/bad/cell_type_HPMEC/4+_days/230529_13.png,230529_13,230529,train,bad,0,HPMEC,4+_days,train,76ac41728e80baa442acdbfb01263ea156f93b789f432df57080cd0cfc947682
data/raw/ooc/OOC_image_dataset/train/bad/cell_type_HPMEC/4+_days/230529_144.png,230529_144,230529,train,bad,0,HPMEC,4+_days,train,cdb7015470be1568100570dc92c5cc2fcf3953b4dfeaa35575c1e1905919440c
data/raw/ooc/OOC_image_dataset/train/bad/cell_type_HPMEC/4+_days/230529_146.png,230529_146,230529,train,bad,0,HPMEC,4+_days,train,e82b10efafc0070579148209a1e4c5e812cb58df6cd673ff128afaed5c47650c
data/raw/ooc/OOC_image_dataset/train/bad/cell_type_HPMEC/4+_days/230529_147.png,230529_147,230529,train,bad,0,HPMEC,4+_days,train,77dbb955c2c58334191353d162a2e79deaa8c51376610dd9af53a0dbb77279ae
data/raw/ooc/OOC_image_dataset/train/bad/cell_type_HPMEC/4+_days/230529_148.png,230529_148,230529,train,bad,0,HPMEC,4+_days,train,6e721805890bbd9789e3e83e5516cb14e4dbc526327fdab893b3dabe78f22bb9
data/raw/ooc/OOC_image_dataset/train/bad/cell_type_HPMEC/4+_days/230529_149.png,230529_149,230529,train,bad,0,HPMEC,4+_days,train,c246bfb974f43b43db7d9a19bf6c55605cd635d5b8718c3a68729be9c0803a77
data/raw/ooc/OOC_image_dataset/train/bad/cell_type_HPMEC/4+_days/230529_150.png,230529_150,230529,train,bad,0,HPMEC,4+_days,train,e456eb4ee829f535c1fc38d38d34e76c6545d4619e486a9f84bbae79f192c8ad
data/raw/ooc/OOC_image_dataset/train/bad/cell_type_HPMEC/4+_days/230529_151.png,230529_151,230529,train,bad,0,HPMEC,4+_days,train,f470b832dca06311a531c50a3c022afa8770059483ff8516b1783a89baa00d15
data/raw/ooc/OOC_image_dataset/train/bad/cell_type_HPMEC/4+_days/230529_152.png,230529_152,230529,train,bad,0,HPMEC,4+_days,train,996faed5793fd29bd20ddf4a63f083e59247f745623d30d7a16a1a8acb8fda25
data/raw/ooc/OOC_image_dataset/train/bad/cell_type_HPMEC/4+_days/230529_153.png,230529_153,230529,train,bad,0,HPMEC,4+_days,train,004e53e8542e45821b259f4b3296394a32c9110117be86d19c70a4e2847ff4aa
data/raw/ooc/OOC_image_dataset/train/bad/cell_type_HPMEC/4+_days/230529_154.png,230529_154,230529,train,bad,0,HPMEC,4+_days,train,d361fd5a2f51c0e8b3f3af2a7494e66998112ce72efee79b25d7686cda2678ac
data/raw/ooc/OOC_image_dataset/train/bad/cell_type_HPMEC/4+_days/230529_155.png,230529_155,230529,train,bad,0,HPMEC,4+_days,train,88e8c0037cad8e7bcbca52c1dd2bc68d6404020c35969f56a121cdcaa16e82e3
data/raw/ooc/OOC_image_dataset/train/bad/cell_type_HPMEC/4+_days/230529_156.png,230529_156,230529,train,bad,0,HPMEC,4+_days,train,d8849bc7fddfeef0372c53cb32258fcaddce60ce628ded929b33c85fcc80da66
data/raw/ooc/OOC_image_dataset/train/bad/cell_type_HPMEC/4+_days/230529_158.png,230529_158,230529,train,bad,0,HPMEC,4+_days,train,7538ee9b005dbf8d3480f056366300dc2b97b2305887afd69d9629fb18feec09
data/raw/ooc/OOC_image_dataset/train/bad/cell_type_HPMEC/4+_days/230529_16.png,230529_16,230529,train,bad,0,HPMEC,4+_days,train,797bb2ade02430a422ba1efbca276b6a30021c913174d647b1b51234276435e1
data/raw/ooc/OOC_image_dataset/train/bad/cell_type_HPMEC/4+_days/230529_160.png,230529_160,230529,train,bad,0,HPMEC,4+_days,train,4186a3fbe498c68cfc939dc52d5c892938a42f0b85d5f5377e6658e555befd98
data/raw/ooc/OOC_image_dataset/train/bad/cell_type_HPMEC/4+_days/230529_161.png,230529_161,230529,train,bad,0,HPMEC,4+_days,train,409085720229ecfd5be34a1894c8a31f43d410ce9550ace6c08bfe28fa4121a4
data/raw/ooc/OOC_image_dataset/train/bad/cell_type_HPMEC/4+_days/230529_162.png,230529_162,230529,train,bad,0,HPMEC,4+_days,train,980a9090624a7a36150747e6ab15e13ad09f8133388996875586417406db7a75
data/raw/ooc/OOC_image_dataset/train/bad/cell_type_HPMEC/4+_days/230529_163.png,230529_163,230529,train,bad,0,HPMEC,4+_days,train,2a7c2755ed0fe82d65c54a724bad365ce4bf684f4dc8a7af7c8f3f9e6a4e9d1a
data/raw/ooc/OOC_image_dataset/train/bad/cell_type_HPMEC/4+_days/230529_164.png,230529_164,230529,train,bad,0,HPMEC,4+_days,train,fba02a527f4962b7ce5f3568b55ed4fb71f6ecb5be08e07f170dbeae6363a514
data/raw/ooc/OOC_image_dataset/train/bad/cell_type_HPMEC/4+_days/230529_165.png,230529_165,230529,train,bad,0,HPMEC,4+_days,train,d86f1842122666c3db1be343d797bd8bd44cc22a931353890fe79f8eba067ebe
data/raw/ooc/OOC_image_dataset/train/bad/cell_type_HPMEC/4+_days/230529_166.png,230529_166,230529,train,bad,0,HPMEC,4+_days,train,d67f1263875522f3e6cdd530851e7f8db08268a558e65c3db5b8b1c19dbba05e
data/raw/ooc/OOC_image_dataset/train/bad/cell_type_HPMEC/4+_days/230529_172.png,230529_172,230529,train,bad,0,HPMEC,4+_days,train,c178ddaca749f3f1245ece193ebda50316f39a9697d212766283fb423b6e1ffd
data/raw/ooc/OOC_image_dataset/train/bad/cell_type_HPMEC/4+_days/230529_174.png,230529_174,230529,train,bad,0,HPMEC,4+_days,train,09f8afe3ae9129a15d552cdeb0b7895af21686eb6ba683bc9647c0b02ca56fca
data/raw/ooc/OOC_image_dataset/train/bad/cell_type_HPMEC/4+_days/230529_175.png,230529_175,230529,train,bad,0,HPMEC,4+_days,train,684fbea8ffb6f6fc3bb3e07846d12cd5bbfb73377600766e1d1d45b6e033f79b
data/raw/ooc/OOC_image_dataset/train/bad/cell_type_HPMEC/4+_days/230529_176.png,230529_176,230529,train,bad,0,HPMEC,4+_days,train,a34e85ecbb554d5abced94626c676ddf84b2a12a9b710abf97c66976688dac8d
data/raw/ooc/OOC_image_dataset/train/bad/cell_type_HPMEC/4+_days/230529_19.png,230529_19,230529,train,bad,0,HPMEC,4+_days,train,dc04a2ec052be8ca4449476a04615cf62cf2b16c3ca376911e0f209c271634ec
data/raw/ooc/OOC_image_dataset/train/bad/cell_type_HPMEC/4+_days/230529_20.png,230529_20,230529,train,bad,0,HPMEC,4+_days,train,99cb6cd1846893023f7c8687a9e5ebf7fa45b65b73913ee1187ca9186a4eb8fb
data/raw/ooc/OOC_image_dataset/train/bad/cell_type_HPMEC/4+_days/230529_21.png,230529_21,230529,train,bad,0,HPMEC,4+_days,train,5a18b8d2106ca0cdc2cb60d12dcbfbca5b8418079a93d09ebdcf0a0a2390c131
data/raw/ooc/OOC_image_dataset/train/bad/cell_type_HPMEC/4+_days/230529_23.png,230529_23,230529,train,bad,0,HPMEC,4+_days,train,94e737440abf54ff54f136826aa63c224b8bd801d7df2296c27919153bc7d1a1
data/raw/ooc/OOC_image_dataset/train/bad/cell_type_HPMEC/4+_days/230529_24.png,230529_24,230529,train,bad,0,HPMEC,4+_days,train,2708102b92206d7051bb815a9313245e2b2c121d01ed86ff915d3786648093dc
data/raw/ooc/OOC_image_dataset/train/bad/cell_type_HPMEC/4+_days/230529_25.png,230529_25,230529,train,bad,0,HPMEC,4+_days,train,c71b285630b3b2460fea594de2d31bd8a1c7530d4e2da444108e2f3a6a9bb1bf
data/raw/ooc/OOC_image_dataset/train/bad/cell_type_HPMEC/4+_days/230529_26.png,230529_26,230529,train,bad,0,HPMEC,4+_days,train,089adf3db17ac2307e939c275044d46bb7c41e0cf0c195034b0dc25c6ccb223a
data/raw/ooc/OOC_image_dataset/train/bad/cell_type_HPMEC/4+_days/230529_27.png,230529_27,230529,train,bad,0,HPMEC,4+_days,train,0f1a4fbae0232ce32b183a93aa0422731d3c3a407d1188dc313fa9e048d7910b
data/raw/ooc/OOC_image_dataset/train/bad/cell_type_HPMEC/4+_days/230529_28.png,230529_28,230529,train,bad,0,HPMEC,4+_days,train,bba2c7596826b29ed5bb564d9248236717713c06652ce3c81cd74d81aee908a4
data/raw/ooc/OOC_image_dataset/train/bad/cell_type_HPMEC/4+_days/230529_29.png,230529_29,230529,train,bad,0,HPMEC,4+_days,train,53f3be6e11ea99fcb2ae68a4c42c69df9b7eb85372259f2ac6215b29faf67b1f
data/raw/ooc/OOC_image_dataset/train/bad/cell_type_HPMEC/4+_days/230529_30.png,230529_30,230529,train,bad,0,HPMEC,4+_days,train,176831777133e266d07ed7b4bbd45568151ed92f5fa5f75cf2cb0771a2f5d695
data/raw/ooc/OOC_image_dataset/train/bad/cell_type_HPMEC/4+_days/230529_33.png,230529_33,230529,train,bad,0,HPMEC,4+_days,train,c2077c03bfa8b9b8f9e5adefdf61f5bfff4301ba395b056f540c4ea1c07374d0
data/raw/ooc/OOC_image_dataset/train/bad/cell_type_HPMEC/4+_days/230529_34.png,230529_34,230529,train,bad,0,HPMEC,4+_days,train,e393768237457f001cf41d5df17fb16516dd25301569e46c576877c1ce703709
data/raw/ooc/OOC_image_dataset/train/bad/cell_type_HPMEC/4+_days/230529_7.png,230529_7,230529,train,bad,0,HPMEC,4+_days,train,49c9b5d6b5c9f960adc8e3200bce5f0bac4f7597eca1c8e30a1cb8a87b90e535
data/raw/ooc/OOC_image_dataset/train/bad/cell_type_HPMEC/4+_days/230529_76.png,230529_76,230529,train,bad,0,HPMEC,4+_days,train,7f2ae1b3790293a14742f4976aa7d968e3b3ea3e683b7483718668dd968f7e31
data/raw/ooc/OOC_image_dataset/train/bad/cell_type_HPMEC/4+_days/230529_77.png,230529_77,230529,train,bad,0,HPMEC,4+_days,train,829f300ece5ca12b15f44e0811fea2a2a61a677743e0c452d23046643489aa4e
data/raw/ooc/OOC_image_dataset/train/bad/cell_type_HPMEC/4+_days/230529_78.png,230529_78,230529,train,bad,0,HPMEC,4+_days,train,8b50a24c4941a35754e42ff26d9a91ce6afd7b647ceb0ae9d83bb156a60bf435
data/raw/ooc/OOC_image_dataset/train/bad/cell_type_HPMEC/4+_days/230529_79.png,230529_79,230529,train,bad,0,HPMEC,4+_days,train,ba1cad0374a3ea07b5f767674c2990b2fc32905cc525163c21daf855687ebfec
data/raw/ooc/OOC_image_dataset/train/bad/cell_type_HPMEC/4+_days/230529_80.png,230529_80,230529,train,bad,0,HPMEC,4+_days,train,62810f2fc78a78f29a4afa41e2ffac6a9b0ac93686eae5faad8711116f1aee67
data/raw/ooc/OOC_image_dataset/train/bad/cell_type_HPMEC/4+_days/230529_9.png,230529_9,230529,train,bad,0,HPMEC,4+_days,train,60ae682dd0c5462a2dde6ba10c085977f4dbf88625754656f374642fe16c0ba8
data/raw/ooc/OOC_image_dataset/train/bad/cell_type_HPMEC/4+_days/230529_90.png,230529_90,230529,train,bad,0,HPMEC,4+_days,train,4351b366c665f482d0c51aaed4b2f6c583175ecc85fbe961b7d1a98ad6acd782
data/raw/ooc/OOC_image_dataset/train/bad/cell_type_HPMEC/4+_days/230529_91.png,230529_91,230529,train,bad,0,HPMEC,4+_days,train,5d4e5b97adc22b498cedfdb7bc7e75ccfaf2f794d59b85874aa6599a4ffe3ef5
data/raw/ooc/OOC_image_dataset/train/bad/cell_type_HPMEC/4+_days/230529_92.png,230529_92,230529,train,bad,0,HPMEC,4+_days,train,7f7adbb6d9332c6f8585aa93b4432a3495c56a5f8c89d1dbb53d9db3b8a09107
data/raw/ooc/OOC_image_dataset/train/bad/cell_type_HPMEC/4+_days/230529_99.png,230529_99,230529,train,bad,0,HPMEC,4+_days,train,ada0868e40b50ffd2862f86a4911d9e1e6074f2d01b4d5e0c3cae2acd9e4b000
data/raw/ooc/OOC_image_dataset/train/bad/cell_type_HPMEC/4_days/230317_1.png,230317_1,230317,train,bad,0,HPMEC,4_days,train,2d6fcea3809619cfc3c21ca35543259fbfd7ecd909d822e21ce785c6b72fe9d4
data/raw/ooc/OOC_image_dataset/train/bad/cell_type_HPMEC/4_days/230317_10.png,230317_10,230317,train,bad,0,HPMEC,4_days,train,ad89b994c6ec14b0468b0dcc461c182b53a5546084c66e30dc181f118184341e
data/raw/ooc/OOC_image_dataset/train/bad/cell_type_HPMEC/4_days/230317_19.png,230317_19,230317,train,bad,0,HPMEC,4_days,train,83e610c1327578639847bd3a6d3272498d019d245cda71d2917510c115133543
data/raw/ooc/OOC_image_dataset/train/bad/cell_type_HPMEC/4_days/230317_32.png,230317_32,230317,train,bad,0,HPMEC,4_days,train,078bca4ee6c55cff96a4e0a69e92527843fc260c6f9c5294709412159457886b
data/raw/ooc/OOC_image_dataset/train/bad/cell_type_HPMEC/4_days/230317_33.png,230317_33,230317,train,bad,0,HPMEC,4_days,train,3e458ccd25c34b575d5cb73659b0f1faa0b4796bdd0b7a1f3412ef55f26937e9
data/raw/ooc/OOC_image_dataset/train/bad/cell_type_HPMEC/4_days/230317_37.png,230317_37,230317,train,bad,0,HPMEC,4_days,train,c70a1eb5116da540124043c27d1061ef92ae4699bcd17eef542befd95ec947d4
data/raw/ooc/OOC_image_dataset/train/bad/cell_type_HPMEC/4_days/230317_38.png,230317_38,230317,train,bad,0,HPMEC,4_days,train,d4fa4ec73280735269ecf3afa3e86a058e489ba4de4e0d4a10441a58e2b761fe
data/raw/ooc/OOC_image_dataset/train/bad/cell_type_HPMEC/4_days/230317_40.png,230317_40,230317,train,bad,0,HPMEC,4_days,train,5f3718c574a6f184540381302bc3eb6f07f82c25ee60c2340e63cb41ea1e86de
data/raw/ooc/OOC_image_dataset/train/bad/cell_type_HPMEC/4_days/230317_41.png,230317_41,230317,train,bad,0,HPMEC,4_days,train,7e5d451f67dea53211875f1e6851c8ae54df50bee3d945af8fc90805228bea70
data/raw/ooc/OOC_image_dataset/train/bad/cell_type_HPMEC/4_days/230317_44.png,230317_44,230317,train,bad,0,HPMEC,4_days,train,d87af28378da48ec94c77dbc6c86af2c1e9d6812cd1e3d58494fdd69eea81d62
data/raw/ooc/OOC_image_dataset/train/bad/cell_type_HPMEC/4_days/230317_46.png,230317_46,230317,train,bad,0,HPMEC,4_days,train,ce4f421f5f47950567196ee22e3e962a7326837a65b0aee17982cae3731f34a6
data/raw/ooc/OOC_image_dataset/train/bad/cell_type_HPMEC/4_days/230317_48.png,230317_48,230317,train,bad,0,HPMEC,4_days,train,b4a0a936045148e00134775cb946cf2bb55370653d4e8c568e52c55034d4ce7d
data/raw/ooc/OOC_image_dataset/train/bad/cell_type_HPMEC/4_days/230317_49.png,230317_49,230317,train,bad,0,HPMEC,4_days,train,910fb8aaa70abc6ca2564cb8980525c13a1ed7e86973c0fc21bdfabca4d5a4e9
data/raw/ooc/OOC_image_dataset/train/bad/cell_type_HPMEC/4_days/230317_50.png,230317_50,230317,train,bad,0,HPMEC,4_days,train,2ffa6141edad1b74d43dfecd9b3e7f64c4c4e8bca5ab627bf2c52da778be9561
data/raw/ooc/OOC_image_dataset/train/bad/cell_type_HPMEC/4_days/230317_51.png,230317_51,230317,train,bad,0,HPMEC,4_days,train,cea1426a8bd0f6a605c012f29b8e5d73387c747766c4bdcf80363ecd12f20f03
data/raw/ooc/OOC_image_dataset/train/bad/cell_type_HPMEC/4_days/230317_52.png,230317_52,230317,train,bad,0,HPMEC,4_days,train,bcbab8664f5d527c8f8b6058d708e565d0aeb4143ca9a27fd1616daaa097c1e6
data/raw/ooc/OOC_image_dataset/train/bad/cell_type_HPMEC/4_days/230317_53.png,230317_53,230317,train,bad,0,HPMEC,4_days,train,d024aee394283cea5e39a23a51bad3c75ea97baf7edb21c75feefd6c6fa44a7d
data/raw/ooc/OOC_image_dataset/train/bad/cell_type_HPMEC/4_days/230317_55.png,230317_55,230317,train,bad,0,HPMEC,4_days,train,c4f44b0bb2102e470f3c72fff519fe2d52ec86f9b3c9e6a21e6a9eb70e12c2a1
data/raw/ooc/OOC_image_dataset/train/bad/cell_type_HPMEC/4_days/230317_9.png,230317_9,230317,train,bad,0,HPMEC,4_days,train,05633a6d5b3fafa1e6201a2cd1a041ce47c05790ddcdd7d80c30cf250c41b3fb
data/raw/ooc/OOC_image_dataset/train/bad/cell_type_HPMEC/4_days/230512_10.png,230512_10,230512,test,bad,0,HPMEC,4_days,train,f8832ec85a4805350c034d54e7a45a5555dbf9df6ad05bad773725f1b2728897
data/raw/ooc/OOC_image_dataset/train/bad/cell_type_HPMEC/4_days/230512_11.png,230512_11,230512,test,bad,0,HPMEC,4_days,train,2042fec4ed983be2b4bf7a2220e652b05536be67402f23858640561b12de5e8d
data/raw/ooc/OOC_image_dataset/train/bad/cell_type_HPMEC/4_days/230512_26.png,230512_26,230512,test,bad,0,HPMEC,4_days,train,ff183e29a219e78f20e30f291f9043b16ea0478906d4473b8e88d224eb0d87b9
data/raw/ooc/OOC_image_dataset/train/bad/cell_type_HPMEC/4_days/230512_27.png,230512_27,230512,test,bad,0,HPMEC,4_days,train,b727936d8e46addc8bcb666a19a42e12c07113c721c77540545f50033d203239
data/raw/ooc/OOC_image_dataset/train/bad/cell_type_HPMEC/4_days/230512_28.png,230512_28,230512,test,bad,0,HPMEC,4_days,train,4d4d53b9ad46d931b57092a7b8c6b13e4071bdc8bf4b3f67ce0bda8524ceccd4
data/raw/ooc/OOC_image_dataset/train/bad/cell_type_HPMEC/4_days/230512_30.png,230512_30,230512,test,bad,0,HPMEC,4_days,train,19e83ec8a2deafe346022a566ab3328104fb837f660435550ba4b007d543a1ab
data/raw/ooc/OOC_image_dataset/train/bad/cell_type_HPMEC/4_days/230512_31.png,230512_31,230512,test,bad,0,HPMEC,4_days,train,0c6bb29cca5474d628ea1af7c7ef6337a7fd71ae35463bf04f792f5874c1955f
data/raw/ooc/OOC_image_dataset/train/bad/cell_type_HPMEC/4_days/230512_32.png,230512_32,230512,test,bad,0,HPMEC,4_days,train,389798b58027e64299f4fc049ff6d297e744d1de33d8680c46f29c0582ae155d
data/raw/ooc/OOC_image_dataset/train/bad/cell_type_HPMEC/4_days/230512_33.png,230512_33,230512,test,bad,0,HPMEC,4_days,train,899de180a8c13dc3616de950ebaee760f094a5156db57eda1c066b88e92f3fc1
data/raw/ooc/OOC_image_dataset/train/bad/cell_type_HPMEC/4_days/230512_35.png,230512_35,230512,test,bad,0,HPMEC,4_days,train,c050b2152625900f40323b46a78898167354c50504fbdeed97881afa33925be0
data/raw/ooc/OOC_image_dataset/train/bad/cell_type_HPMEC/4_days/230512_4.png,230512_4,230512,test,bad,0,HPMEC,4_days,train,8f3c8e20c029a7574a03557013a25a88cd110cde060c05c1aca958245ab75edf
data/raw/ooc/OOC_image_dataset/train/bad/cell_type_HPMEC/4_days/230512_72.png,230512_72,230512,test,bad,0,HPMEC,4_days,train,fa7333ecdebaed4c30b01b8c0e4f637ab4bbeec9b685debc3a38c519794896d9
data/raw/ooc/OOC_image_dataset/train/bad/cell_type_HPMEC/4_days/230512_74.png,230512_74,230512,test,bad,0,HPMEC,4_days,train,64480bd3eb7930a972cb0e6d6d311a485848aa14797fcfbea73145182e82bd4b
data/raw/ooc/OOC_image_dataset/train/bad/cell_type_HPMEC/4_days/230512_76.png,230512_76,230512,test,bad,0,HPMEC,4_days,train,2a0cbee776c8ca8e059a9613d75d9c174a64284762ad4be421729d466b27bc0e
data/raw/ooc/OOC_image_dataset/train/bad/cell_type_HPMEC/4_days/230512_77.png,230512_77,230512,test,bad,0,HPMEC,4_days,train,55e38369d8f8468c18d1ebaab54b8a85a5f4f2bb783a13af21232dd6f843569a
data/raw/ooc/OOC_image_dataset/train/bad/cell_type_HPMEC/4_days/230512_78.png,230512_78,230512,test,bad,0,HPMEC,4_days,train,79f50c71cf47a171a5a577c5d7c5b09bc500bbbc2a2bb67112825a77b2d9a508
data/raw/ooc/OOC_image_dataset/train/bad/cell_type_HPMEC/4_days/230512_79.png,230512_79,230512,test,bad,0,HPMEC,4_days,train,94da58c9af779da52bb7787aa1c11df285dd2c071d3267503e0e8ec5fb297f2c
data/raw/ooc/OOC_image_dataset/train/bad/cell_type_HSAEC/0-1_days/220708_10.png,220708_10,220708,train,bad,0,HSAEC,0-1_days,train,7d14459c7a372e5e013c4d30bfd310d167fac2d8d8967495b3432562ce721d98
data/raw/ooc/OOC_image_dataset/train/bad/cell_type_HSAEC/0-1_days/220708_13.png,220708_13,220708,train,bad,0,HSAEC,0-1_days,train,c257c5cb6713c930e7cf9a5cee6765af37e23174b0bb39622f34b4c27dfecd2a
data/raw/ooc/OOC_image_dataset/train/bad/cell_type_HSAEC/0-1_days/221010_17.png,221010_17,221010,test,bad,0,HSAEC,0-1_days,train,51e0eff41b401152e5f3d8ac2b206aed690b473db0631d1cbb5ef7558b4145db
data/raw/ooc/OOC_image_dataset/train/bad/cell_type_HSAEC/0-1_days/221010_18.png,221010_18,221010,test,bad,0,HSAEC,0-1_days,train,7e1da23153228886999a5fd457de67cc77714561b7756e81a75108f79568837a
data/raw/ooc/OOC_image_dataset/train/bad/cell_type_HSAEC/0-1_days/221010_19.png,221010_19,221010,test,bad,0,HSAEC,0-1_days,train,0fb0300c290501abc18c2be52cfbd87d0302374b73d885e8675e738b63b848b0
data/raw/ooc/OOC_image_dataset/train/bad/cell_type_HSAEC/0-1_days/221010_57.png,221010_57,221010,test,bad,0,HSAEC,0-1_days,train,a0093aa3f4c4fd9d21a77e88b6ac29daf82a509afe606222c49860ac54e6f572
data/raw/ooc/OOC_image_dataset/train/bad/cell_type_HSAEC/2-3_days/220506_1.png,220506_1,220506,train,bad,0,HSAEC,2-3_days,train,27a659c635dac6c7a8a0515194e5e99a9248df041f36a6666a6e17b46c1af949
data/raw/ooc/OOC_image_dataset/train/bad/cell_type_HSAEC/2-3_days/220506_2.png,220506_2,220506,train,bad,0,HSAEC,2-3_days,train,f28a519cea9bc52851f03ab52f52bcb4a64ead8fdc3eb1a6a3185e64051616eb
data/raw/ooc/OOC_image_dataset/train/bad/cell_type_HSAEC/2-3_days/220506_3.png,220506_3,220506,train,bad,0,HSAEC,2-3_days,train,5265b925083d4f8519cc2913bcbe75016b3cbac522f30aab6e173cac4e4b5731
data/raw/ooc/OOC_image_dataset/train/bad/cell_type_HSAEC/2-3_days/220506_8.png,220506_8,220506,train,bad,0,HSAEC,2-3_days,train,b8282d6d001c75416581e47ce3f2cfb9ce46f40b2606ebc647764864e60c716c
data/raw/ooc/OOC_image_dataset/train/bad/cell_type_HSAEC/2-3_days/220718_1.png,220718_1,220718,train,bad,0,HSAEC,2-3_days,train,d90731dc20df4061a36f6e9713e056497cd14a14dcce1b670e5cbd7891aca5d5
data/raw/ooc/OOC_image_dataset/train/bad/cell_type_HSAEC/2-3_days/220718_5.png,220718_5,220718,train,bad,0,HSAEC,2-3_days,train,e26ef98c955cc6d41039f73789a35b57b207cecbd07fc04c3409d7dfe2ce50af
data/raw/ooc/OOC_image_dataset/train/bad/cell_type_HSAEC/2-3_days/220718_7.png,220718_7,220718,train,bad,0,HSAEC,2-3_days,train,2dc73793c65baa1a21ec4783b2ada8c14094e0706cc97e6b7709d1e4e759f5f2
data/raw/ooc/OOC_image_dataset/train/bad/cell_type_HSAEC/2-3_days/220718_8.png,220718_8,220718,train,bad,0,HSAEC,2-3_days,train,3046fdd1d383314476b1a1e9a336eb39767891e7adf5743ff203eb7b45e77c65
data/raw/ooc/OOC_image_dataset/train/bad/cell_type_HSAEC/2-3_days/220718_9.png,220718_9,220718,train,bad,0,HSAEC,2-3_days,train,edfed79a598c264214c13747795ac049f28ca4739b69aba3346541f6642c3e17
data/raw/ooc/OOC_image_dataset/train/bad/cell_type_HSAEC/4+_days/220503_4.png,220503_4,220503,validation,bad,0,HSAEC,4+_days,train,2316d9835496424d77e6aeeb88716e88e78178af7bba043337f2cc72379a9c7b
data/raw/ooc/OOC_image_dataset/train/bad/cell_type_HSAEC/4+_days/220512_1.png,220512_1,220512,validation,bad,0,HSAEC,4+_days,train,c9b5647f506d705c8aad55bd22458d83283b02818c73e5523cf806b8402f7e5a
data/raw/ooc/OOC_image_dataset/train/bad/cell_type_HSAEC/4+_days/220512_3.png,220512_3,220512,validation,bad,0,HSAEC,4+_days,train,08cc0af8236acf824365279b1c95c1728a7b16335ee75e749b17c168f6168e56
data/raw/ooc/OOC_image_dataset/train/bad/cell_type_HSAEC/4+_days/220512_5.png,220512_5,220512,validation,bad,0,HSAEC,4+_days,train,8dcac23d072b711ef16b236192388742dfd6c22e287fb99e7d1d04f96d508dfa
data/raw/ooc/OOC_image_dataset/train/bad/cell_type_HSAEC/4+_days/220515_12.png,220515_12,220515,train,bad,0,HSAEC,4+_days,train,718ad15e89e696f9dcd293d508fc2cfdd6e00f43dedb1c742a8e7b5593513098
data/raw/ooc/OOC_image_dataset/train/bad/cell_type_HSAEC/4+_days/220526_2.png,220526_2,220526,train,bad,0,HSAEC,4+_days,train,01d2bd7b4248db092be0c5eba2b28aad7bf9a0db30edff4478745b8346cf837e
data/raw/ooc/OOC_image_dataset/train/bad/cell_type_HSAEC/4+_days/220526_4.png,220526_4,220526,train,bad,0,HSAEC,4+_days,train,ebf1cfa7609167a0eb87ff99987636e4525f6370bbd28a897bcd6c93159202c3
data/raw/ooc/OOC_image_dataset/train/bad/cell_type_HSAEC/4+_days/220706_4.png,220706_4,220706,train,bad,0,HSAEC,4+_days,train,031f7a237f9e6709d5b552df37516e2da7bd4f644ee4018c6ff23545cb529db3
data/raw/ooc/OOC_image_dataset/train/bad/cell_type_HSAEC/4+_days/220706_6.png,220706_6,220706,train,bad,0,HSAEC,4+_days,train,41dc7f36ac1738cace2a07f3408b356ca3679017e2cb9ce54961384b536e6ad3
data/raw/ooc/OOC_image_dataset/train/bad/cell_type_HSAEC/4+_days/220706_7.png,220706_7,220706,train,bad,0,HSAEC,4+_days,train,e1b981c16a6aca0f241922482dbaa63af11b68f8d88647d07950d070bf1fcdc2
data/raw/ooc/OOC_image_dataset/train/bad/cell_type_HSAEC/4+_days/220721_1.png,220721_1,220721,train,bad,0,HSAEC,4+_days,train,98ac8a59c9ea2a05f744119cb5b50b50450d7837ea2d68d537b91400d0ae6113
data/raw/ooc/OOC_image_dataset/train/bad/cell_type_HSAEC/4+_days/220721_3.png,220721_3,220721,train,bad,0,HSAEC,4+_days,train,9696c03b391d4ab579497fc81ac292432ac4ed68740f76c85f2b1f0a859664ea
data/raw/ooc/OOC_image_dataset/train/bad/cell_type_HSAEC/4+_days/220721_4.png,220721_4,220721,train,bad,0,HSAEC,4+_days,train,c03d7640b183aaa3cbb7b11d932ea553f3aa89f9d80126f0341d6befe31a4a84
data/raw/ooc/OOC_image_dataset/train/bad/cell_type_HSAEC/4+_days/220721_5.png,220721_5,220721,train,bad,0,HSAEC,4+_days,train,cc791c1e85788c8d665f68556c440c93e28fae82d1ab1996136bf756de3b9968
data/raw/ooc/OOC_image_dataset/train/bad/cell_type_HSAEC/4+_days/220721_6.png,220721_6,220721,train,bad,0,HSAEC,4+_days,train,7179666b4d94eba2cccdfc96b2570fd069c2ffffa3be24b3dd567524a09a069a
data/raw/ooc/OOC_image_dataset/train/bad/cell_type_HSAEC/4+_days/220722_1.png,220722_1,220722,train,bad,0,HSAEC,4+_days,train,cf6e8b05867fae7b55efad65334de4664cce4c07bcac535b466478e47e1b2616
data/raw/ooc/OOC_image_dataset/train/bad/cell_type_HSAEC/4+_days/220722_2.png,220722_2,220722,train,bad,0,HSAEC,4+_days,train,00173b6a7cf8bc220e444c73879a66863fee200930836a3f36ee09337dbcb9da
data/raw/ooc/OOC_image_dataset/train/bad/cell_type_HSAEC/4+_days/220722_3.png,220722_3,220722,train,bad,0,HSAEC,4+_days,train,0ac9bb91c9d0ff45f17a4000c66693824eb03330fcd122b1a22028f00d996bc3
data/raw/ooc/OOC_image_dataset/train/bad/cell_type_HSAEC/4+_days/220722_4.png,220722_4,220722,train,bad,0,HSAEC,4+_days,train,79e637f375088a7a2e048fbc7becbb3b313381b8cd265ff5632e21b3524e6110
data/raw/ooc/OOC_image_dataset/train/bad/cell_type_HSAEC/4+_days/220722_5.png,220722_5,220722,train,bad,0,HSAEC,4+_days,train,6526407a58f02444468205de59550f439a2e0df6b39239e40b7ffef6b5c70d97
data/raw/ooc/OOC_image_dataset/train/bad/cell_type_HSAEC/4+_days/220722_6.png,220722_6,220722,train,bad,0,HSAEC,4+_days,train,28641bc1a3f644fa21a41444c2da7d05aeadf89740cc19afb43d50cc921dd56f
data/raw/ooc/OOC_image_dataset/train/bad/cell_type_HSAEC/4+_days/220724_3.png,220724_3,220724,test,bad,0,HSAEC,4+_days,train,2128a7fc16100107f233fd2f35c4447c82e7661ea28705ff4662a7c8da8fe79c
data/raw/ooc/OOC_image_dataset/train/bad/cell_type_HSAEC/4+_days/220724_4.png,220724_4,220724,test,bad,0,HSAEC,4+_days,train,6b10587555f834f6fcf2cb44b582f9a54d898836096b255457492b318b9e618a
data/raw/ooc/OOC_image_dataset/train/bad/cell_type_HSAEC/4+_days/220724_5.png,220724_5,220724,test,bad,0,HSAEC,4+_days,train,3972fff1d91b60b183295bdc256c6e36011372f476a0a30ec5a062ee1a4fd1a1
data/raw/ooc/OOC_image_dataset/train/bad/cell_type_HSAEC/4+_days/220724_7.png,220724_7,220724,test,bad,0,HSAEC,4+_days,train,43cbe64775a98f92d0981024f6e695705fa59d5d70570e9b6c4d2a1936e73d56
data/raw/ooc/OOC_image_dataset/train/bad/cell_type_HSAEC/4+_days/220724_9.png,220724_9,220724,test,bad,0,HSAEC,4+_days,train,38c434fa1aa98a0f1993f3f129eb52972549c79af82449b9d3cf8a8ebb172b77
data/raw/ooc/OOC_image_dataset/train/bad/cell_type_HSAEC/4+_days/230123_16.png,230123_16,230123,test,bad,0,HSAEC,4+_days,train,3874d1baf3897be618432b49c49a9703d125997a9e488bf80a3d930873790cfc
data/raw/ooc/OOC_image_dataset/train/bad/cell_type_HSAEC/4+_days/230123_4.png,230123_4,230123,test,bad,0,HSAEC,4+_days,train,c7322678102421c1f02151971ebd44705b76a41cb4ab58f16691781ba3f6ac1f
data/raw/ooc/OOC_image_dataset/train/bad/cell_type_HSAEC/4+_days/230123_5.png,230123_5,230123,test,bad,0,HSAEC,4+_days,train,e0cafe987404ae1841330c2b7f6b7417d7489000d1d711a10a90799b50b5220b
data/raw/ooc/OOC_image_dataset/train/bad/cell_type_HSAEC/4_days/220630_03.png,220630_03,220630,train,bad,0,HSAEC,4_days,train,62a401639d9aa0e6af087d9731597b88128bd1ff270b34d581666db9c34408ff
data/raw/ooc/OOC_image_dataset/train/bad/cell_type_HSAEC/4_days/220630_04.png,220630_04,220630,train,bad,0,HSAEC,4_days,train,988d6a07b4c787bd3ddf4d7e7557c9107d2d9bc5e7c77a665484b30646796f43
data/raw/ooc/OOC_image_dataset/train/bad/cell_type_HSAEC/4_days/220630_06.png,220630_06,220630,train,bad,0,HSAEC,4_days,train,e53d5579ba7b3990d6d0155890c9d8926e3eeac9b625ffd48ccf1394852cd321
data/raw/ooc/OOC_image_dataset/train/bad/cell_type_HSAEC/4_days/220630_07.png,220630_07,220630,train,bad,0,HSAEC,4_days,train,b0d176b373dafab475e4537013eed836ceb33c9ff4139f63f7330cd00528e2fe
data/raw/ooc/OOC_image_dataset/train/bad/cell_type_HSAEC/4_days/220630_09.png,220630_09,220630,train,bad,0,HSAEC,4_days,train,7f15f0adc1982006fa6ddbed95142b2a98e5dbc013d0b2abab45c3f936222ddc
data/raw/ooc/OOC_image_dataset/train/bad/cell_type_HSAEC/4_days/220630_13.png,220630_13,220630,train,bad,0,HSAEC,4_days,train,964e1a55653cb6397e1bd23a724b5ab1108001fdcfbfed51f782750059b4037b
data/raw/ooc/OOC_image_dataset/train/bad/cell_type_HSAEC/4_days/220630_14.png,220630_14,220630,train,bad,0,HSAEC,4_days,train,5b229b7f3b25c0cc2bd8857bb81e3375780ffecf8155d01e13e888e969288a2d
data/raw/ooc/OOC_image_dataset/train/bad/cell_type_HSAEC/4_days/220630_15.png,220630_15,220630,train,bad,0,HSAEC,4_days,train,c3d89efd4baf9b1ebf9f53999b1d65473e7ad705cf54b698a062cb327b6587ed
data/raw/ooc/OOC_image_dataset/train/bad/cell_type_HSAEC/4_days/220630_16.png,220630_16,220630,train,bad,0,HSAEC,4_days,train,386cecea1170464023dad4bdc9bcd66f9c7bb9774f68929adb8f8e75e5a13ab6
data/raw/ooc/OOC_image_dataset/train/bad/cell_type_HSAEC/4_days/220630_17.png,220630_17,220630,train,bad,0,HSAEC,4_days,train,492dd6c463a18f0686b1f615a3c87e0010d9caa8bab79d6ef0a76871b431201f
data/raw/ooc/OOC_image_dataset/train/bad/cell_type_HSAEC/4_days/220630_19.png,220630_19,220630,train,bad,0,HSAEC,4_days,train,bb21cae9fcfffd92398bb86e4d1c8ae471633fbf3bc9cdf9138ab5752447f590
data/raw/ooc/OOC_image_dataset/train/bad/cell_type_HUVEC/2-3_days/230405_36.png,230405_36,230405,train,bad,0,HUVEC,2-3_days,train,5f970db28ae1d1390cd31958d734a0fa7d8e5ec084408a6cac55726120b28c6d
data/raw/ooc/OOC_image_dataset/train/bad/cell_type_HUVEC/2-3_days/230405_37.png,230405_37,230405,train,bad,0,HUVEC,2-3_days,train,fbba1d7d0bf56b661ba37be7166da7743ae147f114924ead830646f3d3efa62e
data/raw/ooc/OOC_image_dataset/train/bad/cell_type_HUVEC/2-3_days/230405_38.png,230405_38,230405,train,bad,0,HUVEC,2-3_days,train,8a0016b0f723a80399d7460cf94c8f4511dc2795f96ea086d59c30b77622e4c0
data/raw/ooc/OOC_image_dataset/train/bad/cell_type_HUVEC/2-3_days/230405_40.png,230405_40,230405,train,bad,0,HUVEC,2-3_days,train,6c41db45aeba8e304cf59b727df598d7b9c77e88b30a585125a2906e8f5d5921
data/raw/ooc/OOC_image_dataset/train/bad/cell_type_HUVEC/2-3_days/230405_41.png,230405_41,230405,train,bad,0,HUVEC,2-3_days,train,c82f6fa92eba06320575281842366daad274f39d56dd6056efa8998360abbb4f
data/raw/ooc/OOC_image_dataset/train/bad/cell_type_HUVEC/2-3_days/230405_42.png,230405_42,230405,train,bad,0,HUVEC,2-3_days,train,63291ae48f45395333c2ef41bfe3309539269f81799fdb68c13a67679dc48e81
data/raw/ooc/OOC_image_dataset/train/bad/cell_type_HUVEC/2-3_days/230405_44.png,230405_44,230405,train,bad,0,HUVEC,2-3_days,train,cd5ff61f17904ac52046edf3f639d470b6457fd06bc151e3c759aa8afe4b0fa8
data/raw/ooc/OOC_image_dataset/train/bad/cell_type_HUVEC/2-3_days/230405_45.png,230405_45,230405,train,bad,0,HUVEC,2-3_days,train,534d5ae08d2f72ba37c92808bd82875e9e0164a63186226346c118598bebbc12
data/raw/ooc/OOC_image_dataset/train/bad/cell_type_HUVEC/2-3_days/230405_46.png,230405_46,230405,train,bad,0,HUVEC,2-3_days,train,07786d239e7c9d4a1d81a6c30ad0cdfcb0bd45fda6b8c620a054e8bf82b22915
data/raw/ooc/OOC_image_dataset/train/bad/cell_type_HUVEC/2-3_days/230405_48.png,230405_48,230405,train,bad,0,HUVEC,2-3_days,train,12467a6e58d22cc2b8a4a7e4e6a5114d2f31797c2bfcb9a9804ca94b7c7e31f2
data/raw/ooc/OOC_image_dataset/train/bad/cell_type_HUVEC/2-3_days/230405_49.png,230405_49,230405,train,bad,0,HUVEC,2-3_days,train,71978de7dcdbd027cf65617689b49d41e183cd9f5486073b36edcaff7b2153fd
data/raw/ooc/OOC_image_dataset/train/bad/cell_type_HUVEC/2-3_days/230405_50.png,230405_50,230405,train,bad,0,HUVEC,2-3_days,train,c04cabdec22d94ccd978d724d9f9b105a47901b885bd4898ea8ad86637adb446
data/raw/ooc/OOC_image_dataset/train/bad/cell_type_HUVEC/2-3_days/230405_51.png,230405_51,230405,train,bad,0,HUVEC,2-3_days,train,2eb11d8f1b7e6252c011a7cfc7b5c73a229127e4aad5fe1ba36512e634ed6807
data/raw/ooc/OOC_image_dataset/train/bad/cell_type_HUVEC/2-3_days/230405_53.png,230405_53,230405,train,bad,0,HUVEC,2-3_days,train,3b186a1cb48109393af8b3ca7322ed0da5e7e058a9da2e0145f42164dbd7a762
data/raw/ooc/OOC_image_dataset/train/bad/cell_type_HUVEC/2-3_days/230405_54.png,230405_54,230405,train,bad,0,HUVEC,2-3_days,train,8625fc069618fd0c0299bbe218a9922b5691bfafbbf9b6765d15094b94d631a4
data/raw/ooc/OOC_image_dataset/train/bad/cell_type_HUVEC/2-3_days/230405_55.png,230405_55,230405,train,bad,0,HUVEC,2-3_days,train,eb38d1fda362acb360e57c63ef40783fa508614c302e6dcf6b2f3ff04a6aa4fc
data/raw/ooc/OOC_image_dataset/train/bad/cell_type_HUVEC/2-3_days/230405_56.png,230405_56,230405,train,bad,0,HUVEC,2-3_days,train,9ad3bb9db8a22969dda8d69196b054918f6fb761c7465bdec3cb7c4027a467a5
data/raw/ooc/OOC_image_dataset/train/bad/cell_type_HUVEC/2-3_days/230405_57.png,230405_57,230405,train,bad,0,HUVEC,2-3_days,train,56f425ef1a135de4643bbdb48afa7dbfd526f05fb048313af2d4232d2c1d72fd
data/raw/ooc/OOC_image_dataset/train/bad/cell_type_HUVEC/2-3_days/230405_59.png,230405_59,230405,train,bad,0,HUVEC,2-3_days,train,8536ad5b8cc4c749de8d0bfb6ade2f778f6a7b9c49e61a949436fa166063c47c
data/raw/ooc/OOC_image_dataset/train/bad/cell_type_HUVEC/2-3_days/230405_60.png,230405_60,230405,train,bad,0,HUVEC,2-3_days,train,a906f2fdb2ffa6cf535de15444218ab8f6a9a8a9de49d10d7238348bab155003
data/raw/ooc/OOC_image_dataset/train/bad/cell_type_HUVEC/2-3_days/230405_61.png,230405_61,230405,train,bad,0,HUVEC,2-3_days,train,b01cc0daca6a047809f61f9e60dd0e078c7497ce03cb7cc8db5385fac600dac5
data/raw/ooc/OOC_image_dataset/train/bad/cell_type_HUVEC/2-3_days/230405_62.png,230405_62,230405,train,bad,0,HUVEC,2-3_days,train,ca7beec1fffa2a456b9d72e8b5752528f2c4255290f3311efd234f66e2c18ee0
data/raw/ooc/OOC_image_dataset/train/bad/cell_type_HUVEC/2-3_days/230405_64.png,230405_64,230405,train,bad,0,HUVEC,2-3_days,train,5ed034cdcda29369af91dd66c8750aa61c4d5be97579a5b213ac67c981e7e416
data/raw/ooc/OOC_image_dataset/train/bad/cell_type_HUVEC/2-3_days/230405_67.png,230405_67,230405,train,bad,0,HUVEC,2-3_days,train,d7d246b0566f170c41e2c95dab9f81ea85701d0d035649e47bf5181f452818d2
data/raw/ooc/OOC_image_dataset/train/bad/cell_type_HUVEC/2-3_days/230405_68.png,230405_68,230405,train,bad,0,HUVEC,2-3_days,train,5759708ad1ac833fba533eb69d7452728e6b3420f6d35a60b447600bc7aa2d7a
data/raw/ooc/OOC_image_dataset/train/bad/cell_type_HUVEC/2-3_days/230405_69.png,230405_69,230405,train,bad,0,HUVEC,2-3_days,train,6e6a504084c7a166d0108e15125823410045efb926d4ba8b5d59a78f221c8f80
data/raw/ooc/OOC_image_dataset/train/bad/cell_type_HUVEC/2-3_days/230405_70.png,230405_70,230405,train,bad,0,HUVEC,2-3_days,train,a6bb63260d5e84f46800ac37dbdfe4b56d5a2e9c6efa2d741587e4ec0dd13cf0
data/raw/ooc/OOC_image_dataset/train/bad/cell_type_HUVEC/2-3_days/230405_72.png,230405_72,230405,train,bad,0,HUVEC,2-3_days,train,2e0f7f7fff2c83e2f0cb04048d0bd2c527067c0c0ec3499440d52b86e6ed58df
data/raw/ooc/OOC_image_dataset/train/bad/cell_type_HUVEC/2-3_days/230405_73.png,230405_73,230405,train,bad,0,HUVEC,2-3_days,train,fa0b6961aaa20aa9396cf61325f73c973a91298e17d52e809375afb63a2ba72f
data/raw/ooc/OOC_image_dataset/train/bad/cell_type_HUVEC/2-3_days/230405_75.png,230405_75,230405,train,bad,0,HUVEC,2-3_days,train,b2933c6c5eccf0f6795a5ea8a5f2bfbf3cc816a934a33ecdd3915cba06ffb859
data/raw/ooc/OOC_image_dataset/train/bad/cell_type_HUVEC/2-3_days/230405_76.png,230405_76,230405,train,bad,0,HUVEC,2-3_days,train,50219f109f04cbffbf9a91e4385c22f514012e037e456ce0b9c3a74f5d1d2b3b
data/raw/ooc/OOC_image_dataset/train/bad/cell_type_HUVEC/2-3_days/230405_77.png,230405_77,230405,train,bad,0,HUVEC,2-3_days,train,a10907efcc26bc5d93c279257f5d390c6173dfaceddc25062486e7cc8f5da05e
data/raw/ooc/OOC_image_dataset/train/bad/cell_type_HUVEC/2-3_days/230405_81.png,230405_81,230405,train,bad,0,HUVEC,2-3_days,train,0d2dcf58d4dca6fddf467e7623811bcadfbcf5185d07a1ab2025dd501e068472
data/raw/ooc/OOC_image_dataset/train/bad/cell_type_HUVEC/2-3_days/230405_83.png,230405_83,230405,train,bad,0,HUVEC,2-3_days,train,87ae21d3c9d9bfedd820c96f42821459af9146183888105f521743f934676599
data/raw/ooc/OOC_image_dataset/train/bad/cell_type_HUVEC/2-3_days/230405_84.png,230405_84,230405,train,bad,0,HUVEC,2-3_days,train,cf0b247d897a5349a8907a98c6fd5991f1ec3d8dd0d9e5de8b2b4db9bdaa5a53
data/raw/ooc/OOC_image_dataset/train/bad/cell_type_HUVEC/2-3_days/230405_87.png,230405_87,230405,train,bad,0,HUVEC,2-3_days,train,69d05ec8488351419ee3c6d0d4331d0dcecd6a8023db51156456cc05627dd697
data/raw/ooc/OOC_image_dataset/train/bad/cell_type_HUVEC/4+_days/230411_1.png,230411_1,230411,validation,bad,0,HUVEC,4+_days,train,0117d8dc62fa38ced5439dcf6f8aa04994c711cea8012cd0919fbdbc1f3d774c
data/raw/ooc/OOC_image_dataset/train/bad/cell_type_HUVEC/4+_days/230411_10.png,230411_10,230411,validation,bad,0,HUVEC,4+_days,train,d8fa0ce906e0b274d4d2b0442c0f02a5146f09aa1210f6b66f2ea662a3e8f3f9
data/raw/ooc/OOC_image_dataset/train/bad/cell_type_HUVEC/4+_days/230411_11.png,230411_11,230411,validation,bad,0,HUVEC,4+_days,train,edecb79f2a49c34ab3a02ef7cc1c5afbee4805ac100f88ceda568baba0f88047
data/raw/ooc/OOC_image_dataset/train/bad/cell_type_HUVEC/4+_days/230411_12.png,230411_12,230411,validation,bad,0,HUVEC,4+_days,train,41778c1c8d31520673a01995ef8deec22eec1dc6c35a8253d462dfa69a6939d3
data/raw/ooc/OOC_image_dataset/train/bad/cell_type_HUVEC/4+_days/230411_14.png,230411_14,230411,validation,bad,0,HUVEC,4+_days,train,ce3c40066d028270ceda5f07ea26bbe27c8effbad5ef2510e447a273b2170f0f
data/raw/ooc/OOC_image_dataset/train/bad/cell_type_HUVEC/4+_days/230411_15.png,230411_15,230411,validation,bad,0,HUVEC,4+_days,train,16180bb5ae39a52db24731f1ee81656df393012233b4360a09e5bc8811acd7ea
data/raw/ooc/OOC_image_dataset/train/bad/cell_type_HUVEC/4+_days/230411_17.png,230411_17,230411,validation,bad,0,HUVEC,4+_days,train,18f5e8e339c764fe23fc3dcc1883898393284adffb8a78bec36cfde90c04a7be
data/raw/ooc/OOC_image_dataset/train/bad/cell_type_HUVEC/4+_days/230411_18.png,230411_18,230411,validation,bad,0,HUVEC,4+_days,train,70605905ce94bc78b26e0ed4614af4cdcd9573c30fdcc888c5768b06665511ce
data/raw/ooc/OOC_image_dataset/train/bad/cell_type_HUVEC/4+_days/230411_2.png,230411_2,230411,validation,bad,0,HUVEC,4+_days,train,707db53e3383d049192e470d0a2a71c920d78001c1ac99d4459f471b2f6834be
data/raw/ooc/OOC_image_dataset/train/bad/cell_type_HUVEC/4+_days/230411_20.png,230411_20,230411,validation,bad,0,HUVEC,4+_days,train,bf51671310b2d870c480a2b15635bd55b48b2416b6f4fdbc84fc363ebf42c0cd
data/raw/ooc/OOC_image_dataset/train/bad/cell_type_HUVEC/4+_days/230411_21.png,230411_21,230411,validation,bad,0,HUVEC,4+_days,train,bd2f29882b8620315dcb6fcce669cb3098a5a5994156441a26d6b4d55c22bfec
data/raw/ooc/OOC_image_dataset/train/bad/cell_type_HUVEC/4+_days/230411_23.png,230411_23,230411,validation,bad,0,HUVEC,4+_days,train,0b66554a8baa49078c314733f475f2b37755ca3f7aa9eb9f70fbfaf1baa5c887
data/raw/ooc/OOC_image_dataset/train/bad/cell_type_HUVEC/4+_days/230411_24.png,230411_24,230411,validation,bad,0,HUVEC,4+_days,train,c4ae00f10c9dbf85e3594badb19b651f0b30be0d1403cd88303bb967b2f52c6c
data/raw/ooc/OOC_image_dataset/train/bad/cell_type_HUVEC/4+_days/230411_26.png,230411_26,230411,validation,bad,0,HUVEC,4+_days,train,cbf5da018117cb0cc28cf882d44f88591560bc6ed110852ce148b3381e091c74
data/raw/ooc/OOC_image_dataset/train/bad/cell_type_HUVEC/4+_days/230411_28.png,230411_28,230411,validation,bad,0,HUVEC,4+_days,train,9b3168bfdfd64c8b6553dfd947b91a027c9fce85cc0c9c13c20cca888f612755
data/raw/ooc/OOC_image_dataset/train/bad/cell_type_HUVEC/4+_days/230411_29.png,230411_29,230411,validation,bad,0,HUVEC,4+_days,train,5c943bc39bc5acf484076dcfc1491632c510277a1b343265d0803488f1a7b9e7
data/raw/ooc/OOC_image_dataset/train/bad/cell_type_HUVEC/4+_days/230411_30.png,230411_30,230411,validation,bad,0,HUVEC,4+_days,train,a28a3b9ee49c4b52e188f98e308c1f7a03231c168288fad296284572eb739a8b
data/raw/ooc/OOC_image_dataset/train/bad/cell_type_HUVEC/4+_days/230411_31.png,230411_31,230411,validation,bad,0,HUVEC,4+_days,train,e75c345ce667a92f4dce4715ef3fab79d4abb31c63101b1a746e76d627554d32
data/raw/ooc/OOC_image_dataset/train/bad/cell_type_HUVEC/4+_days/230411_32.png,230411_32,230411,validation,bad,0,HUVEC,4+_days,train,767de1c52b4154d0ee50be3745088c21bf965a7d795d253ca34dcff62fa58164
data/raw/ooc/OOC_image_dataset/train/bad/cell_type_HUVEC/4+_days/230411_33.png,230411_33,230411,validation,bad,0,HUVEC,4+_days,train,45a711db8b545f3df584c6717320290b84c29f14fbb50cabd318d19b2a5cb1f5
data/raw/ooc/OOC_image_dataset/train/bad/cell_type_HUVEC/4+_days/230411_37.png,230411_37,230411,validation,bad,0,HUVEC,4+_days,train,48405713aee46cd334d6f11e19eb5396e24e7b0c955b91383fac497ee39c6131
data/raw/ooc/OOC_image_dataset/train/bad/cell_type_HUVEC/4+_days/230411_38.png,230411_38,230411,validation,bad,0,HUVEC,4+_days,train,76f867b884f93c1889044f59b51bf23ef23ed2989af22b74d369dc9e16c55c89
data/raw/ooc/OOC_image_dataset/train/bad/cell_type_HUVEC/4+_days/230411_39.png,230411_39,230411,validation,bad,0,HUVEC,4+_days,train,186e6a94feda675cf126ddd07a523ad101ed05430e6195c4096238e4d9e745ba
data/raw/ooc/OOC_image_dataset/train/bad/cell_type_HUVEC/4+_days/230411_4.png,230411_4,230411,validation,bad,0,HUVEC,4+_days,train,5bc8cd580748583683e767be629dae6cf7cf394ea4bf46a6f96bd72c66334771
data/raw/ooc/OOC_image_dataset/train/bad/cell_type_HUVEC/4+_days/230411_5.png,230411_5,230411,validation,bad,0,HUVEC,4+_days,train,31ddeef89b5c406b96bb6291b787900546da267b6eb7a9e0bea76cc29ed7496a
data/raw/ooc/OOC_image_dataset/train/bad/cell_type_HUVEC/4+_days/230411_6.png,230411_6,230411,validation,bad,0,HUVEC,4+_days,train,7d3f5aaa4f89b225a4300e765997536a6f9a4acbde73e2f83021a9c6aef2e629
data/raw/ooc/OOC_image_dataset/train/bad/cell_type_HUVEC/4+_days/230411_7.png,230411_7,230411,validation,bad,0,HUVEC,4+_days,train,29ba152f3c0a2b0316734a8924919690de501203562c4882ebd41208595e9035
data/raw/ooc/OOC_image_dataset/train/bad/cell_type_NHBE/2-3_days/230510_86.png,230510_86,230510,validation,bad,0,NHBE,2-3_days,train,1bc0f4575d43fefc77f1e963ced44503055c048b93dcfbe6362f2387067ab77e
data/raw/ooc/OOC_image_dataset/train/bad/cell_type_NHBE/2-3_days/230510_87.png,230510_87,230510,validation,bad,0,NHBE,2-3_days,train,c05bea4650bdcb4517cb49634690ab31babd970eeca91d43f1225980ce3dd658
data/raw/ooc/OOC_image_dataset/train/bad/cell_type_NHBE/2-3_days/230510_88.png,230510_88,230510,validation,bad,0,NHBE,2-3_days,train,df5cf892884dade52fb9c1dedcbf6437f6eceaac64cdaff2ff70c531a2e5f902
data/raw/ooc/OOC_image_dataset/train/bad/cell_type_NHBE/2-3_days/230510_91.png,230510_91,230510,validation,bad,0,NHBE,2-3_days,train,4e007dc94143358673d223db64b4abee0f905609444583c69e30e6bfd571a0a9
data/raw/ooc/OOC_image_dataset/train/bad/cell_type_NHBE/2-3_days/230510_92.png,230510_92,230510,validation,bad,0,NHBE,2-3_days,train,dd23bd96d3f63df6710993f3361114bf91759d806ae5c9fe81f0156ea5f6815b
data/raw/ooc/OOC_image_dataset/train/bad/cell_type_NHBE/2-3_days/230510_94.png,230510_94,230510,validation,bad,0,NHBE,2-3_days,train,15cbf01d83305e316255e124df0f8cbcc0a2c3bd706c27dc1898082545abda9a
data/raw/ooc/OOC_image_dataset/train/bad/cell_type_NHBE/4+_days/230320_202.png,230320_202,230320,train,bad,0,NHBE,4+_days,train,f4ee8740c5394139b360d1a2a6d5bbc2784b257ede7724e1e8a28e245d55a468
data/raw/ooc/OOC_image_dataset/train/bad/cell_type_NHBE/4+_days/230320_203.png,230320_203,230320,train,bad,0,NHBE,4+_days,train,f46a067ac031558736150a1ec2fac1e56e89e38e7f1630420f5cb05b24229e04
data/raw/ooc/OOC_image_dataset/train/bad/cell_type_NHBE/4+_days/230320_213.png,230320_213,230320,train,bad,0,NHBE,4+_days,train,262faccde4a09c059549378cf3b29396167ebb39fd5c356eeb55084ed5155dca
data/raw/ooc/OOC_image_dataset/train/bad/cell_type_NHBE/4+_days/230517_82.png,230517_82,230517,test,bad,0,NHBE,4+_days,train,3565e6c753c28eb9514e121949ad2a0067f4e2ee1a2bbe82db021afd401d207e
data/raw/ooc/OOC_image_dataset/train/bad/cell_type_NHBE/4+_days/230517_83.png,230517_83,230517,test,bad,0,NHBE,4+_days,train,9222c4109303fdda61289a21cb3eb7617879467180536e179a4938094870746a
data/raw/ooc/OOC_image_dataset/train/bad/cell_type_NHBE/4+_days/230517_84.png,230517_84,230517,test,bad,0,NHBE,4+_days,train,00e0014f4d2e5f792c4cc7deba9491a7d498cf161845de9cdbef7c01e01ffc57
data/raw/ooc/OOC_image_dataset/train/bad/cell_type_NHBE/4+_days/230517_86.png,230517_86,230517,test,bad,0,NHBE,4+_days,train,74cbb89d200590173c49b0a2bd34c06d60c509d652af24b5a8ace54c3bec59ce
data/raw/ooc/OOC_image_dataset/train/bad/cell_type_NHBE/4+_days/230517_87.png,230517_87,230517,test,bad,0,NHBE,4+_days,train,1968525997c1225a2b54a731e648487270b5c7f2ae8ceec81cd07ad352ea8b87
data/raw/ooc/OOC_image_dataset/train/bad/cell_type_NHBE/4+_days/230517_89.png,230517_89,230517,test,bad,0,NHBE,4+_days,train,55f8429559b6c0e2802cb98d2ae3e3204aaa80d42e23b7849b426300041e99f1
data/raw/ooc/OOC_image_dataset/train/bad/cell_type_NHBE/4+_days/230517_90.png,230517_90,230517,test,bad,0,NHBE,4+_days,train,8fe0773fb96499c0ddb312b46a7db91e287b2ceb87ad4d37f0322fcb6057800b
data/raw/ooc/OOC_image_dataset/train/bad/cell_type_NHBE/4_days/230512_81.png,230512_81,230512,test,bad,0,NHBE,4_days,train,be84140c00797eedab1a6529a8b5c96bd97b75a365e9a744b23760660053d266
data/raw/ooc/OOC_image_dataset/train/bad/cell_type_NHBE/4_days/230512_82.png,230512_82,230512,test,bad,0,NHBE,4_days,train,ad5d911eb9309d2b9662f4e83a90244fd1f932e865ef89b611022b1336edc693
data/raw/ooc/OOC_image_dataset/train/bad/cell_type_NHBE/4_days/230512_83.png,230512_83,230512,test,bad,0,NHBE,4_days,train,b7108e1ba28f7c26e89d5e571f08deba811f1e5168fdc3145f293cefc7bf32be
data/raw/ooc/OOC_image_dataset/train/bad/cell_type_NHBE/4_days/230512_84.png,230512_84,230512,test,bad,0,NHBE,4_days,train,87ced94973cf5aba474472b600557ca159fa46cb1d63499b9ef834521bc41eb7
data/raw/ooc/OOC_image_dataset/train/bad/cell_type_NHBE/4_days/230512_86.png,230512_86,230512,test,bad,0,NHBE,4_days,train,52ea967d7b9f1bb4b4a7359c61ea47a331d865b0707bfeb0eb6fa75e57e32424
data/raw/ooc/OOC_image_dataset/train/bad/cell_type_NHBE/4_days/230512_89.png,230512_89,230512,test,bad,0,NHBE,4_days,train,863fb2d0ee9f5c10ec42e572cd49c33d3ce9a27a404ba6976e019eeff143a4ff
data/raw/ooc/OOC_image_dataset/train/good/cell_type_A549/0-1_days/221010_85.png,221010_85,221010,test,good,1,A549,0-1_days,train,fb9ec91ae71c0ab5c872a99b7173ff08304a4d2f5aae68a3aeea7c1712351469
data/raw/ooc/OOC_image_dataset/train/good/cell_type_A549/0-1_days/221010_86.png,221010_86,221010,test,good,1,A549,0-1_days,train,f013e4b21a07bdc05f87d05e69e24f63953b1bad4074b8eb46dee7fd85265ef8
data/raw/ooc/OOC_image_dataset/train/good/cell_type_A549/0-1_days/221010_87.png,221010_87,221010,test,good,1,A549,0-1_days,train,e2aa5b2d97238e51f2d94b47859b16ab3acf8a83642edca51396d5f97f81a660
data/raw/ooc/OOC_image_dataset/train/good/cell_type_A549/0-1_days/221010_88.png,221010_88,221010,test,good,1,A549,0-1_days,train,da7de49e7d7e79e378bee31fa2d12251e356b48bb3e9d7f0e3113bdcb1d05417
data/raw/ooc/OOC_image_dataset/train/good/cell_type_A549/0-1_days/221010_89.png,221010_89,221010,test,good,1,A549,0-1_days,train,8b1c4c448612eca87d8809dc33469c5c5702c06744f61c432cc27fdfc5ae80f4
data/raw/ooc/OOC_image_dataset/train/good/cell_type_A549/0-1_days/221010_90.png,221010_90,221010,test,good,1,A549,0-1_days,train,dc559c330746db022e6a4d6430af6077fe3b284a78465f0ee8e4bc810842de51
data/raw/ooc/OOC_image_dataset/train/good/cell_type_A549/0-1_days/221010_91.png,221010_91,221010,test,good,1,A549,0-1_days,train,5158c1b7aac457ec29facf5a24d56c31ec385610518c4a6675557d847daf8f3f
data/raw/ooc/OOC_image_dataset/train/good/cell_type_A549/0-1_days/221010_92.png,221010_92,221010,test,good,1,A549,0-1_days,train,e1713f9c5b8ddbe2c880bd4c3b2f8f3007592dccfa47ec0440e4cdc3caa9cb51
data/raw/ooc/OOC_image_dataset/train/good/cell_type_A549/0-1_days/221010_93.png,221010_93,221010,test,good,1,A549,0-1_days,train,4f712ff9ef15c3c6a4144fde1dbd1261afdfe67ac00ef232a45c12db64c548c8
data/raw/ooc/OOC_image_dataset/train/good/cell_type_A549/0-1_days/221010_94.png,221010_94,221010,test,good,1,A549,0-1_days,train,f3851a22f8d59df6dc3445a7584e0a6b866a5fca603ebd37c0417d3262f754c0
data/raw/ooc/OOC_image_dataset/train/good/cell_type_A549/0-1_days/221010_95.png,221010_95,221010,test,good,1,A549,0-1_days,train,ca4d6efb9d8d42e0009496cff6ede53551beb276f14659ddcc2f461ea6cfe7a4
data/raw/ooc/OOC_image_dataset/train/good/cell_type_A549/0-1_days/221010_98.png,221010_98,221010,test,good,1,A549,0-1_days,train,354c56414e1da299a5522f052c26b7d723913cdeea9c6a371fd0e65f6dbf62c4
data/raw/ooc/OOC_image_dataset/train/good/cell_type_A549/0-1_days/221123_3.png,221123_3,221123,train,good,1,A549,0-1_days,train,1dab786301577539558fe3699c5bca0723949ad9e528efe20154ad7a2f531875
data/raw/ooc/OOC_image_dataset/train/good/cell_type_A549/0-1_days/221123_4.png,221123_4,221123,train,good,1,A549,0-1_days,train,60cac6ff7d693617bf6f879527e317c448f19ec750caefb34d58b75088895895
data/raw/ooc/OOC_image_dataset/train/good/cell_type_A549/0-1_days/230109_100.png,230109_100,230109,train,good,1,A549,0-1_days,train,4bfe8c70cee8c4a776dcafae554d24967a92632ab737b447cae858a5f3a7b97a
data/raw/ooc/OOC_image_dataset/train/good/cell_type_A549/0-1_days/230109_101.png,230109_101,230109,train,good,1,A549,0-1_days,train,44dbb7a480c7e9df6763900b35d40aa4c92bd0df26bcb0c05e60f7903cfef3ba
data/raw/ooc/OOC_image_dataset/train/good/cell_type_A549/0-1_days/230109_108.png,230109_108,230109,train,good,1,A549,0-1_days,train,e4eb9192ccc8da648b7b13a69b1040d7d309511dc16e6e6107c3e6af8b0e1e5d
data/raw/ooc/OOC_image_dataset/train/good/cell_type_A549/0-1_days/230109_110.png,230109_110,230109,train,good,1,A549,0-1_days,train,911b8371e2d5e908b41998d3a61fafda601acb1cb1e163c3f75579e7ef611b5b
data/raw/ooc/OOC_image_dataset/train/good/cell_type_A549/0-1_days/230109_111.png,230109_111,230109,train,good,1,A549,0-1_days,train,d5ed4ead80158a46f62d0210d5b0564084e779d4bda28273fb07100a4051208a
data/raw/ooc/OOC_image_dataset/train/good/cell_type_A549/0-1_days/230109_114.png,230109_114,230109,train,good,1,A549,0-1_days,train,3a328284a3bf1c6c2f96d238cfd2d6b7d16fdbd64c2e6d240179ebf45de9dd92
data/raw/ooc/OOC_image_dataset/train/good/cell_type_A549/0-1_days/230109_116.png,230109_116,230109,train,good,1,A549,0-1_days,train,3c4c1af1da0433a63f7eadf39d5f26de35cc70bdc4d0e2c001fb732b33ba10b9
data/raw/ooc/OOC_image_dataset/train/good/cell_type_A549/0-1_days/230109_117.png,230109_117,230109,train,good,1,A549,0-1_days,train,c5aa7ccee60be0c67eab3d892ff31103e3f36144b51a2a0c8ee8bdd22211a06a
data/raw/ooc/OOC_image_dataset/train/good/cell_type_A549/0-1_days/230109_118.png,230109_118,230109,train,good,1,A549,0-1_days,train,14a2b00a9ba7c5ca131b994f8a66ec60df23936672440e6c5a270f65ad67684c
data/raw/ooc/OOC_image_dataset/train/good/cell_type_A549/0-1_days/230109_129.png,230109_129,230109,train,good,1,A549,0-1_days,train,36ef057f21d2614a768bc81345df42deb50846b8d0137fd0e828e84c4bf8f4c3
data/raw/ooc/OOC_image_dataset/train/good/cell_type_A549/0-1_days/230109_25.png,230109_25,230109,train,good,1,A549,0-1_days,train,cd144e43213311859b8e38dd4e1457ab42ee3e77d814a0ab711c2f4a5e3a79f0
data/raw/ooc/OOC_image_dataset/train/good/cell_type_A549/0-1_days/230109_26.png,230109_26,230109,train,good,1,A549,0-1_days,train,c3dffd2e89eb7ecacb8e1807a4db0961b910c4fa56d109828c0319eb4e7f0dda
data/raw/ooc/OOC_image_dataset/train/good/cell_type_A549/0-1_days/230109_28.png,230109_28,230109,train,good,1,A549,0-1_days,train,10071bdc4bcd1dc51c857f59e64e13c126b730850fad0b1e852604135204b4e3
data/raw/ooc/OOC_image_dataset/train/good/cell_type_A549/0-1_days/230109_29.png,230109_29,230109,train,good,1,A549,0-1_days,train,99612c5f6e094d4228700c9aec0c590acc1974f77cca1f822cb8c42efeaeb235
data/raw/ooc/OOC_image_dataset/train/good/cell_type_A549/0-1_days/230109_30.png,230109_30,230109,train,good,1,A549,0-1_days,train,69b14f512684985e292a5288732b470e4266081abf104108329cf24a046c6fec
data/raw/ooc/OOC_image_dataset/train/good/cell_type_A549/0-1_days/230109_31.png,230109_31,230109,train,good,1,A549,0-1_days,train,abe023db10e42b76d8b17a95f96af64bb26e45ac6242ffa0be3bdff2d0b6db4c
data/raw/ooc/OOC_image_dataset/train/good/cell_type_A549/0-1_days/230109_34.png,230109_34,230109,train,good,1,A549,0-1_days,train,9f276fd6359db92277101b34b54748227bfcd5f68cef30cc168351bae62db61e
data/raw/ooc/OOC_image_dataset/train/good/cell_type_A549/0-1_days/230109_96.png,230109_96,230109,train,good,1,A549,0-1_days,train,9bb3d7309b514be8f075f28ed107fb149f018030051c399d8493f5377138f491
data/raw/ooc/OOC_image_dataset/train/good/cell_type_A549/0-1_days/230109_98.png,230109_98,230109,train,good,1,A549,0-1_days,train,e9b7f03c200443a5cebb33342df86fbb71520f93e61bd81cec5ad612c7abedda
data/raw/ooc/OOC_image_dataset/train/good/cell_type_A549/0-1_days/230109_99.png,230109_99,230109,train,good,1,A549,0-1_days,train,c6008a7ba191e0ddf39bb256f88976f9f305b29f250e74392157562caf55724c
data/raw/ooc/OOC_image_dataset/train/good/cell_type_A549/0-1_days/230206_14.png,230206_14,230206,train,good,1,A549,0-1_days,train,248d31619d5a7de96b082ba3a81c9bd2f693e200342c9c96126e26064a974631
data/raw/ooc/OOC_image_dataset/train/good/cell_type_A549/0-1_days/230206_15.png,230206_15,230206,train,good,1,A549,0-1_days,train,26afa3a4bdc6d203fb604ae224fd3b48fc2acc74f1891719dee0f025f0f2bb61
data/raw/ooc/OOC_image_dataset/train/good/cell_type_A549/0-1_days/230206_17.png,230206_17,230206,train,good,1,A549,0-1_days,train,2608f372b0c48c2ad4c27864c984336bb47d0c94ad1d0d4a7af1614a6d7dbc1c
data/raw/ooc/OOC_image_dataset/train/good/cell_type_A549/0-1_days/230206_18.png,230206_18,230206,train,good,1,A549,0-1_days,train,64bf75da347c583491f42e6f22148e9640c13192413c42af4949cca3437fd235
data/raw/ooc/OOC_image_dataset/train/good/cell_type_A549/0-1_days/230206_19.png,230206_19,230206,train,good,1,A549,0-1_days,train,c03fedeee2ff2a01a0d767d4221c10621d656e1e912d98266802e696d48778b7
data/raw/ooc/OOC_image_dataset/train/good/cell_type_A549/0-1_days/230206_20.png,230206_20,230206,train,good,1,A549,0-1_days,train,76ef1367eaa1081900cd785a7e6d87be0277261e5f006cbb565635d9d2754783
data/raw/ooc/OOC_image_dataset/train/good/cell_type_A549/0-1_days/230206_21.png,230206_21,230206,train,good,1,A549,0-1_days,train,181f2915328871b928ebb94508ca4ad814108d7e46e4ddcce05551e5d7323cb8
data/raw/ooc/OOC_image_dataset/train/good/cell_type_A549/0-1_days/230206_22.png,230206_22,230206,train,good,1,A549,0-1_days,train,6efd044696a6d69304e3d16eec1428950488aaeb275d3077ac11a704a65d9606
data/raw/ooc/OOC_image_dataset/train/good/cell_type_A549/0-1_days/230206_23.png,230206_23,230206,train,good,1,A549,0-1_days,train,533cbd7a55c333d84cdef26322c7ce4b33b7a6a2d7657c1fc37f1d92bddf03cb
data/raw/ooc/OOC_image_dataset/train/good/cell_type_A549/0-1_days/230206_24.png,230206_24,230206,train,good,1,A549,0-1_days,train,3b0a237599a94b58a242ed0e19ac5046c6b7f92331980e787272a760e6b89b49
data/raw/ooc/OOC_image_dataset/train/good/cell_type_A549/0-1_days/230206_26.png,230206_26,230206,train,good,1,A549,0-1_days,train,3d4d3e0632299eaea1cd9531afd5f87990c4db7acaf71e586adea9cbdd0fba89
data/raw/ooc/OOC_image_dataset/train/good/cell_type_A549/0-1_days/230206_30.png,230206_30,230206,train,good,1,A549,0-1_days,train,0bb03d42b1440319ba9f425d43b5502a1711a5d725a91838b73b2eeb520b56e5
data/raw/ooc/OOC_image_dataset/train/good/cell_type_A549/0-1_days/230206_31.png,230206_31,230206,train,good,1,A549,0-1_days,train,ffbd1fe7d533cd2d70bcb0e7f39a510f0589d26f68ad29cab7a935eb3976c112
data/raw/ooc/OOC_image_dataset/train/good/cell_type_A549/0-1_days/230206_34.png,230206_34,230206,train,good,1,A549,0-1_days,train,854739cb6e052ee67e6e1d23a9043cc9f3055c0fbc4946e4cf00f4cd3e43f8dd
data/raw/ooc/OOC_image_dataset/train/good/cell_type_A549/0-1_days/230206_36.png,230206_36,230206,train,good,1,A549,0-1_days,train,67b9b27d5da138db9699b3f7d54fbd458474da9756de537e260e63f1ac526c58
data/raw/ooc/OOC_image_dataset/train/good/cell_type_A549/0-1_days/230206_38.png,230206_38,230206,train,good,1,A549,0-1_days,train,ee512bf70293a2f090d7393861a3165eb9d221d78004c48fdbe1e47dcfec5a6a
data/raw/ooc/OOC_image_dataset/train/good/cell_type_A549/0-1_days/230206_39.png,230206_39,230206,train,good,1,A549,0-1_days,train,98d41beea93b70c36eeeb176ebb516bf3c123267d964d04865a40afb3cf8dc35
data/raw/ooc/OOC_image_dataset/train/good/cell_type_A549/0-1_days/230206_40.png,230206_40,230206,train,good,1,A549,0-1_days,train,d306aa3c45a23023255454f7a9067cb624122aa256266d6f566ebcb85f4cb3dd
data/raw/ooc/OOC_image_dataset/train/good/cell_type_A549/0-1_days/230206_41.png,230206_41,230206,train,good,1,A549,0-1_days,train,2eed53355f88982f28fb024e1585445f5b6ec501f5a2dff49e3af730eb762dde
data/raw/ooc/OOC_image_dataset/train/good/cell_type_A549/0-1_days/230206_43.png,230206_43,230206,train,good,1,A549,0-1_days,train,c7482a1c0c9fe7d1a1e94ecb6dc3c03136a804375dc90e437bbbdb7bde1674b5
data/raw/ooc/OOC_image_dataset/train/good/cell_type_A549/0-1_days/230206_44.png,230206_44,230206,train,good,1,A549,0-1_days,train,cb532327a5740dcc0bbece9d4a0949bbe2a174c8544cbc27563ced8a5f43b7d2
data/raw/ooc/OOC_image_dataset/train/good/cell_type_A549/0-1_days/230206_45.png,230206_45,230206,train,good,1,A549,0-1_days,train,fb341286c0600c513f808c3a264218dddb78d540b94b9e2ce47782ef96019cb6
data/raw/ooc/OOC_image_dataset/train/good/cell_type_A549/0-1_days/230316_1.png,230316_1,230316,validation,good,1,A549,0-1_days,train,e04e830560edbd256047e6e53d1560d9031fb963c42c0098b9df160c9f90a574
data/raw/ooc/OOC_image_dataset/train/good/cell_type_A549/0-1_days/230316_11.png,230316_11,230316,validation,good,1,A549,0-1_days,train,9db0dfaca932c900eae092d7f171c865e0d34e9e9d01be76cb73d924e7f08daf
data/raw/ooc/OOC_image_dataset/train/good/cell_type_A549/0-1_days/230316_14.png,230316_14,230316,validation,good,1,A549,0-1_days,train,897d044fada41188710db1d8429b33e585d0c3505e954cd7991423826c91343b
data/raw/ooc/OOC_image_dataset/train/good/cell_type_A549/0-1_days/230316_15.png,230316_15,230316,validation,good,1,A549,0-1_days,train,74fe86c9fb9481282d775cf4387a367db976a6c0b78e634170d424e909563940
data/raw/ooc/OOC_image_dataset/train/good/cell_type_A549/0-1_days/230316_16.png,230316_16,230316,validation,good,1,A549,0-1_days,train,d1cbba24ed4a185da40030172560e87cb87a3ef7a5d73f2b045b17b0ddbead13
data/raw/ooc/OOC_image_dataset/train/good/cell_type_A549/0-1_days/230316_2.png,230316_2,230316,validation,good,1,A549,0-1_days,train,0835ed2d590c409d271d8daec7f3081695a3e152e68d41f2b89a0f01173c302a
data/raw/ooc/OOC_image_dataset/train/good/cell_type_A549/0-1_days/230316_3.png,230316_3,230316,validation,good,1,A549,0-1_days,train,a539a5b7c5ec8463eadf4fc5126bc1874a218a8d817afb4b7ab52274b57cd8e5
data/raw/ooc/OOC_image_dataset/train/good/cell_type_A549/0-1_days/230316_6.png,230316_6,230316,validation,good,1,A549,0-1_days,train,e3a90e6833bd1ca93f465adbe505fa7b178da3e1878a82216c172482449e1c33
data/raw/ooc/OOC_image_dataset/train/good/cell_type_A549/0-1_days/230316_7.png,230316_7,230316,validation,good,1,A549,0-1_days,train,14a3301cc3bd2f373bf3d5f480103b7d5e138a56b0d196056880fcc55397d292
data/raw/ooc/OOC_image_dataset/train/good/cell_type_A549/0-1_days/230316_8.png,230316_8,230316,validation,good,1,A549,0-1_days,train,26286cc9dbda014ecb95e4058d8b4e54ebd1246450e50849b82d1da6e01ce7a9
data/raw/ooc/OOC_image_dataset/train/good/cell_type_A549/0-1_days/230525_112.png,230525_112,230525,train,good,1,A549,0-1_days,train,8b3207d0215633c5dcbc9075e8e2f3c4dc651deb2f7cbbd017d76dc201c26ad5
data/raw/ooc/OOC_image_dataset/train/good/cell_type_A549/0-1_days/230525_115.png,230525_115,230525,train,good,1,A549,0-1_days,train,89d3511eeca0ca08f07ae5e93d832ac6a8b72d43e730636edd53f978eb618f03
data/raw/ooc/OOC_image_dataset/train/good/cell_type_A549/0-1_days/230525_116.png,230525_116,230525,train,good,1,A549,0-1_days,train,b24105defc93c52103d7bceb2f56290d38c2b4534967eb295dfa25385dd2a616
data/raw/ooc/OOC_image_dataset/train/good/cell_type_A549/0-1_days/230525_118.png,230525_118,230525,train,good,1,A549,0-1_days,train,0571572a005fcb1419c5019ccf18f9585e5ecc1fc5924c0953c47588a14cc5f9
data/raw/ooc/OOC_image_dataset/train/good/cell_type_A549/0-1_days/230525_119.png,230525_119,230525,train,good,1,A549,0-1_days,train,efe5ad41f5846a6ac9c6615372421118dfff167d29a1d96d1189e73522e8f3d9
data/raw/ooc/OOC_image_dataset/train/good/cell_type_A549/0-1_days/230525_121.png,230525_121,230525,train,good,1,A549,0-1_days,train,289ba0bfc01101f298f17d0d81ac7f958a2315b1abb65a056b0afc545c6fef20
data/raw/ooc/OOC_image_dataset/train/good/cell_type_A549/0-1_days/230525_129.png,230525_129,230525,train,good,1,A549,0-1_days,train,be9a9782334f8ec9bb420eb4b072cf30a1b02252ea004258ab61dd0c42d35bac
data/raw/ooc/OOC_image_dataset/train/good/cell_type_A549/0-1_days/230525_130.png,230525_130,230525,train,good,1,A549,0-1_days,train,ef28f098cc33fc8ce23dbae80044141f3b0a69924b8252628bce4bf2f98906eb
data/raw/ooc/OOC_image_dataset/train/good/cell_type_A549/0-1_days/230525_131.png,230525_131,230525,train,good,1,A549,0-1_days,train,11ab57a122acb7ddda2b731d4b406ea43c62bc22d6b16ae50119ef15642849c1
data/raw/ooc/OOC_image_dataset/train/good/cell_type_A549/0-1_days/230525_133.png,230525_133,230525,train,good,1,A549,0-1_days,train,131a84ef6ba01c5179d520d2620f8ebca7f06a8ee861b9cbb385ccc1973b7fc0
data/raw/ooc/OOC_image_dataset/train/good/cell_type_A549/0-1_days/230525_134.png,230525_134,230525,train,good,1,A549,0-1_days,train,8e98bc0d1c7a8f56901ad39c8d34d7b791b908adbca226fa637680c1b010b19e
data/raw/ooc/OOC_image_dataset/train/good/cell_type_A549/0-1_days/230525_136.png,230525_136,230525,train,good,1,A549,0-1_days,train,05d9bc6a3be0ceb6b1e81a7ae5ee09bd034e87ce8880cf9bba662a10840270cf
data/raw/ooc/OOC_image_dataset/train/good/cell_type_A549/0-1_days/230525_137.png,230525_137,230525,train,good,1,A549,0-1_days,train,5e1df0792d21633bb5c1f625477a2efacb5bfe203d7d3acf09a1fea3ab9f8c13
data/raw/ooc/OOC_image_dataset/train/good/cell_type_A549/0-1_days/230525_138.png,230525_138,230525,train,good,1,A549,0-1_days,train,5f33be9574c336f615a18c9024b31980244c523ae10b860ce3d403a4834f86ad
data/raw/ooc/OOC_image_dataset/train/good/cell_type_A549/0-1_days/230525_139.png,230525_139,230525,train,good,1,A549,0-1_days,train,fd7990046e83180e2f8e9ce5547aab4a1e088c1d0f3e449a6c95a19bcdc1eef4
data/raw/ooc/OOC_image_dataset/train/good/cell_type_A549/0-1_days/230525_141.png,230525_141,230525,train,good,1,A549,0-1_days,train,fd93fd312995144829fe379c35f16e20cb54c7747d29ed14d07077144d05224c
data/raw/ooc/OOC_image_dataset/train/good/cell_type_A549/0-1_days/230525_142.png,230525_142,230525,train,good,1,A549,0-1_days,train,6c2f623c933f9c076884202bf6da9a6a86ba5d2542bb9252834f305203f16d0b
data/raw/ooc/OOC_image_dataset/train/good/cell_type_A549/0-1_days/230525_145.png,230525_145,230525,train,good,1,A549,0-1_days,train,0f8c3236de69f974c0c56fcef9e5397cc0978e3e4beb1cad73077e7585ccb941
data/raw/ooc/OOC_image_dataset/train/good/cell_type_A549/0-1_days/230525_146.png,230525_146,230525,train,good,1,A549,0-1_days,train,37a62206f675e76ddda388ef0a2c2be2eb807d07c7a4c7e21d2a1b4a8262a5d9
data/raw/ooc/OOC_image_dataset/train/good/cell_type_A549/0-1_days/230525_182.png,230525_182,230525,train,good,1,A549,0-1_days,train,2b38cec2731519af5a8c7c2277544425c7708e3b2469db920b1ded184db91d07
data/raw/ooc/OOC_image_dataset/train/good/cell_type_A549/0-1_days/230525_184.png,230525_184,230525,train,good,1,A549,0-1_days,train,ce83549d4f94e8462be2717ac7018ea63b48390a9229ce0e1350e7b4d1738007
data/raw/ooc/OOC_image_dataset/train/good/cell_type_A549/0-1_days/230525_185.png,230525_185,230525,train,good,1,A549,0-1_days,train,4233d14c5173931d4b3a2118b408a8e2c4416b4798b243f4154e86a26da37e4b
data/raw/ooc/OOC_image_dataset/train/good/cell_type_A549/0-1_days/230525_188.png,230525_188,230525,train,good,1,A549,0-1_days,train,cd11ae4d427191512c8255219458dada13dee32703126d87c0e7167f2870e7a9
data/raw/ooc/OOC_image_dataset/train/good/cell_type_A549/0-1_days/230525_189.png,230525_189,230525,train,good,1,A549,0-1_days,train,20aeb08076bc7846bc48788ab6463b460b685c0f339df5fece7adbd68b9f4b44
data/raw/ooc/OOC_image_dataset/train/good/cell_type_A549/0-1_days/230525_190.png,230525_190,230525,train,good,1,A549,0-1_days,train,06b0b5f74b769f577de9191ea92ef725d738396112ac24a3350a6fbf54d71d40
data/raw/ooc/OOC_image_dataset/train/good/cell_type_A549/0-1_days/230525_191.png,230525_191,230525,train,good,1,A549,0-1_days,train,c9db37bf4c8fb366bfc0f82f7251f0a72e223ea4357acef2bced58ae4a8a0995
data/raw/ooc/OOC_image_dataset/train/good/cell_type_A549/0-1_days/230525_194.png,230525_194,230525,train,good,1,A549,0-1_days,train,10ff331c5e20ec4ea05bc8ddbc0f56bf30d4a1b704964d4867227b3200b97d61
data/raw/ooc/OOC_image_dataset/train/good/cell_type_A549/0-1_days/230525_195.png,230525_195,230525,train,good,1,A549,0-1_days,train,05e596e440f50d8608eff8956b8723964e582418e191d4f54356a48cadb56fd4
data/raw/ooc/OOC_image_dataset/train/good/cell_type_A549/0-1_days/230525_196.png,230525_196,230525,train,good,1,A549,0-1_days,train,afe92286b81350180680f52ea72dd9a4bbca018573dc1e59cd586bc04746d028
data/raw/ooc/OOC_image_dataset/train/good/cell_type_A549/0-1_days/230525_198.png,230525_198,230525,train,good,1,A549,0-1_days,train,a7f882d64b7c96dfc1b751e4020d2778160ce565d582046fe45e5a2f3a8558a8
data/raw/ooc/OOC_image_dataset/train/good/cell_type_A549/0-1_days/230525_199.png,230525_199,230525,train,good,1,A549,0-1_days,train,e52eb9124bd647d1bf2be5bde0346a01f99f54cd0062b250c01738e3f353bb92
data/raw/ooc/OOC_image_dataset/train/good/cell_type_A549/0-1_days/230525_200.png,230525_200,230525,train,good,1,A549,0-1_days,train,aeaae5b8f49773bfb4a11a3c50a6b9e14ac9ac8accbba26143f06e92d79bb6f0
data/raw/ooc/OOC_image_dataset/train/good/cell_type_A549/0-1_days/230525_201.png,230525_201,230525,train,good,1,A549,0-1_days,train,1fb6abfbe7ed015b795b77699fa7c6306b2d882338237b7dd19c550a0f606895
data/raw/ooc/OOC_image_dataset/train/good/cell_type_A549/0-1_days/230525_202.png,230525_202,230525,train,good,1,A549,0-1_days,train,496e9fe26f8840a230639fc48213346c23cfd6add874440b87779010ac4077dd
data/raw/ooc/OOC_image_dataset/train/good/cell_type_A549/0-1_days/230525_203.png,230525_203,230525,train,good,1,A549,0-1_days,train,9555a9684de47de3c93151ab28e0f6bb4770c9e61297bbe0310d9f2a6886e673
data/raw/ooc/OOC_image_dataset/train/good/cell_type_A549/0-1_days/230525_205.png,230525_205,230525,train,good,1,A549,0-1_days,train,424bb862b5c06710626e8aac19bff1e186c125836632e685a73441e614288cd6
data/raw/ooc/OOC_image_dataset/train/good/cell_type_A549/0-1_days/230525_207.png,230525_207,230525,train,good,1,A549,0-1_days,train,8374cb956e9b7aade7a7954be9e9825264be73f75e3764f4837d039b8f7df303
data/raw/ooc/OOC_image_dataset/train/good/cell_type_A549/0-1_days/230525_209.png,230525_209,230525,train,good,1,A549,0-1_days,train,a5b9b2fdd710a8cfe0ce3c04a62e34a194e4fe650213f2c07ffe748fb94c7146
data/raw/ooc/OOC_image_dataset/train/good/cell_type_A549/0-1_days/230525_217.png,230525_217,230525,train,good,1,A549,0-1_days,train,5bbad265c4a3648b14f788e0395c443ea56effbfae2c39958ea1afbf5d08300d
data/raw/ooc/OOC_image_dataset/train/good/cell_type_A549/0-1_days/230525_39.png,230525_39,230525,train,good,1,A549,0-1_days,train,b8be2c52d85881b2a942019bf0c901a0e631e540b8e07136990c9a901a58230e
data/raw/ooc/OOC_image_dataset/train/good/cell_type_A549/0-1_days/230525_40.png,230525_40,230525,train,good,1,A549,0-1_days,train,072ccc1195ff7f3f1603667ebb5800bfcba9ed72815b3253ab1f64babca5a318
data/raw/ooc/OOC_image_dataset/train/good/cell_type_A549/0-1_days/230525_43.png,230525_43,230525,train,good,1,A549,0-1_days,train,55eb736d78573b8994f24b5ecb0e2a6b71ae73525d17df22570965d491f662c3
data/raw/ooc/OOC_image_dataset/train/good/cell_type_A549/0-1_days/230525_44.png,230525_44,230525,train,good,1,A549,0-1_days,train,78665110d60af94a3e4396b9166cc6c0243c9a456dac5e0f14debdd443f92eb0
data/raw/ooc/OOC_image_dataset/train/good/cell_type_A549/0-1_days/230525_45.png,230525_45,230525,train,good,1,A549,0-1_days,train,e7fad44f21e4f139c1eb6decd5a53b05aae76e2b1815999a17430520e66b95bd
data/raw/ooc/OOC_image_dataset/train/good/cell_type_A549/0-1_days/230525_47.png,230525_47,230525,train,good,1,A549,0-1_days,train,37b33c740ee460ac4426351db0b5c89270790852564d619e0aae47195ed0a5fc
data/raw/ooc/OOC_image_dataset/train/good/cell_type_A549/0-1_days/230525_49.png,230525_49,230525,train,good,1,A549,0-1_days,train,e6d1f9adb9da90624fdc5c2cff0d4cdb6ef40186fffa99bbe8dc486a07499d8f
data/raw/ooc/OOC_image_dataset/train/good/cell_type_A549/0-1_days/230525_51.png,230525_51,230525,train,good,1,A549,0-1_days,train,dfa891338fc45567d83a91209064901687e2a3d740d4082b4a335c1bd3a7b784
data/raw/ooc/OOC_image_dataset/train/good/cell_type_A549/0-1_days/230525_53.png,230525_53,230525,train,good,1,A549,0-1_days,train,847cf96527cf842c0952f3b8335acc37006a51a8a7431038e6d528f6cebaa0b5
data/raw/ooc/OOC_image_dataset/train/good/cell_type_A549/0-1_days/230525_56.png,230525_56,230525,train,good,1,A549,0-1_days,train,bc5be0770e2a83373ebfda8d4b9bb54a905c6f1ab9ff2f823c0b17c8f0f01909
data/raw/ooc/OOC_image_dataset/train/good/cell_type_A549/0-1_days/230525_57.png,230525_57,230525,train,good,1,A549,0-1_days,train,fd50c9444b753fec131613c4ec9c6233d498421e22125c6be372939c52222e95
data/raw/ooc/OOC_image_dataset/train/good/cell_type_A549/0-1_days/230525_60.png,230525_60,230525,train,good,1,A549,0-1_days,train,bc7bebd1547cdec15cd988b7387c836cda977625ebcbdde71d50dbae459787cf
data/raw/ooc/OOC_image_dataset/train/good/cell_type_A549/0-1_days/230525_61.png,230525_61,230525,train,good,1,A549,0-1_days,train,248c675cb6411cf5abdcca2af3cb3bba8253f0a63133fbfe5b38a3fe4699a32c
data/raw/ooc/OOC_image_dataset/train/good/cell_type_A549/0-1_days/230525_62.png,230525_62,230525,train,good,1,A549,0-1_days,train,4142879a468ee2ab9cbcd0a9ee76637579dd53931d5205439328f73b5c0dea38
data/raw/ooc/OOC_image_dataset/train/good/cell_type_A549/0-1_days/230525_66.png,230525_66,230525,train,good,1,A549,0-1_days,train,c8ac6cd5efc3f755c2ccdae9c2dae0dc8248fcc9f5be9593ad0bb27fa23fb7bc
data/raw/ooc/OOC_image_dataset/train/good/cell_type_A549/0-1_days/230525_69.png,230525_69,230525,train,good,1,A549,0-1_days,train,e2944b0f8f4458139a93ced67fec7dfc7e05b0888b43efd2f5d051160d9c665f
data/raw/ooc/OOC_image_dataset/train/good/cell_type_A549/0-1_days/230525_70.png,230525_70,230525,train,good,1,A549,0-1_days,train,3ee2f36ccd2f9dc17e04ba6114a6819bef5174852050dba87af7c3cec178188d
data/raw/ooc/OOC_image_dataset/train/good/cell_type_A549/0-1_days/230525_71.png,230525_71,230525,train,good,1,A549,0-1_days,train,e4602a2716b1ad45cd61bf9ecbabac2ab5b2412efcecc57e285318dd4c4fe9ea
data/raw/ooc/OOC_image_dataset/train/good/cell_type_A549/2-3_days/220606_10.png,220606_10,220606,train,good,1,A549,2-3_days,train,c1f988cd340ed5e71cf73d6879f91d382f671af4000bfd24e55b9518738cd54f
data/raw/ooc/OOC_image_dataset/train/good/cell_type_A549/2-3_days/220606_2.png,220606_2,220606,train,good,1,A549,2-3_days,train,9a732cef5b98fb059a919c91e87a3c4ae128848011f06dc0187d74a60f4150fa
data/raw/ooc/OOC_image_dataset/train/good/cell_type_A549/2-3_days/220606_3.png,220606_3,220606,train,good,1,A549,2-3_days,train,3ef88af8ef19c98b1ab17745609982ccf9400507923f51f9061c5cfbe1e0b3d6
data/raw/ooc/OOC_image_dataset/train/good/cell_type_A549/2-3_days/220606_4.png,220606_4,220606,train,good,1,A549,2-3_days,train,a7713d0b4484c9bea05eb5a2a990476a74cbf2d0e1a3a73e7c9475cce5a61ea5
data/raw/ooc/OOC_image_dataset/train/good/cell_type_A549/2-3_days/220606_6.png,220606_6,220606,train,good,1,A549,2-3_days,train,4c2a49b6b12a732c11ef8b54c23f3466bdd30c26bb0e04c2df29acc02e781068
data/raw/ooc/OOC_image_dataset/train/good/cell_type_A549/2-3_days/220606_7.png,220606_7,220606,train,good,1,A549,2-3_days,train,55a8ed85eaf3b35c246b12a7512828ebfc64f0164bab162c7a13e2a2bbf41f58
data/raw/ooc/OOC_image_dataset/train/good/cell_type_A549/2-3_days/221215_1.png,221215_1,221215,train,good,1,A549,2-3_days,train,da7ba90a049737b2b17434f875784bf6545c7eee6ea0284d5a74a2cfde4f6432
data/raw/ooc/OOC_image_dataset/train/good/cell_type_A549/2-3_days/221215_3.png,221215_3,221215,train,good,1,A549,2-3_days,train,b4ddb377f883f7782687535898008d03a17d1a8807231b6221c5cd66fcd40501
data/raw/ooc/OOC_image_dataset/train/good/cell_type_A549/2-3_days/221215_4.png,221215_4,221215,train,good,1,A549,2-3_days,train,18344f318be01ec30622a94a0a381af4cf6a83acf28f39f96f07b1f6b1da7ec8
data/raw/ooc/OOC_image_dataset/train/good/cell_type_A549/2-3_days/221215_5.png,221215_5,221215,train,good,1,A549,2-3_days,train,1096185511763fa22f3461cc585ebeaa9abef0630f91d25c52f1a20b8af56057
data/raw/ooc/OOC_image_dataset/train/good/cell_type_A549/2-3_days/221215_6.png,221215_6,221215,train,good,1,A549,2-3_days,train,f5c188a27ce55533ee8276b21c6455898eb9fd127c80b336ec409195d6546255
data/raw/ooc/OOC_image_dataset/train/good/cell_type_A549/2-3_days/230110_133.png,230110_133,230110,train,good,1,A549,2-3_days,train,587d087dffe98bd361edd46dcf276fcc8a10157f29ab2871f7508c19f27b8eda
data/raw/ooc/OOC_image_dataset/train/good/cell_type_A549/2-3_days/230110_134.png,230110_134,230110,train,good,1,A549,2-3_days,train,a0765c5d69daf9b8f437d69854db12a315eb7d41707e27be60f849ea46bd6d1f
data/raw/ooc/OOC_image_dataset/train/good/cell_type_A549/2-3_days/230110_135.png,230110_135,230110,train,good,1,A549,2-3_days,train,1cfe82a01003182f680c072dafbfe6e3f92ecb5fea53209933855943ffc2012c
data/raw/ooc/OOC_image_dataset/train/good/cell_type_A549/2-3_days/230110_136.png,230110_136,230110,train,good,1,A549,2-3_days,train,0605c4dbe96b713cede61e37f9c60145221e9f7abda6ea6f47863bfebc1775ed
data/raw/ooc/OOC_image_dataset/train/good/cell_type_A549/2-3_days/230110_137.png,230110_137,230110,train,good,1,A549,2-3_days,train,bd646633ef587535c782a2992ead901cc2d983d1cedd2f088aaad9748eccebe8
data/raw/ooc/OOC_image_dataset/train/good/cell_type_A549/2-3_days/230110_138.png,230110_138,230110,train,good,1,A549,2-3_days,train,e680a64d95ff583191d837d1f9684f1352534ef6ee96dc4bf8956e735bd3d57d
data/raw/ooc/OOC_image_dataset/train/good/cell_type_A549/2-3_days/230110_139.png,230110_139,230110,train,good,1,A549,2-3_days,train,8341f255f443a6e92837d3f5ae1419826cc90ee70ffd92173e7de3f0eb5bf289
data/raw/ooc/OOC_image_dataset/train/good/cell_type_A549/2-3_days/230110_144.png,230110_144,230110,train,good,1,A549,2-3_days,train,9b519b74a8078b60ce1e14884afa7e94a64032517aa643e7a9fb2d4fd413c5b5
data/raw/ooc/OOC_image_dataset/train/good/cell_type_A549/2-3_days/230110_146.png,230110_146,230110,train,good,1,A549,2-3_days,train,49d9078412b42ce1abfcf4ce4161ef71ac10b574daf207f59963e32ed132b574
data/raw/ooc/OOC_image_dataset/train/good/cell_type_A549/2-3_days/230206_46.png,230206_46,230206,train,good,1,A549,2-3_days,train,5b64bbb43d6e6599712b853a1e7d24d485cead8748ad3348221aa9198337e1aa
data/raw/ooc/OOC_image_dataset/train/good/cell_type_A549/2-3_days/230206_50.png,230206_50,230206,train,good,1,A549,2-3_days,train,d7ae16fde4269c0d73f6af7519b2037b8eeec8bb4098e4fe2f5c1fa12df306d6
data/raw/ooc/OOC_image_dataset/train/good/cell_type_A549/2-3_days/230206_51.png,230206_51,230206,train,good,1,A549,2-3_days,train,c6287447cb9fe11fd64da3f7836fca405905c21138e0d5908fba500a43a19f6f
data/raw/ooc/OOC_image_dataset/train/good/cell_type_A549/2-3_days/230206_52.png,230206_52,230206,train,good,1,A549,2-3_days,train,98e1419361c84925ac5f714fb975f4d1c663e8d74d2e332fe1c4df93361293db
data/raw/ooc/OOC_image_dataset/train/good/cell_type_A549/2-3_days/230206_53.png,230206_53,230206,train,good,1,A549,2-3_days,train,2bc1422115f1a3d8ae94805a1b40d602400039667ee1213e927e3f5a440934b7
data/raw/ooc/OOC_image_dataset/train/good/cell_type_A549/2-3_days/230206_54.png,230206_54,230206,train,good,1,A549,2-3_days,train,4e3a43aead18b3eff798fe030f81edd57bee241aeeb779bb97ff76a07b21bb9d
data/raw/ooc/OOC_image_dataset/train/good/cell_type_A549/2-3_days/230206_55.png,230206_55,230206,train,good,1,A549,2-3_days,train,26b481202fb8a841f28d414bd7e1f74510f911d4716ce6a1f7b98461514ee2d7
data/raw/ooc/OOC_image_dataset/train/good/cell_type_A549/2-3_days/230510_39.png,230510_39,230510,validation,good,1,A549,2-3_days,train,ba7f9418d2e706e559d71e78495776fe13724cf8fc3a4901a67974bddfdfd94a
data/raw/ooc/OOC_image_dataset/train/good/cell_type_A549/2-3_days/230510_40.png,230510_40,230510,validation,good,1,A549,2-3_days,train,5d9ffb3bad300e35f47e1fbbf52321d641e24007844c35d853d77341a12e1ea9
data/raw/ooc/OOC_image_dataset/train/good/cell_type_A549/2-3_days/230510_42.png,230510_42,230510,validation,good,1,A549,2-3_days,train,7ab795e6455e5225c52b9e7612119ccdcaf4deac87e74fb2d5a7a7ae3c20f27b
data/raw/ooc/OOC_image_dataset/train/good/cell_type_A549/2-3_days/230510_43.png,230510_43,230510,validation,good,1,A549,2-3_days,train,0aacb5aac6fe17be8d142919e534b5ada9633cb81f89293181ddb6dfa72e6b7b
data/raw/ooc/OOC_image_dataset/train/good/cell_type_A549/2-3_days/230510_45.png,230510_45,230510,validation,good,1,A549,2-3_days,train,619aa5ec4cfd3f58c8b751965ecbe29c6c8291708d32d0dfd9dd3e15c46256f3
data/raw/ooc/OOC_image_dataset/train/good/cell_type_A549/2-3_days/230510_48.png,230510_48,230510,validation,good,1,A549,2-3_days,train,5e0412ff81639df2799e4bec429c5e77391252e9ff0e5718f2d80c5306d0a805
data/raw/ooc/OOC_image_dataset/train/good/cell_type_A549/2-3_days/230510_49.png,230510_49,230510,validation,good,1,A549,2-3_days,train,95f69b18922cf5162c5ce4f3c31a55c6b59871e0e32ebda82f77fc1c9ba150e6
data/raw/ooc/OOC_image_dataset/train/good/cell_type_A549/2-3_days/230510_50.png,230510_50,230510,validation,good,1,A549,2-3_days,train,e4fc238aea5b521db690180546f76f8a970fd0ea9f17efe8c8838d465f000414
data/raw/ooc/OOC_image_dataset/train/good/cell_type_A549/2-3_days/230510_51.png,230510_51,230510,validation,good,1,A549,2-3_days,train,1384c623a9c7d9f54dcbe0f2435b22cc38597a38cba52606312273920446e4d7
data/raw/ooc/OOC_image_dataset/train/good/cell_type_A549/2-3_days/230510_52.png,230510_52,230510,validation,good,1,A549,2-3_days,train,c5a1d47253df48f0ec7f8795cb21174f7077776ba60344c073dacefe76792f8b
data/raw/ooc/OOC_image_dataset/train/good/cell_type_A549/2-3_days/230510_53.png,230510_53,230510,validation,good,1,A549,2-3_days,train,be4b99796f76d48005c4b282c8bc395c9f19a0c00116a11a80cf12da83c7529f
data/raw/ooc/OOC_image_dataset/train/good/cell_type_A549/2-3_days/230510_54.png,230510_54,230510,validation,good,1,A549,2-3_days,train,af556399ba2329dcea4bc74f9b614a82ceb3bd5841d5617515dbf9eb79f31d6a
data/raw/ooc/OOC_image_dataset/train/good/cell_type_A549/2-3_days/230510_58.png,230510_58,230510,validation,good,1,A549,2-3_days,train,8649251d110a98b85eece056dbdc83ad9d7299e3589999281c8989ce6b3e9c1b
data/raw/ooc/OOC_image_dataset/train/good/cell_type_A549/2-3_days/230510_59.png,230510_59,230510,validation,good,1,A549,2-3_days,train,5538d2cbb36e4cde7d29a0540f51689fca33c3eb5f09143bf8a6e98da3931cd5
data/raw/ooc/OOC_image_dataset/train/good/cell_type_A549/2-3_days/230510_60.png,230510_60,230510,validation,good,1,A549,2-3_days,train,85dd200d6dec6b20390a38a533f99d0ee0b598a483cdc59a2e9b1efc3f57279d
data/raw/ooc/OOC_image_dataset/train/good/cell_type_A549/2-3_days/230510_63.png,230510_63,230510,validation,good,1,A549,2-3_days,train,484357a1b644dc53b46ccbe872b9d801e4c0a9a07b93d9d2c352d00453d3c144
data/raw/ooc/OOC_image_dataset/train/good/cell_type_A549/2-3_days/230510_65.png,230510_65,230510,validation,good,1,A549,2-3_days,train,965f3932a43f9a67424620cc1adcaca869f193e7d2bfdd114aed17c39b99a23b
data/raw/ooc/OOC_image_dataset/train/good/cell_type_A549/2-3_days/230510_67.png,230510_67,230510,validation,good,1,A549,2-3_days,train,bca1db2ca0c722d9e4a10896e12bc47545d997e1d5ef7db9e46af7bc6e94a439
data/raw/ooc/OOC_image_dataset/train/good/cell_type_A549/2-3_days/230510_69.png,230510_69,230510,validation,good,1,A549,2-3_days,train,84b8b800dc44fa13d8ad70aee8f18857b76653944a12d4dde6e040fee3d32f66
data/raw/ooc/OOC_image_dataset/train/good/cell_type_A549/2-3_days/230510_73.png,230510_73,230510,validation,good,1,A549,2-3_days,train,9007cd0b815d86050d751ba71ec8c22d57d68f4f43168007d94aca4aee709498
data/raw/ooc/OOC_image_dataset/train/good/cell_type_A549/2-3_days/230510_75.png,230510_75,230510,validation,good,1,A549,2-3_days,train,c6a1229ebe8dce40cdb8627152ac78bcda926e096ac3c6b5f8996775d0c2edd2
data/raw/ooc/OOC_image_dataset/train/good/cell_type_A549/2-3_days/230510_76.png,230510_76,230510,validation,good,1,A549,2-3_days,train,aa4c39d02ff589534285b751de96f820ce3c12d46df5ccb72b7d47b247bf7775
data/raw/ooc/OOC_image_dataset/train/good/cell_type_A549/4+_days/220609_10.png,220609_10,220609,train,good,1,A549,4+_days,train,9bc296fddd3bd2a2e020b4b01061f5d59b43d055c604dfaa43b35a4711893621
data/raw/ooc/OOC_image_dataset/train/good/cell_type_A549/4+_days/220609_12.png,220609_12,220609,train,good,1,A549,4+_days,train,63077c310b754c4f780ccfe6d33fc668be1e2e08fa83efe2d7b061fa71b21620
data/raw/ooc/OOC_image_dataset/train/good/cell_type_A549/4+_days/220609_13.png,220609_13,220609,train,good,1,A549,4+_days,train,ac83d56291d6f0dde1a1d89f3f631382698ad4b3ba454a5a2f017d68d661f47e
data/raw/ooc/OOC_image_dataset/train/good/cell_type_A549/4+_days/220610_13.png,220610_13,220610,validation,good,1,A549,4+_days,train,1320fab73bb8815686f10483b6ef8b54bf169b6fe97e532a301c3da78b12675d
data/raw/ooc/OOC_image_dataset/train/good/cell_type_A549/4+_days/220610_14.png,220610_14,220610,validation,good,1,A549,4+_days,train,933bb106421602dae0d1133cefde90d3ecad4556cee5a302d3709494131c787f
data/raw/ooc/OOC_image_dataset/train/good/cell_type_A549/4+_days/220610_15.png,220610_15,220610,validation,good,1,A549,4+_days,train,66528898a0c29c20abd05d571a4c44472bf53579fb633d3b8895e18740f536c4
data/raw/ooc/OOC_image_dataset/train/good/cell_type_A549/4+_days/220610_16.png,220610_16,220610,validation,good,1,A549,4+_days,train,3d902b1c0a281f37d2649c3fd72c2862c7571cae2346de5318a9df8c26f75857
data/raw/ooc/OOC_image_dataset/train/good/cell_type_A549/4+_days/220610_17.png,220610_17,220610,validation,good,1,A549,4+_days,train,1d0de293167f4c62dfc95f401dcadbd1589f23e3b27e5b377ade3d5d76e7bb87
data/raw/ooc/OOC_image_dataset/train/good/cell_type_A549/4+_days/220610_18.png,220610_18,220610,validation,good,1,A549,4+_days,train,2ad00bd798737bed602991d0c5e64a57779caacb9401b7f84aeacf56b9378fe4
data/raw/ooc/OOC_image_dataset/train/good/cell_type_A549/4+_days/220610_19.png,220610_19,220610,validation,good,1,A549,4+_days,train,4d6fe312697b3358d6a22d585119ffe8ea24d1724836969931b86b1a875de0ae
data/raw/ooc/OOC_image_dataset/train/good/cell_type_A549/4+_days/220610_20.png,220610_20,220610,validation,good,1,A549,4+_days,train,9334ee479c3d2d569d8e973d3369ceeb13b832b8c16f50cc4322be7cc508022b
data/raw/ooc/OOC_image_dataset/train/good/cell_type_A549/4+_days/220610_21.png,220610_21,220610,validation,good,1,A549,4+_days,train,6b6df535e398b1f153b83933f4e9861e235a862f0ab07bd31a5f76da908b7f5b
data/raw/ooc/OOC_image_dataset/train/good/cell_type_A549/4+_days/220610_24.png,220610_24,220610,validation,good,1,A549,4+_days,train,cc7f77d98837d4f79c64a9c891f436a7d3b4cb8cb7949425153b21461bd1e58e
data/raw/ooc/OOC_image_dataset/train/good/cell_type_A549/4+_days/220611_14.png,220611_14,220611,train,good,1,A549,4+_days,train,01ef0cc1866c313c3dc4037e8479e924c0119c28144171e4c4af30c4b4a1ac19
data/raw/ooc/OOC_image_dataset/train/good/cell_type_A549/4+_days/220611_16.png,220611_16,220611,train,good,1,A549,4+_days,train,569a3ed0e321cdc8194f779f6675670339fab24bf4de58be1424016bd4527fde
data/raw/ooc/OOC_image_dataset/train/good/cell_type_A549/4+_days/220611_19.png,220611_19,220611,train,good,1,A549,4+_days,train,9b67cd8d6dda5091dbc23cd42cf9ed594aa350da8468071e4a36bfe3465019ca
data/raw/ooc/OOC_image_dataset/train/good/cell_type_A549/4+_days/220611_20.png,220611_20,220611,train,good,1,A549,4+_days,train,0df903a08730547bf67266801c807465b7727e68c79627a5cd3237213bf07e69
data/raw/ooc/OOC_image_dataset/train/good/cell_type_A549/4+_days/220611_21.png,220611_21,220611,train,good,1,A549,4+_days,train,2e90526e1c2248240e44c8f7bbd1b0f19978580dc074d748f4e83fbdaed329d0
data/raw/ooc/OOC_image_dataset/train/good/cell_type_A549/4+_days/220611_23.png,220611_23,220611,train,good,1,A549,4+_days,train,9530bb0588eab05e003a7e65626c3f1d7ab56ef0dd0eaad592135397e1207d12
data/raw/ooc/OOC_image_dataset/train/good/cell_type_A549/4+_days/220612_13.png,220612_13,220612,train,good,1,A549,4+_days,train,6ff4ca5b239648dd0215d4d93d17feb37b3073681268445273634166271a0a64
data/raw/ooc/OOC_image_dataset/train/good/cell_type_A549/4+_days/220612_14.png,220612_14,220612,train,good,1,A549,4+_days,train,29db666c7f71839bf91f3fbaba799f84dec9b98d69fff75d6f922aefd3fb9aa3
data/raw/ooc/OOC_image_dataset/train/good/cell_type_A549/4+_days/220612_16.png,220612_16,220612,train,good,1,A549,4+_days,train,06736b23ac2583fb2b07c91f2ea83911ea927ecfa38f7920651153622700e736
data/raw/ooc/OOC_image_dataset/train/good/cell_type_A549/4+_days/220612_19.png,220612_19,220612,train,good,1,A549,4+_days,train,0a981bd501567ba21df5aa82fb816103eaa3fbc5166de36802f0ec212bb91569
data/raw/ooc/OOC_image_dataset/train/good/cell_type_A549/4+_days/220612_21.png,220612_21,220612,train,good,1,A549,4+_days,train,ac6bc124a59d67560ba7c4737a8b2fcabe122b7132a4ea5dd777ca1f9b72ec4a
data/raw/ooc/OOC_image_dataset/train/good/cell_type_A549/4+_days/220612_22.png,220612_22,220612,train,good,1,A549,4+_days,train,46b5d02ff5d65ec74baad2692bbe5a5a29fa5a07ee1c10b9b79b8264064ff7e2
data/raw/ooc/OOC_image_dataset/train/good/cell_type_A549/4+_days/220612_23.png,220612_23,220612,train,good,1,A549,4+_days,train,fb07c1db9e713042b62a82ed4edc000d8f3837666d3c9ea1582d539f8cf92221
data/raw/ooc/OOC_image_dataset/train/good/cell_type_A549/4+_days/220620_2.png,220620_2,220620,test,good,1,A549,4+_days,train,fa93f1f1251d873518cdd3cf64477ec5f965e185a643c5d73ce2520ea99c1c26
data/raw/ooc/OOC_image_dataset/train/good/cell_type_A549/4+_days/220620_3.png,220620_3,220620,test,good,1,A549,4+_days,train,4a5a0b4cd96ce19863aa4b034ff5fbd005d64f5aa7b90db7a28096bfc6c10971
data/raw/ooc/OOC_image_dataset/train/good/cell_type_A549/4+_days/220620_5.png,220620_5,220620,test,good,1,A549,4+_days,train,b71060d5dafc6f0c3078adb590f12fb15b66a8a03f3f80bb8bbcdf7e2c8c763f
data/raw/ooc/OOC_image_dataset/train/good/cell_type_A549/4+_days/220620_6.png,220620_6,220620,test,good,1,A549,4+_days,train,5b7bc9cee09751cf33db0db4de7ddaa9450ce5aa3e3f0fae999d83f2408616ce
data/raw/ooc/OOC_image_dataset/train/good/cell_type_A549/4+_days/220620_8.png,220620_8,220620,test,good,1,A549,4+_days,train,c7bbb4420fd6fa3d08a45ea8766ddc58eda26b57da533017ce70b20e8e35264b
data/raw/ooc/OOC_image_dataset/train/good/cell_type_A549/4+_days/220620_9.png,220620_9,220620,test,good,1,A549,4+_days,train,e16398751944e05cde956f56aa2c051d5d3ad4b55b1aa8d0c2d8569b56b265da
data/raw/ooc/OOC_image_dataset/train/good/cell_type_A549/4+_days/221219_1.png,221219_1,221219,train,good,1,A549,4+_days,train,c8c4a29a858152d6250cae3e660d2ffbd8fefa0b101c7ad14921b2be86824c70
data/raw/ooc/OOC_image_dataset/train/good/cell_type_A549/4+_days/221219_2.png,221219_2,221219,train,good,1,A549,4+_days,train,66d08339de09e67e74268ac08ece10de58cb89f325f4ce67b2330a8745f2336e
data/raw/ooc/OOC_image_dataset/train/good/cell_type_A549/4+_days/221219_4.png,221219_4,221219,train,good,1,A549,4+_days,train,f26585dd4d8aad949d6599b1bdb2fd96cc6c48e3592077f6c7188d24c023ff81
data/raw/ooc/OOC_image_dataset/train/good/cell_type_A549/4+_days/221219_7.png,221219_7,221219,train,good,1,A549,4+_days,train,d33006f5e8205f5eed51003f6ec26dac98b5a71ba231886e41a6bed7bdff2036
data/raw/ooc/OOC_image_dataset/train/good/cell_type_A549/4+_days/230320_33.png,230320_33,230320,train,good,1,A549,4+_days,train,11dfbcb11ed9b9d2670bbd78d018effa8e9caa16402858802f9e244b15d9234e
data/raw/ooc/OOC_image_dataset/train/good/cell_type_A549/4+_days/230320_35.png,230320_35,230320,train,good,1,A549,4+_days,train,604b4f0f365f6dd8492ef7320db812957366782337911a5140744fac65de0fe0
data/raw/ooc/OOC_image_dataset/train/good/cell_type_A549/4+_days/230320_37.png,230320_37,230320,train,good,1,A549,4+_days,train,cf4b5d346e7bf17df3c40aca005c40bc31abc774450694c23eaf4af83e9b93eb
data/raw/ooc/OOC_image_dataset/train/good/cell_type_A549/4+_days/230320_40.png,230320_40,230320,train,good,1,A549,4+_days,train,686a17e459da4c08675ff5828ca5ce1768cb2dc44c7d031823b7a56325d7f136
data/raw/ooc/OOC_image_dataset/train/good/cell_type_A549/4+_days/230320_42.png,230320_42,230320,train,good,1,A549,4+_days,train,8560178d8e0b80383d1c450a289bb483dcb4ab0a31d344f7d962e2eafbaec961
data/raw/ooc/OOC_image_dataset/train/good/cell_type_A549/4+_days/230320_43.png,230320_43,230320,train,good,1,A549,4+_days,train,b23b15f6a82792a64c1af81c907a9b16d543f8d76bd1b9ae669f0d36cc1318a7
data/raw/ooc/OOC_image_dataset/train/good/cell_type_A549/4+_days/230320_44.png,230320_44,230320,train,good,1,A549,4+_days,train,d0b58afe867ff79db5f73fddc126f2f647005f4351f00e05a8c6943468df9dc6
data/raw/ooc/OOC_image_dataset/train/good/cell_type_A549/4+_days/230320_45.png,230320_45,230320,train,good,1,A549,4+_days,train,3902a07912c37c0e65d9b5140b50313b2f7e01d6b1cd76d484052c315df80160
data/raw/ooc/OOC_image_dataset/train/good/cell_type_A549/4+_days/230320_47.png,230320_47,230320,train,good,1,A549,4+_days,train,2febd56e691456eb3473070f698cebf8452705e0a7f318aafab23650ddbce3d3
data/raw/ooc/OOC_image_dataset/train/good/cell_type_A549/4+_days/230320_49.png,230320_49,230320,train,good,1,A549,4+_days,train,277918c3ac65eb4f608cad855900af2a2257586cafaa83e0aa69784bee92931f
data/raw/ooc/OOC_image_dataset/train/good/cell_type_A549/4+_days/230320_54.png,230320_54,230320,train,good,1,A549,4+_days,train,5589128daa2293eaf2d8d6e22b1965685643a2c91ae1b419695cae985431cc73
data/raw/ooc/OOC_image_dataset/train/good/cell_type_A549/4+_days/230320_57.png,230320_57,230320,train,good,1,A549,4+_days,train,7c73bf4a9bfd8636cd5afa45bc74e5ad43404442836884f66c99c647618f8104
data/raw/ooc/OOC_image_dataset/train/good/cell_type_A549/4+_days/230320_58.png,230320_58,230320,train,good,1,A549,4+_days,train,8e467d2bcfe33088170d01cfad316f1ccf1d089f54fb760ba7751cc4b554e68d
data/raw/ooc/OOC_image_dataset/train/good/cell_type_A549/4+_days/230320_59.png,230320_59,230320,train,good,1,A549,4+_days,train,96a4bab6e968cc89d183cd9d9fd736135482bfb1b467b1c656f1c6c76dd47346
data/raw/ooc/OOC_image_dataset/train/good/cell_type_A549/4+_days/230320_60.png,230320_60,230320,train,good,1,A549,4+_days,train,6377e31222b5476b5c3574c007b94ccc1ebef1ac7875562186a887e714d96b20
data/raw/ooc/OOC_image_dataset/train/good/cell_type_A549/4+_days/230320_63.png,230320_63,230320,train,good,1,A549,4+_days,train,b45e62829c75eece632ea1b122ae4db2ba10ab839f99d6768aa2c43350b16287
data/raw/ooc/OOC_image_dataset/train/good/cell_type_A549/4+_days/230320_65.png,230320_65,230320,train,good,1,A549,4+_days,train,4c42bf9db3b5287bbfa5a0ad78db7f0ae1637cfd9d5f68a3d2a483b581e7f166
data/raw/ooc/OOC_image_dataset/train/good/cell_type_A549/4+_days/230320_67.png,230320_67,230320,train,good,1,A549,4+_days,train,a9a281317a499226d5188e32105ee436073796bb5eed2e11df82713ac5cf04f7
data/raw/ooc/OOC_image_dataset/train/good/cell_type_A549/4+_days/230320_68.png,230320_68,230320,train,good,1,A549,4+_days,train,fd21ede86207a1a28e0bd4d85bf869683e2e4d15aa6197b05bd119eda859d29b
data/raw/ooc/OOC_image_dataset/train/good/cell_type_A549/4+_days/230321_2.png,230321_2,230321,test,good,1,A549,4+_days,train,ab585ac01ad9a20df56c7fd6860a65e49ae861850c4321207e46f41145749953
data/raw/ooc/OOC_image_dataset/train/good/cell_type_A549/4+_days/230321_5.png,230321_5,230321,test,good,1,A549,4+_days,train,447db46034a3389a2d17c1108f8e26fc0c3b0046bda79343f01bb81da78b34f8
data/raw/ooc/OOC_image_dataset/train/good/cell_type_A549/4+_days/230321_6.png,230321_6,230321,test,good,1,A549,4+_days,train,3f08515897e7547c65cb01071270f1959fa9d2daad90adf351aff06ac3a24559
data/raw/ooc/OOC_image_dataset/train/good/cell_type_A549/4+_days/230321_7.png,230321_7,230321,test,good,1,A549,4+_days,train,9e251fb0990c19b68aef1634688caf20a0078b326e03cc9872b9384b8253364c
data/raw/ooc/OOC_image_dataset/train/good/cell_type_A549/4+_days/230425_101.png,230425_101,230425,train,good,1,A549,4+_days,train,43de2a99935cdb715990c9d4df1748c80bd76908026f02d52556fdf8b22a48bd
data/raw/ooc/OOC_image_dataset/train/good/cell_type_A549/4+_days/230425_142.png,230425_142,230425,train,good,1,A549,4+_days,train,5b26c428304caf2a1cc14bafd7fe24bd2500f0247655c655bece2d0290888f02
data/raw/ooc/OOC_image_dataset/train/good/cell_type_A549/4+_days/230425_144.png,230425_144,230425,train,good,1,A549,4+_days,train,1b391c920b64c906ded9e2a86d4d20512535e77c35696d7ff911ea5183569ef9
data/raw/ooc/OOC_image_dataset/train/good/cell_type_A549/4+_days/230425_146.png,230425_146,230425,train,good,1,A549,4+_days,train,4d2fd9f8555e9cf626c52f9601fc3390a08ed10e1cf41053437f68a096796ee4
data/raw/ooc/OOC_image_dataset/train/good/cell_type_A549/4+_days/230425_147.png,230425_147,230425,train,good,1,A549,4+_days,train,6c3f255abc3db56f62c5c649c8bb53df7c7f060479908923fa61e4e9d5d919f8
data/raw/ooc/OOC_image_dataset/train/good/cell_type_A549/4+_days/230425_148.png,230425_148,230425,train,good,1,A549,4+_days,train,c1675fe57d0cdd997e936eb51609ee242bd955913b036def7298eae320bfa35c
data/raw/ooc/OOC_image_dataset/train/good/cell_type_A549/4+_days/230425_149.png,230425_149,230425,train,good,1,A549,4+_days,train,70e1c19bcadc978affe401837d55eb6732a3e1a34f92c9f83cffdf2ead7e0ef1
data/raw/ooc/OOC_image_dataset/train/good/cell_type_A549/4+_days/230425_151.png,230425_151,230425,train,good,1,A549,4+_days,train,fa8941baf3f354c3577237a432e083f48529b9ce91d6b37c8b2ae3a36bb50a6a
data/raw/ooc/OOC_image_dataset/train/good/cell_type_A549/4+_days/230425_153.png,230425_153,230425,train,good,1,A549,4+_days,train,6bf947ca73dc6bb8e9f52530231910337fd4aa74eb6740417a687fd475e5447f
data/raw/ooc/OOC_image_dataset/train/good/cell_type_A549/4+_days/230425_154.png,230425_154,230425,train,good,1,A549,4+_days,train,1173bad2c4ae0394c5a6ab25e27ace99ad9417f2bf77e2bc542815d840a9df57
data/raw/ooc/OOC_image_dataset/train/good/cell_type_A549/4+_days/230425_156.png,230425_156,230425,train,good,1,A549,4+_days,train,175b5cbf2cffc49f8efef7d01ff441c6c81306a09b7be7528cefd2644d573c74
data/raw/ooc/OOC_image_dataset/train/good/cell_type_A549/4+_days/230425_157.png,230425_157,230425,train,good,1,A549,4+_days,train,e552d9012775daf4861ce304ec03083b6742dfe2c2de0572be4c3d7597314c53
data/raw/ooc/OOC_image_dataset/train/good/cell_type_A549/4+_days/230425_158.png,230425_158,230425,train,good,1,A549,4+_days,train,97e411f8bac8ef28f5a91edc7123d3f9d50517b4de1b4c9d197c88c55bea55b7
data/raw/ooc/OOC_image_dataset/train/good/cell_type_A549/4+_days/230425_159.png,230425_159,230425,train,good,1,A549,4+_days,train,1fe034b4d5b760daa6d7f76687c076b7cfefb4f617542ed4f256430a5b01ffd9
data/raw/ooc/OOC_image_dataset/train/good/cell_type_A549/4+_days/230425_170.png,230425_170,230425,train,good,1,A549,4+_days,train,55a869d88b4b47b64856818459206f0e34b3fe814dae51bfb377097d008a706c
data/raw/ooc/OOC_image_dataset/train/good/cell_type_A549/4+_days/230425_171.png,230425_171,230425,train,good,1,A549,4+_days,train,ecc210d9a84deb77dc2ab810ce9269a6a46ba208176204f706bef18e9d3534bb
data/raw/ooc/OOC_image_dataset/train/good/cell_type_A549/4+_days/230425_172.png,230425_172,230425,train,good,1,A549,4+_days,train,35a402022d42c237a458e707416ec68f65585da8424ab785f5f908d0c59901d9
data/raw/ooc/OOC_image_dataset/train/good/cell_type_A549/4+_days/230425_173.png,230425_173,230425,train,good,1,A549,4+_days,train,8b7b2e3f348781e3b115096d32ee075ef6e9a13cf14c94a8c8ad3bd604a3be7d
data/raw/ooc/OOC_image_dataset/train/good/cell_type_A549/4+_days/230425_174.png,230425_174,230425,train,good,1,A549,4+_days,train,df386dd9c01319a3d02790f1afda02ecf2ca8171e8f8640faf83cb2ca2491b42
data/raw/ooc/OOC_image_dataset/train/good/cell_type_A549/4+_days/230425_175.png,230425_175,230425,train,good,1,A549,4+_days,train,c7939804544b0972dddc4fa2b5ffa947994e957d9def23a8026440c7b8b1ab7f
data/raw/ooc/OOC_image_dataset/train/good/cell_type_A549/4+_days/230425_177.png,230425_177,230425,train,good,1,A549,4+_days,train,baa0193638172ce2081acbca3ce3d16d4b1e4d992fdaccf066eb97bd38fe0804
data/raw/ooc/OOC_image_dataset/train/good/cell_type_A549/4+_days/230425_179.png,230425_179,230425,train,good,1,A549,4+_days,train,b1842d12366f06a2da0e5e343c4042a463adecafde0d1b4c122c0af559513157
data/raw/ooc/OOC_image_dataset/train/good/cell_type_A549/4+_days/230425_61.png,230425_61,230425,train,good,1,A549,4+_days,train,5ea0c4968a87ee7770f3937169c828d43790c33a4e852b9bbd239a82d7949f32
data/raw/ooc/OOC_image_dataset/train/good/cell_type_A549/4+_days/230425_62.png,230425_62,230425,train,good,1,A549,4+_days,train,bcaa654b84d9eb6598c47e51eb20d277db3f808a5106e9bed824fbae0a7644db
data/raw/ooc/OOC_image_dataset/train/good/cell_type_A549/4+_days/230425_63.png,230425_63,230425,train,good,1,A549,4+_days,train,5bb59cac936d6b72051a0b9aa1c98b774e91a576cff62ade13878a6e48cca0d3
data/raw/ooc/OOC_image_dataset/train/good/cell_type_A549/4+_days/230425_65.png,230425_65,230425,train,good,1,A549,4+_days,train,901a3ce4e1cb80ce90ad64ce9cdb3da47d1949a4b5f11aee44fb8624a75d4c39
data/raw/ooc/OOC_image_dataset/train/good/cell_type_A549/4+_days/230425_70.png,230425_70,230425,train,good,1,A549,4+_days,train,72ea27e0e211a2f77d5d284e67acceb66c8ce02cdd933e74853e411b5261d1ff
data/raw/ooc/OOC_image_dataset/train/good/cell_type_A549/4+_days/230425_72.png,230425_72,230425,train,good,1,A549,4+_days,train,3bb8c7b3c63d82af4c795ee1f9dd8edbe525b06e2183262f23e2e7c0ebbd9a08
data/raw/ooc/OOC_image_dataset/train/good/cell_type_A549/4+_days/230425_73.png,230425_73,230425,train,good,1,A549,4+_days,train,5909151ff2a44d05db5557977af6a578f224ceb8983e7d70621c6ba423b0f447
data/raw/ooc/OOC_image_dataset/train/good/cell_type_A549/4+_days/230425_74.png,230425_74,230425,train,good,1,A549,4+_days,train,27401ab9f8ac1954bb2bd55561d9b8ef2c1d0f9df3e4a91a2a3493fb78c50e27
data/raw/ooc/OOC_image_dataset/train/good/cell_type_A549/4+_days/230425_75.png,230425_75,230425,train,good,1,A549,4+_days,train,8f5a34173ea2c98074f78cfed65fc43a40d4fde4b24084c22557a8ceef47675a
data/raw/ooc/OOC_image_dataset/train/good/cell_type_A549/4+_days/230425_77.png,230425_77,230425,train,good,1,A549,4+_days,train,61c612bdaf34b3de8cd0b4982ae80706194400d854dd3749ed46aa689c8b3f1b
data/raw/ooc/OOC_image_dataset/train/good/cell_type_A549/4+_days/230425_78.png,230425_78,230425,train,good,1,A549,4+_days,train,1dc11a62f7fbba2749641dc17112808ab7c588d49b21beab8d48924ab149019a
data/raw/ooc/OOC_image_dataset/train/good/cell_type_A549/4+_days/230425_86.png,230425_86,230425,train,good,1,A549,4+_days,train,82b75a3bcd7645ac5529b5e25af2000e551e157a169c444b13e303f568e30f23
data/raw/ooc/OOC_image_dataset/train/good/cell_type_A549/4+_days/230425_87.png,230425_87,230425,train,good,1,A549,4+_days,train,63b5ad18d36bb6631869a8e023c27cd2f9b0adb5871e2d178369a6178c0dfda4
data/raw/ooc/OOC_image_dataset/train/good/cell_type_A549/4+_days/230425_89.png,230425_89,230425,train,good,1,A549,4+_days,train,aa683b97d860693d45a390741d42cb60678a3b95bae10e8623e98c5fd019eeb2
data/raw/ooc/OOC_image_dataset/train/good/cell_type_A549/4+_days/230425_92.png,230425_92,230425,train,good,1,A549,4+_days,train,dc47ccd968a27c3a029c2f773e99f9e807a8b7cb4c4a43c1fbb3fc977f0d8648
data/raw/ooc/OOC_image_dataset/train/good/cell_type_A549/4+_days/230425_94.png,230425_94,230425,train,good,1,A549,4+_days,train,25b1b97bb623ae7df0504a3b5cf04b119997c9db21f0c50059df86a9ef34c66f
data/raw/ooc/OOC_image_dataset/train/good/cell_type_A549/4+_days/230425_95.png,230425_95,230425,train,good,1,A549,4+_days,train,bb219b17c426df2acb73b30c91b2b810a3bbe936a45427e75bb67d80d5f90808
data/raw/ooc/OOC_image_dataset/train/good/cell_type_A549/4+_days/230425_98.png,230425_98,230425,train,good,1,A549,4+_days,train,d8e274ff85b81409dae6bd987fa4ab3bdc3d4a08b35f8fe154648b45c3ebfa9a
data/raw/ooc/OOC_image_dataset/train/good/cell_type_A549/4+_days/230425_99.png,230425_99,230425,train,good,1,A549,4+_days,train,36d3a76e681e4a1ebe8fea5d22cb00660602d85d532b37b84770c6bb91864ea7
data/raw/ooc/OOC_image_dataset/train/good/cell_type_A549/4+_days/230512_36.png,230512_36,230512,test,good,1,A549,4+_days,train,00107ce2f85c32c63528fd350dc3d1676b46364c0dda1f2cdf7fe92dd47cff62
data/raw/ooc/OOC_image_dataset/train/good/cell_type_A549/4+_days/230512_39.png,230512_39,230512,test,good,1,A549,4+_days,train,15aa106fbb6462c5265a4d5eab29d3adde2f128a46e9d53b7e9189b4f87d3651
data/raw/ooc/OOC_image_dataset/train/good/cell_type_A549/4+_days/230512_42.png,230512_42,230512,test,good,1,A549,4+_days,train,64dbaad266dd41236b24759f1954a157dbea48beca4c744d8101132bd24897ec
data/raw/ooc/OOC_image_dataset/train/good/cell_type_A549/4+_days/230512_44.png,230512_44,230512,test,good,1,A549,4+_days,train,43fce082f160aa8d4af71aeb0572e1ed7a340c1d1fc98978e396f9ec2e86f3ba
data/raw/ooc/OOC_image_dataset/train/good/cell_type_A549/4+_days/230512_53.png,230512_53,230512,test,good,1,A549,4+_days,train,ce71533f7080732064cc961adde939961f6759d7b41a9caeb38db34dbec62483
data/raw/ooc/OOC_image_dataset/train/good/cell_type_A549/4+_days/230512_55.png,230512_55,230512,test,good,1,A549,4+_days,train,43633efd91c929bc23027be12aabf04f6a2e6a6640af62c19c224188ae8c8e3e
data/raw/ooc/OOC_image_dataset/train/good/cell_type_A549/4+_days/230512_57.png,230512_57,230512,test,good,1,A549,4+_days,train,e89bc478a77b2aedbb4ebb1d341e94265b1bd30849fb9a6905af729408d2f56b
data/raw/ooc/OOC_image_dataset/train/good/cell_type_A549/4+_days/230512_59.png,230512_59,230512,test,good,1,A549,4+_days,train,b994894b6caa80a221b6cb9d41088a5a5b8f3e51342d62cd76b203f290e0858b
data/raw/ooc/OOC_image_dataset/train/good/cell_type_A549/4+_days/230512_60.png,230512_60,230512,test,good,1,A549,4+_days,train,298bfd4d79107bd22700a2c6a2be159612f1df0eba720885e7c7ded8656c9086
data/raw/ooc/OOC_image_dataset/train/good/cell_type_A549/4+_days/230512_62.png,230512_62,230512,test,good,1,A549,4+_days,train,4c652c588f7dbec123ba569ab2be9e44898ab0dc76faa8752091a4d2850c4737
data/raw/ooc/OOC_image_dataset/train/good/cell_type_A549/4+_days/230512_63.png,230512_63,230512,test,good,1,A549,4+_days,train,ff9a1b90e807d64e5beaf0c96b5ea1862705a603b6e416a863225c9697096661
data/raw/ooc/OOC_image_dataset/train/good/cell_type_A549/4+_days/230512_65.png,230512_65,230512,test,good,1,A549,4+_days,train,b2fb9e914d34bf4821e05cdb0b658c78af922e1b407e7725f7a6441e70d63205
data/raw/ooc/OOC_image_dataset/train/good/cell_type_A549/4+_days/230517_37.png,230517_37,230517,test,good,1,A549,4+_days,train,8e784c105e3ff341d9cd178d1d7cbd99e9f802dfef3d9fdee01f82f0208b1c24
data/raw/ooc/OOC_image_dataset/train/good/cell_type_A549/4+_days/230517_40.png,230517_40,230517,test,good,1,A549,4+_days,train,827a81a163ca635895b98f7d7c0c0fa6e39b3ee0bd0ddee8da667251a7b3962b
data/raw/ooc/OOC_image_dataset/train/good/cell_type_A549/4+_days/230517_42.png,230517_42,230517,test,good,1,A549,4+_days,train,4c199557ff793a21ae23601825d913432b68456eb926bd421ef32a4fb10dde45
data/raw/ooc/OOC_image_dataset/train/good/cell_type_A549/4+_days/230517_43.png,230517_43,230517,test,good,1,A549,4+_days,train,72a6caa139793b2bd9a346369b34ec135a8f39b31ed6ac447d50abcd11fd4889
data/raw/ooc/OOC_image_dataset/train/good/cell_type_A549/4+_days/230517_44.png,230517_44,230517,test,good,1,A549,4+_days,train,8f51824d7f196a67841e5cfa88e855537470fb1056918a137319b53b0d56838c
data/raw/ooc/OOC_image_dataset/train/good/cell_type_A549/4+_days/230517_45.png,230517_45,230517,test,good,1,A549,4+_days,train,20c7230cc8249f29049d397c2e75a3b47b16c1efdd307bdf0f35ef397a2a7340
data/raw/ooc/OOC_image_dataset/train/good/cell_type_A549/4+_days/230517_48.png,230517_48,230517,test,good,1,A549,4+_days,train,8d50bc2307ee203779fff8f6cbf6cb167b2c75241c1f584a3ec94895dfdb29d6
data/raw/ooc/OOC_image_dataset/train/good/cell_type_A549/4+_days/230517_50.png,230517_50,230517,test,good,1,A549,4+_days,train,90f876870169680a1a3432ce9cba9d98bd18fb69375d1f1319e381fac5cdb0c5
data/raw/ooc/OOC_image_dataset/train/good/cell_type_A549/4+_days/230517_52.png,230517_52,230517,test,good,1,A549,4+_days,train,dddc35170a2f2bd3156dbbc557de498f7d185558461bc94e0b6f4116b047ef19
data/raw/ooc/OOC_image_dataset/train/good/cell_type_A549/4+_days/230517_54.png,230517_54,230517,test,good,1,A549,4+_days,train,040279f53474da9bf37081bf1947da3e926a111e315fd0a0da5156c91d873a03
data/raw/ooc/OOC_image_dataset/train/good/cell_type_A549/4+_days/230517_58.png,230517_58,230517,test,good,1,A549,4+_days,train,64aa60fa3836bcbe3e02700f601267757bd148dd4bb91fb8ca7677897865a225
data/raw/ooc/OOC_image_dataset/train/good/cell_type_A549/4+_days/230517_59.png,230517_59,230517,test,good,1,A549,4+_days,train,fbdc72c2294547dfff41a160841be09fe461457c804dad69523e6450f199bc12
data/raw/ooc/OOC_image_dataset/train/good/cell_type_A549/4+_days/230517_60.png,230517_60,230517,test,good,1,A549,4+_days,train,9937b16b42e887b5b58cbf95829f891a058250f177fb5cbdbf074988d7548dbc
data/raw/ooc/OOC_image_dataset/train/good/cell_type_A549/4+_days/230517_61.png,230517_61,230517,test,good,1,A549,4+_days,train,9cee6e64b72dc3c404d1538eb3af2429f5a0b03305d6fdd2ee25e33afd762323
data/raw/ooc/OOC_image_dataset/train/good/cell_type_A549/4+_days/230517_62.png,230517_62,230517,test,good,1,A549,4+_days,train,26c3454bbc5dea9134607ece7759062ea65faf0352c174ad1f0c8dc11144e135
data/raw/ooc/OOC_image_dataset/train/good/cell_type_A549/4+_days/230517_63.png,230517_63,230517,test,good,1,A549,4+_days,train,f429d95c901d1b8b3665bcb3c35639c27c75d1e4a8154d0adada19528f5d1704
data/raw/ooc/OOC_image_dataset/train/good/cell_type_A549/4+_days/230517_65.png,230517_65,230517,test,good,1,A549,4+_days,train,83b9a14377de18f6a787116ba8f6cf9f1ba5cbfcc62757f00249b328d6e4796e
data/raw/ooc/OOC_image_dataset/train/good/cell_type_A549/4+_days/230529_108.png,230529_108,230529,train,good,1,A549,4+_days,train,d5aab312898d41c87c6c0664161d67881695619e098110c72b0de32f0791cc5a
data/raw/ooc/OOC_image_dataset/train/good/cell_type_A549/4+_days/230529_110.png,230529_110,230529,train,good,1,A549,4+_days,train,e8637f18dd51f84807c5af545217697af2390f2fa2bc27c053b0378271f10ca4
data/raw/ooc/OOC_image_dataset/train/good/cell_type_A549/4+_days/230529_112.png,230529_112,230529,train,good,1,A549,4+_days,train,b278a9921ce77123ecd321fde943bdbb83b3716c876546efc4c23c9e0ffaa82a
data/raw/ooc/OOC_image_dataset/train/good/cell_type_A549/4+_days/230529_113.png,230529_113,230529,train,good,1,A549,4+_days,train,e9ae6741cc7d8d320f70d50c6d78bb08369fc2e90d4f60492fff7e40121ea798
data/raw/ooc/OOC_image_dataset/train/good/cell_type_A549/4+_days/230529_118.png,230529_118,230529,train,good,1,A549,4+_days,train,a7bc66fa5e8c54c0a5225101e78a4398eebc6c5a1dd0b29e2cf3d5a102b6f43d
data/raw/ooc/OOC_image_dataset/train/good/cell_type_A549/4+_days/230529_119.png,230529_119,230529,train,good,1,A549,4+_days,train,139ac59995482ef34f6a0022990d44bea956db1fefc16d6ed303a8ed721c0423
data/raw/ooc/OOC_image_dataset/train/good/cell_type_A549/4+_days/230529_120.png,230529_120,230529,train,good,1,A549,4+_days,train,6bfbb403c6a6ceb0bfc325abe02dfdad6299f0ca001694c5b4fa112793da5c7d
data/raw/ooc/OOC_image_dataset/train/good/cell_type_A549/4+_days/230529_121.png,230529_121,230529,train,good,1,A549,4+_days,train,1000e23770c8492cd4a146419c32233b358775fb362a2c381be4708c2b1c57bf
data/raw/ooc/OOC_image_dataset/train/good/cell_type_A549/4+_days/230529_122.png,230529_122,230529,train,good,1,A549,4+_days,train,52e855b01b4ed35586e8e52872613bee042ea22c054f00bd7c30493a0405ba51
data/raw/ooc/OOC_image_dataset/train/good/cell_type_A549/4+_days/230529_123.png,230529_123,230529,train,good,1,A549,4+_days,train,9ff18d4075dcbdf27243dcd13be3a5bc881e4101d5d2eebf6a6957e44aab0e65
data/raw/ooc/OOC_image_dataset/train/good/cell_type_A549/4+_days/230529_129.png,230529_129,230529,train,good,1,A549,4+_days,train,f642c861679db629dce468e64cc06b01c1d6053d6aa14a8f643e4e016b48cbf1
data/raw/ooc/OOC_image_dataset/train/good/cell_type_A549/4+_days/230529_130.png,230529_130,230529,train,good,1,A549,4+_days,train,1d16f9f6612addcc604c2ec4598bf691b0d5f89661367b8f2bf7f848f1d3cd2a
data/raw/ooc/OOC_image_dataset/train/good/cell_type_A549/4+_days/230529_131.png,230529_131,230529,train,good,1,A549,4+_days,train,9be4ed9c293ce8db5f50875aa18df83323e09fc69001a749b35ada3dae73c31d
data/raw/ooc/OOC_image_dataset/train/good/cell_type_A549/4+_days/230529_132.png,230529_132,230529,train,good,1,A549,4+_days,train,58a05a4c934cf9290f0bc5ce809e65dc97b16e73357d8fc31ef987d4abbf0947
data/raw/ooc/OOC_image_dataset/train/good/cell_type_A549/4+_days/230529_134.png,230529_134,230529,train,good,1,A549,4+_days,train,be9918985121b3506cdc89a0d90a3a9b0837d968a748421fcc3beebc9c987796
data/raw/ooc/OOC_image_dataset/train/good/cell_type_A549/4+_days/230529_138.png,230529_138,230529,train,good,1,A549,4+_days,train,0572bbb219b53e3200fcbf489506ee74e92a9b300e35de4e6586c1a06d9978d9
data/raw/ooc/OOC_image_dataset/train/good/cell_type_A549/4+_days/230529_140.png,230529_140,230529,train,good,1,A549,4+_days,train,e73600c04e8985954fefccfaafb045837d2284878916de96a2036b18a3102dab
data/raw/ooc/OOC_image_dataset/train/good/cell_type_A549/4+_days/230529_141.png,230529_141,230529,train,good,1,A549,4+_days,train,f3bd9493f22129c9ce58758e878bf07be1267154d898fc7a5b0e75e7427d1ec0
data/raw/ooc/OOC_image_dataset/train/good/cell_type_A549/4+_days/230529_181.png,230529_181,230529,train,good,1,A549,4+_days,train,41c57e793a4149539794af46d1149a4f64fb0e27e04b8d5e1f8e40a090f52847
data/raw/ooc/OOC_image_dataset/train/good/cell_type_A549/4+_days/230529_182.png,230529_182,230529,train,good,1,A549,4+_days,train,531997247b2ec5b066161d24324150a02f591f1f99922fe7a0658c2d2bceb190
data/raw/ooc/OOC_image_dataset/train/good/cell_type_A549/4+_days/230529_183.png,230529_183,230529,train,good,1,A549,4+_days,train,1383ac580bd0a713db875c3f62d63ae9d79ac79ce19410738553c1bd9f535dfd
data/raw/ooc/OOC_image_dataset/train/good/cell_type_A549/4+_days/230529_184.png,230529_184,230529,train,good,1,A549,4+_days,train,e047434da41fca16a490803c574647bb1b5eaf4491c580eb618fa2609b935892
data/raw/ooc/OOC_image_dataset/train/good/cell_type_A549/4+_days/230529_185.png,230529_185,230529,train,good,1,A549,4+_days,train,01428e7ad8fa78ce7aa887dc752fb8195ee8d1aa04afd3b5b74b2df6c2f2d2ff
data/raw/ooc/OOC_image_dataset/train/good/cell_type_A549/4+_days/230529_186.png,230529_186,230529,train,good,1,A549,4+_days,train,791b3d194b5a61d2f75724611f99b548c0833089b9fb12485cba1da8a6a32db9
data/raw/ooc/OOC_image_dataset/train/good/cell_type_A549/4+_days/230529_191.png,230529_191,230529,train,good,1,A549,4+_days,train,d1d50386eb3d0e503783e1acbc2fee3bc59b3b75a9ab79aabae921d6853906e9
data/raw/ooc/OOC_image_dataset/train/good/cell_type_A549/4+_days/230529_194.png,230529_194,230529,train,good,1,A549,4+_days,train,a67382c2dadb95864d80cc725abc030b332bc1a4ee7bd465e8934f3adefb28d0
data/raw/ooc/OOC_image_dataset/train/good/cell_type_A549/4+_days/230529_195.png,230529_195,230529,train,good,1,A549,4+_days,train,3d5ec9b6d3ea7c2001c0da6594c46759c304ce4c404539998fad6ceb1a23904f
data/raw/ooc/OOC_image_dataset/train/good/cell_type_A549/4+_days/230529_203.png,230529_203,230529,train,good,1,A549,4+_days,train,8993c5b1de858d0e1f15410d4789170707d619c851b49c8ac7f282f4bc82c870
data/raw/ooc/OOC_image_dataset/train/good/cell_type_A549/4+_days/230529_205.png,230529_205,230529,train,good,1,A549,4+_days,train,9cb8fd0c566fd5d7ef02cb386c63253fe8818b01cb60e9516efaef063345b638
data/raw/ooc/OOC_image_dataset/train/good/cell_type_A549/4+_days/230529_206.png,230529_206,230529,train,good,1,A549,4+_days,train,62126ee7a88df98d971735994478eee3c8bef43677619ed92c54e26cfcb72a81
data/raw/ooc/OOC_image_dataset/train/good/cell_type_A549/4+_days/230529_37.png,230529_37,230529,train,good,1,A549,4+_days,train,337596add2402b2c95c3de1bfce3ac0fb2643b665c1e21144f01db00cbdae732
data/raw/ooc/OOC_image_dataset/train/good/cell_type_A549/4+_days/230529_38.png,230529_38,230529,train,good,1,A549,4+_days,train,d213b4d4732e3d751986c163639c9540d32d36009740f15b5ebd163e07f90c4d
data/raw/ooc/OOC_image_dataset/train/good/cell_type_A549/4+_days/230529_39.png,230529_39,230529,train,good,1,A549,4+_days,train,0c2417aad3c6e6dfc29270f2cf8ca9c05b6bd0a955e75b8b9e48080454f3a0a9
data/raw/ooc/OOC_image_dataset/train/good/cell_type_A549/4+_days/230529_40.png,230529_40,230529,train,good,1,A549,4+_days,train,92f03e7cd9ec83c740e0fef21ebcf73a45bb0030c1046e39ce42e97e6812ade0
data/raw/ooc/OOC_image_dataset/train/good/cell_type_A549/4+_days/230529_41.png,230529_41,230529,train,good,1,A549,4+_days,train,11a2b1a2351c68facf835136427d4680368d371ba2fa1ad5f73147f8c14ed6fa
data/raw/ooc/OOC_image_dataset/train/good/cell_type_A549/4+_days/230529_42.png,230529_42,230529,train,good,1,A549,4+_days,train,5c2a194b676cd30bc362dbb64817971c0fe88e7b1be0ee8bbcc8273db9638b85
data/raw/ooc/OOC_image_dataset/train/good/cell_type_A549/4+_days/230529_43.png,230529_43,230529,train,good,1,A549,4+_days,train,a2a6bffdd0d09c6324c1c335db7b016f1f54a97076a77d37d02439ea30e4724b
data/raw/ooc/OOC_image_dataset/train/good/cell_type_A549/4+_days/230529_45.png,230529_45,230529,train,good,1,A549,4+_days,train,61c2e9e90f55e720c6f3f4c0cfa83ffc4a43717db1e5b19ef1c2760df673e18a
data/raw/ooc/OOC_image_dataset/train/good/cell_type_A549/4+_days/230529_47.png,230529_47,230529,train,good,1,A549,4+_days,train,96d98a6fdc9bfce3d7b5f3562d1fd5346e1b1dc146b25189e4a9c7c558a66234
data/raw/ooc/OOC_image_dataset/train/good/cell_type_A549/4+_days/230529_49.png,230529_49,230529,train,good,1,A549,4+_days,train,cf3b2f483b31b1ff312d41b6df4e8ef25be431d4b7ef8cd4e1fba261e078c2ef
data/raw/ooc/OOC_image_dataset/train/good/cell_type_A549/4+_days/230529_50.png,230529_50,230529,train,good,1,A549,4+_days,train,3f354f98334391ec6827b98165381a904bc30283eac95a8d152939a7a916688f
data/raw/ooc/OOC_image_dataset/train/good/cell_type_A549/4+_days/230529_51.png,230529_51,230529,train,good,1,A549,4+_days,train,7eb72718f872961d7ef2c55cd43cc921437cb0fd4c8f84ba9ce43fff12c97538
data/raw/ooc/OOC_image_dataset/train/good/cell_type_A549/4+_days/230529_58.png,230529_58,230529,train,good,1,A549,4+_days,train,306b7ea3fbb19e009541b57ad9fe2def15e2b3b8acc580bc32ce238b0208fdf7
data/raw/ooc/OOC_image_dataset/train/good/cell_type_A549/4+_days/230529_59.png,230529_59,230529,train,good,1,A549,4+_days,train,79c0ad3265c839772a3351dbafbc3ec65c170550d25dd04d87860f3469966b6b
data/raw/ooc/OOC_image_dataset/train/good/cell_type_A549/4+_days/230529_60.png,230529_60,230529,train,good,1,A549,4+_days,train,b67a8d55e108d038e141dd55155cf6a15fad19e40b2ff3b3297f5f400674a36a
data/raw/ooc/OOC_image_dataset/train/good/cell_type_A549/4+_days/230529_61.png,230529_61,230529,train,good,1,A549,4+_days,train,574e4c21f7441cb7eff7aa98942278d314f4300a04ecda57739b6f949d1113a1
data/raw/ooc/OOC_image_dataset/train/good/cell_type_A549/4_days/230424_100.png,230424_100,230424,validation,good,1,A549,4_days,train,f87b2fd4a8e28e746e6ab7160f44661e4e95ec31eae3c54d3780d185596bb869
data/raw/ooc/OOC_image_dataset/train/good/cell_type_A549/4_days/230424_105.png,230424_105,230424,validation,good,1,A549,4_days,train,c950f96c2933eab705ddbc98508e5d641e5426748ac8ee5774af2e0fbe881886
data/raw/ooc/OOC_image_dataset/train/good/cell_type_A549/4_days/230424_106.png,230424_106,230424,validation,good,1,A549,4_days,train,f74f340ba22f19cf66e68cb10ebfc0afbfcc09089d8d78327951e28914cc5006
data/raw/ooc/OOC_image_dataset/train/good/cell_type_A549/4_days/230424_57.png,230424_57,230424,validation,good,1,A549,4_days,train,d5d090fc97e87ccd3860fc000aeec654319577a8d680438529e6657b51cb10d8
data/raw/ooc/OOC_image_dataset/train/good/cell_type_A549/4_days/230424_60.png,230424_60,230424,validation,good,1,A549,4_days,train,cd150b2d2bc2df9d417c73291c397d9347f3e09425e3ec42da2afd20c9dd3e4f
data/raw/ooc/OOC_image_dataset/train/good/cell_type_A549/4_days/230424_61.png,230424_61,230424,validation,good,1,A549,4_days,train,80faaada69286196fcddc7d597373e06ae76d6ebd777b0b3ab90cb0b031ae314
data/raw/ooc/OOC_image_dataset/train/good/cell_type_A549/4_days/230424_63.png,230424_63,230424,validation,good,1,A549,4_days,train,e54021ebebb2677b5778f991593ec8fee4daabdcfc816b85620fb5fd8f713c98
data/raw/ooc/OOC_image_dataset/train/good/cell_type_A549/4_days/230424_64.png,230424_64,230424,validation,good,1,A549,4_days,train,3ddc39041084dedfd410baf84e8e7d4b90fc886cd55305d12c53f44ed73bb4be
data/raw/ooc/OOC_image_dataset/train/good/cell_type_A549/4_days/230424_66.png,230424_66,230424,validation,good,1,A549,4_days,train,83f3f874d1ccb3366ee647c55f3036439b61803836642596741f4cc036edfcb3
data/raw/ooc/OOC_image_dataset/train/good/cell_type_A549/4_days/230424_67.png,230424_67,230424,validation,good,1,A549,4_days,train,d6a63427883e1cc9364c8477b4e4061c657ccdd816eff45916d56c96fbd343eb
data/raw/ooc/OOC_image_dataset/train/good/cell_type_A549/4_days/230424_68.png,230424_68,230424,validation,good,1,A549,4_days,train,b7728871e2d3e105a35d9c26f34eb56a55bc9787839913a36af1a67fb94d1a6c
data/raw/ooc/OOC_image_dataset/train/good/cell_type_A549/4_days/230424_69.png,230424_69,230424,validation,good,1,A549,4_days,train,49bf0ecf3a4046cd70c68d61770a8c84ec62520ef2eedf73566bd8bd9dfa6bc4
data/raw/ooc/OOC_image_dataset/train/good/cell_type_A549/4_days/230424_70.png,230424_70,230424,validation,good,1,A549,4_days,train,bb03b5b2c3e063266b189da1b7ae68bb9533a1abdabc39837aa415cea9e79803
data/raw/ooc/OOC_image_dataset/train/good/cell_type_A549/4_days/230424_71.png,230424_71,230424,validation,good,1,A549,4_days,train,ada551b6231f4fbf2e111b9fde5733a102e9df89362e86b5176dfbae68cfe9a1
data/raw/ooc/OOC_image_dataset/train/good/cell_type_A549/4_days/230424_75.png,230424_75,230424,validation,good,1,A549,4_days,train,1a3e18f25a6d5ac1c014ea3ea81b7dc019b5b36272b437fda3326bd57b28027f
data/raw/ooc/OOC_image_dataset/train/good/cell_type_A549/4_days/230424_79.png,230424_79,230424,validation,good,1,A549,4_days,train,9034d10b3fd239861d18683cbb0712e8832541f5084acc85e9ad885b21fd426c
data/raw/ooc/OOC_image_dataset/train/good/cell_type_A549/4_days/230424_82.png,230424_82,230424,validation,good,1,A549,4_days,train,2efd03f289eb3af945964e82fcd77ab2a815114ac7dab61d10ee42d40b044b01
data/raw/ooc/OOC_image_dataset/train/good/cell_type_A549/4_days/230424_84.png,230424_84,230424,validation,good,1,A549,4_days,train,0f53e60601a8f4f66165ee05ca85f8e1cbdfec3b4ac4d8da777d04288418a46e
data/raw/ooc/OOC_image_dataset/train/good/cell_type_A549/4_days/230424_86.png,230424_86,230424,validation,good,1,A549,4_days,train,8a20e6811cd82c5c776aea8882998caa4c27c0a897b83b9227478223ac977178
data/raw/ooc/OOC_image_dataset/train/good/cell_type_A549/4_days/230424_89.png,230424_89,230424,validation,good,1,A549,4_days,train,42580b4d4c816f48f71f0a5dffe04170e0d882ab729c2544324b0aeddcc09597
data/raw/ooc/OOC_image_dataset/train/good/cell_type_A549/4_days/230424_90.png,230424_90,230424,validation,good,1,A549,4_days,train,7da9151a0edba7b0611138cf4ad77653e25c4b2c8390a2bf583d4e12cd10a12d
data/raw/ooc/OOC_image_dataset/train/good/cell_type_A549/4_days/230424_92.png,230424_92,230424,validation,good,1,A549,4_days,train,a495fa8bbecaba225f17d33d1ad0833561fe1cd7ce3a2384d399bfe01c3d65b0
data/raw/ooc/OOC_image_dataset/train/good/cell_type_A549/4_days/230424_93.png,230424_93,230424,validation,good,1,A549,4_days,train,9332c4f5f9e1c9bbc46256c524d06b761ff367001199a98c0c4339163bac22a3
data/raw/ooc/OOC_image_dataset/train/good/cell_type_A549/4_days/230424_94.png,230424_94,230424,validation,good,1,A549,4_days,train,ee61e7149939480c7c05764310623ef3098bbb6e78c3dafba94fd7f1fae4f33e
data/raw/ooc/OOC_image_dataset/train/good/cell_type_A549/4_days/230424_95.png,230424_95,230424,validation,good,1,A549,4_days,train,2e6c1c4f48fc6e5ffb3adb03e913696f2027c16cb781722dd98cf233f8ca086b
data/raw/ooc/OOC_image_dataset/train/good/cell_type_A549/4_days/230424_97.png,230424_97,230424,validation,good,1,A549,4_days,train,f839ed6b990eb1ec8e1577d81fd7bb161719988c12723dedd691bbe932f1c33e
data/raw/ooc/OOC_image_dataset/train/good/cell_type_CACO/0-1_days/221215_11.png,221215_11,221215,train,good,1,CACO,0-1_days,train,d46512ce6f46f80bc97f8ccfb9273b1051539850803d5e190caeca6c9f4f5016
data/raw/ooc/OOC_image_dataset/train/good/cell_type_CACO/0-1_days/221215_13.png,221215_13,221215,train,good,1,CACO,0-1_days,train,2ffc234ceef42a8b680b8392914ee6374e610b660d52ca157665e30c24815907
data/raw/ooc/OOC_image_dataset/train/good/cell_type_CACO/0-1_days/221215_14.png,221215_14,221215,train,good,1,CACO,0-1_days,train,0e650c7f5cf68739f267a198f6cb8983fb944d7e08e0c8dc0d9d66fa8bc95f8b
data/raw/ooc/OOC_image_dataset/train/good/cell_type_CACO/0-1_days/221215_15.png,221215_15,221215,train,good,1,CACO,0-1_days,train,9f4bf950da6209ca1dccf329b818f6a1138389c950fc983522fe1e4068bf675e
data/raw/ooc/OOC_image_dataset/train/good/cell_type_CACO/0-1_days/221215_17.png,221215_17,221215,train,good,1,CACO,0-1_days,train,23d22a02c22299d7536de34bb75a6ad72a2d6dc910837ccff891fe5c78447b8c
data/raw/ooc/OOC_image_dataset/train/good/cell_type_CACO/0-1_days/221215_18.png,221215_18,221215,train,good,1,CACO,0-1_days,train,b571de8c26fe61e4f4962f88a40ebeb68ba0cb95387c38c38bc58aea5e594665
data/raw/ooc/OOC_image_dataset/train/good/cell_type_CACO/0-1_days/221215_19.png,221215_19,221215,train,good,1,CACO,0-1_days,train,c5da991f86537acdfcc48bc5b64b33a22b75fb5e9a2d634ed1dd54af6eb69a63
data/raw/ooc/OOC_image_dataset/train/good/cell_type_CACO/0-1_days/221215_20.png,221215_20,221215,train,good,1,CACO,0-1_days,train,f318b9eaf81a23b8b0b071600b8cbf728e01444427160190891f1a1a037d9db8
data/raw/ooc/OOC_image_dataset/train/good/cell_type_CACO/0-1_days/221215_21.png,221215_21,221215,train,good,1,CACO,0-1_days,train,c476f2542a889f4b8be3e14b067ee166a71f67f50dcf4bee2e9a664740c7d382
data/raw/ooc/OOC_image_dataset/train/good/cell_type_CACO/0-1_days/230328_1.png,230328_1,230328,test,good,1,CACO,0-1_days,train,029bd3f696aab8f0c29bb2cbbb88e69144aef56ae221330233ae31af8865c174
data/raw/ooc/OOC_image_dataset/train/good/cell_type_CACO/0-1_days/230328_10.png,230328_10,230328,test,good,1,CACO,0-1_days,train,dc18688c5ac720a7db95998dcdcd3adb254e2baa10b9084a63b29291ba74c555
data/raw/ooc/OOC_image_dataset/train/good/cell_type_CACO/0-1_days/230328_14.png,230328_14,230328,test,good,1,CACO,0-1_days,train,32f6668cfc62f5c79d3e193f91629b8da5585f7e218a86d3d7cf8ac7eeb31877
data/raw/ooc/OOC_image_dataset/train/good/cell_type_CACO/0-1_days/230328_15.png,230328_15,230328,test,good,1,CACO,0-1_days,train,bd2b92884b4f9983b6ad993b22cb9ba398650562d1b6f825a3b4b97051644c1c
data/raw/ooc/OOC_image_dataset/train/good/cell_type_CACO/0-1_days/230328_16.png,230328_16,230328,test,good,1,CACO,0-1_days,train,1a61dc5d8296c2d988e71d5e18fc442779d8f9164b83d5a77405b4f7921e4abc
data/raw/ooc/OOC_image_dataset/train/good/cell_type_CACO/0-1_days/230328_17.png,230328_17,230328,test,good,1,CACO,0-1_days,train,b39976324f2c7dd2480bd9bcd03c13306e89a18bd7b8b6a4685db344d78faec8
data/raw/ooc/OOC_image_dataset/train/good/cell_type_CACO/0-1_days/230328_19.png,230328_19,230328,test,good,1,CACO,0-1_days,train,9d2a1032b7de5f114ae9707478b4efd117f7742538842f50caae9be5f636a8d8
data/raw/ooc/OOC_image_dataset/train/good/cell_type_CACO/0-1_days/230328_2.png,230328_2,230328,test,good,1,CACO,0-1_days,train,75bb232125963dfc53a4dd98bc7493d38068f74bc0a5ab5f2fba97455f5fc9f5
data/raw/ooc/OOC_image_dataset/train/good/cell_type_CACO/0-1_days/230328_22.png,230328_22,230328,test,good,1,CACO,0-1_days,train,d5669d19b2c1f90a55efad218e6b16bad0db3acc9ca2b2a6ce271ee0946d1e67
data/raw/ooc/OOC_image_dataset/train/good/cell_type_CACO/0-1_days/230328_23.png,230328_23,230328,test,good,1,CACO,0-1_days,train,c54f0e11692e6245b051753332d0202c5910cb509d37abb00d709063488ba521
data/raw/ooc/OOC_image_dataset/train/good/cell_type_CACO/0-1_days/230328_24.png,230328_24,230328,test,good,1,CACO,0-1_days,train,1e724048bcfad3fd7cadb7d25c75b05ab48068d7600f152f70e99546ea958db3
data/raw/ooc/OOC_image_dataset/train/good/cell_type_CACO/0-1_days/230328_5.png,230328_5,230328,test,good,1,CACO,0-1_days,train,2841f287bfc7ffceb6bd2f69efe03a268aaf2d2a0b2ecdd5e7ce1368475f2731
data/raw/ooc/OOC_image_dataset/train/good/cell_type_CACO/0-1_days/230328_6.png,230328_6,230328,test,good,1,CACO,0-1_days,train,e6d57f09f73c8aafa5100b6c05ebb6af72e43086c2954529b6ed81f26186fdd2
data/raw/ooc/OOC_image_dataset/train/good/cell_type_CACO/0-1_days/230328_7.png,230328_7,230328,test,good,1,CACO,0-1_days,train,324a794fea13d5ce9a76f9c5614126aab76d73a9788ec98f64b0e7c8d73e50d8
data/raw/ooc/OOC_image_dataset/train/good/cell_type_CACO/0-1_days/230328_8.png,230328_8,230328,test,good,1,CACO,0-1_days,train,c451f2b03482d08824bc8141cca8d8bcb8119e1248abf7428b9b83cf6e80dbdb
data/raw/ooc/OOC_image_dataset/train/good/cell_type_CACO/0-1_days/230328_9.png,230328_9,230328,test,good,1,CACO,0-1_days,train,30a13c79c56763e59d2c714bf0c54e3838d7e8c3bddc909c175b78fe9733ee2a
data/raw/ooc/OOC_image_dataset/train/good/cell_type_CACO/2-3_days/220506_10.png,220506_10,220506,train,good,1,CACO,2-3_days,train,7f1955932338a6c00a956cc4150f527fa03a34182ff2f8facfdb6087ccc1bb9c
data/raw/ooc/OOC_image_dataset/train/good/cell_type_CACO/2-3_days/220506_15.png,220506_15,220506,train,good,1,CACO,2-3_days,train,89da38ec2e1bfaeefc08da30b18cecf95c568c8d60312c8fcc9e075c4ab5d8f6
data/raw/ooc/OOC_image_dataset/train/good/cell_type_CACO/2-3_days/220606_20.png,220606_20,220606,train,good,1,CACO,2-3_days,train,50bbba7fb8fb59588b5b04298aadb49fc7e68cb51ac5b82743765530df0abc9b
data/raw/ooc/OOC_image_dataset/train/good/cell_type_CACO/2-3_days/230329_1.png,230329_1,230329,train,good,1,CACO,2-3_days,train,d1fa3fc5da687def9f5b65ac804fb930f0b21c2ca7a86b3ca726c9535c8af2bb
data/raw/ooc/OOC_image_dataset/train/good/cell_type_CACO/2-3_days/230329_10.png,230329_10,230329,train,good,1,CACO,2-3_days,train,fa831374a4cd1df49ec5f95345a1957ea486f0f9284b074b3b648e1b61db074c
data/raw/ooc/OOC_image_dataset/train/good/cell_type_CACO/2-3_days/230329_2.png,230329_2,230329,train,good,1,CACO,2-3_days,train,21a2d3e66d5cde576d910a8efb8ac99b872271765bfcb839251226a8b6e896ce
data/raw/ooc/OOC_image_dataset/train/good/cell_type_CACO/2-3_days/230329_3.png,230329_3,230329,train,good,1,CACO,2-3_days,train,2cc09e89d1663f326ce406be96dd361a184368758565c792534f31f5ff8538a2
data/raw/ooc/OOC_image_dataset/train/good/cell_type_CACO/2-3_days/230329_4.png,230329_4,230329,train,good,1,CACO,2-3_days,train,74f4a4b93acf2e9a92b801b91564ce9786af01397bfbdd7d2b3352bdd3ca938e
data/raw/ooc/OOC_image_dataset/train/good/cell_type_CACO/2-3_days/230329_5.png,230329_5,230329,train,good,1,CACO,2-3_days,train,22acb7f151759460ed6a60ab55b945b715a6aaf86dde61ba5f09f8dcc28faf62
data/raw/ooc/OOC_image_dataset/train/good/cell_type_CACO/2-3_days/230329_7.png,230329_7,230329,train,good,1,CACO,2-3_days,train,ac5046120d01330d4685629283316ef679089f709929429c4bdb44eca073bad2
data/raw/ooc/OOC_image_dataset/train/good/cell_type_CACO/2-3_days/230329_8.png,230329_8,230329,train,good,1,CACO,2-3_days,train,83e2b9861a9dd9fe82cc51c0c50b5573952e359d390b4513f938e5ba476002ed
data/raw/ooc/OOC_image_dataset/train/good/cell_type_CACO/2-3_days/230329_9.png,230329_9,230329,train,good,1,CACO,2-3_days,train,df9171dd4ec57ea8adacdbb75eb791237e897c420ae21675ab452e793115d5b3
data/raw/ooc/OOC_image_dataset/train/good/cell_type_CACO/2-3_days/230419_117.png,230419_117,230419,train,good,1,CACO,2-3_days,train,ed34c18d2c2aa7549d66ccb5575eb2b9d750f35b451422da2b3d34e1559c80dc
data/raw/ooc/OOC_image_dataset/train/good/cell_type_CACO/2-3_days/230419_118.png,230419_118,230419,train,good,1,CACO,2-3_days,train,3aaf31edcaa1a36700030c9e7104de4e923aa29184af2294a904ab6b949a581f
data/raw/ooc/OOC_image_dataset/train/good/cell_type_CACO/2-3_days/230419_121.png,230419_121,230419,train,good,1,CACO,2-3_days,train,ae59d499553ec7948c2649f1055c54297560ebd53f7557bbf6e1e7df07617be3
data/raw/ooc/OOC_image_dataset/train/good/cell_type_CACO/2-3_days/230419_122.png,230419_122,230419,train,good,1,CACO,2-3_days,train,288ad88efd2aefd6c7a054b0992a947afdbd4905b8a51f850a993daf7e4cec91
data/raw/ooc/OOC_image_dataset/train/good/cell_type_CACO/2-3_days/230419_123.png,230419_123,230419,train,good,1,CACO,2-3_days,train,b69829c857e1a8832ccda9b34b2a93e7069e63fdac2f425832b21848ad703cf4
data/raw/ooc/OOC_image_dataset/train/good/cell_type_CACO/4+_days/220512_11.png,220512_11,220512,validation,good,1,CACO,4+_days,train,df6cbb9d3d10fef73f305d408bcb3fc6166062fb4a69ac1f17f74cbb5e51247f
data/raw/ooc/OOC_image_dataset/train/good/cell_type_CACO/4+_days/220512_12.png,220512_12,220512,validation,good,1,CACO,4+_days,train,32f1e73c76f3c24c9e5ec61cbb4f62bcbf1451ee1df6fde40c5674ecd5d32926
data/raw/ooc/OOC_image_dataset/train/good/cell_type_CACO/4+_days/220512_9.png,220512_9,220512,validation,good,1,CACO,4+_days,train,d02afe7511bc7cb7e713ebaae96ce4e62eb4eb3a46b90e09d3aab22fae71c919
data/raw/ooc/OOC_image_dataset/train/good/cell_type_CACO/4+_days/220515_4.png,220515_4,220515,train,good,1,CACO,4+_days,train,e6742a48a939899bf2fd31f769cd7c404e3f6ef560cbcf9beddb8cc2469ffa24
data/raw/ooc/OOC_image_dataset/train/good/cell_type_CACO/4+_days/220515_6.png,220515_6,220515,train,good,1,CACO,4+_days,train,ae1378e449933e756028896172a89fa4482e3446382e873a98cb64afa5c270de
data/raw/ooc/OOC_image_dataset/train/good/cell_type_CACO/4+_days/220515_7.png,220515_7,220515,train,good,1,CACO,4+_days,train,3f1d80b624b936753d64083111057a58c30c7efbdf676dedc5568e669bf99ba3
data/raw/ooc/OOC_image_dataset/train/good/cell_type_CACO/4+_days/220515_8.png,220515_8,220515,train,good,1,CACO,4+_days,train,80d58325bc77d8b7eeeecaa4205538d6b621b86c8dd754ca580edd6388025b23
data/raw/ooc/OOC_image_dataset/train/good/cell_type_CACO/4+_days/220609_6.png,220609_6,220609,train,good,1,CACO,4+_days,train,6ec19e0d6030aa19cdc3f24b257290c00b8b9dbde14062f27d31ad0b03bd676f
data/raw/ooc/OOC_image_dataset/train/good/cell_type_CACO/4+_days/220609_7.png,220609_7,220609,train,good,1,CACO,4+_days,train,447874e313805d11c9e39f83adf14f122b3f66bb73d5c96999e054cf90f5df38
data/raw/ooc/OOC_image_dataset/train/good/cell_type_CACO/4+_days/220610_11.png,220610_11,220610,validation,good,1,CACO,4+_days,train,03f88418abf391a936ea3a2a0bb4f94ae8074345973a2e95844466d1fda15e82
data/raw/ooc/OOC_image_dataset/train/good/cell_type_CACO/4+_days/220610_2.png,220610_2,220610,validation,good,1,CACO,4+_days,train,4321d0932947d4bdb58550ebf79eb410d428ce4bf745dea08580939eef069745
data/raw/ooc/OOC_image_dataset/train/good/cell_type_CACO/4+_days/220610_5.png,220610_5,220610,validation,good,1,CACO,4+_days,train,40fe863673aee5b9e7c0f06d6976557eea69a901d106c2fd1497415d05944f4e
data/raw/ooc/OOC_image_dataset/train/good/cell_type_CACO/4+_days/220610_6.png,220610_6,220610,validation,good,1,CACO,4+_days,train,8826949c8722ce3af710698714f46d648a98a39a96c06c71b76ccc0b1511373f
data/raw/ooc/OOC_image_dataset/train/good/cell_type_CACO/4+_days/220610_7.png,220610_7,220610,validation,good,1,CACO,4+_days,train,429c870de42d527b7b536320c915ca077af9a5a4d9f10e1107d67df4aed27223
data/raw/ooc/OOC_image_dataset/train/good/cell_type_CACO/4+_days/220610_8.png,220610_8,220610,validation,good,1,CACO,4+_days,train,ed648c0003a4453fa6a857e8e4addfb161a8f15caf657ff121f3c19b5f749b1a
data/raw/ooc/OOC_image_dataset/train/good/cell_type_CACO/4+_days/220610_9.png,220610_9,220610,validation,good,1,CACO,4+_days,train,8ef303383f7150c59c5220b0f08ab52b68bbd73ca4359ff36a7b1e914510a9d1
data/raw/ooc/OOC_image_dataset/train/good/cell_type_CACO/4+_days/220611_10.png,220611_10,220611,train,good,1,CACO,4+_days,train,9446d34126540a695be777017652c8a957d2d2f83c8ddac6992ddf2336d303d7
data/raw/ooc/OOC_image_dataset/train/good/cell_type_CACO/4+_days/220611_3.png,220611_3,220611,train,good,1,CACO,4+_days,train,7b42f755e7fa8a74c100a287bcbd420dc4898018b879c16ff72848cb46362cfe
data/raw/ooc/OOC_image_dataset/train/good/cell_type_CACO/4+_days/220611_4.png,220611_4,220611,train,good,1,CACO,4+_days,train,5494f4489c3ac78e07875984d01222a86c4e9f184d6c9b70cf1e8f2cf451d46d
data/raw/ooc/OOC_image_dataset/train/good/cell_type_CACO/4+_days/220611_7.png,220611_7,220611,train,good,1,CACO,4+_days,train,d8fbdd7ec975e0579643e90404a2bd155797eca9b6c1d07e10de3157cefc5c89
data/raw/ooc/OOC_image_dataset/train/good/cell_type_CACO/4+_days/220611_8.png,220611_8,220611,train,good,1,CACO,4+_days,train,79cee5ecb6a1627b05ff1e0d93712e8237a8721feb0d08fc3e101079ec7acf7e
data/raw/ooc/OOC_image_dataset/train/good/cell_type_CACO/4+_days/220612_1.png,220612_1,220612,train,good,1,CACO,4+_days,train,e6aac3982328db2e6c7eb0e12250e3c17421c812630963e820f6cb8e35da4f50
data/raw/ooc/OOC_image_dataset/train/good/cell_type_CACO/4+_days/220612_10.png,220612_10,220612,train,good,1,CACO,4+_days,train,96f04530a81d4364a34a174e4053c740011381d5d6fb2f331708e4bc9df28697
data/raw/ooc/OOC_image_dataset/train/good/cell_type_CACO/4+_days/220612_11.png,220612_11,220612,train,good,1,CACO,4+_days,train,f61aeab11808fce652733535b282180d1dfed785b5b1b596a6f39432b319fe70
data/raw/ooc/OOC_image_dataset/train/good/cell_type_CACO/4+_days/220612_12.png,220612_12,220612,train,good,1,CACO,4+_days,train,16ff7461e4e71181190ed0c9fd8906126f3880ffb15807e61aefb41cf8bf8c22
data/raw/ooc/OOC_image_dataset/train/good/cell_type_CACO/4+_days/220612_2.png,220612_2,220612,train,good,1,CACO,4+_days,train,aff28e80582732f77511c60e9fb7847cc5648ce4ecdd8cc125d52cf7da717d67
data/raw/ooc/OOC_image_dataset/train/good/cell_type_CACO/4+_days/220612_4.png,220612_4,220612,train,good,1,CACO,4+_days,train,d7e7f0d4e2220ad9bc62088ecf752ce260fb3efc3bb74f4a149e7648b56e2fff
data/raw/ooc/OOC_image_dataset/train/good/cell_type_CACO/4+_days/220612_7.png,220612_7,220612,train,good,1,CACO,4+_days,train,f3ce80e4e19679e41f3b6085da2b2dde198e4b5bbcd74dceb4c54ee0cedeada4
data/raw/ooc/OOC_image_dataset/train/good/cell_type_CACO/4+_days/220612_9.png,220612_9,220612,train,good,1,CACO,4+_days,train,77dd8b6ac1da948a949015fbc6ed4dcb37eda0e5709b9051b66ccb13875b8c4f
data/raw/ooc/OOC_image_dataset/train/good/cell_type_CACO/4+_days/230403_3.png,230403_3,230403,train,good,1,CACO,4+_days,train,18450820b44610cea3e9ace27cecbb030445b68f3fda6a70d659b1205774580e
data/raw/ooc/OOC_image_dataset/train/good/cell_type_CACO/4+_days/230403_7.png,230403_7,230403,train,good,1,CACO,4+_days,train,1f977e102f2cd66c135aac9e51bbdef806855b4bfd12555f5d4f80fe29aedcc9
data/raw/ooc/OOC_image_dataset/train/good/cell_type_CACO/4+_days/230403_9.png,230403_9,230403,train,good,1,CACO,4+_days,train,f5447621d9efeb003fd3e8930192046f51153ed4219a364f26cd2fafa22a8f1f
data/raw/ooc/OOC_image_dataset/train/good/cell_type_CACO/4+_days/230411_46.png,230411_46,230411,validation,good,1,CACO,4+_days,train,5a3e0ea59ae098563e6b51a4ea513697b1b4291b742fc66058a51d1501f8ba6e
data/raw/ooc/OOC_image_dataset/train/good/cell_type_HPMEC/0-1_days/220429_01.png,220429_01,220429,train,good,1,HPMEC,0-1_days,train,dcfe69f37365a7aec64a983b0bfd3f9d45f680801ee6ce26cda3ac66cc32b408
data/raw/ooc/OOC_image_dataset/train/good/cell_type_HPMEC/0-1_days/220429_02.png,220429_02,220429,train,good,1,HPMEC,0-1_days,train,72a0801d4daa27f86af57d962e0f6f412a8486b4a7d06e9ec5d2f2a9b90b4861
data/raw/ooc/OOC_image_dataset/train/good/cell_type_HPMEC/0-1_days/220429_06.png,220429_06,220429,train,good,1,HPMEC,0-1_days,train,7e23aa90038d8e7ab0226d21ad8bf8d097730109168926f76972418ff9e1a26f
data/raw/ooc/OOC_image_dataset/train/good/cell_type_HPMEC/0-1_days/220429_14.png,220429_14,220429,train,good,1,HPMEC,0-1_days,train,c4ddc6c3b7bbf5faea5a44ece5fb72cf110629d6af0fef857a74ce4a2b45df43
data/raw/ooc/OOC_image_dataset/train/good/cell_type_HPMEC/0-1_days/220429_15.png,220429_15,220429,train,good,1,HPMEC,0-1_days,train,7fb985dfbe12f2eac2e17688e7f9828da19f558887bcb910c7678a5c1385973c
data/raw/ooc/OOC_image_dataset/train/good/cell_type_HPMEC/0-1_days/220626_1.png,220626_1,220626,train,good,1,HPMEC,0-1_days,train,7d6d68fce7de789b5ac32765bb6c6e9b1abf2ba16786c85a255f718c23ec1da3
data/raw/ooc/OOC_image_dataset/train/good/cell_type_HPMEC/0-1_days/220626_2.png,220626_2,220626,train,good,1,HPMEC,0-1_days,train,62f4cb564bcc8c796549c76084234ee55cdd3e13f552b44386b35ca9bf937b43
data/raw/ooc/OOC_image_dataset/train/good/cell_type_HPMEC/0-1_days/220626_4.png,220626_4,220626,train,good,1,HPMEC,0-1_days,train,ff776ce92319aa1d54c2ecef240097f976ac0f7506458e27b4b6f58fe28b4079
data/raw/ooc/OOC_image_dataset/train/good/cell_type_HPMEC/0-1_days/220626_5.png,220626_5,220626,train,good,1,HPMEC,0-1_days,train,9bb800908702bfe1ffb6914e2fd2a611618c8ca5bc14e4ccb0acc5f072c9baa9
data/raw/ooc/OOC_image_dataset/train/good/cell_type_HPMEC/0-1_days/220626_6.png,220626_6,220626,train,good,1,HPMEC,0-1_days,train,5d41ca69c01cf1ced2033a6938d0cba0eee2467ddb4f3482f2e10aa1b84e2a0e
data/raw/ooc/OOC_image_dataset/train/good/cell_type_HPMEC/0-1_days/220626_8.png,220626_8,220626,train,good,1,HPMEC,0-1_days,train,823947b267f18907198c0cad5523d5887287a839f71d77bcd12d5049de6bed79
data/raw/ooc/OOC_image_dataset/train/good/cell_type_HPMEC/0-1_days/220708_3.png,220708_3,220708,train,good,1,HPMEC,0-1_days,train,51842a18e070d9bf87916f4612400f896701c228e3e79961f1e3c41d7256bf76
data/raw/ooc/OOC_image_dataset/train/good/cell_type_HPMEC/0-1_days/220708_5.png,220708_5,220708,train,good,1,HPMEC,0-1_days,train,c4a2354c03f9ab68a26527738285a3ded40710e3218ca2a2e0a36c3eeeeb37f9
data/raw/ooc/OOC_image_dataset/train/good/cell_type_HPMEC/0-1_days/220715_10.png,220715_10,220715,train,good,1,HPMEC,0-1_days,train,ec956a408dfdeeaf95500900508cd036c61a407b0a1438e576945344cb053d1b
data/raw/ooc/OOC_image_dataset/train/good/cell_type_HPMEC/0-1_days/220715_11.png,220715_11,220715,train,good,1,HPMEC,0-1_days,train,fac09049a889d27a336da47429a1068729137626f00c9dc78caa00f857b14c9a
data/raw/ooc/OOC_image_dataset/train/good/cell_type_HPMEC/0-1_days/220715_12.png,220715_12,220715,train,good,1,HPMEC,0-1_days,train,a219e78ca80ca0fd37a782d1dd0ee8e6da38ae534c1cdc35b11ad0691e0d7bdd
data/raw/ooc/OOC_image_dataset/train/good/cell_type_HPMEC/0-1_days/220715_2.png,220715_2,220715,train,good,1,HPMEC,0-1_days,train,b71eafad6878b372611c30afe667372e12f9d2d3ace3fa3592b48920baa95343
data/raw/ooc/OOC_image_dataset/train/good/cell_type_HPMEC/0-1_days/220715_4.png,220715_4,220715,train,good,1,HPMEC,0-1_days,train,3052a5dbf58b2fdbcb2a4dd3c7614f14642b513f2151a2b066b58d855740e32f
data/raw/ooc/OOC_image_dataset/train/good/cell_type_HPMEC/0-1_days/220715_5.png,220715_5,220715,train,good,1,HPMEC,0-1_days,train,3e400c524a43b841bd0db2c8a57f14f197eae66fec9b23362f1e3c330bd213df
data/raw/ooc/OOC_image_dataset/train/good/cell_type_HPMEC/0-1_days/220715_6.png,220715_6,220715,train,good,1,HPMEC,0-1_days,train,55da87bb9f293f4bd957e64e9404678c9c341dbc419c6c304f59f07a4f4291d8
data/raw/ooc/OOC_image_dataset/train/good/cell_type_HPMEC/0-1_days/221010_1.png,221010_1,221010,test,good,1,HPMEC,0-1_days,train,e5a35018e6aa5273e8fcb8a4b90f097cf110949ee9b8ac451902fa28ac4a9b13
data/raw/ooc/OOC_image_dataset/train/good/cell_type_HPMEC/0-1_days/221010_10.png,221010_10,221010,test,good,1,HPMEC,0-1_days,train,0727f32efaf9dd0f3aad05324856ec5ae90dd763fc7f867b8e8ba9f8ac06f63c
data/raw/ooc/OOC_image_dataset/train/good/cell_type_HPMEC/0-1_days/221010_11.png,221010_11,221010,test,good,1,HPMEC,0-1_days,train,2bc6198e32e8d64941250f719889966254b1613768d805cd7c6f48e1a85a1b16
data/raw/ooc/OOC_image_dataset/train/good/cell_type_HPMEC/0-1_days/221010_13.png,221010_13,221010,test,good,1,HPMEC,0-1_days,train,4183b5dd0ce9de45ec633c519a689c053c391dc9ef810246eeb1966e65a40efe
data/raw/ooc/OOC_image_dataset/train/good/cell_type_HPMEC/0-1_days/221010_14.png,221010_14,221010,test,good,1,HPMEC,0-1_days,train,a975a91ac4e36eb8f6b171f55e243b83e70e22f9d3f929902cdb24e20c6e876c
data/raw/ooc/OOC_image_dataset/train/good/cell_type_HPMEC/0-1_days/221010_15.png,221010_15,221010,test,good,1,HPMEC,0-1_days,train,e23af0bb297b84c1eb6d6c4aba6d35cb9c704661d720aa5fe648efd20a6434a9
data/raw/ooc/OOC_image_dataset/train/good/cell_type_HPMEC/0-1_days/221010_29.png,221010_29,221010,test,good,1,HPMEC,0-1_days,train,d13afd11cddc5d1f13421ffdec528d481212c2b08cb57f99a1fd42221cb56867
data/raw/ooc/OOC_image_dataset/train/good/cell_type_HPMEC/0-1_days/221010_3.png,221010_3,221010,test,good,1,HPMEC,0-1_days,train,74e4922dbd24d7f2eaaca40382aecfb85f98db0e5b7091e5113998e0bf88964f
data/raw/ooc/OOC_image_dataset/train/good/cell_type_HPMEC/0-1_days/221010_4.png,221010_4,221010,test,good,1,HPMEC,0-1_days,train,d3460d1f1b3be018db777954eba778b5408f3a342f574faea07044f8a3087f98
data/raw/ooc/OOC_image_dataset/train/good/cell_type_HPMEC/0-1_days/221010_41.png,221010_41,221010,test,good,1,HPMEC,0-1_days,train,9b6a8eb7efce6979398fd08c52767fd8d3199c5428283c58c0dd5af1c5cfe678
data/raw/ooc/OOC_image_dataset/train/good/cell_type_HPMEC/0-1_days/221010_44.png,221010_44,221010,test,good,1,HPMEC,0-1_days,train,e13b699e7090be9e9a1d4f14551e3c04edcffd29b323991b1fcaf75e0d72bfa9
data/raw/ooc/OOC_image_dataset/train/good/cell_type_HPMEC/0-1_days/221010_45.png,221010_45,221010,test,good,1,HPMEC,0-1_days,train,25a9e1805cc8acee592faf89097e84fc33cbe04b1a4848a39d9d6d0392f73857
data/raw/ooc/OOC_image_dataset/train/good/cell_type_HPMEC/0-1_days/221010_58.png,221010_58,221010,test,good,1,HPMEC,0-1_days,train,1c363272e00b744fd1021ce1f76c104361b383458b1a51becf0c4ff304d5a08a
data/raw/ooc/OOC_image_dataset/train/good/cell_type_HPMEC/0-1_days/221010_6.png,221010_6,221010,test,good,1,HPMEC,0-1_days,train,1a9d34445bd7f0854ca4ad184059646a51632dd82b67b708200bd0b5a32db7a0
data/raw/ooc/OOC_image_dataset/train/good/cell_type_HPMEC/0-1_days/221010_60.png,221010_60,221010,test,good,1,HPMEC,0-1_days,train,53e0ddfa58702dc07fa36a43ef35e4c1193d10b0d1ac23d1b5347da575f7f2b5
data/raw/ooc/OOC_image_dataset/train/good/cell_type_HPMEC/0-1_days/221010_61.png,221010_61,221010,test,good,1,HPMEC,0-1_days,train,ab6cff54afe30d0b9f210e20a8047472d48a65522ad01302837afe957e9816a4
data/raw/ooc/OOC_image_dataset/train/good/cell_type_HPMEC/0-1_days/221010_62.png,221010_62,221010,test,good,1,HPMEC,0-1_days,train,1d667f81e1eb528c32dbcc0110215526af23f5a8afe6292b7cf7d6a6bd620d6d
data/raw/ooc/OOC_image_dataset/train/good/cell_type_HPMEC/0-1_days/221010_63.png,221010_63,221010,test,good,1,HPMEC,0-1_days,train,064bb81c735721a761401c5f0c136be9f0b2796df663a998efc3566a7d58ebd9
data/raw/ooc/OOC_image_dataset/train/good/cell_type_HPMEC/0-1_days/221010_64.png,221010_64,221010,test,good,1,HPMEC,0-1_days,train,c996c3ba079f015ba88e9874e427462b135fd6baa8f2c1b41bf1bf786cc759f0
data/raw/ooc/OOC_image_dataset/train/good/cell_type_HPMEC/0-1_days/221010_65.png,221010_65,221010,test,good,1,HPMEC,0-1_days,train,95f64c740d54fa01e1b0bac0133b6b0ae4a3395fbfa79d9a75ba32987cd5d0b5
data/raw/ooc/OOC_image_dataset/train/good/cell_type_HPMEC/0-1_days/221010_66.png,221010_66,221010,test,good,1,HPMEC,0-1_days,train,53669ae3ec152e7d79889c4821ec97b03b61155569784c62800e6a5a23cd61d4
data/raw/ooc/OOC_image_dataset/train/good/cell_type_HPMEC/0-1_days/221010_7.png,221010_7,221010,test,good,1,HPMEC,0-1_days,train,6a6e7b4b77e6de8e59494f9e972454a1ec68813f744e1aef22b0a39e6906352b
data/raw/ooc/OOC_image_dataset/train/good/cell_type_HPMEC/0-1_days/221010_76.png,221010_76,221010,test,good,1,HPMEC,0-1_days,train,a116d6851c52fbe28d4e814342e27deea6ed4970af0c7b5a32fc84d234d75d43
data/raw/ooc/OOC_image_dataset/train/good/cell_type_HPMEC/0-1_days/221010_78.png,221010_78,221010,test,good,1,HPMEC,0-1_days,train,f225de747a0481efe078c44c07ececf8bc85f52fc123602989f118fac3bfbb2b
data/raw/ooc/OOC_image_dataset/train/good/cell_type_HPMEC/0-1_days/221214_18.png,221214_18,221214,validation,good,1,HPMEC,0-1_days,train,18251753a0f1d043c59d20062b1bdc2bf79e067dd868f3f1aab476145c5a856e
data/raw/ooc/OOC_image_dataset/train/good/cell_type_HPMEC/0-1_days/221214_19.png,221214_19,221214,validation,good,1,HPMEC,0-1_days,train,96245e7cf92267fb447b00ef18e34b8953b83a015bc1bfb0acb0483b2384e22d
data/raw/ooc/OOC_image_dataset/train/good/cell_type_HPMEC/0-1_days/221214_20.png,221214_20,221214,validation,good,1,HPMEC,0-1_days,train,6e27096b06d257f5f2eb4b055a0d3ddfbb4809f05b225ecee4f825960bae0777
data/raw/ooc/OOC_image_dataset/train/good/cell_type_HPMEC/0-1_days/221214_22.png,221214_22,221214,validation,good,1,HPMEC,0-1_days,train,4c1a310484ce321ae8ca61b09d66beea3d68eeced17d6aae54fb8f403d3161ea
data/raw/ooc/OOC_image_dataset/train/good/cell_type_HPMEC/0-1_days/221214_24.png,221214_24,221214,validation,good,1,HPMEC,0-1_days,train,c77013d0d1121b1847e0ed00f638e1f328bf93cffeb7315e56babb76dbd64218
data/raw/ooc/OOC_image_dataset/train/good/cell_type_HPMEC/0-1_days/221214_25.png,221214_25,221214,validation,good,1,HPMEC,0-1_days,train,0279ff84ca4d0c0c2aa1c75294a19fa97b3b8745feafe0d7b186880fa3d352fc
data/raw/ooc/OOC_image_dataset/train/good/cell_type_HPMEC/0-1_days/221214_27.png,221214_27,221214,validation,good,1,HPMEC,0-1_days,train,e07391ece9384fc93bbeedc80dd4724d13b8eeb27e09e43bd0c0222bec5bb1e7
data/raw/ooc/OOC_image_dataset/train/good/cell_type_HPMEC/0-1_days/221214_28.png,221214_28,221214,validation,good,1,HPMEC,0-1_days,train,d5dabbf1b966c2d96c66bd435647ade64a745ea2372333e408d6cbb3ccaa40e4
data/raw/ooc/OOC_image_dataset/train/good/cell_type_HPMEC/0-1_days/221214_29.png,221214_29,221214,validation,good,1,HPMEC,0-1_days,train,7859e69aa4594f1b3b82637eff4511556b7707bb79e5ae74b4ffa19609b92910
data/raw/ooc/OOC_image_dataset/train/good/cell_type_HPMEC/0-1_days/221214_31.png,221214_31,221214,validation,good,1,HPMEC,0-1_days,train,2f1c35e42ae7bf611f5ef87698090a41ffcd12d2dd0c06380103fbece6dc623c
data/raw/ooc/OOC_image_dataset/train/good/cell_type_HPMEC/0-1_days/221214_32.png,221214_32,221214,validation,good,1,HPMEC,0-1_days,train,bece628b71d7ad49998b6253f6fd3443f0668fce7080313d8189b896913f81d6
data/raw/ooc/OOC_image_dataset/train/good/cell_type_HPMEC/0-1_days/221214_33.png,221214_33,221214,validation,good,1,HPMEC,0-1_days,train,6670abe19ece3c3bad0a45c901eeb45eca422abeaec30862de15b9cffb1f3461
data/raw/ooc/OOC_image_dataset/train/good/cell_type_HPMEC/0-1_days/221214_34.png,221214_34,221214,validation,good,1,HPMEC,0-1_days,train,4d9de77cdbfe4a32c8bc4c68e92652619bd23b00c2e83099d7c3d0b2e985e428
data/raw/ooc/OOC_image_dataset/train/good/cell_type_HPMEC/0-1_days/221214_35.png,221214_35,221214,validation,good,1,HPMEC,0-1_days,train,63c5dce5c97430b2801e094ff581d2d5a0185b4713ff9ea5318eb0975465f147
data/raw/ooc/OOC_image_dataset/train/good/cell_type_HPMEC/0-1_days/230109_10.png,230109_10,230109,train,good,1,HPMEC,0-1_days,train,52ee8910546742d42c899a9990c4127e6c63ff16f1df2bc711b77919e48f4239
data/raw/ooc/OOC_image_dataset/train/good/cell_type_HPMEC/0-1_days/230109_13.png,230109_13,230109,train,good,1,HPMEC,0-1_days,train,aac1e002b315575ad412f08513e2ec2eb48ea65644a734eab36602f8551be42a
data/raw/ooc/OOC_image_dataset/train/good/cell_type_HPMEC/0-1_days/230109_14.png,230109_14,230109,train,good,1,HPMEC,0-1_days,train,7476a514f2f3784e5c7d1631b08b520f15c7c83b8ac5be15f0f324aaa5660f6c
data/raw/ooc/OOC_image_dataset/train/good/cell_type_HPMEC/0-1_days/230109_15.png,230109_15,230109,train,good,1,HPMEC,0-1_days,train,3c79c2ffc044da26b426cb011915c0be3ba4412e7c76c3d213a071dafa6223e2
data/raw/ooc/OOC_image_dataset/train/good/cell_type_HPMEC/0-1_days/230109_16.png,230109_16,230109,train,good,1,HPMEC,0-1_days,train,967011d42fb1eb2b505230b8c1284b6aeec823d65d1f96b2d80ef05948afcb3a
data/raw/ooc/OOC_image_dataset/train/good/cell_type_HPMEC/0-1_days/230109_17.png,230109_17,230109,train,good,1,HPMEC,0-1_days,train,612c0366fc24a910b9989b4f6f263b2a10159dea4f08b02ebb1c31a3c948273a
data/raw/ooc/OOC_image_dataset/train/good/cell_type_HPMEC/0-1_days/230109_18.png,230109_18,230109,train,good,1,HPMEC,0-1_days,train,01eaee532cea1fda090f78ed16bbefde3ecc9cdf31aa384a24b9964da96983c4
data/raw/ooc/OOC_image_dataset/train/good/cell_type_HPMEC/0-1_days/230109_19.png,230109_19,230109,train,good,1,HPMEC,0-1_days,train,fcc32f50e4d7db8e89eda54a3dbee14813a05217abe43c0f6d5cac8fcb039d0e
data/raw/ooc/OOC_image_dataset/train/good/cell_type_HPMEC/0-1_days/230109_22.png,230109_22,230109,train,good,1,HPMEC,0-1_days,train,7f713d145d8e2969044de2e0cf43d9b6c5dff01ec6e46ebd679c6db4f46abd25
data/raw/ooc/OOC_image_dataset/train/good/cell_type_HPMEC/0-1_days/230109_23.png,230109_23,230109,train,good,1,HPMEC,0-1_days,train,ddfad276b119fa51c599948fd7a9a319a335ec702016ce638cb883914d94582f
data/raw/ooc/OOC_image_dataset/train/good/cell_type_HPMEC/0-1_days/230109_24.png,230109_24,230109,train,good,1,HPMEC,0-1_days,train,13a63359be4657c54555004ae7812fed7dd7ea4da302dcc7de58ad3a6a7c91ae
data/raw/ooc/OOC_image_dataset/train/good/cell_type_HPMEC/0-1_days/230109_3.png,230109_3,230109,train,good,1,HPMEC,0-1_days,train,c13bba28419e5cc2eb05d920552055dc914697e1d749eba0dff3d1b94d4edcd5
data/raw/ooc/OOC_image_dataset/train/good/cell_type_HPMEC/0-1_days/230109_4.png,230109_4,230109,train,good,1,HPMEC,0-1_days,train,ca6ed56470710d057aef88e3ff9297769095dacaf493f5b3a57d4ab5398fadec
data/raw/ooc/OOC_image_dataset/train/good/cell_type_HPMEC/0-1_days/230109_5.png,230109_5,230109,train,good,1,HPMEC,0-1_days,train,2b46897c179e40bb62e7aa9791155765d45af3940458d692e02b1de447c28630
data/raw/ooc/OOC_image_dataset/train/good/cell_type_HPMEC/0-1_days/230109_60.png,230109_60,230109,train,good,1,HPMEC,0-1_days,train,1429d4dc2bac111fab8e317c7ef2b3cb32bd494e3a0a7f54ae099d12859386cb
data/raw/ooc/OOC_image_dataset/train/good/cell_type_HPMEC/0-1_days/230109_61.png,230109_61,230109,train,good,1,HPMEC,0-1_days,train,ad248da48a421df21f669ead0a9ab24c8ce2164f8db226cb1adf5b4a953da673
data/raw/ooc/OOC_image_dataset/train/good/cell_type_HPMEC/0-1_days/230109_62.png,230109_62,230109,train,good,1,HPMEC,0-1_days,train,31ea1a101fd134e413e36f9992833fcebe90c21745b487e218aa1ff580f17630
data/raw/ooc/OOC_image_dataset/train/good/cell_type_HPMEC/0-1_days/230109_63.png,230109_63,230109,train,good,1,HPMEC,0-1_days,train,f96b86ee2b50661097205a267139c8d958a4aac98de600f2cdfbe5093a7990db
data/raw/ooc/OOC_image_dataset/train/good/cell_type_HPMEC/0-1_days/230109_64.png,230109_64,230109,train,good,1,HPMEC,0-1_days,train,658b1b9c2a94123ada65d9db104868c255b3cdf80ae40f87feae2031f4852d21
data/raw/ooc/OOC_image_dataset/train/good/cell_type_HPMEC/0-1_days/230109_65.png,230109_65,230109,train,good,1,HPMEC,0-1_days,train,6a2c289a68704706580373d06af127a69d3d52b4c5cacd0bfbdd442d596e8403
data/raw/ooc/OOC_image_dataset/train/good/cell_type_HPMEC/0-1_days/230109_66.png,230109_66,230109,train,good,1,HPMEC,0-1_days,train,b7a16b9a1d8a868ecbf6cb5b5f7743979938620235bae7d98f902cd47aa95512
data/raw/ooc/OOC_image_dataset/train/good/cell_type_HPMEC/0-1_days/230109_68.png,230109_68,230109,train,good,1,HPMEC,0-1_days,train,2102118ce069a12dce857565ed1c194d658ca97bf3a7eb6a2edfe6f667795bd6
data/raw/ooc/OOC_image_dataset/train/good/cell_type_HPMEC/0-1_days/230109_69.png,230109_69,230109,train,good,1,HPMEC,0-1_days,train,52d96e6863dbd6d9e4c7de19122f22e370837f9665b14f0e7a4d7ad2e0c63cca
data/raw/ooc/OOC_image_dataset/train/good/cell_type_HPMEC/0-1_days/230109_70.png,230109_70,230109,train,good,1,HPMEC,0-1_days,train,084051303484a0eab79e91a6c91114f2199be2b5c83cc0ec7d6e9a23158ec18e
data/raw/ooc/OOC_image_dataset/train/good/cell_type_HPMEC/0-1_days/230109_71.png,230109_71,230109,train,good,1,HPMEC,0-1_days,train,13d87af1cdbb7845be86e50a747c209959d2815a3c7894449c99bc36245ac235
data/raw/ooc/OOC_image_dataset/train/good/cell_type_HPMEC/0-1_days/230109_73.png,230109_73,230109,train,good,1,HPMEC,0-1_days,train,3a88029f23b07fb69d4fff8da274b5c07ca2ad961d32913b47237aeb8f4a6e4a
data/raw/ooc/OOC_image_dataset/train/good/cell_type_HPMEC/0-1_days/230109_74.png,230109_74,230109,train,good,1,HPMEC,0-1_days,train,9f4783ef8cff573229a7383c752cdc56edb27ea6ec11cc39536a33adc39c7548
data/raw/ooc/OOC_image_dataset/train/good/cell_type_HPMEC/0-1_days/230109_75.png,230109_75,230109,train,good,1,HPMEC,0-1_days,train,ee7eb0297741c0984f9993f4f4daf2ba3740540af13bfa957137b754602e6f05
data/raw/ooc/OOC_image_dataset/train/good/cell_type_HPMEC/0-1_days/230109_76.png,230109_76,230109,train,good,1,HPMEC,0-1_days,train,f9c9e3d1c635d9d01fb84e0043db5edefe8c2a43a5e6261fe71f3323d87a187a
data/raw/ooc/OOC_image_dataset/train/good/cell_type_HPMEC/0-1_days/230109_78.png,230109_78,230109,train,good,1,HPMEC,0-1_days,train,b348d2a64dfb3790b1abec3bc57b2932264ad952f58ba4485da9edd9f1cb1c1b
data/raw/ooc/OOC_image_dataset/train/good/cell_type_HPMEC/0-1_days/230109_79.png,230109_79,230109,train,good,1,HPMEC,0-1_days,train,b64e5bdf8809b07eeafd027b22f59c6c26bedfab0a9ffa37dc9abe1a7b9aca3e
data/raw/ooc/OOC_image_dataset/train/good/cell_type_HPMEC/0-1_days/230109_8.png,230109_8,230109,train,good,1,HPMEC,0-1_days,train,9e87c84c67da5232f6754630608747f01fdc05900cdd38d298535cdf31e1623f
data/raw/ooc/OOC_image_dataset/train/good/cell_type_HPMEC/0-1_days/230109_80.png,230109_80,230109,train,good,1,HPMEC,0-1_days,train,938685b13306c6c8ef61a96e6bc45a6ae808e48b62ba34a0ad56375c2029afd9
data/raw/ooc/OOC_image_dataset/train/good/cell_type_HPMEC/0-1_days/230109_84.png,230109_84,230109,train,good,1,HPMEC,0-1_days,train,edcf8a3589472b561727a8e0fc6a999c2f8d04a690d04bfa68bbd2d77cc4ef9f
data/raw/ooc/OOC_image_dataset/train/good/cell_type_HPMEC/0-1_days/230109_85.png,230109_85,230109,train,good,1,HPMEC,0-1_days,train,abacc64281266e6fd7386e31f34c9e024dc851c47aced175cb9dd37e7f8c90ac
data/raw/ooc/OOC_image_dataset/train/good/cell_type_HPMEC/0-1_days/230109_86.png,230109_86,230109,train,good,1,HPMEC,0-1_days,train,713c4bfdab54c8bccfcba0eb8ef8e333fab2fcd85c2b2d08339c4982d29a2dd3
data/raw/ooc/OOC_image_dataset/train/good/cell_type_HPMEC/0-1_days/230109_87.png,230109_87,230109,train,good,1,HPMEC,0-1_days,train,3f92b376fdaad9d11774e8cc25d67e52615815578d87a78458cbe52af22d4b89
data/raw/ooc/OOC_image_dataset/train/good/cell_type_HPMEC/0-1_days/230109_88.png,230109_88,230109,train,good,1,HPMEC,0-1_days,train,93a9139f2e07ef0ff78d2fa7f5eff30a999001b184ef286f01a8b068b51f2b4b
data/raw/ooc/OOC_image_dataset/train/good/cell_type_HPMEC/0-1_days/230109_89.png,230109_89,230109,train,good,1,HPMEC,0-1_days,train,42b884d442afd5edf1c91ef0e8f43e38a17c507a0364487c42e0f897c9c8a416
data/raw/ooc/OOC_image_dataset/train/good/cell_type_HPMEC/0-1_days/230109_90.png,230109_90,230109,train,good,1,HPMEC,0-1_days,train,b2e374d55f71e5d4a05ea69cad2adb39be4cf7be99db32b543453f5faaaa38f1
data/raw/ooc/OOC_image_dataset/train/good/cell_type_HPMEC/0-1_days/230109_91.png,230109_91,230109,train,good,1,HPMEC,0-1_days,train,c43c0f2a4db853b36605eb0c9a0457bf1ebd22849383dfdf34549c724247ce7a
data/raw/ooc/OOC_image_dataset/train/good/cell_type_HPMEC/0-1_days/230109_92.png,230109_92,230109,train,good,1,HPMEC,0-1_days,train,db498920fa69c2f56d2cece35e0c46198efbdc373f066290fc439b6cc6ce9f8c
data/raw/ooc/OOC_image_dataset/train/good/cell_type_HPMEC/0-1_days/230119_1.png,230119_1,230119,train,good,1,HPMEC,0-1_days,train,0d9b38510e8f8f75b70c80b268547f63160dc7013122975f765ecd8817dfaaac
data/raw/ooc/OOC_image_dataset/train/good/cell_type_HPMEC/0-1_days/230119_10.png,230119_10,230119,train,good,1,HPMEC,0-1_days,train,030e12b556f89ce7d5323e2c99c3c995d19249b7e7589a927ef0c06ca6da0c9e
data/raw/ooc/OOC_image_dataset/train/good/cell_type_HPMEC/0-1_days/230119_11.png,230119_11,230119,train,good,1,HPMEC,0-1_days,train,c1cdd8e5bc54afe467ea4f28eac7c0fc430e5bd623e2124bf16cd7c4626d9cfe
data/raw/ooc/OOC_image_dataset/train/good/cell_type_HPMEC/0-1_days/230119_12.png,230119_12,230119,train,good,1,HPMEC,0-1_days,train,c4292d1644a403af2fbe3075b27fcec4727b4c41e94fadc82228253d0279ff89
data/raw/ooc/OOC_image_dataset/train/good/cell_type_HPMEC/0-1_days/230119_13.png,230119_13,230119,train,good,1,HPMEC,0-1_days,train,43a8e3a2a9320f2f635bb85ddc9356ac9bcf1c31a2a2c529fd7e7358f4c9a671
data/raw/ooc/OOC_image_dataset/train/good/cell_type_HPMEC/0-1_days/230119_14.png,230119_14,230119,train,good,1,HPMEC,0-1_days,train,945ae8390e154ed10baea13a8dc16fb26e1829a514d2c9fedddbc07383793b00
data/raw/ooc/OOC_image_dataset/train/good/cell_type_HPMEC/0-1_days/230119_15.png,230119_15,230119,train,good,1,HPMEC,0-1_days,train,273a94478bce5c1c8b96a35ed1bf4033079009ee082cc795fbb38140531ce012
data/raw/ooc/OOC_image_dataset/train/good/cell_type_HPMEC/0-1_days/230119_19.png,230119_19,230119,train,good,1,HPMEC,0-1_days,train,be2b53e185027c7ff0f1c08e6a7df7b6c6412c5089a6abab51a417df44b030be
data/raw/ooc/OOC_image_dataset/train/good/cell_type_HPMEC/0-1_days/230119_2.png,230119_2,230119,train,good,1,HPMEC,0-1_days,train,9f722e0ef1371879a417466e0a398a452e80d08dab831409c1f3cc479ff79ec0
data/raw/ooc/OOC_image_dataset/train/good/cell_type_HPMEC/0-1_days/230119_20.png,230119_20,230119,train,good,1,HPMEC,0-1_days,train,ad508dd001aff0594232a391b95f93a44a3b8a966c3c59228dbe7cab1df2d422
data/raw/ooc/OOC_image_dataset/train/good/cell_type_HPMEC/0-1_days/230119_23.png,230119_23,230119,train,good,1,HPMEC,0-1_days,train,272f8d1c1f1f735670b55b03721e7c3fdb7b869da0b996c62a683395766ed7a4
data/raw/ooc/OOC_image_dataset/train/good/cell_type_HPMEC/0-1_days/230119_27.png,230119_27,230119,train,good,1,HPMEC,0-1_days,train,7631134ceb4831f3920563cf1758b4e5ac410f58b7bfda110a0c1c1a6b2f5c04
data/raw/ooc/OOC_image_dataset/train/good/cell_type_HPMEC/0-1_days/230119_28.png,230119_28,230119,train,good,1,HPMEC,0-1_days,train,351827e8454f0b0ff4f57a78dbed9583e9ca6c859e18c21c9c0e837d18f7a8cb
data/raw/ooc/OOC_image_dataset/train/good/cell_type_HPMEC/0-1_days/230119_29.png,230119_29,230119,train,good,1,HPMEC,0-1_days,train,f869951032426aaccdc890a949769059d07be8ca16de5309798caaaf607b772e
data/raw/ooc/OOC_image_dataset/train/good/cell_type_HPMEC/0-1_days/230119_30.png,230119_30,230119,train,good,1,HPMEC,0-1_days,train,33f345a73a45582bcebf25ebe4319726b707f815631a14a74fa469f688762c33
data/raw/ooc/OOC_image_dataset/train/good/cell_type_HPMEC/0-1_days/230119_32.png,230119_32,230119,train,good,1,HPMEC,0-1_days,train,6250ff63f0f532b2f747b8d66ff03b88e7f6a539724bb7d35ba1336d4885aa9e
data/raw/ooc/OOC_image_dataset/train/good/cell_type_HPMEC/0-1_days/230119_35.png,230119_35,230119,train,good,1,HPMEC,0-1_days,train,787f232bf5fc0b64dc69979d4efddb1a2351c50eae221a5354e496df3167c2a3
data/raw/ooc/OOC_image_dataset/train/good/cell_type_HPMEC/0-1_days/230119_37.png,230119_37,230119,train,good,1,HPMEC,0-1_days,train,bf459f8a489db7df75bcea9f0bfa1e5b612a23a3c089169e5b1eecd6beedf049
data/raw/ooc/OOC_image_dataset/train/good/cell_type_HPMEC/0-1_days/230119_39.png,230119_39,230119,train,good,1,HPMEC,0-1_days,train,d8eb56ed4a5dfd808f4c38089c90e3fd23669883764becc980780fb62a6d6e0a
data/raw/ooc/OOC_image_dataset/train/good/cell_type_HPMEC/0-1_days/230119_4.png,230119_4,230119,train,good,1,HPMEC,0-1_days,train,061efbb42da3b4a5ebc17f3558dbe21cb08b8b784f0fa6b9d8ddd9a9a63a0e0d
data/raw/ooc/OOC_image_dataset/train/good/cell_type_HPMEC/0-1_days/230119_40.png,230119_40,230119,train,good,1,HPMEC,0-1_days,train,93fb42660c14fc7884700a20025c9c9645bf12a8b7aaef80bb76db68f936e9f2
data/raw/ooc/OOC_image_dataset/train/good/cell_type_HPMEC/0-1_days/230119_6.png,230119_6,230119,train,good,1,HPMEC,0-1_days,train,62ea53a4de59b4567a95545a59dbc544498e2e0dbe6cf46c516c4c3296c05b34
data/raw/ooc/OOC_image_dataset/train/good/cell_type_HPMEC/0-1_days/230119_7.png,230119_7,230119,train,good,1,HPMEC,0-1_days,train,4928a817c4c71140af03e016c4610739bcb7cc846516533af326b7e29d8a5479
data/raw/ooc/OOC_image_dataset/train/good/cell_type_HPMEC/0-1_days/230119_8.png,230119_8,230119,train,good,1,HPMEC,0-1_days,train,601e53592ffaa286d7f59020b96ce1b5a3f5830c08da2d13ca4a84d5db7cf713
data/raw/ooc/OOC_image_dataset/train/good/cell_type_HPMEC/0-1_days/230119_9.png,230119_9,230119,train,good,1,HPMEC,0-1_days,train,a8f2634ab204c2b623eb14c6a0375b98689f25ec0c589178ca0d1582394c2d3a
data/raw/ooc/OOC_image_dataset/train/good/cell_type_HPMEC/0-1_days/230206_1.png,230206_1,230206,train,good,1,HPMEC,0-1_days,train,2103ff1f951aa960b52f26799017387f2e8e719dc219ce5148ba2edc680f15c4
data/raw/ooc/OOC_image_dataset/train/good/cell_type_HPMEC/0-1_days/230206_10.png,230206_10,230206,train,good,1,HPMEC,0-1_days,train,078b866035005b05c68c15e45fb967be8071a317b309832df9481a8559fa5d8e
data/raw/ooc/OOC_image_dataset/train/good/cell_type_HPMEC/0-1_days/230206_11.png,230206_11,230206,train,good,1,HPMEC,0-1_days,train,c4c75d164eea5663423a3f1dcd0778e0353d8dd7fa0af94440f9cae1acc1b401
data/raw/ooc/OOC_image_dataset/train/good/cell_type_HPMEC/0-1_days/230206_12.png,230206_12,230206,train,good,1,HPMEC,0-1_days,train,1b2d828ba05b97a8d1c459ebc3f2560b705aeabae2293f60615803a21c8cd600
data/raw/ooc/OOC_image_dataset/train/good/cell_type_HPMEC/0-1_days/230206_2.png,230206_2,230206,train,good,1,HPMEC,0-1_days,train,f58bb93c39bf0649dfb0de1a1dfcdb289fa56e3e9a4e378ff351bb8ee946f3d6
data/raw/ooc/OOC_image_dataset/train/good/cell_type_HPMEC/0-1_days/230206_3.png,230206_3,230206,train,good,1,HPMEC,0-1_days,train,dec106db2118b754d8fdf74ef117e155150dee0ec6649cacbe6e3202566c02a0
data/raw/ooc/OOC_image_dataset/train/good/cell_type_HPMEC/0-1_days/230206_6.png,230206_6,230206,train,good,1,HPMEC,0-1_days,train,ee10a00f78da5f838535a607dc4f7cf30a0812752191f97e36ab765ea754f4c2
data/raw/ooc/OOC_image_dataset/train/good/cell_type_HPMEC/0-1_days/230206_9.png,230206_9,230206,train,good,1,HPMEC,0-1_days,train,08cc2f13caad2ab094bf7fd637a7c1fc1604673a1bea4355401668ab47a050c3
data/raw/ooc/OOC_image_dataset/train/good/cell_type_HPMEC/0-1_days/230214_1.png,230214_1,230214,validation,good,1,HPMEC,0-1_days,train,a14424b2f78ff0160669810cc529bcf7e11463214686faa90c46bd2f593ac883
data/raw/ooc/OOC_image_dataset/train/good/cell_type_HPMEC/0-1_days/230214_10.png,230214_10,230214,validation,good,1,HPMEC,0-1_days,train,da10deeaa2e364ee50382b9ede2cbc8ffc8abef10e122fdd1265349f14bdf958
data/raw/ooc/OOC_image_dataset/train/good/cell_type_HPMEC/0-1_days/230214_11.png,230214_11,230214,validation,good,1,HPMEC,0-1_days,train,f74d47dd6a05983846f1458c8383db2cf96b0826ff559f372c43072880912e61
data/raw/ooc/OOC_image_dataset/train/good/cell_type_HPMEC/0-1_days/230214_13.png,230214_13,230214,validation,good,1,HPMEC,0-1_days,train,b58dd8a35c7e21014f0d13f593deb46262e8b5dd18a38eb9d19afc9e487a17e5
data/raw/ooc/OOC_image_dataset/train/good/cell_type_HPMEC/0-1_days/230214_14.png,230214_14,230214,validation,good,1,HPMEC,0-1_days,train,abf82a2a94acbb1ace97889331427a056b972fb9da3a63bd9131398bb9ff4f8e
data/raw/ooc/OOC_image_dataset/train/good/cell_type_HPMEC/0-1_days/230214_15.png,230214_15,230214,validation,good,1,HPMEC,0-1_days,train,3b10c1072fecf29b3c9fc4a8f1e97c0830e17c7e198f7564fdf715b532d53112
data/raw/ooc/OOC_image_dataset/train/good/cell_type_HPMEC/0-1_days/230214_16.png,230214_16,230214,validation,good,1,HPMEC,0-1_days,train,4a4b33fc1c9ebdcad5217b0d190ccf851916fc09e9023750b43aa899db3f5161
data/raw/ooc/OOC_image_dataset/train/good/cell_type_HPMEC/0-1_days/230214_17.png,230214_17,230214,validation,good,1,HPMEC,0-1_days,train,c818a54867ce517eb555e01ab1883491f43acbe8996842424209181ecd998db2
data/raw/ooc/OOC_image_dataset/train/good/cell_type_HPMEC/0-1_days/230214_18.png,230214_18,230214,validation,good,1,HPMEC,0-1_days,train,eb159f3b3b8fd61273352ebe9943b960011cd1f00d3c1d6fb8d8c6d4e790d8e4
data/raw/ooc/OOC_image_dataset/train/good/cell_type_HPMEC/0-1_days/230214_19.png,230214_19,230214,validation,good,1,HPMEC,0-1_days,train,0a7ac04324166f5218404c9e4dfad1842c2545b96d700cc6d97dca3804c66566
data/raw/ooc/OOC_image_dataset/train/good/cell_type_HPMEC/0-1_days/230214_2.png,230214_2,230214,validation,good,1,HPMEC,0-1_days,train,d74a89ad4e40d6f1af8041cb6b03f92aee37a49c6e0f02a37bf56ce09a49e1cb
data/raw/ooc/OOC_image_dataset/train/good/cell_type_HPMEC/0-1_days/230214_20.png,230214_20,230214,validation,good,1,HPMEC,0-1_days,train,d7cd9ab0b44c5454059ac51fc6829eac9401014fcfb46d6eb7659e181b6fa8b3
data/raw/ooc/OOC_image_dataset/train/good/cell_type_HPMEC/0-1_days/230214_21.png,230214_21,230214,validation,good,1,HPMEC,0-1_days,train,8efdd6ac7fdd35a1894c361d653d3ae33c4f927089961cb09c17828b6d83f2f8
data/raw/ooc/OOC_image_dataset/train/good/cell_type_HPMEC/0-1_days/230214_22.png,230214_22,230214,validation,good,1,HPMEC,0-1_days,train,a1672e8cf24ed6e506a28c1a4aa0961ea724979141da28083b9bbf975ab7a9e5
data/raw/ooc/OOC_image_dataset/train/good/cell_type_HPMEC/0-1_days/230214_23.png,230214_23,230214,validation,good,1,HPMEC,0-1_days,train,56dc82d4fac80f5631cdc12fa9fb648722c61e938c5e7acf39cdcae87455d576
data/raw/ooc/OOC_image_dataset/train/good/cell_type_HPMEC/0-1_days/230214_25.png,230214_25,230214,validation,good,1,HPMEC,0-1_days,train,0c8f5e7e74963729b86b501d7b42d7ee4736a3c61d7b3af817e84c64ea720e19
data/raw/ooc/OOC_image_dataset/train/good/cell_type_HPMEC/0-1_days/230214_26.png,230214_26,230214,validation,good,1,HPMEC,0-1_days,train,a9b73da09d8fdf49bda294c6b466cb2b5b22315176b616fdf11d1d8f9231d9dc
data/raw/ooc/OOC_image_dataset/train/good/cell_type_HPMEC/0-1_days/230214_28.png,230214_28,230214,validation,good,1,HPMEC,0-1_days,train,88f9e301d2dc6f07d5258e28ff7bd59bf32aaaac1e83df0e7e27f59b06d7adb8
data/raw/ooc/OOC_image_dataset/train/good/cell_type_HPMEC/0-1_days/230214_29.png,230214_29,230214,validation,good,1,HPMEC,0-1_days,train,cdf2767fd035488efc4cf30d5ca50d0d0432fe5180d4914e0bf695b5a970763e
data/raw/ooc/OOC_image_dataset/train/good/cell_type_HPMEC/0-1_days/230214_31.png,230214_31,230214,validation,good,1,HPMEC,0-1_days,train,de6bda4f4bd83f7250eb02c4dfad344db207ab0de33c3c1b56409824c4086b53
data/raw/ooc/OOC_image_dataset/train/good/cell_type_HPMEC/0-1_days/230214_34.png,230214_34,230214,validation,good,1,HPMEC,0-1_days,train,fb59f6f717edb348d404049d120b8f37aa2f27bbb3a28f53abf361b5d94a7f44
data/raw/ooc/OOC_image_dataset/train/good/cell_type_HPMEC/0-1_days/230214_35.png,230214_35,230214,validation,good,1,HPMEC,0-1_days,train,35e223999284f98f687f4dcc01c6177858059eb15d4cbb86230ab2a6a0c8c1e0
data/raw/ooc/OOC_image_dataset/train/good/cell_type_HPMEC/0-1_days/230214_37.png,230214_37,230214,validation,good,1,HPMEC,0-1_days,train,dc0f8813fd98f36b73b2f734bec76c5c344cff342b461fe7ed8257789475f24d
data/raw/ooc/OOC_image_dataset/train/good/cell_type_HPMEC/0-1_days/230214_38.png,230214_38,230214,validation,good,1,HPMEC,0-1_days,train,cca8e100f5350841345afe5762943158a581b61066c31de0f4982b1c7ea13c37
data/raw/ooc/OOC_image_dataset/train/good/cell_type_HPMEC/0-1_days/230214_39.png,230214_39,230214,validation,good,1,HPMEC,0-1_days,train,3e9463bafdb27251e384a9d62c01e1c1e37c4e9c660708d9fc0fb323b43ebd3c
data/raw/ooc/OOC_image_dataset/train/good/cell_type_HPMEC/0-1_days/230214_4.png,230214_4,230214,validation,good,1,HPMEC,0-1_days,train,d9dbe2fac171afaa18f17a01d7db23a40aa51f833c393f87839828dada43f780
data/raw/ooc/OOC_image_dataset/train/good/cell_type_HPMEC/0-1_days/230214_45.png,230214_45,230214,validation,good,1,HPMEC,0-1_days,train,f57cf1b474c0cd29bdcb379ac14526cab24e4d628eefb69951ce6c91a14b4165
data/raw/ooc/OOC_image_dataset/train/good/cell_type_HPMEC/0-1_days/230214_47.png,230214_47,230214,validation,good,1,HPMEC,0-1_days,train,727a39c45dd07dfa69c21990f94853e8900d23cc302ae1c41c52931b1bf57666
data/raw/ooc/OOC_image_dataset/train/good/cell_type_HPMEC/0-1_days/230214_48.png,230214_48,230214,validation,good,1,HPMEC,0-1_days,train,73fe503d8829a47b8f903e0484a44db3814968ec89a10edb2ccaa8d3f6d5449c
data/raw/ooc/OOC_image_dataset/train/good/cell_type_HPMEC/0-1_days/230214_6.png,230214_6,230214,validation,good,1,HPMEC,0-1_days,train,6305e12edbd092e5b26ea91c32a79446f50e9eda249f134dbf247657581f668a
data/raw/ooc/OOC_image_dataset/train/good/cell_type_HPMEC/0-1_days/230214_8.png,230214_8,230214,validation,good,1,HPMEC,0-1_days,train,a3d44367e785ce7d2a93d9f2e0b6a16c163601a837f325ff491e72b621f6a9d3
data/raw/ooc/OOC_image_dataset/train/good/cell_type_HPMEC/0-1_days/230214_9.png,230214_9,230214,validation,good,1,HPMEC,0-1_days,train,07952d7dd183ea7e804f1ee4ef8ab6df9211cb1a82680c123c8993423acd7147
data/raw/ooc/OOC_image_dataset/train/good/cell_type_HPMEC/0-1_days/230215_1.png,230215_1,230215,validation,good,1,HPMEC,0-1_days,train,5fa44931d306003b702f2b087494ccf24456a60d205398b7979cc838732a25e2
data/raw/ooc/OOC_image_dataset/train/good/cell_type_HPMEC/0-1_days/230215_10.png,230215_10,230215,validation,good,1,HPMEC,0-1_days,train,9371b50c9e96f221dc4ac6cccdcae55cc00b47d6ab8529da89952310dd8d0eb3
data/raw/ooc/OOC_image_dataset/train/good/cell_type_HPMEC/0-1_days/230215_12.png,230215_12,230215,validation,good,1,HPMEC,0-1_days,train,20e99e6a2bb7bf214580bbf575c2e72f925433da5a232ad4ef0710c619c6e39c
data/raw/ooc/OOC_image_dataset/train/good/cell_type_HPMEC/0-1_days/230215_15.png,230215_15,230215,validation,good,1,HPMEC,0-1_days,train,80dbe4f79b726a5117871830617a2107c25b18fa3614f71ceff8b8aa41fd98d3
data/raw/ooc/OOC_image_dataset/train/good/cell_type_HPMEC/0-1_days/230215_17.png,230215_17,230215,validation,good,1,HPMEC,0-1_days,train,6062ae7f321e701c4247349bec65c24e4d0ee17156e96f4c69277c45a275fcc7
data/raw/ooc/OOC_image_dataset/train/good/cell_type_HPMEC/0-1_days/230215_20.png,230215_20,230215,validation,good,1,HPMEC,0-1_days,train,7f478243909ff063e3aca9ddd1907c083d0c266b04485d68260dba805a7ffb46
data/raw/ooc/OOC_image_dataset/train/good/cell_type_HPMEC/0-1_days/230215_3.png,230215_3,230215,validation,good,1,HPMEC,0-1_days,train,ced83d4b66adb69f8243331a3ede9e3af7c31e8ae505eb31e22326f6b4d15969
data/raw/ooc/OOC_image_dataset/train/good/cell_type_HPMEC/0-1_days/230215_4.png,230215_4,230215,validation,good,1,HPMEC,0-1_days,train,bbe9194dd58902a6dcba6e1ce1c7d8d17c24260b677209d65cbf8de6036cb273
data/raw/ooc/OOC_image_dataset/train/good/cell_type_HPMEC/0-1_days/230215_7.png,230215_7,230215,validation,good,1,HPMEC,0-1_days,train,616005770ef605deebe48b8469802c28d89955ccf4147d6cfbe3d4a126190eda
data/raw/ooc/OOC_image_dataset/train/good/cell_type_HPMEC/0-1_days/230215_9.png,230215_9,230215,validation,good,1,HPMEC,0-1_days,train,d16ca19fba4bd2645db75e903c5cd3c322e115d8923f2a7a21eb009665cf3ce0
data/raw/ooc/OOC_image_dataset/train/good/cell_type_HPMEC/0-1_days/230314_1.png,230314_1,230314,train,good,1,HPMEC,0-1_days,train,f86f80ebb362226cf054c14f825d7de7389d70a2ab4c5f65d60e170e059fb33d
data/raw/ooc/OOC_image_dataset/train/good/cell_type_HPMEC/0-1_days/230314_2.png,230314_2,230314,train,good,1,HPMEC,0-1_days,train,a12824e3cdee94fc22360d137aba2f323ff2d21e74a593e12006e7ea5bdd75f1
data/raw/ooc/OOC_image_dataset/train/good/cell_type_HPMEC/0-1_days/230314_3.png,230314_3,230314,train,good,1,HPMEC,0-1_days,train,15eb0a6ab91376d16d7a718da217a5b5a4f06362d6b36ab86b446a779dfd54ae
data/raw/ooc/OOC_image_dataset/train/good/cell_type_HPMEC/0-1_days/230314_37.png,230314_37,230314,train,good,1,HPMEC,0-1_days,train,4920b28c9b33496155bec168f1194edbc1347042ee3bc5748614c500089cce0a
data/raw/ooc/OOC_image_dataset/train/good/cell_type_HPMEC/0-1_days/230314_38.png,230314_38,230314,train,good,1,HPMEC,0-1_days,train,1fb9443a5a53f995cf2129c1961034bf94d8204356867936c9d8f8150c5a0812
data/raw/ooc/OOC_image_dataset/train/good/cell_type_HPMEC/0-1_days/230314_39.png,230314_39,230314,train,good,1,HPMEC,0-1_days,train,b6d9d3bbf15a40ea5aa22d763ead70bfcb08f2065565b3204f84b22666bc4665
data/raw/ooc/OOC_image_dataset/train/good/cell_type_HPMEC/0-1_days/230314_4.png,230314_4,230314,train,good,1,HPMEC,0-1_days,train,80ea28ab0abf7a7248b39da4a8ec6b14b2b06748f5f19c1bbc030bccbf28522f
data/raw/ooc/OOC_image_dataset/train/good/cell_type_HPMEC/0-1_days/230314_40.png,230314_40,230314,train,good,1,HPMEC,0-1_days,train,80e95145ec9bde822f4e5c073ce733bdfdf0dd56d1638aa1e4f8cd22ca5be17b
data/raw/ooc/OOC_image_dataset/train/good/cell_type_HPMEC/0-1_days/230314_41.png,230314_41,230314,train,good,1,HPMEC,0-1_days,train,e4d81e0c9605029db365678c20b4bb139ca54eeacf1df148c3bf326cfae588fa
data/raw/ooc/OOC_image_dataset/train/good/cell_type_HPMEC/0-1_days/230314_42.png,230314_42,230314,train,good,1,HPMEC,0-1_days,train,d099b136c9fd96fdc8620ddf13f096162240b37e8d4a29920d6d6ddd057a49a8
data/raw/ooc/OOC_image_dataset/train/good/cell_type_HPMEC/0-1_days/230314_44.png,230314_44,230314,train,good,1,HPMEC,0-1_days,train,8277853eaf5c5218d2c3a86200a3938c1d494ec31dc511b9bf242062ce22f443
data/raw/ooc/OOC_image_dataset/train/good/cell_type_HPMEC/0-1_days/230314_45.png,230314_45,230314,train,good,1,HPMEC,0-1_days,train,35c7b6fa11701761f6164f4bba4832e6fdfb45c2844cedb7b74b03c5a5684ebb
data/raw/ooc/OOC_image_dataset/train/good/cell_type_HPMEC/0-1_days/230314_47.png,230314_47,230314,train,good,1,HPMEC,0-1_days,train,9cac4838db86f6c1c5d105273d17aeee14dd67c81cbad9f8a46c52c863cadf9b
data/raw/ooc/OOC_image_dataset/train/good/cell_type_HPMEC/0-1_days/230314_49.png,230314_49,230314,train,good,1,HPMEC,0-1_days,train,e98553ac3236ac6a38e305fb2c6aaf023cd1070bddae58f5111a13b991b041af
data/raw/ooc/OOC_image_dataset/train/good/cell_type_HPMEC/0-1_days/230314_5.png,230314_5,230314,train,good,1,HPMEC,0-1_days,train,43cedf63c3ce9682e7991768182ea0f5abb63096edbad7e9e31cf9ecc22d1982
data/raw/ooc/OOC_image_dataset/train/good/cell_type_HPMEC/0-1_days/230314_6.png,230314_6,230314,train,good,1,HPMEC,0-1_days,train,d80366c93044f5e9f1f43330dda9ff210c85b3bc64de2148414f30a45674758d
data/raw/ooc/OOC_image_dataset/train/good/cell_type_HPMEC/0-1_days/230316_34.png,230316_34,230316,validation,good,1,HPMEC,0-1_days,train,d15dfb8716411f026ac4ef832939b41e0a060aa58456820d3e412516244a216b
data/raw/ooc/OOC_image_dataset/train/good/cell_type_HPMEC/0-1_days/230316_35.png,230316_35,230316,validation,good,1,HPMEC,0-1_days,train,98a570567d53b430953d48cb9842542161cb330489dacee2f1abd0aa7af4c41d
data/raw/ooc/OOC_image_dataset/train/good/cell_type_HPMEC/0-1_days/230316_37.png,230316_37,230316,validation,good,1,HPMEC,0-1_days,train,cdbfd4fad0981615db4ed3ae23d8ee89340eef87c6d7268d5a92b1a65b5c6dcf
data/raw/ooc/OOC_image_dataset/train/good/cell_type_HPMEC/0-1_days/230316_39.png,230316_39,230316,validation,good,1,HPMEC,0-1_days,train,2664917325f5320620d32a95307791c65abf725ea42775b9306029fce57c5f93
data/raw/ooc/OOC_image_dataset/train/good/cell_type_HPMEC/0-1_days/230316_40.png,230316_40,230316,validation,good,1,HPMEC,0-1_days,train,0bf2b4b958481f8e53d5bf20164fc70a7dabed26a898fec88a841f0757e82d96
data/raw/ooc/OOC_image_dataset/train/good/cell_type_HPMEC/0-1_days/230316_41.png,230316_41,230316,validation,good,1,HPMEC,0-1_days,train,6121ce50de85e5dec98a9bfb33cea125f36fa073a9ec20b31db8367ad94af41d
data/raw/ooc/OOC_image_dataset/train/good/cell_type_HPMEC/0-1_days/230316_42.png,230316_42,230316,validation,good,1,HPMEC,0-1_days,train,b56718afb10b5395a97d1eae45b3d06b266370a71965bf9f2b53e0acaf8ffac4
data/raw/ooc/OOC_image_dataset/train/good/cell_type_HPMEC/0-1_days/230316_43.png,230316_43,230316,validation,good,1,HPMEC,0-1_days,train,205c74f80ee002a1d0dd7d11aa38d41784b7dacd34d01b386e7ba482cee6d33f
data/raw/ooc/OOC_image_dataset/train/good/cell_type_HPMEC/0-1_days/230523_1.png,230523_1,230523,train,good,1,HPMEC,0-1_days,train,33a23a5353d848687aebc5b5340d5272164f2426c52d90d20c32ebe4573fdac9
data/raw/ooc/OOC_image_dataset/train/good/cell_type_HPMEC/0-1_days/230523_110.png,230523_110,230523,train,good,1,HPMEC,0-1_days,train,af8ef6bf50514a64f9c99245f6163f835e7c08622e7e5058202da74d0fd788d7
data/raw/ooc/OOC_image_dataset/train/good/cell_type_HPMEC/0-1_days/230523_38.png,230523_38,230523,train,good,1,HPMEC,0-1_days,train,ebbe39648b02e05618ab158071372cd3b2881b38c5c15773161fbca824ea8f33
data/raw/ooc/OOC_image_dataset/train/good/cell_type_HPMEC/0-1_days/230523_39.png,230523_39,230523,train,good,1,HPMEC,0-1_days,train,7d49c6db718a08ff4229be055a172d617256c79a65f0a63279a5b1fea1418485
data/raw/ooc/OOC_image_dataset/train/good/cell_type_HPMEC/0-1_days/230523_47.png,230523_47,230523,train,good,1,HPMEC,0-1_days,train,f345bc39b51bee24d252901040f1716468b3c8f5b852fe77d740d1c63d858569
data/raw/ooc/OOC_image_dataset/train/good/cell_type_HPMEC/0-1_days/230523_50.png,230523_50,230523,train,good,1,HPMEC,0-1_days,train,f3f34a5b4c5d75d00969f6ce1c5d559c870753fd4b23e8267ce0a24c08d925c7
data/raw/ooc/OOC_image_dataset/train/good/cell_type_HPMEC/0-1_days/230523_52.png,230523_52,230523,train,good,1,HPMEC,0-1_days,train,03c8527c935dbe6ca9febbd2346b0d16f1df2aa160074feab01eda3a4bdbd8a8
data/raw/ooc/OOC_image_dataset/train/good/cell_type_HPMEC/0-1_days/230523_53.png,230523_53,230523,train,good,1,HPMEC,0-1_days,train,0f9b4f3e3ca72a94fc88de1fc5bfcbec895b06d7bb640779b4c10343caae10cf
data/raw/ooc/OOC_image_dataset/train/good/cell_type_HPMEC/0-1_days/230523_54.png,230523_54,230523,train,good,1,HPMEC,0-1_days,train,464170eb8f8af33cc55c457cb5f5720c711fe0554ad3a4e6ae951814bc8cb125
data/raw/ooc/OOC_image_dataset/train/good/cell_type_HPMEC/0-1_days/230523_55.png,230523_55,230523,train,good,1,HPMEC,0-1_days,train,3cf0076502587651a7afd80c57a6d8d0c32d86e4904ad54f695e9ba35c4735d6
data/raw/ooc/OOC_image_dataset/train/good/cell_type_HPMEC/0-1_days/230523_57.png,230523_57,230523,train,good,1,HPMEC,0-1_days,train,85fb6591467b0fc85648af20cfb2b9cfe107cf850483bc589c03e9e9e1a6903d
data/raw/ooc/OOC_image_dataset/train/good/cell_type_HPMEC/0-1_days/230523_58.png,230523_58,230523,train,good,1,HPMEC,0-1_days,train,f4978e19e908a7b801c88b9a0fefdf585d38713cb5044911551899a835f5f2bf
data/raw/ooc/OOC_image_dataset/train/good/cell_type_HPMEC/0-1_days/230523_59.png,230523_59,230523,train,good,1,HPMEC,0-1_days,train,b6fa2803cb8efb963294ef0c7e7225441f5f7f81a0bf5189573cb54db79ef1c6
data/raw/ooc/OOC_image_dataset/train/good/cell_type_HPMEC/0-1_days/230523_62.png,230523_62,230523,train,good,1,HPMEC,0-1_days,train,c94c2239ba57f6baa6b2a4c933460c856a2774abf28b86a710a310fd68d60856
data/raw/ooc/OOC_image_dataset/train/good/cell_type_HPMEC/0-1_days/230523_63.png,230523_63,230523,train,good,1,HPMEC,0-1_days,train,0fb598fce81e15f8ad13fc159cc8e365b09947b787360aef13be772489fe75da
data/raw/ooc/OOC_image_dataset/train/good/cell_type_HPMEC/0-1_days/230523_65.png,230523_65,230523,train,good,1,HPMEC,0-1_days,train,edc65d33f82e0f7ccb416f5ddfb741ef3a15660eadec438e3b7b0ace09b3b2c3
data/raw/ooc/OOC_image_dataset/train/good/cell_type_HPMEC/0-1_days/230523_67.png,230523_67,230523,train,good,1,HPMEC,0-1_days,train,6eeef99047445077da3421da36586edb2860601406b8a2a260bc57203906d29a
data/raw/ooc/OOC_image_dataset/train/good/cell_type_HPMEC/0-1_days/230523_70.png,230523_70,230523,train,good,1,HPMEC,0-1_days,train,29bce83b536550ec0315d2497c9d24377b55506c3e50ce5228de1b19193fddd3
data/raw/ooc/OOC_image_dataset/train/good/cell_type_HPMEC/0-1_days/230523_72.png,230523_72,230523,train,good,1,HPMEC,0-1_days,train,0c6eda194f697bb91b84c45c2c86fd519d407cf9e00f41d02a4ad0fbc0953fc5
data/raw/ooc/OOC_image_dataset/train/good/cell_type_HPMEC/0-1_days/230523_73.png,230523_73,230523,train,good,1,HPMEC,0-1_days,train,bd6a1c3f97d8e6935bb1f9bb6e2b6bec4258fbda7d8098b6ccb4c7f426199565
data/raw/ooc/OOC_image_dataset/train/good/cell_type_HPMEC/0-1_days/230523_75.png,230523_75,230523,train,good,1,HPMEC,0-1_days,train,45b94da15f2407b32a4636b0299b900f291d9297e3c9b98f61cf93237c890558
data/raw/ooc/OOC_image_dataset/train/good/cell_type_HPMEC/0-1_days/230523_77.png,230523_77,230523,train,good,1,HPMEC,0-1_days,train,8003693db8e5fe5e029d2c94a1c6fbfda713b4296dd80b9ca816737be7ae2a72
data/raw/ooc/OOC_image_dataset/train/good/cell_type_HPMEC/0-1_days/230523_80.png,230523_80,230523,train,good,1,HPMEC,0-1_days,train,10935e7c29e225bcb6ec1509e17c2f5230f8a1643be629b36d54439cb6dab937
data/raw/ooc/OOC_image_dataset/train/good/cell_type_HPMEC/0-1_days/230523_82.png,230523_82,230523,train,good,1,HPMEC,0-1_days,train,b6bc9f64132a38a4e971fe6457e1f14a58436a45435cf5cb40d15fd4feba1bb9
data/raw/ooc/OOC_image_dataset/train/good/cell_type_HPMEC/0-1_days/230523_84.png,230523_84,230523,train,good,1,HPMEC,0-1_days,train,c129ef848e2d4d72c5cf35b8f024b2a16914b7a127f02d095153afa27efaa408
data/raw/ooc/OOC_image_dataset/train/good/cell_type_HPMEC/0-1_days/230523_86.png,230523_86,230523,train,good,1,HPMEC,0-1_days,train,0fb7d2c53934366140a8492ee3c1f74360f58b069c754c713ef2ba16de90dfda
data/raw/ooc/OOC_image_dataset/train/good/cell_type_HPMEC/0-1_days/230523_87.png,230523_87,230523,train,good,1,HPMEC,0-1_days,train,316060708ef864f2c7b46c1df629f79ca2dbeeaa0396413721da05021cd06abe
data/raw/ooc/OOC_image_dataset/train/good/cell_type_HPMEC/0-1_days/230523_88.png,230523_88,230523,train,good,1,HPMEC,0-1_days,train,a55b95732740f886baeda6db43e55f080459372fd7d09185159d4166a5e2c8d7
data/raw/ooc/OOC_image_dataset/train/good/cell_type_HPMEC/0-1_days/230523_92.png,230523_92,230523,train,good,1,HPMEC,0-1_days,train,3bafe51e8603b8ccfc79a7749dfc1cb0adb5dcc0772b14fbeb94b648b33af392
data/raw/ooc/OOC_image_dataset/train/good/cell_type_HPMEC/2-3_days/230216_2.png,230216_2,230216,train,good,1,HPMEC,2-3_days,train,688eecab3662d5052b35ea84d1815b73d8049ba80994a9f50fa9c1163e11bfdb
data/raw/ooc/OOC_image_dataset/train/good/cell_type_HPMEC/2-3_days/230216_3.png,230216_3,230216,train,good,1,HPMEC,2-3_days,train,4c714529164c713d83420eab8f3992e6f9d02c93d3c8187d28ddeb908727e248
data/raw/ooc/OOC_image_dataset/train/good/cell_type_HPMEC/2-3_days/230216_4.png,230216_4,230216,train,good,1,HPMEC,2-3_days,train,b958609767bb53c16b5508b4ac2e6b7d9948743a0aa9a7f435953123c39e024f
data/raw/ooc/OOC_image_dataset/train/good/cell_type_HPMEC/2-3_days/230216_5.png,230216_5,230216,train,good,1,HPMEC,2-3_days,train,01c83f2bb93874f4c836575b1b815bf2dd6dbe6517406bbba8892e6daa97bef5
data/raw/ooc/OOC_image_dataset/train/good/cell_type_HPMEC/2-3_days/230216_6.png,230216_6,230216,train,good,1,HPMEC,2-3_days,train,4a54d8969f7497acd8b62e93a199317032bb3fee4d3abbeb471752c49d556b52
data/raw/ooc/OOC_image_dataset/train/good/cell_type_HPMEC/2-3_days/230315_11.png,230315_11,230315,train,good,1,HPMEC,2-3_days,train,f7f88b45960f4456d11963aac9fb4e15995c542a2a910091ef812b01dfca02ff
data/raw/ooc/OOC_image_dataset/train/good/cell_type_HPMEC/2-3_days/230315_12.png,230315_12,230315,train,good,1,HPMEC,2-3_days,train,200fa7d761a124adad37180d1e1cd11cf43f97375fb6ff72aa269e7dc364fee6
data/raw/ooc/OOC_image_dataset/train/good/cell_type_HPMEC/2-3_days/230315_13.png,230315_13,230315,train,good,1,HPMEC,2-3_days,train,180865349ef346a693b9ef623c8d1138f1f2f1fd01b736a28b95a56ee0c59c82
data/raw/ooc/OOC_image_dataset/train/good/cell_type_HPMEC/2-3_days/230315_14.png,230315_14,230315,train,good,1,HPMEC,2-3_days,train,ca773ae9810a2ca76139a249c74787ae47f1c731b3d827619af4a9c7b8447b5f
data/raw/ooc/OOC_image_dataset/train/good/cell_type_HPMEC/2-3_days/230315_15.png,230315_15,230315,train,good,1,HPMEC,2-3_days,train,a37fa5b87c033f5170de65f85eba1ea080a1342a45f003970af3607a9a7c7173
data/raw/ooc/OOC_image_dataset/train/good/cell_type_HPMEC/2-3_days/230315_17.png,230315_17,230315,train,good,1,HPMEC,2-3_days,train,bba55da67dabf426f2ac33eb78f38f5d77250a94bea32360fede2f852e0feb78
data/raw/ooc/OOC_image_dataset/train/good/cell_type_HPMEC/2-3_days/230315_18.png,230315_18,230315,train,good,1,HPMEC,2-3_days,train,18de575fc0c5b4b6564ee4c2fff830fed9795e3bcb1d9e7678f1f5d3ceb46d16
data/raw/ooc/OOC_image_dataset/train/good/cell_type_HPMEC/2-3_days/230315_20.png,230315_20,230315,train,good,1,HPMEC,2-3_days,train,23d70a07596480efdb78517123a1c30185854cbba911371d67558299dfc7b009
data/raw/ooc/OOC_image_dataset/train/good/cell_type_HPMEC/2-3_days/230315_3.png,230315_3,230315,train,good,1,HPMEC,2-3_days,train,dbc6640f41b769598c0e7f8bf1bf3c6852630a4df54c433c0483e19ab3081fc4
data/raw/ooc/OOC_image_dataset/train/good/cell_type_HPMEC/2-3_days/230315_37.png,230315_37,230315,train,good,1,HPMEC,2-3_days,train,ac45a71b4e78078debc1a3b4ffc421a4aa1818f9fd33fd43846746a1097bd170
data/raw/ooc/OOC_image_dataset/train/good/cell_type_HPMEC/2-3_days/230315_39.png,230315_39,230315,train,good,1,HPMEC,2-3_days,train,0c40de423126969ca868ecfaf34dcce8280f2f1e48b47e16955aa7bdefb3a66d
data/raw/ooc/OOC_image_dataset/train/good/cell_type_HPMEC/2-3_days/230315_4.png,230315_4,230315,train,good,1,HPMEC,2-3_days,train,499b6027c295dbd4e6be0f244d825d88906262bb6328ba5f03d817b0bd29f155
data/raw/ooc/OOC_image_dataset/train/good/cell_type_HPMEC/2-3_days/230315_42.png,230315_42,230315,train,good,1,HPMEC,2-3_days,train,6a064d3b5c9639d42194bed65e72dd33d95848f18b1a9b30cdc38dc9b3c38d20
data/raw/ooc/OOC_image_dataset/train/good/cell_type_HPMEC/2-3_days/230315_43.png,230315_43,230315,train,good,1,HPMEC,2-3_days,train,1081789add57a6763efb5a56fac19e1841de7bb387cef563992d5e054f19b378
data/raw/ooc/OOC_image_dataset/train/good/cell_type_HPMEC/2-3_days/230315_45.png,230315_45,230315,train,good,1,HPMEC,2-3_days,train,2626c970ceb3c6b12b64ab25630bbd23cca2da6ad64c682002512adf1099c899
data/raw/ooc/OOC_image_dataset/train/good/cell_type_HPMEC/2-3_days/230315_46.png,230315_46,230315,train,good,1,HPMEC,2-3_days,train,7211a81ffcb2fccb2ca9511c8a21ce81019d9d5babd5aad24721673680a9c742
data/raw/ooc/OOC_image_dataset/train/good/cell_type_HPMEC/2-3_days/230315_47.png,230315_47,230315,train,good,1,HPMEC,2-3_days,train,fee0f9ec4e27fe3248b30a188767ccda7b0efd66912021bc49512478af28771e
data/raw/ooc/OOC_image_dataset/train/good/cell_type_HPMEC/2-3_days/230315_48.png,230315_48,230315,train,good,1,HPMEC,2-3_days,train,cb1008ba1cb8129a67e51e1a1b908f8656656600b58677510f44cc81b493e037
data/raw/ooc/OOC_image_dataset/train/good/cell_type_HPMEC/2-3_days/230315_49.png,230315_49,230315,train,good,1,HPMEC,2-3_days,train,2c1dc205ba9c0a06b25b0474708b6bc5cc977cca2dbe43082bd5aeade968a77b
data/raw/ooc/OOC_image_dataset/train/good/cell_type_HPMEC/2-3_days/230315_5.png,230315_5,230315,train,good,1,HPMEC,2-3_days,train,d2a1ea159d33e1f1704fce990d9522813528a9fd0f2343fa597d8d46d7d96d1e
data/raw/ooc/OOC_image_dataset/train/good/cell_type_HPMEC/2-3_days/230315_51.png,230315_51,230315,train,good,1,HPMEC,2-3_days,train,a0fdf2412f8cdd939a961188d0b5c93448fd73ca133774cae114053e506a95a2
data/raw/ooc/OOC_image_dataset/train/good/cell_type_HPMEC/2-3_days/230315_52.png,230315_52,230315,train,good,1,HPMEC,2-3_days,train,174d645fb4a7af2f0a12d333abd9c02bfbd68bdaad4cd35a5afb2b6dc4873b54
data/raw/ooc/OOC_image_dataset/train/good/cell_type_HPMEC/2-3_days/230315_54.png,230315_54,230315,train,good,1,HPMEC,2-3_days,train,e2ce48fe8d4796791ac9e1fcaaacf7079631415a94535c5daa73bffefa2d4411
data/raw/ooc/OOC_image_dataset/train/good/cell_type_HPMEC/2-3_days/230315_55.png,230315_55,230315,train,good,1,HPMEC,2-3_days,train,9c62a8e81aceb679d124ab13d71d50b9cda1a2af8a450a9ebb23af6033b88e03
data/raw/ooc/OOC_image_dataset/train/good/cell_type_HPMEC/2-3_days/230315_6.png,230315_6,230315,train,good,1,HPMEC,2-3_days,train,7c5623f8ae1123e0877e994bf56c3f0a9c65b13f9b5c73e59053d865c74e0859
data/raw/ooc/OOC_image_dataset/train/good/cell_type_HPMEC/2-3_days/230315_65.png,230315_65,230315,train,good,1,HPMEC,2-3_days,train,bf1b3f685adfd89c7688894d2a606f5f98ce2c7273c5ab84f366d7390edc9826
data/raw/ooc/OOC_image_dataset/train/good/cell_type_HPMEC/2-3_days/230315_67.png,230315_67,230315,train,good,1,HPMEC,2-3_days,train,85059286959ae05252488882b611d7389fe11b687bdadd1b9e18e13737f55def
data/raw/ooc/OOC_image_dataset/train/good/cell_type_HPMEC/2-3_days/230315_7.png,230315_7,230315,train,good,1,HPMEC,2-3_days,train,de70a1f7291025e1a4c6d6aeabe4670a0bbd19bab14c2abd7d293ea5110d73be
data/raw/ooc/OOC_image_dataset/train/good/cell_type_HPMEC/2-3_days/230315_71.png,230315_71,230315,train,good,1,HPMEC,2-3_days,train,c79b0c42b19342765236dd7da0fa56fd8b502285307fae790b7bb5de3f7c7310
data/raw/ooc/OOC_image_dataset/train/good/cell_type_HPMEC/2-3_days/230315_83.png,230315_83,230315,train,good,1,HPMEC,2-3_days,train,24adb96cbdd0aaeba7236025988659c6f91d253f01af054e616d6882cb465f16
data/raw/ooc/OOC_image_dataset/train/good/cell_type_HPMEC/2-3_days/230315_85.png,230315_85,230315,train,good,1,HPMEC,2-3_days,train,98e7d216d1d6b09b6125a5e9b266e455ecf960cc11e675df42f41cf4a9c0281a
data/raw/ooc/OOC_image_dataset/train/good/cell_type_HPMEC/2-3_days/230315_86.png,230315_86,230315,train,good,1,HPMEC,2-3_days,train,fe8dfb84b92ca006b3096cb0876005aae9f280c69a3e96c344b4dbb437399e94
data/raw/ooc/OOC_image_dataset/train/good/cell_type_HPMEC/2-3_days/230315_89.png,230315_89,230315,train,good,1,HPMEC,2-3_days,train,39c28ec75297955c82a87ea20cfde1dd10fa78f98eb5bb44d69599e3a68cfb9e
data/raw/ooc/OOC_image_dataset/train/good/cell_type_HPMEC/2-3_days/230315_90.png,230315_90,230315,train,good,1,HPMEC,2-3_days,train,40ed857f026a24bfaf61cfb530a6c0d825749ff8758c505f7852b518f3615f00
data/raw/ooc/OOC_image_dataset/train/good/cell_type_HPMEC/2-3_days/230510_1.png,230510_1,230510,validation,good,1,HPMEC,2-3_days,train,d7490c8b1b8ee9c779e04db15656b27a84345130a2593e940988f59589c81205
data/raw/ooc/OOC_image_dataset/train/good/cell_type_HPMEC/2-3_days/230510_10.png,230510_10,230510,validation,good,1,HPMEC,2-3_days,train,f3b75b62f9fe81e89dc171fa18c5a722c1dd97291e025b2a31fea3b72116579e
data/raw/ooc/OOC_image_dataset/train/good/cell_type_HPMEC/2-3_days/230510_11.png,230510_11,230510,validation,good,1,HPMEC,2-3_days,train,daa83bd267ada74784d7eb91e69f1a09ead8a886cfffb760f29bef69dc5ab944
data/raw/ooc/OOC_image_dataset/train/good/cell_type_HPMEC/2-3_days/230510_14.png,230510_14,230510,validation,good,1,HPMEC,2-3_days,train,d12f8a6e7c49cb19189c2e87b6c02a84529d9d97be172ee363232ee5079b4188
data/raw/ooc/OOC_image_dataset/train/good/cell_type_HPMEC/2-3_days/230510_15.png,230510_15,230510,validation,good,1,HPMEC,2-3_days,train,8803148f86c18c174a01ff1d15160cb9bbcfdfe60bc7bf460fe9e6a84c623e61
data/raw/ooc/OOC_image_dataset/train/good/cell_type_HPMEC/2-3_days/230510_16.png,230510_16,230510,validation,good,1,HPMEC,2-3_days,train,0571d3dac86b9da99ec7a25bc43456e5943a462fa30bb0750f4793645c9a0815
data/raw/ooc/OOC_image_dataset/train/good/cell_type_HPMEC/2-3_days/230510_17.png,230510_17,230510,validation,good,1,HPMEC,2-3_days,train,0a05450c511a5d174530903383ac64bf21dbfc65b9da6dbda9a02a2abafe6772
data/raw/ooc/OOC_image_dataset/train/good/cell_type_HPMEC/2-3_days/230510_20.png,230510_20,230510,validation,good,1,HPMEC,2-3_days,train,c80a62e84c42726fddcfd26a803385ca5d0107770ad0e066923577d93dbb7f26
data/raw/ooc/OOC_image_dataset/train/good/cell_type_HPMEC/2-3_days/230510_21.png,230510_21,230510,validation,good,1,HPMEC,2-3_days,train,3d30e48e4a3eae55d439cca6bb1fe82ff2b674ca63dce6686179873b21f6d94b
data/raw/ooc/OOC_image_dataset/train/good/cell_type_HPMEC/2-3_days/230510_22.png,230510_22,230510,validation,good,1,HPMEC,2-3_days,train,b0a1747b0aca824d4bc555c78cddb0f2fc9f8eb9bf7d605f36756d2b48197e8b
data/raw/ooc/OOC_image_dataset/train/good/cell_type_HPMEC/2-3_days/230510_23.png,230510_23,230510,validation,good,1,HPMEC,2-3_days,train,697720eeba74e034b764416eef48ade0d6fc66c22b7e9137f11debf9051ad7a5
data/raw/ooc/OOC_image_dataset/train/good/cell_type_HPMEC/2-3_days/230510_3.png,230510_3,230510,validation,good,1,HPMEC,2-3_days,train,426131fafed9765022b9309cc96b45e1685514e2ae9973cd4aa3ffc1e734390a
data/raw/ooc/OOC_image_dataset/train/good/cell_type_HPMEC/2-3_days/230510_30.png,230510_30,230510,validation,good,1,HPMEC,2-3_days,train,0bd1bce4a189ca72dff196a81d2ffbf4e9c778619e535238b216076133094610
data/raw/ooc/OOC_image_dataset/train/good/cell_type_HPMEC/2-3_days/230510_33.png,230510_33,230510,validation,good,1,HPMEC,2-3_days,train,5844dbd2823f77c68f0424e30a0982fad1c8d08456fbdbdc0fdccbc0e261037a
data/raw/ooc/OOC_image_dataset/train/good/cell_type_HPMEC/2-3_days/230510_6.png,230510_6,230510,validation,good,1,HPMEC,2-3_days,train,e85fcd8a61f66ab8784a531caf2549cb8b63b01935b53146d4e2781d0a3825a3
data/raw/ooc/OOC_image_dataset/train/good/cell_type_HPMEC/2-3_days/230510_7.png,230510_7,230510,validation,good,1,HPMEC,2-3_days,train,bc46ef311b924475cf9e142b2effc3de11276595652835a69a6ab266f2e24a44
data/raw/ooc/OOC_image_dataset/train/good/cell_type_HPMEC/2-3_days/230510_9.png,230510_9,230510,validation,good,1,HPMEC,2-3_days,train,16ff30c44cded5ed31fe8b8ef80f153383b244400c9f8caba4c32b1ecc1a0b2b
data/raw/ooc/OOC_image_dataset/train/good/cell_type_HPMEC/2-3_days/230524_103.png,230524_103,230524,test,good,1,HPMEC,2-3_days,train,af090ea74ac46c7c93ea7ad80e8539badd7b8d90358a2cf1c0b8bba3c562d1b0
data/raw/ooc/OOC_image_dataset/train/good/cell_type_HPMEC/2-3_days/230524_2.png,230524_2,230524,test,good,1,HPMEC,2-3_days,train,bfb8055ba79a4f3ba3f93f4b6d09a7b04d0662e24c3c5aaa8cf55b0350e39da4
data/raw/ooc/OOC_image_dataset/train/good/cell_type_HPMEC/2-3_days/230524_32.png,230524_32,230524,test,good,1,HPMEC,2-3_days,train,3419bb4e45170bad1b19fd17f8b11e38518c6d2fbcfae4d5a87b2f08887aaa2a
data/raw/ooc/OOC_image_dataset/train/good/cell_type_HPMEC/2-3_days/230524_37.png,230524_37,230524,test,good,1,HPMEC,2-3_days,train,34e825dd2c0cf33585a84383ba674882cab7a2857d80353956a90d63012efde3
data/raw/ooc/OOC_image_dataset/train/good/cell_type_HPMEC/2-3_days/230524_38.png,230524_38,230524,test,good,1,HPMEC,2-3_days,train,8ca05fcad9a082e5fd9a7eb1e973e300ac0044f3a768c342ab1a77547665d6e6
data/raw/ooc/OOC_image_dataset/train/good/cell_type_HPMEC/2-3_days/230524_47.png,230524_47,230524,test,good,1,HPMEC,2-3_days,train,c58fd0c40ad8959975bf265b90f4b44e1bea65659f0ffe9ecf2615b687a86954
data/raw/ooc/OOC_image_dataset/train/good/cell_type_HPMEC/2-3_days/230524_49.png,230524_49,230524,test,good,1,HPMEC,2-3_days,train,8d62dae21d60683824907d0f9ac19d327087f751059768fce4fd3f11d525410a
data/raw/ooc/OOC_image_dataset/train/good/cell_type_HPMEC/2-3_days/230524_51.png,230524_51,230524,test,good,1,HPMEC,2-3_days,train,0564e1357ac14feb696d408c6b11cd1bb2a8a3cd488f4ff1ace89021c749c588
data/raw/ooc/OOC_image_dataset/train/good/cell_type_HPMEC/2-3_days/230524_52.png,230524_52,230524,test,good,1,HPMEC,2-3_days,train,0f509f780d3f5bf0976e7d16a46bd7589fced13c77dec2bfeb21cdbce5151552
data/raw/ooc/OOC_image_dataset/train/good/cell_type_HPMEC/2-3_days/230524_54.png,230524_54,230524,test,good,1,HPMEC,2-3_days,train,cd4b51751cd7e409c1eadad81812e5ed5075ac2c63a079ee55d264469bcd6d1c
data/raw/ooc/OOC_image_dataset/train/good/cell_type_HPMEC/2-3_days/230524_69.png,230524_69,230524,test,good,1,HPMEC,2-3_days,train,cf6a607bad5f4233305815f49dd39cbdeeb912101de72226396927cff905f94a
data/raw/ooc/OOC_image_dataset/train/good/cell_type_HPMEC/2-3_days/230524_72.png,230524_72,230524,test,good,1,HPMEC,2-3_days,train,14d83af80654fdac0af83f8b38b3846e66a0550575affb952bc8c9e75633927e
data/raw/ooc/OOC_image_dataset/train/good/cell_type_HPMEC/2-3_days/230524_73.png,230524_73,230524,test,good,1,HPMEC,2-3_days,train,b894bf3e2c16ace3f61c8afa7de4b1051ab286a0f0a4d94619f87e66e0fa9086
data/raw/ooc/OOC_image_dataset/train/good/cell_type_HPMEC/2-3_days/230524_74.png,230524_74,230524,test,good,1,HPMEC,2-3_days,train,6d2d0dfb425ffca1471ab7b92fe974089e6d1c74fe6cceaf7650d1bd2abf4de1
data/raw/ooc/OOC_image_dataset/train/good/cell_type_HPMEC/2-3_days/230524_75.png,230524_75,230524,test,good,1,HPMEC,2-3_days,train,2e52f8f708f37c6ec787c38f010edfaec20b1e34c30e2692f4b188034be7978c
data/raw/ooc/OOC_image_dataset/train/good/cell_type_HPMEC/2-3_days/230524_76.png,230524_76,230524,test,good,1,HPMEC,2-3_days,train,c52b43ab883d66eaa3fb5db778d538b208038a1fc302bbb3b02fb20349f08334
data/raw/ooc/OOC_image_dataset/train/good/cell_type_HPMEC/2-3_days/230524_77.png,230524_77,230524,test,good,1,HPMEC,2-3_days,train,176fc8207b120dd0cfa2604e5580f765d16093d95a8dced207677b82dd7d8fed
data/raw/ooc/OOC_image_dataset/train/good/cell_type_HPMEC/2-3_days/230525_1.png,230525_1,230525,train,good,1,HPMEC,2-3_days,train,daf8fddb4811cea13965bf696ff833bd57bec101f358e36fe253c598abb6d810
data/raw/ooc/OOC_image_dataset/train/good/cell_type_HPMEC/2-3_days/230525_100.png,230525_100,230525,train,good,1,HPMEC,2-3_days,train,50d9979ac9114f708e19a9ba7eba633dbaef2bc2237567a940555df6f49271a2
data/raw/ooc/OOC_image_dataset/train/good/cell_type_HPMEC/2-3_days/230525_102.png,230525_102,230525,train,good,1,HPMEC,2-3_days,train,48b27a0cff71620ce2f0d94f794ab1a99acad2fbb83fbda5d1868d945763ab2a
data/raw/ooc/OOC_image_dataset/train/good/cell_type_HPMEC/2-3_days/230525_103.png,230525_103,230525,train,good,1,HPMEC,2-3_days,train,e2474e96d07a317113fd3e4d42afed7b3c01bab8c2d6fe64e825d8d047a575e5
data/raw/ooc/OOC_image_dataset/train/good/cell_type_HPMEC/2-3_days/230525_104.png,230525_104,230525,train,good,1,HPMEC,2-3_days,train,9434d443a779cc005d138c68fa69dda73fca6897952918040ad5bee00d6ad4a8
data/raw/ooc/OOC_image_dataset/train/good/cell_type_HPMEC/2-3_days/230525_105.png,230525_105,230525,train,good,1,HPMEC,2-3_days,train,59eb02ad6506faaec4edc43c763dba45c4cac90f16888325b80adcf95a259c0b
data/raw/ooc/OOC_image_dataset/train/good/cell_type_HPMEC/2-3_days/230525_106.png,230525_106,230525,train,good,1,HPMEC,2-3_days,train,8b7ffdca286dd54afeabcabe9d06865ca113ee1c6d3539dab1e39d546e43c5ff
data/raw/ooc/OOC_image_dataset/train/good/cell_type_HPMEC/2-3_days/230525_107.png,230525_107,230525,train,good,1,HPMEC,2-3_days,train,b06a2cb681ab58411cc1cfaf3671c570aa01f570716d3f3a748fde1f5560dd3f
data/raw/ooc/OOC_image_dataset/train/good/cell_type_HPMEC/2-3_days/230525_155.png,230525_155,230525,train,good,1,HPMEC,2-3_days,train,de24e0692d646da1143c07398cc4dfbc63dcc2ab610b86e134a1c20149b0efc2
data/raw/ooc/OOC_image_dataset/train/good/cell_type_HPMEC/2-3_days/230525_156.png,230525_156,230525,train,good,1,HPMEC,2-3_days,train,d92c3add080929b2b2c70979c8bd5a5b0b03094ff99fc543bf82af11c8cedadb
data/raw/ooc/OOC_image_dataset/train/good/cell_type_HPMEC/2-3_days/230525_157.png,230525_157,230525,train,good,1,HPMEC,2-3_days,train,30acff31147147b07bb48dfa47fabf9440b12a4b7dc8f7b65e8a340c22a901df
data/raw/ooc/OOC_image_dataset/train/good/cell_type_HPMEC/2-3_days/230525_158.png,230525_158,230525,train,good,1,HPMEC,2-3_days,train,6daf740e848efeae26599b668e15315bdee3b2c0876d163163e86b6caa53f1d2
data/raw/ooc/OOC_image_dataset/train/good/cell_type_HPMEC/2-3_days/230525_160.png,230525_160,230525,train,good,1,HPMEC,2-3_days,train,4a235d430126f245df3fe0649edd66b4fe9adaaee6f5abf3920bd784a1746b21
data/raw/ooc/OOC_image_dataset/train/good/cell_type_HPMEC/2-3_days/230525_161.png,230525_161,230525,train,good,1,HPMEC,2-3_days,train,943e9817141888524f29ec3fd3ffaf4fa3902f8ff207a1a5031f28aacd239ed6
data/raw/ooc/OOC_image_dataset/train/good/cell_type_HPMEC/2-3_days/230525_162.png,230525_162,230525,train,good,1,HPMEC,2-3_days,train,b4753b3bf3ea0e0f70cb5f6902256e4553b53eb914af509eed99123f7c50f39e
data/raw/ooc/OOC_image_dataset/train/good/cell_type_HPMEC/2-3_days/230525_163.png,230525_163,230525,train,good,1,HPMEC,2-3_days,train,f7dfda402afd6b123557cb0e9c3df43191f65a0af775dce97de14d5dd9189962
data/raw/ooc/OOC_image_dataset/train/good/cell_type_HPMEC/2-3_days/230525_164.png,230525_164,230525,train,good,1,HPMEC,2-3_days,train,15822ca5d35c3b4bc04a4e0eb9a65e5dddf7f35f16acaa21e42ce9a864f02892
data/raw/ooc/OOC_image_dataset/train/good/cell_type_HPMEC/2-3_days/230525_165.png,230525_165,230525,train,good,1,HPMEC,2-3_days,train,ed0f6cf792f00c3df29890179854e7fbb5828fc900730f34a8320de0f2c8853e
data/raw/ooc/OOC_image_dataset/train/good/cell_type_HPMEC/2-3_days/230525_167.png,230525_167,230525,train,good,1,HPMEC,2-3_days,train,73b12e041ecc461e6531bef6d41afa533a1a6966a9b29167d6703d30eee14435
data/raw/ooc/OOC_image_dataset/train/good/cell_type_HPMEC/2-3_days/230525_169.png,230525_169,230525,train,good,1,HPMEC,2-3_days,train,ba2acff8832fc23249c54434d6a4c8bf99cc162647c34704baa792b6508b04e1
data/raw/ooc/OOC_image_dataset/train/good/cell_type_HPMEC/2-3_days/230525_171.png,230525_171,230525,train,good,1,HPMEC,2-3_days,train,4a319cd0c4c52937262bc8f5e01ac1cd6e8f71dd6d4849401081e5baf2a90376
data/raw/ooc/OOC_image_dataset/train/good/cell_type_HPMEC/2-3_days/230525_174.png,230525_174,230525,train,good,1,HPMEC,2-3_days,train,2c4bbccc51adde17d0e6b3c944193fa05b0b814ff1ad615d25b1fe805fb18b1c
data/raw/ooc/OOC_image_dataset/train/good/cell_type_HPMEC/2-3_days/230525_180.png,230525_180,230525,train,good,1,HPMEC,2-3_days,train,fdcc98d49e12ae772a9f8eedfe8459e7d325f74a2f5e9f4658c384266899a4f4
data/raw/ooc/OOC_image_dataset/train/good/cell_type_HPMEC/2-3_days/230525_22.png,230525_22,230525,train,good,1,HPMEC,2-3_days,train,0210280583b3c97b3e92586f438ebdd9b0b03365b82750f7ea1532f72868b091
data/raw/ooc/OOC_image_dataset/train/good/cell_type_HPMEC/2-3_days/230525_23.png,230525_23,230525,train,good,1,HPMEC,2-3_days,train,772444de728fc9f94bcb06105de4215949ffe31e84328a34117dff13c32450f6
data/raw/ooc/OOC_image_dataset/train/good/cell_type_HPMEC/2-3_days/230525_24.png,230525_24,230525,train,good,1,HPMEC,2-3_days,train,bef7badac72869686c190722c20168a47060ed0f0eca329df22f11946af955ba
data/raw/ooc/OOC_image_dataset/train/good/cell_type_HPMEC/2-3_days/230525_25.png,230525_25,230525,train,good,1,HPMEC,2-3_days,train,97614c249dd79ad9650fff583a9519ee234ba3b4f3d0dc106bba8b114fcef50f
data/raw/ooc/OOC_image_dataset/train/good/cell_type_HPMEC/2-3_days/230525_28.png,230525_28,230525,train,good,1,HPMEC,2-3_days,train,222448e22731b40954da2678accc945780ccfc232e7193401c942d978a46a778
data/raw/ooc/OOC_image_dataset/train/good/cell_type_HPMEC/2-3_days/230525_3.png,230525_3,230525,train,good,1,HPMEC,2-3_days,train,b067fb563c6d687a30f6e720bbdd23ef764d082c0b40039da532a1abbe4af435
data/raw/ooc/OOC_image_dataset/train/good/cell_type_HPMEC/2-3_days/230525_30.png,230525_30,230525,train,good,1,HPMEC,2-3_days,train,26718f0d82b7713991841e4bb53cb61c430765a783c1dde760252782bcf6e4a8
data/raw/ooc/OOC_image_dataset/train/good/cell_type_HPMEC/2-3_days/230525_35.png,230525_35,230525,train,good,1,HPMEC,2-3_days,train,5e54bbfc18cc8afcbbb1e3ee1788b18cd28a64e63d33437e767b7f293b989298
data/raw/ooc/OOC_image_dataset/train/good/cell_type_HPMEC/2-3_days/230525_5.png,230525_5,230525,train,good,1,HPMEC,2-3_days,train,9ba2ceeb3bf3becb02d4263aab9eb6814b6a7d913f9dac0370aea3f75008336b
data/raw/ooc/OOC_image_dataset/train/good/cell_type_HPMEC/2-3_days/230525_6.png,230525_6,230525,train,good,1,HPMEC,2-3_days,train,bc2c9301ed8c6b16db9ba7fa45ef4056a4e05a7473e37ad23f9facbe751a4e4e
data/raw/ooc/OOC_image_dataset/train/good/cell_type_HPMEC/2-3_days/230525_7.png,230525_7,230525,train,good,1,HPMEC,2-3_days,train,f2652769dfc9e9e7083cd17962ed594ead014127b9ba16315d7685c1203aa2a5
data/raw/ooc/OOC_image_dataset/train/good/cell_type_HPMEC/2-3_days/230525_74.png,230525_74,230525,train,good,1,HPMEC,2-3_days,train,90a2775e9e5d8ddaf82d5a7eccced40f8cadabcb920e5807f174c6f023424158
data/raw/ooc/OOC_image_dataset/train/good/cell_type_HPMEC/2-3_days/230525_77.png,230525_77,230525,train,good,1,HPMEC,2-3_days,train,93ecb2efeb414b96bbdaa4230c54e7ebc76e7ea3994f7e38104e1266ea257d39
data/raw/ooc/OOC_image_dataset/train/good/cell_type_HPMEC/2-3_days/230525_78.png,230525_78,230525,train,good,1,HPMEC,2-3_days,train,f834864314185b41b240c21d6da78b19bf6c0a6903c3c01da569336a2a009d6f
data/raw/ooc/OOC_image_dataset/train/good/cell_type_HPMEC/2-3_days/230525_8.png,230525_8,230525,train,good,1,HPMEC,2-3_days,train,bb0b98c59b31ee4bc3a837059925693031676db73e8330e5fe55796abef5c4e5
data/raw/ooc/OOC_image_dataset/train/good/cell_type_HPMEC/2-3_days/230525_82.png,230525_82,230525,train,good,1,HPMEC,2-3_days,train,a31a4669e870003128e5f2b3442f91db3dd5859d36b358a4e15120c46786b5aa
data/raw/ooc/OOC_image_dataset/train/good/cell_type_HPMEC/2-3_days/230525_83.png,230525_83,230525,train,good,1,HPMEC,2-3_days,train,d2cbe61fa21de087c536b48274ba07502bf6be1c981fc9088cd7e3ab851fa27f
data/raw/ooc/OOC_image_dataset/train/good/cell_type_HPMEC/2-3_days/230525_84.png,230525_84,230525,train,good,1,HPMEC,2-3_days,train,08355b29bea73d55cfff367498fab34e324a9bb0850bde0de1c69d5a11a1328f
data/raw/ooc/OOC_image_dataset/train/good/cell_type_HPMEC/2-3_days/230525_89.png,230525_89,230525,train,good,1,HPMEC,2-3_days,train,06d83db07e61b0b69d0776aee445c2329a728c69048f6e5f29f9120c50d3a453
data/raw/ooc/OOC_image_dataset/train/good/cell_type_HPMEC/2-3_days/230525_9.png,230525_9,230525,train,good,1,HPMEC,2-3_days,train,dec109970d0202a21fc10317e15d0a22f79cbb30300b88e7a837e7d0d1df8e8c
data/raw/ooc/OOC_image_dataset/train/good/cell_type_HPMEC/2-3_days/230525_90.png,230525_90,230525,train,good,1,HPMEC,2-3_days,train,8b7be628c42cc2b0f935afc5cb765bdb76a0213a30dc9c6bb2b312c743dd5b50
data/raw/ooc/OOC_image_dataset/train/good/cell_type_HPMEC/2-3_days/230525_93.png,230525_93,230525,train,good,1,HPMEC,2-3_days,train,b0dedd6e7ead95809fcda235edbd9d4d233946ccdc07cbba09adc2f23f36602e
data/raw/ooc/OOC_image_dataset/train/good/cell_type_HPMEC/2-3_days/230525_94.png,230525_94,230525,train,good,1,HPMEC,2-3_days,train,8f477cede705dad76832a19a25dac97b99914e61a1bbfaf2aec662a83d3a5c61
data/raw/ooc/OOC_image_dataset/train/good/cell_type_HPMEC/2-3_days/230525_96.png,230525_96,230525,train,good,1,HPMEC,2-3_days,train,3f64f8cc782d94d1bffec5a9e8bf19bafda74ac0868a84e8667a739aaa896288
data/raw/ooc/OOC_image_dataset/train/good/cell_type_HPMEC/2-3_days/230525_97.png,230525_97,230525,train,good,1,HPMEC,2-3_days,train,142c555cb1efc098f6cb103751061c169bccb0821456704fd00ccb8fd2a9a8a8
data/raw/ooc/OOC_image_dataset/train/good/cell_type_HPMEC/2-3_days/230525_98.png,230525_98,230525,train,good,1,HPMEC,2-3_days,train,e44fbaa387b47edbe4ad98e882cecbfe9d2aa48af8053b5c76c6a7cdf87952a2
data/raw/ooc/OOC_image_dataset/train/good/cell_type_HPMEC/4+_days/230123_12.png,230123_12,230123,test,good,1,HPMEC,4+_days,train,6b50ca66b38913dcf957b493caf5561daea0fa81dc47b669f784bfc530b7be9e
data/raw/ooc/OOC_image_dataset/train/good/cell_type_HPMEC/4+_days/230123_15.png,230123_15,230123,test,good,1,HPMEC,4+_days,train,fbef0b63318b0298df31f24d35d024b46efa606f4392332c84675d88e35d0c37
data/raw/ooc/OOC_image_dataset/train/good/cell_type_HPMEC/4+_days/230123_6.png,230123_6,230123,test,good,1,HPMEC,4+_days,train,a824a3e99d765f760b498ec05c3dc3f38b274b7647c8ab9ccf496163e40fe2cc
data/raw/ooc/OOC_image_dataset/train/good/cell_type_HPMEC/4+_days/230123_9.png,230123_9,230123,test,good,1,HPMEC,4+_days,train,72a99abebf0a8b89d7eda309c8224b6fe02a9168be8ef5ee852466e38a32472a
data/raw/ooc/OOC_image_dataset/train/good/cell_type_HPMEC/4+_days/230320_1.png,230320_1,230320,train,good,1,HPMEC,4+_days,train,077ce4f8ff89b20bce1bef9b6bce05335bc3ab3e4f799a40d2a12ba7cdf05f39
data/raw/ooc/OOC_image_dataset/train/good/cell_type_HPMEC/4+_days/230320_10.png,230320_10,230320,train,good,1,HPMEC,4+_days,train,4d7bf1caaa01308c5877957e2852e4ea7b89e367a3249d37839e398d6ee64584
data/raw/ooc/OOC_image_dataset/train/good/cell_type_HPMEC/4+_days/230320_101.png,230320_101,230320,train,good,1,HPMEC,4+_days,train,da650a384ae7e64665fb730e6d8250eb3012580664793386d09e3d0c5d7cff93
data/raw/ooc/OOC_image_dataset/train/good/cell_type_HPMEC/4+_days/230320_103.png,230320_103,230320,train,good,1,HPMEC,4+_days,train,26125939926f1c93ace149b8aa40e17f439a38bd852f04e8c868fa54801cbd13
data/raw/ooc/OOC_image_dataset/train/good/cell_type_HPMEC/4+_days/230320_105.png,230320_105,230320,train,good,1,HPMEC,4+_days,train,eacd337433fcd1ad79b9d22694fbbfe26e7c4042739888b1eb28190210e51c75
data/raw/ooc/OOC_image_dataset/train/good/cell_type_HPMEC/4+_days/230320_106.png,230320_106,230320,train,good,1,HPMEC,4+_days,train,5d9d14a416dab6584cfa4bcfa2b51c1ca90d33b0c6369da5ac8d655f8e9edce7
data/raw/ooc/OOC_image_dataset/train/good/cell_type_HPMEC/4+_days/230320_107.png,230320_107,230320,train,good,1,HPMEC,4+_days,train,6e06bf0d211022bba0977c0b64e75ddaefb22b2b69b0df9903e1721e5e7bbf60
data/raw/ooc/OOC_image_dataset/train/good/cell_type_HPMEC/4+_days/230320_108.png,230320_108,230320,train,good,1,HPMEC,4+_days,train,32c80ce63b4ebdada2c7a56daf25a59b43a4949192ebbf2109da4d9fd9bb5323
data/raw/ooc/OOC_image_dataset/train/good/cell_type_HPMEC/4+_days/230320_109.png,230320_109,230320,train,good,1,HPMEC,4+_days,train,f898378ceb0ec31d7362be812cae4acd287bef24c375ffe452d79082bbd2077c
data/raw/ooc/OOC_image_dataset/train/good/cell_type_HPMEC/4+_days/230320_11.png,230320_11,230320,train,good,1,HPMEC,4+_days,train,fdfb4ac4dedb2317dd4b646b36e8763056ff3b739d0f5cb9e9114d65e20ae313
data/raw/ooc/OOC_image_dataset/train/good/cell_type_HPMEC/4+_days/230320_110.png,230320_110,230320,train,good,1,HPMEC,4+_days,train,9dd630bb559dc1235c25740d0045c776a1e5a01e6df08b848cf8694a729d887f
data/raw/ooc/OOC_image_dataset/train/good/cell_type_HPMEC/4+_days/230320_111.png,230320_111,230320,train,good,1,HPMEC,4+_days,train,ac5cb498caf68ec7b7de174222e16c9eca21f4011a369e71aa2450d288c256a3
data/raw/ooc/OOC_image_dataset/train/good/cell_type_HPMEC/4+_days/230320_113.png,230320_113,230320,train,good,1,HPMEC,4+_days,train,606247c1fc5186fc6990248e3ef0fcc3d197c37333c532146d492ed671fb4d46
data/raw/ooc/OOC_image_dataset/train/good/cell_type_HPMEC/4+_days/230320_115.png,230320_115,230320,train,good,1,HPMEC,4+_days,train,ee6371d21ef4bf426c19ef80dab964d708e0e56e7dedb11a2e549185a012c70c
data/raw/ooc/OOC_image_dataset/train/good/cell_type_HPMEC/4+_days/230320_116.png,230320_116,230320,train,good,1,HPMEC,4+_days,train,26f65d2686219058eeaeef5772c2d05c7658ac11896387cdb0f3709b6c3219db
data/raw/ooc/OOC_image_dataset/train/good/cell_type_HPMEC/4+_days/230320_117.png,230320_117,230320,train,good,1,HPMEC,4+_days,train,1254d332b0c4e8e17e933b311eb44b1adcd2ab042d0a478c8cd3e53a8828253c
data/raw/ooc/OOC_image_dataset/train/good/cell_type_HPMEC/4+_days/230320_119.png,230320_119,230320,train,good,1,HPMEC,4+_days,train,a86d994c9c9cde3d9e58856b410503db529739cf1907e3acb62ac2d3cf400c73
data/raw/ooc/OOC_image_dataset/train/good/cell_type_HPMEC/4+_days/230320_121.png,230320_121,230320,train,good,1,HPMEC,4+_days,train,74f0241dcf9e9475cfb24dba659b1321cfb8cf503c3fae0eeed88dc562ca1af0
data/raw/ooc/OOC_image_dataset/train/good/cell_type_HPMEC/4+_days/230320_122.png,230320_122,230320,train,good,1,HPMEC,4+_days,train,e2ad6755f27f8d31823ef45c454cb40d0f8cfc981dba836853ceab5efa75f674
data/raw/ooc/OOC_image_dataset/train/good/cell_type_HPMEC/4+_days/230320_123.png,230320_123,230320,train,good,1,HPMEC,4+_days,train,ea32f9217361549a22de4bdf7cc0a0710b0fdba06859a1e3b412e6d606deae8a
data/raw/ooc/OOC_image_dataset/train/good/cell_type_HPMEC/4+_days/230320_13.png,230320_13,230320,train,good,1,HPMEC,4+_days,train,67dd5a8682588278e68f3bdcb1858554c0ca935459c4c1ea1a196af421ce7a42
data/raw/ooc/OOC_image_dataset/train/good/cell_type_HPMEC/4+_days/230320_16.png,230320_16,230320,train,good,1,HPMEC,4+_days,train,e44479b89154a0b96eefbfc8316e00ef7bb50c47e5eb94e59203fc5c83e3ba09
data/raw/ooc/OOC_image_dataset/train/good/cell_type_HPMEC/4+_days/230320_18.png,230320_18,230320,train,good,1,HPMEC,4+_days,train,9bb500b14fd9824fe127cfe84da0ed6d8170347946c6d49211503b984d0d005d
data/raw/ooc/OOC_image_dataset/train/good/cell_type_HPMEC/4+_days/230320_186.png,230320_186,230320,train,good,1,HPMEC,4+_days,train,337b7376ea79925ae33eceb2ddc51301586eddcf5d780af37cbc3c6fb1e2b54d
data/raw/ooc/OOC_image_dataset/train/good/cell_type_HPMEC/4+_days/230320_187.png,230320_187,230320,train,good,1,HPMEC,4+_days,train,0dad29780d65365855aee4947ad92e9bd66d6fa711f7da6109d16e5031ddc100
data/raw/ooc/OOC_image_dataset/train/good/cell_type_HPMEC/4+_days/230320_188.png,230320_188,230320,train,good,1,HPMEC,4+_days,train,50cb9a271446cf19b786b915df9a3f6da8f9f1444fa8477fa57227522840b1a0
data/raw/ooc/OOC_image_dataset/train/good/cell_type_HPMEC/4+_days/230320_189.png,230320_189,230320,train,good,1,HPMEC,4+_days,train,770c028d05cd1051b03759a11aa755f0536fd3b7abd1fbe2b264ece26c219e7a
data/raw/ooc/OOC_image_dataset/train/good/cell_type_HPMEC/4+_days/230320_19.png,230320_19,230320,train,good,1,HPMEC,4+_days,train,652af215a479576e1dae1f2cc10d90dbe28df7c5c0fd7208edacb6c82d29be0c
data/raw/ooc/OOC_image_dataset/train/good/cell_type_HPMEC/4+_days/230320_190.png,230320_190,230320,train,good,1,HPMEC,4+_days,train,ce985716d277fbf482cd1dc38edee37beb3cb32547bcd638bf558274aa534ee6
data/raw/ooc/OOC_image_dataset/train/good/cell_type_HPMEC/4+_days/230320_191.png,230320_191,230320,train,good,1,HPMEC,4+_days,train,55720eab26b56a7b63e3112da5d115fa809ef9fc3a7a81c305170f671b8d99e0
data/raw/ooc/OOC_image_dataset/train/good/cell_type_HPMEC/4+_days/230320_192.png,230320_192,230320,train,good,1,HPMEC,4+_days,train,86b56faa71668f24af089bf149ae83dd177b1b5e9d3e05a5a15884c56318e6a4
data/raw/ooc/OOC_image_dataset/train/good/cell_type_HPMEC/4+_days/230320_194.png,230320_194,230320,train,good,1,HPMEC,4+_days,train,a6876ff0470c14ac5abe491f5df780ca79bd8a2217de407321671a52f11ef05d
data/raw/ooc/OOC_image_dataset/train/good/cell_type_HPMEC/4+_days/230320_195.png,230320_195,230320,train,good,1,HPMEC,4+_days,train,c605fe2297bff6c7e467c3cc87e447bc61f254e8b1827b32ea71ecab3fc70f9a
data/raw/ooc/OOC_image_dataset/train/good/cell_type_HPMEC/4+_days/230320_196.png,230320_196,230320,train,good,1,HPMEC,4+_days,train,251a4ae00e7f5adf96a8be4473cbb2819a53c5731fec0d1fb63d03a353ea50c6
data/raw/ooc/OOC_image_dataset/train/good/cell_type_HPMEC/4+_days/230320_197.png,230320_197,230320,train,good,1,HPMEC,4+_days,train,de5eb8db818d381a83b8e48d35c77ebae858037efb88d6fcae4e44529e9ebe27
data/raw/ooc/OOC_image_dataset/train/good/cell_type_HPMEC/4+_days/230320_2.png,230320_2,230320,train,good,1,HPMEC,4+_days,train,2141a22e8adca96b2f1e2ab30d29ed041dbc4ac79c913558d6249e823e9286ba
data/raw/ooc/OOC_image_dataset/train/good/cell_type_HPMEC/4+_days/230320_22.png,230320_22,230320,train,good,1,HPMEC,4+_days,train,ce1f5252980ca1591ab2482076725c25d661f14efbc645f12d97ad7351b9939c
data/raw/ooc/OOC_image_dataset/train/good/cell_type_HPMEC/4+_days/230320_23.png,230320_23,230320,train,good,1,HPMEC,4+_days,train,b61302adb39c6320bd8c6f6cb940b998800c6dd0e723df713a8a46bd4b6407c8
data/raw/ooc/OOC_image_dataset/train/good/cell_type_HPMEC/4+_days/230320_3.png,230320_3,230320,train,good,1,HPMEC,4+_days,train,eff8cea4589da58b80621d6f7084c94765940a71f475d35f03997547fdf29bd0
data/raw/ooc/OOC_image_dataset/train/good/cell_type_HPMEC/4+_days/230320_4.png,230320_4,230320,train,good,1,HPMEC,4+_days,train,a5d7cdf9b1aeed2c716506f1bedcd575c5c8b163bb9a7694a6b1d1d3569799c0
data/raw/ooc/OOC_image_dataset/train/good/cell_type_HPMEC/4+_days/230320_5.png,230320_5,230320,train,good,1,HPMEC,4+_days,train,9dd4a353c868b9032046408da1218963770939477af9e16a026c0954976775bf
data/raw/ooc/OOC_image_dataset/train/good/cell_type_HPMEC/4+_days/230320_6.png,230320_6,230320,train,good,1,HPMEC,4+_days,train,0edce68644617fcb584bcd42c6ba1a494855b91cf6cfa3588968c0c5955f0a39
data/raw/ooc/OOC_image_dataset/train/good/cell_type_HPMEC/4+_days/230320_72.png,230320_72,230320,train,good,1,HPMEC,4+_days,train,4cb7f7cd797ede1eaa1359646139c293840f9f46a88acb4b9fc891e523feacca
data/raw/ooc/OOC_image_dataset/train/good/cell_type_HPMEC/4+_days/230320_73.png,230320_73,230320,train,good,1,HPMEC,4+_days,train,7f29614880b5c2c11d1d49944a26e226d1b0f754a0ecc9a585bc4efca019e562
data/raw/ooc/OOC_image_dataset/train/good/cell_type_HPMEC/4+_days/230320_75.png,230320_75,230320,train,good,1,HPMEC,4+_days,train,0b6b470164ff19c31325dbb5ed788fc12b394f118b704a6316e6ddd4ac75d7e0
data/raw/ooc/OOC_image_dataset/train/good/cell_type_HPMEC/4+_days/230320_76.png,230320_76,230320,train,good,1,HPMEC,4+_days,train,e82fbbbc37347ed0ac37c32fce916639c7a259291d56f0f0abc2259d75a53e89
data/raw/ooc/OOC_image_dataset/train/good/cell_type_HPMEC/4+_days/230320_79.png,230320_79,230320,train,good,1,HPMEC,4+_days,train,c0dd3aa4974ef5e009a1ac3b2bcfe6fc23475fb34656630daa2d341248385c37
data/raw/ooc/OOC_image_dataset/train/good/cell_type_HPMEC/4+_days/230320_8.png,230320_8,230320,train,good,1,HPMEC,4+_days,train,200780e9106ec4c7e35b5a305408fd1e663098ab284671217db5bec98188b10e
data/raw/ooc/OOC_image_dataset/train/good/cell_type_HPMEC/4+_days/230320_80.png,230320_80,230320,train,good,1,HPMEC,4+_days,train,dd1157e4383210a9e5d6fc6af531595c45501565990f5dc971f734fb962d64b2
data/raw/ooc/OOC_image_dataset/train/good/cell_type_HPMEC/4+_days/230320_81.png,230320_81,230320,train,good,1,HPMEC,4+_days,train,35973ee9ad90026c66da8772d7746b3e7429111b948d060c4b45c249587121ed
data/raw/ooc/OOC_image_dataset/train/good/cell_type_HPMEC/4+_days/230320_82.png,230320_82,230320,train,good,1,HPMEC,4+_days,train,1605c1067217e000c479b415665916b1afe0d2bfd70e555e359b8c705e4f3c48
data/raw/ooc/OOC_image_dataset/train/good/cell_type_HPMEC/4+_days/230320_83.png,230320_83,230320,train,good,1,HPMEC,4+_days,train,893e6a46cd0caaf3d72c73634eed59e47276d08c84b4f8ab26433a8863db111e
data/raw/ooc/OOC_image_dataset/train/good/cell_type_HPMEC/4+_days/230320_87.png,230320_87,230320,train,good,1,HPMEC,4+_days,train,d1822db43aac037a4b57fc30838578d0bdbece855d8f6c7d1acacb2ce2baa658
data/raw/ooc/OOC_image_dataset/train/good/cell_type_HPMEC/4+_days/230320_88.png,230320_88,230320,train,good,1,HPMEC,4+_days,train,bc859bd8da5787480c84a715fc7eb7aa4271716852c3fe28efb706b59b5c8fab
data/raw/ooc/OOC_image_dataset/train/good/cell_type_HPMEC/4+_days/230320_9.png,230320_9,230320,train,good,1,HPMEC,4+_days,train,9162444258d8bf272e904a82fb964bf164fc50e176597e8d9fcb37af489bd405
data/raw/ooc/OOC_image_dataset/train/good/cell_type_HPMEC/4+_days/230320_92.png,230320_92,230320,train,good,1,HPMEC,4+_days,train,d808bb5d3f2623b344c8aac800a9f9eafe7060418d07eda391c408978c868f98
data/raw/ooc/OOC_image_dataset/train/good/cell_type_HPMEC/4+_days/230320_94.png,230320_94,230320,train,good,1,HPMEC,4+_days,train,c8a710fa6cb65bd65c656da3703f1e7e031a837a11d4d574605848629c7d2d80
data/raw/ooc/OOC_image_dataset/train/good/cell_type_HPMEC/4+_days/230320_95.png,230320_95,230320,train,good,1,HPMEC,4+_days,train,3c6d21cab7e06b016f0429a493bb6065ad480485890565e03a51a779cef98aa1
data/raw/ooc/OOC_image_dataset/train/good/cell_type_HPMEC/4+_days/230320_96.png,230320_96,230320,train,good,1,HPMEC,4+_days,train,76781df6d04364190c635c0942e39ee51d4b3da00f8a8750c05230803aa9499b
data/raw/ooc/OOC_image_dataset/train/good/cell_type_HPMEC/4+_days/230320_97.png,230320_97,230320,train,good,1,HPMEC,4+_days,train,f1ebf5b0e9b4cda563454fb2caab701133fa6284f5e37151ba7d9e3aab09bcb7
data/raw/ooc/OOC_image_dataset/train/good/cell_type_HPMEC/4+_days/230321_10.png,230321_10,230321,test,good,1,HPMEC,4+_days,train,15fd332a3435236006d729e4cb5dd96b2696b8302ee3f10c6969e3a4fa9c22fc
data/raw/ooc/OOC_image_dataset/train/good/cell_type_HPMEC/4+_days/230321_11.png,230321_11,230321,test,good,1,HPMEC,4+_days,train,9b943249f39dda447168745e317776e5e9734292c2cffccf93d2315f25f54b7b
data/raw/ooc/OOC_image_dataset/train/good/cell_type_HPMEC/4+_days/230321_15.png,230321_15,230321,test,good,1,HPMEC,4+_days,train,152bd21017ae69050a1e9f587db13dd4fa0732159eac79eee282f4cc4c3b40af
data/raw/ooc/OOC_image_dataset/train/good/cell_type_HPMEC/4+_days/230321_16.png,230321_16,230321,test,good,1,HPMEC,4+_days,train,e789d3b6a6d73a812954db74209df9389bb1135daf24e913093b0d59b70e9a03
data/raw/ooc/OOC_image_dataset/train/good/cell_type_HPMEC/4+_days/230321_9.png,230321_9,230321,test,good,1,HPMEC,4+_days,train,33315d92bb587fcc7e4439f0064210aff4656f236241a43ffe2da29832582e17
data/raw/ooc/OOC_image_dataset/train/good/cell_type_HPMEC/4+_days/230424_29.png,230424_29,230424,validation,good,1,HPMEC,4+_days,train,b004b0625bbdf1dd380a047849b3af974bb11dc2cd89fd10f58da8ea5ff0a487
data/raw/ooc/OOC_image_dataset/train/good/cell_type_HPMEC/4+_days/230424_30.png,230424_30,230424,validation,good,1,HPMEC,4+_days,train,5c4d9c9384fbe291cee8ec6d9efd8f9d266c83449c38fe377859ab671b364350
data/raw/ooc/OOC_image_dataset/train/good/cell_type_HPMEC/4+_days/230424_32.png,230424_32,230424,validation,good,1,HPMEC,4+_days,train,12f3fc53799dc0065174105febb5a6056b39183c976ea8242af2d571603ff108
data/raw/ooc/OOC_image_dataset/train/good/cell_type_HPMEC/4+_days/230424_34.png,230424_34,230424,validation,good,1,HPMEC,4+_days,train,067ffa36d8e4de15d80658f5adf288601a1909d297ed5d15b025c812bb264685
data/raw/ooc/OOC_image_dataset/train/good/cell_type_HPMEC/4+_days/230424_40.png,230424_40,230424,validation,good,1,HPMEC,4+_days,train,1395262a9d3e1fcf503690bc6765ab79457044b3d18935a8054d8dcac2c37f35
data/raw/ooc/OOC_image_dataset/train/good/cell_type_HPMEC/4+_days/230424_45.png,230424_45,230424,validation,good,1,HPMEC,4+_days,train,0425cadb4cf58d0c373458d6806addc6642aa4b73548fb99e38ffd0faf608724
data/raw/ooc/OOC_image_dataset/train/good/cell_type_HPMEC/4+_days/230424_46.png,230424_46,230424,validation,good,1,HPMEC,4+_days,train,9dd15bd9a8c932813a079d2e308b003d98dc40134e837b6d22c28703868a9698
data/raw/ooc/OOC_image_dataset/train/good/cell_type_HPMEC/4+_days/230424_47.png,230424_47,230424,validation,good,1,HPMEC,4+_days,train,69f95134f993277836d18a717a5dffc84128b76963a15710c45a12119dce2b18
data/raw/ooc/OOC_image_dataset/train/good/cell_type_HPMEC/4+_days/230424_48.png,230424_48,230424,validation,good,1,HPMEC,4+_days,train,8ca9efa7f9b0bd5759c1c0727fd1681dff70bf2eda81a0e88930afdb64645148
data/raw/ooc/OOC_image_dataset/train/good/cell_type_HPMEC/4+_days/230424_50.png,230424_50,230424,validation,good,1,HPMEC,4+_days,train,ea45897bbb0be9809951f3569d0463cb4e72ae7e5d44623f77356a9faf6241d4
data/raw/ooc/OOC_image_dataset/train/good/cell_type_HPMEC/4+_days/230424_51.png,230424_51,230424,validation,good,1,HPMEC,4+_days,train,477c7a36ed1cb2e91ebc28a170404505273603b2aaf4eeec3e5a8ef1205a64e4
data/raw/ooc/OOC_image_dataset/train/good/cell_type_HPMEC/4+_days/230424_52.png,230424_52,230424,validation,good,1,HPMEC,4+_days,train,e163ab71bef575f047332031d91cfe6488cbf8e389b91ee93a584d72171d9f26
data/raw/ooc/OOC_image_dataset/train/good/cell_type_HPMEC/4+_days/230425_107.png,230425_107,230425,train,good,1,HPMEC,4+_days,train,4e4e788a95c8f516e66b0fca71b85db64a049f6493dc2226786c02ec47e7cc1d
data/raw/ooc/OOC_image_dataset/train/good/cell_type_HPMEC/4+_days/230425_109.png,230425_109,230425,train,good,1,HPMEC,4+_days,train,7ebec8c106cbb09524d18ea145830e445afb0f4f3c78f19409182866aea89a70
data/raw/ooc/OOC_image_dataset/train/good/cell_type_HPMEC/4+_days/230425_110.png,230425_110,230425,train,good,1,HPMEC,4+_days,train,084f9b0e10826efce7d502b4f03e525ccc7f46fe43fd796e7b5b9f6075177257
data/raw/ooc/OOC_image_dataset/train/good/cell_type_HPMEC/4+_days/230425_112.png,230425_112,230425,train,good,1,HPMEC,4+_days,train,291f451b1ef0ff29712ebce40ba80bc8d2d2cfe96bbd37d5c03a4191d550363b
data/raw/ooc/OOC_image_dataset/train/good/cell_type_HPMEC/4+_days/230425_113.png,230425_113,230425,train,good,1,HPMEC,4+_days,train,de1701fadba7a929c5f0a17608aaceee276d63139294ca75034f36496b78f501
data/raw/ooc/OOC_image_dataset/train/good/cell_type_HPMEC/4+_days/230425_114.png,230425_114,230425,train,good,1,HPMEC,4+_days,train,9e0d2592bf6f59b579144c6971ef61f386a3213d02e50551a86a2019793a77b4
data/raw/ooc/OOC_image_dataset/train/good/cell_type_HPMEC/4+_days/230425_115.png,230425_115,230425,train,good,1,HPMEC,4+_days,train,1539f97428fdd78dce4c98c6d376bb28248fa937ca99979abe8632ce8c7ef3b0
data/raw/ooc/OOC_image_dataset/train/good/cell_type_HPMEC/4+_days/230425_117.png,230425_117,230425,train,good,1,HPMEC,4+_days,train,25a25720504020867a3216cc9b8e369ad3c70f1c556a39a0558f4198d51cab23
data/raw/ooc/OOC_image_dataset/train/good/cell_type_HPMEC/4+_days/230425_118.png,230425_118,230425,train,good,1,HPMEC,4+_days,train,ce119a0efc93680ee809f94e6f21c04b217ee35c651959f417dedc28b084145d
data/raw/ooc/OOC_image_dataset/train/good/cell_type_HPMEC/4+_days/230425_119.png,230425_119,230425,train,good,1,HPMEC,4+_days,train,459e8b32d8ee4598fd0264b39f9a8e15d9d2e77cb780ee0acba8bfbb0038c696
data/raw/ooc/OOC_image_dataset/train/good/cell_type_HPMEC/4+_days/230425_120.png,230425_120,230425,train,good,1,HPMEC,4+_days,train,e41df01e9dfeac3673cc8d813fabf8f5faaed9b5a33b62c663b76cd8f113026f
data/raw/ooc/OOC_image_dataset/train/good/cell_type_HPMEC/4+_days/230425_121.png,230425_121,230425,train,good,1,HPMEC,4+_days,train,99a1d57dc489ebe720fb936c57de8641cc4ac0f9d7f89e863d8917b7d32e9633
data/raw/ooc/OOC_image_dataset/train/good/cell_type_HPMEC/4+_days/230425_123.png,230425_123,230425,train,good,1,HPMEC,4+_days,train,d373e670a96e992458d1e4f3f302204d3cf52ea240b33f24ca5f941c2ebf23b7
data/raw/ooc/OOC_image_dataset/train/good/cell_type_HPMEC/4+_days/230425_127.png,230425_127,230425,train,good,1,HPMEC,4+_days,train,673d31137ab35fcfa032cd981e0ce1788753dfdac87061dbde7bd112d3787dab
data/raw/ooc/OOC_image_dataset/train/good/cell_type_HPMEC/4+_days/230425_135.png,230425_135,230425,train,good,1,HPMEC,4+_days,train,e4d9524d867c1543a4744b6b9c479d89518c7ce8de85161a557ef8965678ee87
data/raw/ooc/OOC_image_dataset/train/good/cell_type_HPMEC/4+_days/230425_138.png,230425_138,230425,train,good,1,HPMEC,4+_days,train,3276cb33c18e6795002b2b757f631e77ddf7ef5224c2b55f8435eede1b5d2ac8
data/raw/ooc/OOC_image_dataset/train/good/cell_type_HPMEC/4+_days/230425_139.png,230425_139,230425,train,good,1,HPMEC,4+_days,train,e468df9b4ab945f6caa1eab3572383a222b098255e918ad9ff9fe598f23ac2fc
data/raw/ooc/OOC_image_dataset/train/good/cell_type_HPMEC/4+_days/230425_140.png,230425_140,230425,train,good,1,HPMEC,4+_days,train,2d44d495caa8faf72615990cf965784f3d797ff8d3bffa5f38284db6cf1290c0
data/raw/ooc/OOC_image_dataset/train/good/cell_type_HPMEC/4+_days/230425_18.png,230425_18,230425,train,good,1,HPMEC,4+_days,train,9d070c646408f1c08aad3fced2d99d87ebf5128e1d6ed6d9c51c28c0d0529dc3
data/raw/ooc/OOC_image_dataset/train/good/cell_type_HPMEC/4+_days/230425_19.png,230425_19,230425,train,good,1,HPMEC,4+_days,train,344a944e09d568c2c5f41be22ce879983e41fbe5160e291539349350f6d5a149
data/raw/ooc/OOC_image_dataset/train/good/cell_type_HPMEC/4+_days/230425_20.png,230425_20,230425,train,good,1,HPMEC,4+_days,train,ec41ac4d8dacbdb3650a241549aa708b1035696def1df9f77061c85d030a571a
data/raw/ooc/OOC_image_dataset/train/good/cell_type_HPMEC/4+_days/230425_22.png,230425_22,230425,train,good,1,HPMEC,4+_days,train,12bda1756a567670c703cf41554a3508af06a77d95a2617b5a4029fa68f5ce84
data/raw/ooc/OOC_image_dataset/train/good/cell_type_HPMEC/4+_days/230425_23.png,230425_23,230425,train,good,1,HPMEC,4+_days,train,b267032415e26797da4ba72e931c81bdb2bc07d5ca15940db7cfc2d1115516c9
data/raw/ooc/OOC_image_dataset/train/good/cell_type_HPMEC/4+_days/230425_24.png,230425_24,230425,train,good,1,HPMEC,4+_days,train,63343db947009b19a0b2498b4681b46d6f43ef5103ec5569569ba3c7202d1f57
data/raw/ooc/OOC_image_dataset/train/good/cell_type_HPMEC/4+_days/230425_25.png,230425_25,230425,train,good,1,HPMEC,4+_days,train,9df3e5b3ee0ae90fc450e3a848fea0ac400ee1fb7bf888c33f30f68393261c29
data/raw/ooc/OOC_image_dataset/train/good/cell_type_HPMEC/4+_days/230425_26.png,230425_26,230425,train,good,1,HPMEC,4+_days,train,2e7a13ca6c3619e87e2907dc06160221865959f616a658ef148913605ad15e11
data/raw/ooc/OOC_image_dataset/train/good/cell_type_HPMEC/4+_days/230425_27.png,230425_27,230425,train,good,1,HPMEC,4+_days,train,daf6193df4be7fde5fb723d332201d2ae4d5bcca18fd917c6224143c4eef8993
data/raw/ooc/OOC_image_dataset/train/good/cell_type_HPMEC/4+_days/230425_28.png,230425_28,230425,train,good,1,HPMEC,4+_days,train,b44fd7d8ffc4e3de924178cb34b997f9e0f9ea728bade7084fb8346fdbba937c
data/raw/ooc/OOC_image_dataset/train/good/cell_type_HPMEC/4+_days/230425_31.png,230425_31,230425,train,good,1,HPMEC,4+_days,train,a8335db78ab19b9e4c4dbef2c9e16d40dd97042b9ddabc6e0865ef7edac4b807
data/raw/ooc/OOC_image_dataset/train/good/cell_type_HPMEC/4+_days/230425_33.png,230425_33,230425,train,good,1,HPMEC,4+_days,train,d8e92909d78574cdb22949695fd94e910682b44d9cfda0dfee5dee90a6d80894
data/raw/ooc/OOC_image_dataset/train/good/cell_type_HPMEC/4+_days/230425_37.png,230425_37,230425,train,good,1,HPMEC,4+_days,train,e7f4218f5386066ea39c40a3f54ddb4f862c9331d1abeaaa03fac35314593775
data/raw/ooc/OOC_image_dataset/train/good/cell_type_HPMEC/4+_days/230425_38.png,230425_38,230425,train,good,1,HPMEC,4+_days,train,07e181bb28674c5145f77e725445c7e79987713d9b9b99add46e55957f7c9aa2
data/raw/ooc/OOC_image_dataset/train/good/cell_type_HPMEC/4+_days/230425_43.png,230425_43,230425,train,good,1,HPMEC,4+_days,train,bd46ce2e089df045fec9bf2a4a0a45e387b8d48a251cf686427ff1df97b9d6f2
data/raw/ooc/OOC_image_dataset/train/good/cell_type_HPMEC/4+_days/230425_44.png,230425_44,230425,train,good,1,HPMEC,4+_days,train,734935f967e9e16e0f6f8930dc3281447c3fef3c85013ec6741cf780236765e0
data/raw/ooc/OOC_image_dataset/train/good/cell_type_HPMEC/4+_days/230425_46.png,230425_46,230425,train,good,1,HPMEC,4+_days,train,d0f80345ed7d072b2524408c951bbee0662c6785a88f899ba58fda18f6959c06
data/raw/ooc/OOC_image_dataset/train/good/cell_type_HPMEC/4+_days/230425_47.png,230425_47,230425,train,good,1,HPMEC,4+_days,train,7dd39f927ebb5a8c4d5a0c345a382c51f3a7bc0a4ae2c9cfbe5684ac7047adfb
data/raw/ooc/OOC_image_dataset/train/good/cell_type_HPMEC/4+_days/230425_48.png,230425_48,230425,train,good,1,HPMEC,4+_days,train,5edf97c521a3ba43e17f79294ef866c00c804ce7ab331848bb8bcaedb816de13
data/raw/ooc/OOC_image_dataset/train/good/cell_type_HPMEC/4+_days/230425_49.png,230425_49,230425,train,good,1,HPMEC,4+_days,train,04b0bb89f9c978f3edcfd63d3ad270877bc6cad7e3cf8fe2870a2dbe9b42de32
data/raw/ooc/OOC_image_dataset/train/good/cell_type_HPMEC/4+_days/230425_50.png,230425_50,230425,train,good,1,HPMEC,4+_days,train,15b349311ce72e5f77e99c0dcb4e34e3fe106a6e4b6e21574d7a8da05eee7e34
data/raw/ooc/OOC_image_dataset/train/good/cell_type_HPMEC/4+_days/230425_51.png,230425_51,230425,train,good,1,HPMEC,4+_days,train,cba63c96c92c248fd7e4e48a512c6a5bf4bcf21f032487b0428c8d5cbe6bb388
data/raw/ooc/OOC_image_dataset/train/good/cell_type_HPMEC/4+_days/230517_1.png,230517_1,230517,test,good,1,HPMEC,4+_days,train,3d703d72f0177661f812d2b21811dab29fc26c847dc2ec63ffe2f43747c05886
data/raw/ooc/OOC_image_dataset/train/good/cell_type_HPMEC/4+_days/230517_10.png,230517_10,230517,test,good,1,HPMEC,4+_days,train,e93135c787d1add7a1d520cbe3a89ce79be367532276eab3f4196ddca1ebde23
data/raw/ooc/OOC_image_dataset/train/good/cell_type_HPMEC/4+_days/230517_13.png,230517_13,230517,test,good,1,HPMEC,4+_days,train,45c723805709db4f43e4e0ae2cfc2faaa5f90864154c1174593da4e6d7daf8c0
data/raw/ooc/OOC_image_dataset/train/good/cell_type_HPMEC/4+_days/230517_14.png,230517_14,230517,test,good,1,HPMEC,4+_days,train,a0522de7a930102007669c5546d6bc96a1da7b9352ea63269e11efa4694b4fd3
data/raw/ooc/OOC_image_dataset/train/good/cell_type_HPMEC/4+_days/230517_15.png,230517_15,230517,test,good,1,HPMEC,4+_days,train,cb6692a32160e2a047895e31dd6c26b7320fd0d63bcc6a2b4c256744ab96f122
data/raw/ooc/OOC_image_dataset/train/good/cell_type_HPMEC/4+_days/230517_16.png,230517_16,230517,test,good,1,HPMEC,4+_days,train,65b3b61a2bd510b489c3a29f3e04c4df8ca8c6a0e9fadfca1f0e934c59fc694a
data/raw/ooc/OOC_image_dataset/train/good/cell_type_HPMEC/4+_days/230517_19.png,230517_19,230517,test,good,1,HPMEC,4+_days,train,cf1cd51b023b8fe5aa00807af64e0ea30d65949becccb4d8af7a641620135e23
data/raw/ooc/OOC_image_dataset/train/good/cell_type_HPMEC/4+_days/230517_2.png,230517_2,230517,test,good,1,HPMEC,4+_days,train,58747b47812f614f67b10d6a1b86cdc59b108918caaae3de1ef917f6e2e778b8
data/raw/ooc/OOC_image_dataset/train/good/cell_type_HPMEC/4+_days/230517_20.png,230517_20,230517,test,good,1,HPMEC,4+_days,train,b32a2bb2e6ad073b5d79bbcb8b3cec88e8c06e38e8cf13a7baf6d2d52c2c49fb
data/raw/ooc/OOC_image_dataset/train/good/cell_type_HPMEC/4+_days/230517_21.png,230517_21,230517,test,good,1,HPMEC,4+_days,train,27fdcf2f3d6b3a9235c90a2deea5864473840f8142e78fd0468f8237f9963393
data/raw/ooc/OOC_image_dataset/train/good/cell_type_HPMEC/4+_days/230517_22.png,230517_22,230517,test,good,1,HPMEC,4+_days,train,df207e052775f5056216cda9a6dd7079ad62df5d92e40734ee410179d231ad55
data/raw/ooc/OOC_image_dataset/train/good/cell_type_HPMEC/4+_days/230517_24.png,230517_24,230517,test,good,1,HPMEC,4+_days,train,431918364ccfdddb490b02834d4f0f3a29b363a99d1ff7851ca1d973356c7601
data/raw/ooc/OOC_image_dataset/train/good/cell_type_HPMEC/4+_days/230517_26.png,230517_26,230517,test,good,1,HPMEC,4+_days,train,c79a1de0a8eaf20f1b7e22adf0e5525b7cd5f8bc9c4c959246ecd562be4f8b7d
data/raw/ooc/OOC_image_dataset/train/good/cell_type_HPMEC/4+_days/230517_27.png,230517_27,230517,test,good,1,HPMEC,4+_days,train,fa62e6f726f0ee26004cb829934b15c30c7db63cce1440a1e3a1ab354d1be206
data/raw/ooc/OOC_image_dataset/train/good/cell_type_HPMEC/4+_days/230517_32.png,230517_32,230517,test,good,1,HPMEC,4+_days,train,1e0cdf47999ebd40fb95a07580998522b4455cc534c9b383c56f608fb5f909bb
data/raw/ooc/OOC_image_dataset/train/good/cell_type_HPMEC/4+_days/230517_33.png,230517_33,230517,test,good,1,HPMEC,4+_days,train,82ae49ad7f85b3b44a28cacffba0d6ee1bd0ab2668448bd31b695dd728fc51ab
data/raw/ooc/OOC_image_dataset/train/good/cell_type_HPMEC/4+_days/230517_4.png,230517_4,230517,test,good,1,HPMEC,4+_days,train,7e6db89f556d7a6001b1de2f24ba97afb00a42e0a5e5e440d5efbf02b09a81fb
data/raw/ooc/OOC_image_dataset/train/good/cell_type_HPMEC/4+_days/230517_5.png,230517_5,230517,test,good,1,HPMEC,4+_days,train,e83548798f014aa54831e7e8eb3c1578e1d32fe506ab272e06b4a14bab96d0d5
data/raw/ooc/OOC_image_dataset/train/good/cell_type_HPMEC/4+_days/230517_6.png,230517_6,230517,test,good,1,HPMEC,4+_days,train,592a33bb6f26437ac0af70f2e8f1cc64f2aa75d25ec2d8f19fa635764f4855a8
data/raw/ooc/OOC_image_dataset/train/good/cell_type_HPMEC/4+_days/230517_7.png,230517_7,230517,test,good,1,HPMEC,4+_days,train,92286df85c26f70b95033587618dc480ce9fae0ac59ae5627bf40b0d2f808daa
data/raw/ooc/OOC_image_dataset/train/good/cell_type_HPMEC/4+_days/230517_8.png,230517_8,230517,test,good,1,HPMEC,4+_days,train,9d4574e5c9bc3ea55587cdd0216d217442fa3bab0699abf483e599a088b2adbf
data/raw/ooc/OOC_image_dataset/train/good/cell_type_HPMEC/4+_days/230517_9.png,230517_9,230517,test,good,1,HPMEC,4+_days,train,86e117779c1d265dcd5b82f4fb2f1daa733251e408135b635697b6a87d596ece
data/raw/ooc/OOC_image_dataset/train/good/cell_type_HPMEC/4+_days/230529_1.png,230529_1,230529,train,good,1,HPMEC,4+_days,train,9c64dca5d75ca6451305df7fb99a73f0eb9f57ab2a03017de5d2eb230e459f43
data/raw/ooc/OOC_image_dataset/train/good/cell_type_HPMEC/4+_days/230529_10.png,230529_10,230529,train,good,1,HPMEC,4+_days,train,490c98319f0578192302224f1dd74c332c69e64ecdb984f8e7e96990fb4fd5de
data/raw/ooc/OOC_image_dataset/train/good/cell_type_HPMEC/4+_days/230529_11.png,230529_11,230529,train,good,1,HPMEC,4+_days,train,9ffde4555158fbf99f52ef2922d86d5fb3b350dc972bb06973eced194e1eda4a
data/raw/ooc/OOC_image_dataset/train/good/cell_type_HPMEC/4+_days/230529_14.png,230529_14,230529,train,good,1,HPMEC,4+_days,train,4015cfe9423ad5a214141eaed4b1c8d50889f7a99e4676efc497b1ec9f21ab57
data/raw/ooc/OOC_image_dataset/train/good/cell_type_HPMEC/4+_days/230529_159.png,230529_159,230529,train,good,1,HPMEC,4+_days,train,cc2e124789245eb8d5281185fc1b93a7c33ee38b972c35dac0fb84660358cc15
data/raw/ooc/OOC_image_dataset/train/good/cell_type_HPMEC/4+_days/230529_167.png,230529_167,230529,train,good,1,HPMEC,4+_days,train,db3c33205df6924a187ea578b118f9cb6de02924446ee4879ba2a13eaf38cfcb
data/raw/ooc/OOC_image_dataset/train/good/cell_type_HPMEC/4+_days/230529_168.png,230529_168,230529,train,good,1,HPMEC,4+_days,train,6f1ad68e7df03838764bee2a1676e479fc57356623ccbb8b28c323520f758b79
data/raw/ooc/OOC_image_dataset/train/good/cell_type_HPMEC/4+_days/230529_169.png,230529_169,230529,train,good,1,HPMEC,4+_days,train,100a190631eccc7b30280cff3136cb93ba1ccd000aadfa42430c6ef03f4229d3
data/raw/ooc/OOC_image_dataset/train/good/cell_type_HPMEC/4+_days/230529_170.png,230529_170,230529,train,good,1,HPMEC,4+_days,train,aabbacd2fe528f9303edd1def73625a399a6e6b8f25e1920c6631b4039c792d0
data/raw/ooc/OOC_image_dataset/train/good/cell_type_HPMEC/4+_days/230529_171.png,230529_171,230529,train,good,1,HPMEC,4+_days,train,bc59be259b8dfa64fb8020ebebd1f44613f0e2245ea36095b44734b40d89dfc9
data/raw/ooc/OOC_image_dataset/train/good/cell_type_HPMEC/4+_days/230529_4.png,230529_4,230529,train,good,1,HPMEC,4+_days,train,2ad3d7ff4ed98a9df650e6d257f8a9f3fe54d68fb42328a1357ee85feb7d3c28
data/raw/ooc/OOC_image_dataset/train/good/cell_type_HPMEC/4+_days/230529_72.png,230529_72,230529,train,good,1,HPMEC,4+_days,train,76b532d9084d7516cdd7af49507dcb743efe23d2d0b8a66800dcebe71df5ff2f
data/raw/ooc/OOC_image_dataset/train/good/cell_type_HPMEC/4+_days/230529_8.png,230529_8,230529,train,good,1,HPMEC,4+_days,train,1a0dc59f2bfdedb9517b6bf4276cf2bb3f5ce3d3e87ae5da7cb8d89e2829acec
data/raw/ooc/OOC_image_dataset/train/good/cell_type_HPMEC/4+_days/230529_82.png,230529_82,230529,train,good,1,HPMEC,4+_days,train,e0bfc440662f1389e1af7a8951c7820d6ed580f5d07492a7130a7fdc1c6c06d1
data/raw/ooc/OOC_image_dataset/train/good/cell_type_HPMEC/4+_days/230529_83.png,230529_83,230529,train,good,1,HPMEC,4+_days,train,50b0c29d62ae4c8e7d5bdd8c710d116967ce44be8f3238bec2ab6ae1772ddf28
data/raw/ooc/OOC_image_dataset/train/good/cell_type_HPMEC/4+_days/230529_84.png,230529_84,230529,train,good,1,HPMEC,4+_days,train,8d52380f4981d591a378c4492c0fa985f97148e22339adfb49cc8cc60c178288
data/raw/ooc/OOC_image_dataset/train/good/cell_type_HPMEC/4+_days/230529_85.png,230529_85,230529,train,good,1,HPMEC,4+_days,train,fb0c84848046e9408a9bf0bc98845940d5c12a7083784d57f17531c1924d0b4b
data/raw/ooc/OOC_image_dataset/train/good/cell_type_HPMEC/4+_days/230529_86.png,230529_86,230529,train,good,1,HPMEC,4+_days,train,39a3ec7fd78dc9486fd26e263ff7103db5a0bdba1733e865f1625c0a14afc5a1
data/raw/ooc/OOC_image_dataset/train/good/cell_type_HPMEC/4+_days/230529_87.png,230529_87,230529,train,good,1,HPMEC,4+_days,train,1236adb43fb56045d7747b4b6d41709adf8129cbcaae1a4edb4e46d1b51cf14b
data/raw/ooc/OOC_image_dataset/train/good/cell_type_HPMEC/4+_days/230529_93.png,230529_93,230529,train,good,1,HPMEC,4+_days,train,69b589069a2edb71faf60b821d81c500709e7a71ce9b3fa77f6edf47879ce50f
data/raw/ooc/OOC_image_dataset/train/good/cell_type_HPMEC/4+_days/230529_94.png,230529_94,230529,train,good,1,HPMEC,4+_days,train,f85d6dba093f549f98ace66191e5e47f7346197815ee14f7514ea1561b012045
data/raw/ooc/OOC_image_dataset/train/good/cell_type_HPMEC/4+_days/230529_95.png,230529_95,230529,train,good,1,HPMEC,4+_days,train,8a106499bc4aa251e039380b33ff039d6aeaf411703d9a8c7f97cee6ae0b9770
data/raw/ooc/OOC_image_dataset/train/good/cell_type_HPMEC/4+_days/230529_96.png,230529_96,230529,train,good,1,HPMEC,4+_days,train,0ae11f0be327c5a3ed516a5596701d549e013f50a38787ab035c13e5449edb8c
data/raw/ooc/OOC_image_dataset/train/good/cell_type_HPMEC/4+_days/230529_97.png,230529_97,230529,train,good,1,HPMEC,4+_days,train,51aec5702c33ec7c40bd1006b2fe8adb64a7803c5ea587f69026d2ba60a81422
data/raw/ooc/OOC_image_dataset/train/good/cell_type_HPMEC/4+_days/230529_98.png,230529_98,230529,train,good,1,HPMEC,4+_days,train,aae06bbc1d4ae8519690bedc066eba0c125da452f56ee2bc4dae0a3b2d166b9f
data/raw/ooc/OOC_image_dataset/train/good/cell_type_HPMEC/4_days/230317_13.png,230317_13,230317,train,good,1,HPMEC,4_days,train,50cb4b9fb7790e77c76024c76f0e4b03350f8d94d137d92294f2af4e92aade8b
data/raw/ooc/OOC_image_dataset/train/good/cell_type_HPMEC/4_days/230317_15.png,230317_15,230317,train,good,1,HPMEC,4_days,train,8b31d1286833277357bdcf168ed053f9d68fb641fa1999f56b42930d9d99b52f
data/raw/ooc/OOC_image_dataset/train/good/cell_type_HPMEC/4_days/230317_17.png,230317_17,230317,train,good,1,HPMEC,4_days,train,fbd59bfae3ffd837681152f95599e9df160bca44be6e85aa7019bae5b0471fd2
data/raw/ooc/OOC_image_dataset/train/good/cell_type_HPMEC/4_days/230317_18.png,230317_18,230317,train,good,1,HPMEC,4_days,train,584c9db73fbf3816e08fe2d5c9f2239a5f8fed765114e3d786e687e1e5c5bf6d
data/raw/ooc/OOC_image_dataset/train/good/cell_type_HPMEC/4_days/230317_2.png,230317_2,230317,train,good,1,HPMEC,4_days,train,4728b268a2be2c0693b41163aa7f43a6a66f59c0763d7f4d6e4dbaeb90177cb9
data/raw/ooc/OOC_image_dataset/train/good/cell_type_HPMEC/4_days/230317_20.png,230317_20,230317,train,good,1,HPMEC,4_days,train,d89db3815639bf77760acd94bbed4b0a37bd991f4726fe68514496ff175e9998
data/raw/ooc/OOC_image_dataset/train/good/cell_type_HPMEC/4_days/230317_21.png,230317_21,230317,train,good,1,HPMEC,4_days,train,88ffad65ec25018f2f4c5163c1e498cad43f577445d2cbf4f2ad2ca053c14963
data/raw/ooc/OOC_image_dataset/train/good/cell_type_HPMEC/4_days/230317_22.png,230317_22,230317,train,good,1,HPMEC,4_days,train,3398338c23a039426dff451dde3c7540a882b515af06584f24305e45e5bdbe07
data/raw/ooc/OOC_image_dataset/train/good/cell_type_HPMEC/4_days/230317_23.png,230317_23,230317,train,good,1,HPMEC,4_days,train,9a66623c81c43012cfbe0fed4236c646e04d339ecdea0e9d22e0aa5c343d8f59
data/raw/ooc/OOC_image_dataset/train/good/cell_type_HPMEC/4_days/230317_25.png,230317_25,230317,train,good,1,HPMEC,4_days,train,914f8cb6305dfdfb223730422b03aa1ac6072836acde1bd635044ec75f8ac979
data/raw/ooc/OOC_image_dataset/train/good/cell_type_HPMEC/4_days/230317_28.png,230317_28,230317,train,good,1,HPMEC,4_days,train,f7ed67facea315eb6bda1ca3797db5b62374ac40de9f503470d41e2b6997d269
data/raw/ooc/OOC_image_dataset/train/good/cell_type_HPMEC/4_days/230317_29.png,230317_29,230317,train,good,1,HPMEC,4_days,train,769ffc80a2cd4c4c5bde0e45234c9938ecddff8f3553253a7730e7c03c8701ec
data/raw/ooc/OOC_image_dataset/train/good/cell_type_HPMEC/4_days/230317_3.png,230317_3,230317,train,good,1,HPMEC,4_days,train,b1c9facebb39b557472d614bce2155edeeeed6d58b1b4169ed4b85797000720d
data/raw/ooc/OOC_image_dataset/train/good/cell_type_HPMEC/4_days/230317_30.png,230317_30,230317,train,good,1,HPMEC,4_days,train,27bdb451f5ee365da844798a83d4704d7cac9feb5213e47ee31ad82e490ab77b
data/raw/ooc/OOC_image_dataset/train/good/cell_type_HPMEC/4_days/230317_31.png,230317_31,230317,train,good,1,HPMEC,4_days,train,01074f9ab5e60fa52ffdbaa53b7f4b76b67072d9226fa2fa7f9a5c0785fed8c7
data/raw/ooc/OOC_image_dataset/train/good/cell_type_HPMEC/4_days/230317_35.png,230317_35,230317,train,good,1,HPMEC,4_days,train,9b452b06121b7f7b5b291c33f5558f0aa67136cba7e44c83a040a221ff69f295
data/raw/ooc/OOC_image_dataset/train/good/cell_type_HPMEC/4_days/230317_4.png,230317_4,230317,train,good,1,HPMEC,4_days,train,064e836f2f457681736869fdff94960a6e1bbef2a9599144ce212b58929715e2
data/raw/ooc/OOC_image_dataset/train/good/cell_type_HPMEC/4_days/230317_5.png,230317_5,230317,train,good,1,HPMEC,4_days,train,bcab66ea70703e31a8a95b0c262ae9f836383b220970954a6cc9a3a9d9840754
data/raw/ooc/OOC_image_dataset/train/good/cell_type_HPMEC/4_days/230317_56.png,230317_56,230317,train,good,1,HPMEC,4_days,train,21f760d3933ab4890127daf7eac2c66507e9bc166da251676a291647934647fd
data/raw/ooc/OOC_image_dataset/train/good/cell_type_HPMEC/4_days/230317_58.png,230317_58,230317,train,good,1,HPMEC,4_days,train,a090d03801df97133422901a08493838d78175608ec68acf2f0072494dc0cb57
data/raw/ooc/OOC_image_dataset/train/good/cell_type_HPMEC/4_days/230317_59.png,230317_59,230317,train,good,1,HPMEC,4_days,train,6cb4a056d52cd8c9a3bb33c1b205bf3b5e066866ed44bcd37f339c2315f4d048
data/raw/ooc/OOC_image_dataset/train/good/cell_type_HPMEC/4_days/230317_6.png,230317_6,230317,train,good,1,HPMEC,4_days,train,ddbc5dcb2423fc25221f1e3075be70c3bc668f874ec9cf247db4da6d9dc0e962
data/raw/ooc/OOC_image_dataset/train/good/cell_type_HPMEC/4_days/230317_60.png,230317_60,230317,train,good,1,HPMEC,4_days,train,f0f79fa71325a6b8b1a2111ab2ab0b1948029ee1b028dc2e220761364075b1a6
data/raw/ooc/OOC_image_dataset/train/good/cell_type_HPMEC/4_days/230317_61.png,230317_61,230317,train,good,1,HPMEC,4_days,train,1e487111fd85606ce3a19b402b9705cf367a0ae2c51b26f09723b60cc0b056f5
data/raw/ooc/OOC_image_dataset/train/good/cell_type_HPMEC/4_days/230317_62.png,230317_62,230317,train,good,1,HPMEC,4_days,train,83c86860a09b6d0b6b4fbf7df4ae371e482b1894e39a45e758d9eb4a876550bf
data/raw/ooc/OOC_image_dataset/train/good/cell_type_HPMEC/4_days/230317_63.png,230317_63,230317,train,good,1,HPMEC,4_days,train,b72b5279e2da198a152baceebfc3b1fa5dfe09478d39137b7f49fdc7f046b0fa
data/raw/ooc/OOC_image_dataset/train/good/cell_type_HPMEC/4_days/230317_64.png,230317_64,230317,train,good,1,HPMEC,4_days,train,a41969d375b6a5b77bb30e76728ac771474a1ba4dc536f7a00de24b7a28fa953
data/raw/ooc/OOC_image_dataset/train/good/cell_type_HPMEC/4_days/230317_7.png,230317_7,230317,train,good,1,HPMEC,4_days,train,6aa7d111d7939fd36acc8f1a78d076ad821c158b70fd788b6d732ab75fad8ad2
data/raw/ooc/OOC_image_dataset/train/good/cell_type_HPMEC/4_days/230512_1.png,230512_1,230512,test,good,1,HPMEC,4_days,train,3b986db4cf999f1d1381aa6b4f9a82fdb66338bfc78ebab8adb87862d95afd2c
data/raw/ooc/OOC_image_dataset/train/good/cell_type_HPMEC/4_days/230512_12.png,230512_12,230512,test,good,1,HPMEC,4_days,train,b9014b91aa7ef3911acf15d18332c5daee641160be819f37ccea27be0404dede
data/raw/ooc/OOC_image_dataset/train/good/cell_type_HPMEC/4_days/230512_13.png,230512_13,230512,test,good,1,HPMEC,4_days,train,c66804b3e1641cfe2f4cb757a6bdd238ce445d8a52742dce654ebcf8da3f5b82
data/raw/ooc/OOC_image_dataset/train/good/cell_type_HPMEC/4_days/230512_15.png,230512_15,230512,test,good,1,HPMEC,4_days,train,78f5332f32ec000ce530ce5ccf047a75b16487622aa763e000b8c6b6e7389098
data/raw/ooc/OOC_image_dataset/train/good/cell_type_HPMEC/4_days/230512_19.png,230512_19,230512,test,good,1,HPMEC,4_days,train,f0d325b3fab45079f20ce540bd6f1c9e913a0c4776500f65fac391191ced289e
data/raw/ooc/OOC_image_dataset/train/good/cell_type_HPMEC/4_days/230512_20.png,230512_20,230512,test,good,1,HPMEC,4_days,train,676b8a9880d5230367478a1c2d13783d2634212e793083e436afc2525b193da0
data/raw/ooc/OOC_image_dataset/train/good/cell_type_HPMEC/4_days/230512_22.png,230512_22,230512,test,good,1,HPMEC,4_days,train,9d1a9e8b2140685739fbafb04ff50bba153f0d383086f6116fed242106abfb52
data/raw/ooc/OOC_image_dataset/train/good/cell_type_HPMEC/4_days/230512_23.png,230512_23,230512,test,good,1,HPMEC,4_days,train,2f8b007042a502ee05867bd553944b33a3e5f27d2943e0d95d4766d47f442941
data/raw/ooc/OOC_image_dataset/train/good/cell_type_HPMEC/4_days/230512_25.png,230512_25,230512,test,good,1,HPMEC,4_days,train,b29cb75f8dd0ddeb17c6ee629fde9f2ee1af1bf1927610d1b2c7035e1ec20f07
data/raw/ooc/OOC_image_dataset/train/good/cell_type_HPMEC/4_days/230512_3.png,230512_3,230512,test,good,1,HPMEC,4_days,train,122797c7ea5a60d37339996722823e67b49993ee92244d0524b6568f5596bb77
data/raw/ooc/OOC_image_dataset/train/good/cell_type_HPMEC/4_days/230512_5.png,230512_5,230512,test,good,1,HPMEC,4_days,train,7bdd4b4db58b12f45225eb75309bbb6841d4a3b20a4f8c1208d4ba1a89083f07
data/raw/ooc/OOC_image_dataset/train/good/cell_type_HSAEC/0-1_days/220429_19.png,220429_19,220429,train,good,1,HSAEC,0-1_days,train,389b63491cebcb52885a1c20c0451f4a214d8a1dc6b44d3325edff5ca9441924
data/raw/ooc/OOC_image_dataset/train/good/cell_type_HSAEC/0-1_days/220429_20.png,220429_20,220429,train,good,1,HSAEC,0-1_days,train,b9589d3c368f05be376621e0472c2ae3c015b6dbaa24d7abead5a6609a02c81c
data/raw/ooc/OOC_image_dataset/train/good/cell_type_HSAEC/0-1_days/220429_22.png,220429_22,220429,train,good,1,HSAEC,0-1_days,train,5f7276d3b2448517312741ca5dfe63b891c6271abd237d79706e00b6558423ec
data/raw/ooc/OOC_image_dataset/train/good/cell_type_HSAEC/0-1_days/220429_23.png,220429_23,220429,train,good,1,HSAEC,0-1_days,train,7c51ab2afd121cd0ed5eb68a02bb20204db867524e3aaaeb4175c08e8adc075b
data/raw/ooc/OOC_image_dataset/train/good/cell_type_HSAEC/0-1_days/220429_24.png,220429_24,220429,train,good,1,HSAEC,0-1_days,train,849e6a24a5fdf5d0527000e1b8d7770c33c0b051bfc6b38878c160a6cb7e75a1
data/raw/ooc/OOC_image_dataset/train/good/cell_type_HSAEC/0-1_days/220429_25.png,220429_25,220429,train,good,1,HSAEC,0-1_days,train,de8bf79fb172f1b4619e30c20fa99596731a1d006b155b811cb5896be3032d9e
data/raw/ooc/OOC_image_dataset/train/good/cell_type_HSAEC/0-1_days/220429_26.png,220429_26,220429,train,good,1,HSAEC,0-1_days,train,8660eb13378440e873a14b7ea88c7bbfd01bfaebfeb035ea671df97c576a72bf
data/raw/ooc/OOC_image_dataset/train/good/cell_type_HSAEC/0-1_days/220429_27.png,220429_27,220429,train,good,1,HSAEC,0-1_days,train,d886cf6a53eb94aebe2dafcd2eef8404b1e2e72a24ca990437f068adc401ee03
data/raw/ooc/OOC_image_dataset/train/good/cell_type_HSAEC/0-1_days/220429_28.png,220429_28,220429,train,good,1,HSAEC,0-1_days,train,8951a0dcaa203fa8bb887a50f13390c52c1f61ad086b63456237242bc4802f22
data/raw/ooc/OOC_image_dataset/train/good/cell_type_HSAEC/0-1_days/220429_29.png,220429_29,220429,train,good,1,HSAEC,0-1_days,train,2e32e9ed52447d80a9b1c14b9b635d7e73edb9c782f2f21f915d84f814b1c405
data/raw/ooc/OOC_image_dataset/train/good/cell_type_HSAEC/0-1_days/220429_31.png,220429_31,220429,train,good,1,HSAEC,0-1_days,train,782084ceec78f2d115ec88b8864ded3a60df6683a4eec750c734ff50f72cb797
data/raw/ooc/OOC_image_dataset/train/good/cell_type_HSAEC/0-1_days/220429_33.png,220429_33,220429,train,good,1,HSAEC,0-1_days,train,d7d0a65c0285a9de4ac5994e4a62c0dc1e4b3fe38a42e3af07727b167be53413
data/raw/ooc/OOC_image_dataset/train/good/cell_type_HSAEC/0-1_days/220626_11.png,220626_11,220626,train,good,1,HSAEC,0-1_days,train,b07bcb8d6c6516c12b3033a25090bb4667a0ea49749e8cb78f805b47b5cf953a
data/raw/ooc/OOC_image_dataset/train/good/cell_type_HSAEC/0-1_days/220626_12.png,220626_12,220626,train,good,1,HSAEC,0-1_days,train,855cf16af5b1a871630ee1be29d42b9d61701cd0a9dc7a5164ac4c68d5195401
data/raw/ooc/OOC_image_dataset/train/good/cell_type_HSAEC/0-1_days/220626_13.png,220626_13,220626,train,good,1,HSAEC,0-1_days,train,bd59028c38d0aef5fe50dc0ac9a728049b4bd142a061bf12b8224ece12a8197e
data/raw/ooc/OOC_image_dataset/train/good/cell_type_HSAEC/0-1_days/220626_15.png,220626_15,220626,train,good,1,HSAEC,0-1_days,train,e6b6922e3fb8ca439fbb984f439955f088d080007ac9bfa1bec1078d628e278b
data/raw/ooc/OOC_image_dataset/train/good/cell_type_HSAEC/0-1_days/220626_9.png,220626_9,220626,train,good,1,HSAEC,0-1_days,train,1fecc839ecc919087425f389e2ad388180bdf98bf02f9dccbe084beeee43dab5
data/raw/ooc/OOC_image_dataset/train/good/cell_type_HSAEC/0-1_days/220708_9.png,220708_9,220708,train,good,1,HSAEC,0-1_days,train,31fa74aad1e922b27328a578329cd783acfd24307a39ca25ae7abd9ef8aab732
data/raw/ooc/OOC_image_dataset/train/good/cell_type_HSAEC/0-1_days/220715_13.png,220715_13,220715,train,good,1,HSAEC,0-1_days,train,90b576f7e9fd5a5ed8c1f00a78113c917c3344b349ec4973f4c83a177f7cc78e
data/raw/ooc/OOC_image_dataset/train/good/cell_type_HSAEC/0-1_days/220715_14.png,220715_14,220715,train,good,1,HSAEC,0-1_days,train,5f57055e2756b44027310f198e63f6d018410af42aa0ae3110e0c75d9e71dfc5
data/raw/ooc/OOC_image_dataset/train/good/cell_type_HSAEC/0-1_days/220715_15.png,220715_15,220715,train,good,1,HSAEC,0-1_days,train,02e9f6a2f379032a07325ce6cd3d14b43804cb0f062b2d84000a8eec48b4361e
data/raw/ooc/OOC_image_dataset/train/good/cell_type_HSAEC/0-1_days/221010_21.png,221010_21,221010,test,good,1,HSAEC,0-1_days,train,a808442329b00135d9d6730eddf2359e922892ba209dded310cc09066af05696
data/raw/ooc/OOC_image_dataset/train/good/cell_type_HSAEC/0-1_days/221010_22.png,221010_22,221010,test,good,1,HSAEC,0-1_days,train,b7c92859876b998c5fa85b2cebefb35b07bb129e1f8540f09de4ffe20fe6b684
data/raw/ooc/OOC_image_dataset/train/good/cell_type_HSAEC/0-1_days/221010_24.png,221010_24,221010,test,good,1,HSAEC,0-1_days,train,0ec015297d608e3b48b4f523a7faae15816859f32b7d43fa8fea41dfe0c54e26
data/raw/ooc/OOC_image_dataset/train/good/cell_type_HSAEC/0-1_days/221010_26.png,221010_26,221010,test,good,1,HSAEC,0-1_days,train,3c8989085d7611cf50b75b163e3bd3d1651612e4af7b0d79ec8a0dacca19fa4b
data/raw/ooc/OOC_image_dataset/train/good/cell_type_HSAEC/0-1_days/221010_46.png,221010_46,221010,test,good,1,HSAEC,0-1_days,train,8842a87836fec94003c2e12fb6a46d8dfd354416f17d1e54674dfa3242ca9930
data/raw/ooc/OOC_image_dataset/train/good/cell_type_HSAEC/0-1_days/221010_48.png,221010_48,221010,test,good,1,HSAEC,0-1_days,train,a0262c8032d52fc7efab8004fb9617d32f316f20dbce9ab51475cf62765a897d
data/raw/ooc/OOC_image_dataset/train/good/cell_type_HSAEC/0-1_days/221010_51.png,221010_51,221010,test,good,1,HSAEC,0-1_days,train,e776bc8968e34551904dcba1b85bdf30f05a12c0d9a44fa4530ffbee7f096319
data/raw/ooc/OOC_image_dataset/train/good/cell_type_HSAEC/0-1_days/221010_52.png,221010_52,221010,test,good,1,HSAEC,0-1_days,train,5bce5f1837efe366431c521fefede140298356bd5c7a878516a67042c0910592
data/raw/ooc/OOC_image_dataset/train/good/cell_type_HSAEC/0-1_days/221010_53.png,221010_53,221010,test,good,1,HSAEC,0-1_days,train,210f9746efb462bc12a2b961ab089ed4659f5b4b05c877e0689aa6ca9ae3bdbe
data/raw/ooc/OOC_image_dataset/train/good/cell_type_HSAEC/0-1_days/221010_54.png,221010_54,221010,test,good,1,HSAEC,0-1_days,train,5d75f903d68247eb6f3cb8013d436c85e96729f19f9ea9f0535103cfaa301669
data/raw/ooc/OOC_image_dataset/train/good/cell_type_HSAEC/0-1_days/221010_56.png,221010_56,221010,test,good,1,HSAEC,0-1_days,train,80d1472b73aa374ba63574ca6bacf49bc70ccf711a7c0462e2b5ee336ed07951
data/raw/ooc/OOC_image_dataset/train/good/cell_type_HSAEC/0-1_days/230119_41.png,230119_41,230119,train,good,1,HSAEC,0-1_days,train,0615b5f18408ce9c08f796a7c9dc31f65abfcab04145a3f445930de7ff9c3672
data/raw/ooc/OOC_image_dataset/train/good/cell_type_HSAEC/0-1_days/230119_42.png,230119_42,230119,train,good,1,HSAEC,0-1_days,train,1f89ae99824f99e12e0d1fd1d79f90f05e5353b8dfab2e4c14df88583e98db44
data/raw/ooc/OOC_image_dataset/train/good/cell_type_HSAEC/0-1_days/230119_43.png,230119_43,230119,train,good,1,HSAEC,0-1_days,train,fca0c932855519fac53865aa8dce8742a5b27d3dc29ec19eceaf5494d1b32527
data/raw/ooc/OOC_image_dataset/train/good/cell_type_HSAEC/0-1_days/230119_47.png,230119_47,230119,train,good,1,HSAEC,0-1_days,train,5d9417d5b0672dfc135d086d9ec121696b190af48bd23950a34440172caa2cd6
data/raw/ooc/OOC_image_dataset/train/good/cell_type_HSAEC/0-1_days/230119_48.png,230119_48,230119,train,good,1,HSAEC,0-1_days,train,a2dec5a0d1a9c45695b04fb52d1ce7a5e7ab79d84a97f1e19fd6fb885181180b
data/raw/ooc/OOC_image_dataset/train/good/cell_type_HSAEC/0-1_days/230119_49.png,230119_49,230119,train,good,1,HSAEC,0-1_days,train,434666f2a23a5d172225d986d05ad63e26e9c096643d7e77d5c731e81ba2b48e
data/raw/ooc/OOC_image_dataset/train/good/cell_type_HSAEC/0-1_days/230119_50.png,230119_50,230119,train,good,1,HSAEC,0-1_days,train,46fdc312ce8d6ce07e7271bfeeba0fe4bbdfdad278a52df0623191829627853b
data/raw/ooc/OOC_image_dataset/train/good/cell_type_HSAEC/0-1_days/230119_51.png,230119_51,230119,train,good,1,HSAEC,0-1_days,train,07a68f46afd696593c0ebaa1bd9bf375a60ddea5ea843648b97d2297e6952fcd
data/raw/ooc/OOC_image_dataset/train/good/cell_type_HSAEC/0-1_days/230119_53.png,230119_53,230119,train,good,1,HSAEC,0-1_days,train,d2f9d926e1f4f3a3b71d6c936072bc6a09d1ab3d949836930162b71ba196fe0d
data/raw/ooc/OOC_image_dataset/train/good/cell_type_HSAEC/0-1_days/230119_54.png,230119_54,230119,train,good,1,HSAEC,0-1_days,train,6239c38a760bb34633de9bb32fb0ea06edccab25f131a53ab1397ea034924ff5
data/raw/ooc/OOC_image_dataset/train/good/cell_type_HSAEC/0-1_days/230119_55.png,230119_55,230119,train,good,1,HSAEC,0-1_days,train,ed6ba4966d7505a1a0ee1efc0cf9985633e6257b9d6a27f6de253a0c5091c5ae
data/raw/ooc/OOC_image_dataset/train/good/cell_type_HSAEC/0-1_days/230119_57.png,230119_57,230119,train,good,1,HSAEC,0-1_days,train,4e38ef58d012d8736b197a9eee1782cee8a7b62992adc3768d986eb8d2cbc011
data/raw/ooc/OOC_image_dataset/train/good/cell_type_HSAEC/0-1_days/230119_58.png,230119_58,230119,train,good,1,HSAEC,0-1_days,train,c6ea299600f351b04597e30798a8a32aa993005e775a9192b8884ba152d478e5
data/raw/ooc/OOC_image_dataset/train/good/cell_type_HSAEC/0-1_days/230119_59.png,230119_59,230119,train,good,1,HSAEC,0-1_days,train,a82a3ea5fc5cb066e29677164516d3a16b6df6dc7a5a2887537e3ed2906e504b
data/raw/ooc/OOC_image_dataset/train/good/cell_type_HSAEC/0-1_days/230119_63.png,230119_63,230119,train,good,1,HSAEC,0-1_days,train,31bc17f18cdb604555055948d8b56b0fdf3f4a4e3bf966be5753fe848999b231
data/raw/ooc/OOC_image_dataset/train/good/cell_type_HSAEC/0-1_days/230119_64.png,230119_64,230119,train,good,1,HSAEC,0-1_days,train,46e423bc9b908228c8c23ba9c3b4001f66f634768b1d4311b5a20e22f29a4c31
data/raw/ooc/OOC_image_dataset/train/good/cell_type_HSAEC/0-1_days/230119_65.png,230119_65,230119,train,good,1,HSAEC,0-1_days,train,037ee389ec5e889d8774e6b4df3d9ad913a4cd7b9ce9a82aacd9ab815150d41d
data/raw/ooc/OOC_image_dataset/train/good/cell_type_HSAEC/0-1_days/230119_66.png,230119_66,230119,train,good,1,HSAEC,0-1_days,train,202e4413cc2da1caf20e7c3258cf91d636d228ddfa25d42ca74968d1dd75701d
data/raw/ooc/OOC_image_dataset/train/good/cell_type_HSAEC/0-1_days/230119_67.png,230119_67,230119,train,good,1,HSAEC,0-1_days,train,1ac4102442147799cae74ec507fcc71d9bbed4150a16e70aa9e966deace6eac3
data/raw/ooc/OOC_image_dataset/train/good/cell_type_HSAEC/0-1_days/230119_68.png,230119_68,230119,train,good,1,HSAEC,0-1_days,train,e05b40618d3c49291066650747715b70e1e0dab1e07c044528f1f553acf8a5d3
data/raw/ooc/OOC_image_dataset/train/good/cell_type_HSAEC/0-1_days/230119_69.png,230119_69,230119,train,good,1,HSAEC,0-1_days,train,2c5dc25e7736e3be82415075ec721432d9d3105bcad0ccd3590eb56de0de4fa2
data/raw/ooc/OOC_image_dataset/train/good/cell_type_HSAEC/2-3_days/220506_5.png,220506_5,220506,train,good,1,HSAEC,2-3_days,train,0ec634522b304c80ec4f90c44ab4c04ce02be7e0d39403671fc283b279063227
data/raw/ooc/OOC_image_dataset/train/good/cell_type_HSAEC/2-3_days/220506_7.png,220506_7,220506,train,good,1,HSAEC,2-3_days,train,b763b49b66f750da00ebced4b7ed491b4cad44aa22a567ea1ec6fb3ae3a8dcdb
data/raw/ooc/OOC_image_dataset/train/good/cell_type_HSAEC/2-3_days/220716_1.png,220716_1,220716,train,good,1,HSAEC,2-3_days,train,765b4a388ad13697d4ce35a27e12dad7d977e0a6a4c1b012a8dcae094e22f294
data/raw/ooc/OOC_image_dataset/train/good/cell_type_HSAEC/2-3_days/220716_2.png,220716_2,220716,train,good,1,HSAEC,2-3_days,train,2bd97ad9caf44087e0f6d1523bfe93f87921bc24adbabed8006f87df80b56292
data/raw/ooc/OOC_image_dataset/train/good/cell_type_HSAEC/2-3_days/220716_3.png,220716_3,220716,train,good,1,HSAEC,2-3_days,train,5ef8f92c342d3a85bfa071740fb1f5cbc206ad215efab0d2cf812b691ec02b61
data/raw/ooc/OOC_image_dataset/train/good/cell_type_HSAEC/2-3_days/220716_4.png,220716_4,220716,train,good,1,HSAEC,2-3_days,train,19668f35687d363350ae65898db9c813db4729d0761544174a7700bd27ae3ebd
data/raw/ooc/OOC_image_dataset/train/good/cell_type_HSAEC/2-3_days/220716_6.png,220716_6,220716,train,good,1,HSAEC,2-3_days,train,0f53f4c192092f566d02e9e12c7a5919c201456bb602ccc17e7f4b8025ee690b
data/raw/ooc/OOC_image_dataset/train/good/cell_type_HSAEC/2-3_days/220716_7.png,220716_7,220716,train,good,1,HSAEC,2-3_days,train,b99b507227f189e15190de97a27ea0ce30ed7c11d4cbe2af1b16d1fe0815e771
data/raw/ooc/OOC_image_dataset/train/good/cell_type_HSAEC/2-3_days/221012_10.png,221012_10,221012,train,good,1,HSAEC,2-3_days,train,deea87b4b32579d5f1f609248cb40c02571b928c6e646d28db8a9bd6d98c1731
data/raw/ooc/OOC_image_dataset/train/good/cell_type_HSAEC/2-3_days/221012_12.png,221012_12,221012,train,good,1,HSAEC,2-3_days,train,981b6e57fa810d651d5c15367abb9d3a29bffda9569fe67a069d3cda57b12c13
data/raw/ooc/OOC_image_dataset/train/good/cell_type_HSAEC/2-3_days/221012_13.png,221012_13,221012,train,good,1,HSAEC,2-3_days,train,619418a9a4f63047eaee3dbed5f5f3a61e3a02a6ec80ce44622f2881bbbca7e8
data/raw/ooc/OOC_image_dataset/train/good/cell_type_HSAEC/2-3_days/221012_14.png,221012_14,221012,train,good,1,HSAEC,2-3_days,train,b410af59bdb361d54e95ee4c01fa88928c634217e30fdea677232a289d021793
data/raw/ooc/OOC_image_dataset/train/good/cell_type_HSAEC/2-3_days/221012_15.png,221012_15,221012,train,good,1,HSAEC,2-3_days,train,4c36f2997f595ad621d32c882e0be858995496fcb5f31b75407679b3fbaeb2e0
data/raw/ooc/OOC_image_dataset/train/good/cell_type_HSAEC/2-3_days/221012_17.png,221012_17,221012,train,good,1,HSAEC,2-3_days,train,a8eec9d66bc6cf1ded1fdb36d7ea07104ad9a5aac27e65ca76616fd76d19bb99
data/raw/ooc/OOC_image_dataset/train/good/cell_type_HSAEC/2-3_days/221012_19.png,221012_19,221012,train,good,1,HSAEC,2-3_days,train,f7ee72de820b77717d9a1d5a3c6430538f9ebac8a2b2aaf4018a31a7f7aa57b7
data/raw/ooc/OOC_image_dataset/train/good/cell_type_HSAEC/2-3_days/221012_20.png,221012_20,221012,train,good,1,HSAEC,2-3_days,train,a6c4d901cfd86740b9dbc885e7dbc1ca6d22d6da03229b52d96974da210c08b1
data/raw/ooc/OOC_image_dataset/train/good/cell_type_HSAEC/2-3_days/221012_21.png,221012_21,221012,train,good,1,HSAEC,2-3_days,train,8e3f7c29eb79e9fee2d77917cce3a707cd2309973d6f1a55c7a11e239dd6522f
data/raw/ooc/OOC_image_dataset/train/good/cell_type_HSAEC/2-3_days/221012_22.png,221012_22,221012,train,good,1,HSAEC,2-3_days,train,f4efcd0196e6662c389ccf02855c76e0f103df05b2407f276e6516fb260c1f5d
data/raw/ooc/OOC_image_dataset/train/good/cell_type_HSAEC/2-3_days/221012_23.png,221012_23,221012,train,good,1,HSAEC,2-3_days,train,1325ecb608a126173463f0319fe00b8feccfd55bb629e8878ad9136a14a96656
data/raw/ooc/OOC_image_dataset/train/good/cell_type_HSAEC/2-3_days/221012_24.png,221012_24,221012,train,good,1,HSAEC,2-3_days,train,9c1a0961a82309c27f01c1f0e47fae997a2ae1ca83d775570edeb52ca8eaeae5
data/raw/ooc/OOC_image_dataset/train/good/cell_type_HSAEC/2-3_days/221012_4.png,221012_4,221012,train,good,1,HSAEC,2-3_days,train,b396aa2cc703cca4b607a5aaca0fe7114d3089c2cf794d77865d4565c564ba5d
data/raw/ooc/OOC_image_dataset/train/good/cell_type_HSAEC/2-3_days/221012_6.png,221012_6,221012,train,good,1,HSAEC,2-3_days,train,89201d6d0df9f44f162f47152c6b55fe3d9be002bbbd86d77f8088744e7fa19a
data/raw/ooc/OOC_image_dataset/train/good/cell_type_HSAEC/2-3_days/221012_7.png,221012_7,221012,train,good,1,HSAEC,2-3_days,train,a29a310b79cbbc9e143710b6a2de59b0b63c1eb0021c675750cb1bdcb1c8e942
data/raw/ooc/OOC_image_dataset/train/good/cell_type_HSAEC/2-3_days/221012_8.png,221012_8,221012,train,good,1,HSAEC,2-3_days,train,409cddb52e96483bbf0f6878cb2db641d97668838668d680b89bc921ce734e06
data/raw/ooc/OOC_image_dataset/train/good/cell_type_HSAEC/2-3_days/221012_9.png,221012_9,221012,train,good,1,HSAEC,2-3_days,train,6c962a0bf81dcca93e02f0c1bfa9d2ed848a95939dbfbf45a720bcdb532c8308
data/raw/ooc/OOC_image_dataset/train/good/cell_type_HSAEC/4+_days/220503_5.png,220503_5,220503,validation,good,1,HSAEC,4+_days,train,ee23ad564fa4f5931e6c6a58dc06cc80894e3ac87faea982754f65643857f2ab
data/raw/ooc/OOC_image_dataset/train/good/cell_type_HSAEC/4+_days/220512_7.png,220512_7,220512,validation,good,1,HSAEC,4+_days,train,fb30bf75fe3b1e111225fe8783f33fdb50fbf3f737a6fbb6929214694d9cb6f2
data/raw/ooc/OOC_image_dataset/train/good/cell_type_HSAEC/4+_days/220512_8.png,220512_8,220512,validation,good,1,HSAEC,4+_days,train,92e8d99f59cba8c114229d03f29cb553cbf12995e56cbab276b16a636023eb2e
data/raw/ooc/OOC_image_dataset/train/good/cell_type_HSAEC/4+_days/220515_10.png,220515_10,220515,train,good,1,HSAEC,4+_days,train,4e52cf494b3be610957d1f8c03d88cee4613e4fd3633bab3ef887ffd5333b3b3
data/raw/ooc/OOC_image_dataset/train/good/cell_type_HSAEC/4+_days/220515_9.png,220515_9,220515,train,good,1,HSAEC,4+_days,train,5298d18ea0c9e08e860599f3ae39d25aea60dd53b6dcb18a93be2590340f5a7f
data/raw/ooc/OOC_image_dataset/train/good/cell_type_HSAEC/4+_days/220526_3.png,220526_3,220526,train,good,1,HSAEC,4+_days,train,5d67e0a341e680a3f19a8f5e2a935505c1b9c46f10dc9de908136844f271ccd6
data/raw/ooc/OOC_image_dataset/train/good/cell_type_HSAEC/4+_days/220526_5.png,220526_5,220526,train,good,1,HSAEC,4+_days,train,f3bbe2b3c9589b22ac274bfb0bad1202d896082f653ba4df370e125c646749e3
data/raw/ooc/OOC_image_dataset/train/good/cell_type_HSAEC/4+_days/220526_6.png,220526_6,220526,train,good,1,HSAEC,4+_days,train,934d76750452abfe67d6e63ffbb3de28042c59b77ed39ce67618b86616f903ee
data/raw/ooc/OOC_image_dataset/train/good/cell_type_HSAEC/4+_days/220706_10.png,220706_10,220706,train,good,1,HSAEC,4+_days,train,3259186cc0b0b271aa9905b07721810a702fa1d9eb4ca2e49655987cf537296d
data/raw/ooc/OOC_image_dataset/train/good/cell_type_HSAEC/4+_days/220706_3.png,220706_3,220706,train,good,1,HSAEC,4+_days,train,fa4ab2ceb73e85dc9393945e57ccd301bf958beb1c03056e7401229315bc3c75
data/raw/ooc/OOC_image_dataset/train/good/cell_type_HSAEC/4+_days/220706_8.png,220706_8,220706,train,good,1,HSAEC,4+_days,train,42fdf5c9d0a2a135e3210d726a03c488441fbd9902db61173ef1029128c4b9ef
data/raw/ooc/OOC_image_dataset/train/good/cell_type_HSAEC/4+_days/220722_8.png,220722_8,220722,train,good,1,HSAEC,4+_days,train,0649d231f6cdc1a5bffd2bb325904c8423cd0410d5f0099138ac4aebcf50f77b
data/raw/ooc/OOC_image_dataset/train/good/cell_type_HSAEC/4+_days/220722_9.png,220722_9,220722,train,good,1,HSAEC,4+_days,train,8eb1ad030b620c3fe361f6006b9156a250c85fa96ef5cdd6b9ca9d02423f7cfd
data/raw/ooc/OOC_image_dataset/train/good/cell_type_HSAEC/4+_days/220724_2.png,220724_2,220724,test,good,1,HSAEC,4+_days,train,73db5c8ef5e3d8445b33cca18bc69ab9618274fe49adbdc30003acd3323d72ec
data/raw/ooc/OOC_image_dataset/train/good/cell_type_HSAEC/4+_days/230123_1.png,230123_1,230123,test,good,1,HSAEC,4+_days,train,4a9f346cedf0d2a3ecef92378f6ed92ab5e53ac6f62f17aa5c4b3c88f45fcd40
data/raw/ooc/OOC_image_dataset/train/good/cell_type_HSAEC/4+_days/230123_10.png,230123_10,230123,test,good,1,HSAEC,4+_days,train,1c0fb474294b766128893b5c4a953c511b6626e6172e13ea0660d0758dde5ef2
data/raw/ooc/OOC_image_dataset/train/good/cell_type_HSAEC/4+_days/230123_11.png,230123_11,230123,test,good,1,HSAEC,4+_days,train,b472a5c3367ee9325165340c5f36303b6799c4d589744de238ba3639a0a8a09c
data/raw/ooc/OOC_image_dataset/train/good/cell_type_HSAEC/4+_days/230123_13.png,230123_13,230123,test,good,1,HSAEC,4+_days,train,f2ee993c3298760fad05b706f28763a526c06d34723ef06368c439f21188c756
data/raw/ooc/OOC_image_dataset/train/good/cell_type_HSAEC/4+_days/230123_17.png,230123_17,230123,test,good,1,HSAEC,4+_days,train,3c4e79c396c91425669c971a720db40d2dd63477e6729845e74b664d97e91642
data/raw/ooc/OOC_image_dataset/train/good/cell_type_HSAEC/4+_days/230123_19.png,230123_19,230123,test,good,1,HSAEC,4+_days,train,a6c61af3bec27119088a60081b95acee1469a9347b418a0a23a35185790c634f
data/raw/ooc/OOC_image_dataset/train/good/cell_type_HSAEC/4+_days/230123_2.png,230123_2,230123,test,good,1,HSAEC,4+_days,train,fd59ec98b3a2a1b3e1e2f7c47cc4c10d47bb6c3f518372d89715cd51c4ec4b33
data/raw/ooc/OOC_image_dataset/train/good/cell_type_HSAEC/4+_days/230123_22.png,230123_22,230123,test,good,1,HSAEC,4+_days,train,bb4c73422d7922df0ee9f216fb1750500d3c001aefd69c2de7567b2372b64347
data/raw/ooc/OOC_image_dataset/train/good/cell_type_HSAEC/4+_days/230123_23.png,230123_23,230123,test,good,1,HSAEC,4+_days,train,4b2978a7b5b1c9a8a3dbd1491b4882f5f33d5088d5e33a4406863b27c1c22463
data/raw/ooc/OOC_image_dataset/train/good/cell_type_HSAEC/4+_days/230123_24.png,230123_24,230123,test,good,1,HSAEC,4+_days,train,7e06e9604c4dc80f87ce744141edfd853dc3ad3230da3450c7dc7ed6900889ee
data/raw/ooc/OOC_image_dataset/train/good/cell_type_HSAEC/4+_days/230123_25.png,230123_25,230123,test,good,1,HSAEC,4+_days,train,f2f76ff00b9c0f3a1f703e3b7578ec67a406a54ad5efd8f48a919830989fe658
data/raw/ooc/OOC_image_dataset/train/good/cell_type_HSAEC/4+_days/230123_3.png,230123_3,230123,test,good,1,HSAEC,4+_days,train,e59bfdeda1e2da7c8ec9a16c4ab152806e32e8accf554fce17238019815c86cc
data/raw/ooc/OOC_image_dataset/train/good/cell_type_HSAEC/4+_days/230123_8.png,230123_8,230123,test,good,1,HSAEC,4+_days,train,a1fcad9499436dfe1857e2ff25d80f2864f1e78d53e665f3dee14f4981e79900
data/raw/ooc/OOC_image_dataset/train/good/cell_type_HSAEC/4_days/220502_1.png,220502_1,220502,train,good,1,HSAEC,4_days,train,f6c0e81f3ae4b7966c62841f5c8902782c186688d4509390adcb37ff90d89dc6
data/raw/ooc/OOC_image_dataset/train/good/cell_type_HSAEC/4_days/220502_3.png,220502_3,220502,train,good,1,HSAEC,4_days,train,7ae0faf8110fa695cc1a91b93efe2291f5d38178544f70b34b04c82b61447279
data/raw/ooc/OOC_image_dataset/train/good/cell_type_HSAEC/4_days/220502_4.png,220502_4,220502,train,good,1,HSAEC,4_days,train,3dacf18d1b03cc9f47312241a4c237d796bdf8626bd9f7b2ed258255e0f9d161
data/raw/ooc/OOC_image_dataset/train/good/cell_type_HSAEC/4_days/220502_5.png,220502_5,220502,train,good,1,HSAEC,4_days,train,b18cacbe48db381891a59cd5116a36fe1daf108dafe9ea7fade122c4b5ac0873
data/raw/ooc/OOC_image_dataset/train/good/cell_type_HSAEC/4_days/220502_7.png,220502_7,220502,train,good,1,HSAEC,4_days,train,72b5c4626e0a35db38e65ca2e74b6f137b313d76faa5d13be7f2d25870787aa4
data/raw/ooc/OOC_image_dataset/train/good/cell_type_HSAEC/4_days/220630_11.png,220630_11,220630,train,good,1,HSAEC,4_days,train,ad3619166efbcefa1d5b96d461d968288e5df354433daf079d180dcba94062af
data/raw/ooc/OOC_image_dataset/train/good/cell_type_HSAEC/4_days/220630_12.png,220630_12,220630,train,good,1,HSAEC,4_days,train,fd3a3e65cea93533bb8f4cfa5cc819797901a1c01d2aa9535bc5527509ef77ce
data/raw/ooc/OOC_image_dataset/train/good/cell_type_HUVEC/0-1_days/221010_69.png,221010_69,221010,test,good,1,HUVEC,0-1_days,train,55de72e441538b2ca48cf92eb9c3fbdec9404ffca2cb758238cb8d0e0abfe760
data/raw/ooc/OOC_image_dataset/train/good/cell_type_HUVEC/0-1_days/221010_70.png,221010_70,221010,test,good,1,HUVEC,0-1_days,train,95ad8d632c21e9ffcd522deca8285bf3ccedc6e8719eace9a839586af2a91c1c
data/raw/ooc/OOC_image_dataset/train/good/cell_type_HUVEC/0-1_days/221010_72.png,221010_72,221010,test,good,1,HUVEC,0-1_days,train,211aa4833d03841a0b6afdf71ff61e3c5bd26c472bc91cebe84d5535a7f61bfa
data/raw/ooc/OOC_image_dataset/train/good/cell_type_HUVEC/0-1_days/221010_73.png,221010_73,221010,test,good,1,HUVEC,0-1_days,train,9855977c71f9c4453706f1f37469aa7becd05217a6196df6c181f8bf06ba68c0
data/raw/ooc/OOC_image_dataset/train/good/cell_type_HUVEC/0-1_days/221010_74.png,221010_74,221010,test,good,1,HUVEC,0-1_days,train,c02b84fc803602a20b3f677d4b6573d84c8c7426a79cea8b9f7326b4eed265b3
data/raw/ooc/OOC_image_dataset/train/good/cell_type_HUVEC/0-1_days/221010_79.png,221010_79,221010,test,good,1,HUVEC,0-1_days,train,3695a3f2641346883ef5582d70bcffbe4a8d213cca47ed350b30af5c8414341e
data/raw/ooc/OOC_image_dataset/train/good/cell_type_HUVEC/0-1_days/221010_80.png,221010_80,221010,test,good,1,HUVEC,0-1_days,train,72b22e1171ef81de8fc1671e0ffd2ac2bb55a9f29094d5c8f92a8314222b0d41
data/raw/ooc/OOC_image_dataset/train/good/cell_type_HUVEC/0-1_days/221010_81.png,221010_81,221010,test,good,1,HUVEC,0-1_days,train,30de5ed0f3e85ce81444370aef3300a631e2bd0e23464c896c879a04065b2cff
data/raw/ooc/OOC_image_dataset/train/good/cell_type_HUVEC/0-1_days/221215_10.png,221215_10,221215,train,good,1,HUVEC,0-1_days,train,21b0c30e7364ad256dce56d342ced7b0cdc3808c71083658d56aa10e8142d4bc
data/raw/ooc/OOC_image_dataset/train/good/cell_type_HUVEC/0-1_days/221215_8.png,221215_8,221215,train,good,1,HUVEC,0-1_days,train,3c40c6c09d6678a2fb4e9dc207a57f6b2cfa5d72b930538e5af8dbc4e177ab96
data/raw/ooc/OOC_image_dataset/train/good/cell_type_NHBE/0-1_days/230316_18.png,230316_18,230316,validation,good,1,NHBE,0-1_days,train,478b09e324d11a8a7211e4ac71ec23a1e53fd38716595263d741fba49c0e3be0
data/raw/ooc/OOC_image_dataset/train/good/cell_type_NHBE/0-1_days/230316_19.png,230316_19,230316,validation,good,1,NHBE,0-1_days,train,297d3f41f5665573087eb9272f467ad38c5ae8a40ba9a7181d995b13998697af
data/raw/ooc/OOC_image_dataset/train/good/cell_type_NHBE/0-1_days/230316_20.png,230316_20,230316,validation,good,1,NHBE,0-1_days,train,75cc8049b885b9d07b015e9b325d1863f31c86be425cf51ad5a7a0f90b57a12e
data/raw/ooc/OOC_image_dataset/train/good/cell_type_NHBE/0-1_days/230316_22.png,230316_22,230316,validation,good,1,NHBE,0-1_days,train,03500b339e6e96de9a6b9701a67264daafb890e510db634e575705c0deab994d
data/raw/ooc/OOC_image_dataset/train/good/cell_type_NHBE/0-1_days/230316_23.png,230316_23,230316,validation,good,1,NHBE,0-1_days,train,a5f6e6bbb5d552807b4714d72885de08ad7018fa256eef6a03409701fdcfcd27
data/raw/ooc/OOC_image_dataset/train/good/cell_type_NHBE/0-1_days/230316_24.png,230316_24,230316,validation,good,1,NHBE,0-1_days,train,d3680a62e08e676404ea63fcd833a77ca05243d3a67d2bd154c4acc347437138
data/raw/ooc/OOC_image_dataset/train/good/cell_type_NHBE/0-1_days/230316_25.png,230316_25,230316,validation,good,1,NHBE,0-1_days,train,0f1661b1d2862f94c20029b86abbcaf9e3780e21e6d3a80a11b592a3a1a98a46
data/raw/ooc/OOC_image_dataset/train/good/cell_type_NHBE/0-1_days/230316_26.png,230316_26,230316,validation,good,1,NHBE,0-1_days,train,5c64dd4666cf279bbfe43357faecc52ad9850dcce7702fe48f700485148c8212
data/raw/ooc/OOC_image_dataset/train/good/cell_type_NHBE/0-1_days/230316_27.png,230316_27,230316,validation,good,1,NHBE,0-1_days,train,d02aa4d855b04ceb196e015d4dca3f227703ce1a3a2e48a6651be651d1e274b9
data/raw/ooc/OOC_image_dataset/train/good/cell_type_NHBE/0-1_days/230316_30.png,230316_30,230316,validation,good,1,NHBE,0-1_days,train,322078c3a760ac91f03f4731240345530f8dfd33e3c85a7194ba3393f7c6fc92
data/raw/ooc/OOC_image_dataset/train/good/cell_type_NHBE/0-1_days/230316_32.png,230316_32,230316,validation,good,1,NHBE,0-1_days,train,7a3b0828c42a94294aa8530dbdcbd6db6080b643acf36655fd4136f7ab66bb99
data/raw/ooc/OOC_image_dataset/train/good/cell_type_NHBE/2-3_days/230317_100.png,230317_100,230317,train,good,1,NHBE,2-3_days,train,ed78fd1f00bbbf794a826b6b5f3d4a791768875661fd286c8a23d61ff0377036
data/raw/ooc/OOC_image_dataset/train/good/cell_type_NHBE/2-3_days/230317_66.png,230317_66,230317,train,good,1,NHBE,2-3_days,train,be720a6c6a7d99c98b13c23a99f8856ff92c2f9ecf411c804c83c58a2827a499
data/raw/ooc/OOC_image_dataset/train/good/cell_type_NHBE/2-3_days/230317_67.png,230317_67,230317,train,good,1,NHBE,2-3_days,train,29abbed8399b02e554b70f86d1269b259184bf1ecb4ff18b64757cc08c8cfe5d
data/raw/ooc/OOC_image_dataset/train/good/cell_type_NHBE/2-3_days/230317_68.png,230317_68,230317,train,good,1,NHBE,2-3_days,train,acdb0be8d0687e2c78e3dc7971b2b19e0e4bbce6ef075bef1fbb1ef69018807c
data/raw/ooc/OOC_image_dataset/train/good/cell_type_NHBE/2-3_days/230317_69.png,230317_69,230317,train,good,1,NHBE,2-3_days,train,0d7434349c335c7d97a9c440acf93fb0bdac4b46b169965f9bcdd67c5b20fc17
data/raw/ooc/OOC_image_dataset/train/good/cell_type_NHBE/2-3_days/230317_70.png,230317_70,230317,train,good,1,NHBE,2-3_days,train,51ce2d091169f0948aa8658bb8e7c215f4fee88b3245e182c7e5f70ef70a9df9
data/raw/ooc/OOC_image_dataset/train/good/cell_type_NHBE/2-3_days/230317_71.png,230317_71,230317,train,good,1,NHBE,2-3_days,train,1ab82f446064223ecfb0b37d9975f29d3e37282ed36c5a5a7cf83563b304c036
data/raw/ooc/OOC_image_dataset/train/good/cell_type_NHBE/2-3_days/230317_76.png,230317_76,230317,train,good,1,NHBE,2-3_days,train,d655f079bdcecb42e11076b53632860cfcb48deb19e30b64a39f182e5edc4eb8
data/raw/ooc/OOC_image_dataset/train/good/cell_type_NHBE/2-3_days/230317_77.png,230317_77,230317,train,good,1,NHBE,2-3_days,train,6f30e9fdd85efb9c480c819f66a8728aee09ec8834668df63f7ff7604906a8ef
data/raw/ooc/OOC_image_dataset/train/good/cell_type_NHBE/2-3_days/230317_79.png,230317_79,230317,train,good,1,NHBE,2-3_days,train,b3dcee3d45c6f368a5344ebd34352e8f3eab5507a3b3c64e8c2142dd62b807f0
data/raw/ooc/OOC_image_dataset/train/good/cell_type_NHBE/2-3_days/230317_81.png,230317_81,230317,train,good,1,NHBE,2-3_days,train,1bb62ab687ef1c4bf5187542514c4c4131a4316a6eaf31cf4d7dbced7754a939
data/raw/ooc/OOC_image_dataset/train/good/cell_type_NHBE/2-3_days/230317_82.png,230317_82,230317,train,good,1,NHBE,2-3_days,train,56d1657877b28329c9edfef4114c5b3256e21ba19189428b9f57b9e0c729ffb5
data/raw/ooc/OOC_image_dataset/train/good/cell_type_NHBE/2-3_days/230317_83.png,230317_83,230317,train,good,1,NHBE,2-3_days,train,15251ee0b81c297d34daef97495fc37cdb6951572f94a3f64100032c28b1e3be
data/raw/ooc/OOC_image_dataset/train/good/cell_type_NHBE/2-3_days/230317_85.png,230317_85,230317,train,good,1,NHBE,2-3_days,train,50a85f24ef6ee49900e5c1d7891dbe95cd21f1da2bbfb19b6aaa5fc7523fe7b7
data/raw/ooc/OOC_image_dataset/train/good/cell_type_NHBE/2-3_days/230317_86.png,230317_86,230317,train,good,1,NHBE,2-3_days,train,0e875698c6b81f3bbd7851830d02e8d9237e392082d37c8ad0dcdffcc68e67d4
data/raw/ooc/OOC_image_dataset/train/good/cell_type_NHBE/2-3_days/230317_89.png,230317_89,230317,train,good,1,NHBE,2-3_days,train,5b74563e34367677e53add8e87c2a853894fcaa99c500d4fcc95e0f82865d454
data/raw/ooc/OOC_image_dataset/train/good/cell_type_NHBE/2-3_days/230317_90.png,230317_90,230317,train,good,1,NHBE,2-3_days,train,ee27a7d0abf18d4477711b66e998167827f5f575aad0c72eba473b8a9be1acc8
data/raw/ooc/OOC_image_dataset/train/good/cell_type_NHBE/2-3_days/230317_91.png,230317_91,230317,train,good,1,NHBE,2-3_days,train,4cb02726464389087d53803cf108939937c5020d288d82f6b4e4d1b3a8339c82
data/raw/ooc/OOC_image_dataset/train/good/cell_type_NHBE/2-3_days/230317_92.png,230317_92,230317,train,good,1,NHBE,2-3_days,train,342b145ad73fa0ac442f5d8e6907aa8eaa9c00b814914d6b2761cade1f9fe97f
data/raw/ooc/OOC_image_dataset/train/good/cell_type_NHBE/2-3_days/230317_93.png,230317_93,230317,train,good,1,NHBE,2-3_days,train,6ab6f7336569c6eb44578b55354649700b119d4eda36826a341288e8a0d0e015
data/raw/ooc/OOC_image_dataset/train/good/cell_type_NHBE/2-3_days/230317_95.png,230317_95,230317,train,good,1,NHBE,2-3_days,train,eb32de68b1ad3208c467a5995a7cedde56fbd9d061444d43a7fa8984f967efd9
data/raw/ooc/OOC_image_dataset/train/good/cell_type_NHBE/2-3_days/230317_96.png,230317_96,230317,train,good,1,NHBE,2-3_days,train,e9c513a2f41b96e67b11f56ac03522cdc7e8afd216a534e5f768bfbc1253ccd1
data/raw/ooc/OOC_image_dataset/train/good/cell_type_NHBE/2-3_days/230317_98.png,230317_98,230317,train,good,1,NHBE,2-3_days,train,2451d6ad4d7057d46bad7a4a4ea6567ab3a65e7e4745fce8399f9e7b364788b9
data/raw/ooc/OOC_image_dataset/train/good/cell_type_NHBE/2-3_days/230317_99.png,230317_99,230317,train,good,1,NHBE,2-3_days,train,447d067ed74bebcb8648d396924ccab20ec47e5a08d5593c376e8c72b5dd913d
data/raw/ooc/OOC_image_dataset/train/good/cell_type_NHBE/4+_days/230320_134.png,230320_134,230320,train,good,1,NHBE,4+_days,train,d16f739aa76d873724e8ee45d71a712464dd026e01f875a75abb2a8de5ca13d1
data/raw/ooc/OOC_image_dataset/train/good/cell_type_NHBE/4+_days/230320_135.png,230320_135,230320,train,good,1,NHBE,4+_days,train,8df51be88f871e44b897a94924320d7c731152cfd2c77311066248dcea468d0a
data/raw/ooc/OOC_image_dataset/train/good/cell_type_NHBE/4+_days/230320_136.png,230320_136,230320,train,good,1,NHBE,4+_days,train,3bbd34abafc63167b4b44cf05111d6fe8e01222f854a704748d174c14e82c399
data/raw/ooc/OOC_image_dataset/train/good/cell_type_NHBE/4+_days/230320_139.png,230320_139,230320,train,good,1,NHBE,4+_days,train,4a690686a739d4f9e5c6559c8d372f3995dcfc73e8070666923790660898939c
data/raw/ooc/OOC_image_dataset/train/good/cell_type_NHBE/4+_days/230320_140.png,230320_140,230320,train,good,1,NHBE,4+_days,train,c5cceb6c4409b406657939ba9bb849d4116dfffa4e707e85b7489e6b50d4912e
data/raw/ooc/OOC_image_dataset/train/good/cell_type_NHBE/4+_days/230320_142.png,230320_142,230320,train,good,1,NHBE,4+_days,train,973ff13bda4b85a07a0a9afc47510c2f370adb5b8946724ef0fb5ba1b4eb239c
data/raw/ooc/OOC_image_dataset/train/good/cell_type_NHBE/4+_days/230320_143.png,230320_143,230320,train,good,1,NHBE,4+_days,train,56ecfc5fbbd9f94914b0cbe578d900c407ddd34f4b97c81e3c190d891746bc9b
data/raw/ooc/OOC_image_dataset/train/good/cell_type_NHBE/4+_days/230320_144.png,230320_144,230320,train,good,1,NHBE,4+_days,train,05db480fdc9c8ddcde1614ba05e61ad2a1f28b0f27166939d4126f97a90c480f
data/raw/ooc/OOC_image_dataset/train/good/cell_type_NHBE/4+_days/230320_145.png,230320_145,230320,train,good,1,NHBE,4+_days,train,50fb80f981c1ebe6c99c9eb25c648e4e6e38e8491c62f7dfceb7c63d0fb9cbbd
data/raw/ooc/OOC_image_dataset/train/good/cell_type_NHBE/4+_days/230320_148.png,230320_148,230320,train,good,1,NHBE,4+_days,train,dbee51977ca2fa8c51567c00a020d7d4d5f2aace84afb6699e13637bc62987f0
data/raw/ooc/OOC_image_dataset/train/good/cell_type_NHBE/4+_days/230320_149.png,230320_149,230320,train,good,1,NHBE,4+_days,train,4026dbfd8f974d74a5e8fb3cd4525a5d0bad70d4d0a74bf247be2e9d05479bce
data/raw/ooc/OOC_image_dataset/train/good/cell_type_NHBE/4+_days/230320_150.png,230320_150,230320,train,good,1,NHBE,4+_days,train,d03f0892cf6f292dbd6bc1397432a83544cbf0be265df6d6d0fd9319825caa74
data/raw/ooc/OOC_image_dataset/train/good/cell_type_NHBE/4+_days/230320_151.png,230320_151,230320,train,good,1,NHBE,4+_days,train,6baec38064fb44a00af9a05d27f10884b0da8ce27d763d58c8e5fe7f023e475e
data/raw/ooc/OOC_image_dataset/train/good/cell_type_NHBE/4+_days/230320_152.png,230320_152,230320,train,good,1,NHBE,4+_days,train,4b3ba00534d14da59d1bfc960e75c23892eaa3e32903856ad5615a0e447e40cf
data/raw/ooc/OOC_image_dataset/train/good/cell_type_NHBE/4+_days/230320_153.png,230320_153,230320,train,good,1,NHBE,4+_days,train,2ac87f9389de53f29365508f7b8db0a01f13f37af0f0324332fa06b1f95d4b42
data/raw/ooc/OOC_image_dataset/train/good/cell_type_NHBE/4+_days/230320_154.png,230320_154,230320,train,good,1,NHBE,4+_days,train,aeea377b848553887bf9799d9b97ffd6892a81b5c60d9919f40ea62704d48432
data/raw/ooc/OOC_image_dataset/train/good/cell_type_NHBE/4+_days/230320_155.png,230320_155,230320,train,good,1,NHBE,4+_days,train,ecda8052d530817106d00b198ce599c12dc0ea0a1c4f339833a9ac4b292f6c96
data/raw/ooc/OOC_image_dataset/train/good/cell_type_NHBE/4+_days/230320_157.png,230320_157,230320,train,good,1,NHBE,4+_days,train,9b36a926b254602f124d0a9056294fccd79a6f8c9887b5762373b2afb7db7713
data/raw/ooc/OOC_image_dataset/train/good/cell_type_NHBE/4+_days/230320_158.png,230320_158,230320,train,good,1,NHBE,4+_days,train,0ddfa2f4f13943e185f3f739c7069ae47f76ea076057c3a7e38ea2c2c439a769
data/raw/ooc/OOC_image_dataset/train/good/cell_type_NHBE/4+_days/230320_159.png,230320_159,230320,train,good,1,NHBE,4+_days,train,524d7c8bdfd6d087260f243fb0a18fda258b287e10af18247209fec15f355de6
data/raw/ooc/OOC_image_dataset/train/good/cell_type_NHBE/4+_days/230320_160.png,230320_160,230320,train,good,1,NHBE,4+_days,train,d762e1bf7e623d1e15339dee8ad082e63b3e2c4cdd55e7a132e5c1abdde8d0aa
data/raw/ooc/OOC_image_dataset/train/good/cell_type_NHBE/4+_days/230320_163.png,230320_163,230320,train,good,1,NHBE,4+_days,train,4d675dbc42c4e43db84b44872513987fba78ad28e0453ddec8250df1b8f33ca9
data/raw/ooc/OOC_image_dataset/train/good/cell_type_NHBE/4+_days/230320_164.png,230320_164,230320,train,good,1,NHBE,4+_days,train,47480d12bab0cc7bf8cba579dc59c19f80aea938748e53817eb0d0ae82154ada
data/raw/ooc/OOC_image_dataset/train/good/cell_type_NHBE/4+_days/230320_165.png,230320_165,230320,train,good,1,NHBE,4+_days,train,af8b79bde038c05cbe997ae47d007172244f70b8ae942ed33efacdd5e94960d7
data/raw/ooc/OOC_image_dataset/train/good/cell_type_NHBE/4+_days/230320_206.png,230320_206,230320,train,good,1,NHBE,4+_days,train,509694cdf298efda38aff2f910c3b968ebe14eabca1b8b43d6c753c8a23a8f6e
data/raw/ooc/OOC_image_dataset/train/good/cell_type_NHBE/4+_days/230320_208.png,230320_208,230320,train,good,1,NHBE,4+_days,train,ae0537a7e64e3a26ca5ee296a34952c37e707d1f2a671a8692e39b3054f68e5a
data/raw/ooc/OOC_image_dataset/train/good/cell_type_NHBE/4+_days/230320_209.png,230320_209,230320,train,good,1,NHBE,4+_days,train,59f4c1ee32360ad5b0d2ed653a519752d88e39f3c301323e045efb48fed8ecdf
data/raw/ooc/OOC_image_dataset/train/good/cell_type_NHBE/4+_days/230320_210.png,230320_210,230320,train,good,1,NHBE,4+_days,train,eb9ce6a7ef710901041aeb383fc7f2348bbd6c0bc85a4ae51733160b47415595
data/raw/ooc/OOC_image_dataset/train/good/cell_type_NHBE/4+_days/230320_214.png,230320_214,230320,train,good,1,NHBE,4+_days,train,fcdf403ecfc217357b862ad57c1962178ebd916a4690d8c5b16b0e0610ceb6ef
data/raw/ooc/OOC_image_dataset/train/good/cell_type_NHBE/4+_days/230320_216.png,230320_216,230320,train,good,1,NHBE,4+_days,train,c3781b926e223e9857be0c61b4efb436cd37d1bc1c1550a762c024115244ab91
data/raw/ooc/OOC_image_dataset/train/good/cell_type_NHBE/4+_days/230320_218.png,230320_218,230320,train,good,1,NHBE,4+_days,train,90105151dbc9b4b753c0186c4433f369fcfe25eaba29632dcd4bf47ae585f332
data/raw/ooc/OOC_image_dataset/train/good/cell_type_NHBE/4+_days/230320_221.png,230320_221,230320,train,good,1,NHBE,4+_days,train,7a03ed8395470137704e8e3df7636d7e39cd3a140ac1d762ebe783e09559c56f
data/raw/ooc/OOC_image_dataset/train/good/cell_type_NHBE/4+_days/230320_222.png,230320_222,230320,train,good,1,NHBE,4+_days,train,512e2e1d338c368f2c705d4e43f013a9930259ba22e3c6e6346e353ae1186138
data/raw/ooc/OOC_image_dataset/train/good/cell_type_NHBE/4+_days/230320_224.png,230320_224,230320,train,good,1,NHBE,4+_days,train,89fbfeee17ff2870db3f78b4431546ea4adc5655c80fa4fc780532a29a072b4e
data/raw/ooc/OOC_image_dataset/train/good/cell_type_NHBE/4+_days/230320_225.png,230320_225,230320,train,good,1,NHBE,4+_days,train,f5a3f5801ce7635045b1b18e09e38dfcbd57cec458314d1f66ff557d75b03653
data/raw/ooc/OOC_image_dataset/train/good/cell_type_NHBE/4+_days/230320_227.png,230320_227,230320,train,good,1,NHBE,4+_days,train,aa8e561dc788f96ac11e21232ff3510337837837557be72660a2f6a76eb33641
data/raw/ooc/OOC_image_dataset/train/good/cell_type_NHBE/4+_days/230320_228.png,230320_228,230320,train,good,1,NHBE,4+_days,train,15d4d15a41986999eb754292da9330b7e1d707f11f1cc0dec91a08a2d89a7e83
data/raw/ooc/OOC_image_dataset/val/bad/cell_type_A549/0-1_days/230109_107.png,230109_107,230109,train,bad,0,A549,0-1_days,val,00b011e9476fd48a74f366c53dd9f98aa24780491d87561084fe610f21c12806
data/raw/ooc/OOC_image_dataset/val/bad/cell_type_A549/0-1_days/230109_121.png,230109_121,230109,train,bad,0,A549,0-1_days,val,e215b7867f53ffb32ef21e000b8d5e1e2a67dea50e878ada70e35651eb0de3d8
data/raw/ooc/OOC_image_dataset/val/bad/cell_type_A549/0-1_days/230206_27.png,230206_27,230206,train,bad,0,A549,0-1_days,val,effe0aabd6e562d7b75d9b846ca59a2708ef6dba36d9feac6f74112c3db98a60
data/raw/ooc/OOC_image_dataset/val/bad/cell_type_A549/0-1_days/230525_113.png,230525_113,230525,train,bad,0,A549,0-1_days,val,09e16c6de2b5ccd35aeee2bb51fedcede0dc03747a2a10a1d9e96bb056a2be99
data/raw/ooc/OOC_image_dataset/val/bad/cell_type_A549/0-1_days/230525_125.png,230525_125,230525,train,bad,0,A549,0-1_days,val,bd21425368c4b833346681b98b372592f46555bbcd624a4b6e0f67a1867e5713
data/raw/ooc/OOC_image_dataset/val/bad/cell_type_A549/2-3_days/230110_142.png,230110_142,230110,train,bad,0,A549,2-3_days,val,c367e6209da5c3662974993282b747bf4194b4b51b96604316913ce3d52f0f81
data/raw/ooc/OOC_image_dataset/val/bad/cell_type_A549/4+_days/220612_18.png,220612_18,220612,train,bad,0,A549,4+_days,val,5f92a18a5c71cb9363f6ebd4791560ca961bdb0e9c16bc4f7d772d257ceb11a1
data/raw/ooc/OOC_image_dataset/val/bad/cell_type_A549/4+_days/221219_11.png,221219_11,221219,train,bad,0,A549,4+_days,val,9519d68d98a17a07992a11f6039046369ae5ff233ce4d20f6a5168d6e2d91eeb
data/raw/ooc/OOC_image_dataset/val/bad/cell_type_A549/4+_days/230425_105.png,230425_105,230425,train,bad,0,A549,4+_days,val,1fbc77df687a68f437ca3033ac7c463c5d51f77a216a0ad2e6511e2e74e0557b
data/raw/ooc/OOC_image_dataset/val/bad/cell_type_A549/4+_days/230425_162.png,230425_162,230425,train,bad,0,A549,4+_days,val,1e9d3f79236e96c29d3a1db75cb1eb52ae49071594602b4bf135c63f18a22775
data/raw/ooc/OOC_image_dataset/val/bad/cell_type_A549/4+_days/230425_55.png,230425_55,230425,train,bad,0,A549,4+_days,val,2917d132fa72b47223a5df630794e97757d6eec85309ff228692dc390b266d43
data/raw/ooc/OOC_image_dataset/val/bad/cell_type_A549/4+_days/230425_82.png,230425_82,230425,train,bad,0,A549,4+_days,val,29c227ca0017ba26cb10638359260b85565b87084b75bf9bfd60dabe5f485e26
data/raw/ooc/OOC_image_dataset/val/bad/cell_type_A549/4+_days/230512_45.png,230512_45,230512,test,bad,0,A549,4+_days,val,bc0a2a112fcfd3217689b678d4b19f4676781e958daaf080454e3dc772349817
data/raw/ooc/OOC_image_dataset/val/bad/cell_type_A549/4+_days/230512_70.png,230512_70,230512,test,bad,0,A549,4+_days,val,2a8855205af5c7caf64a07ca05b33059904d5d61471803c637b57d35bace27fc
data/raw/ooc/OOC_image_dataset/val/bad/cell_type_A549/4+_days/230517_69.png,230517_69,230517,test,bad,0,A549,4+_days,val,ac477c43a88eb0931beb039f47769dee21f2aced07983c8727f6bcbe48d38f21
data/raw/ooc/OOC_image_dataset/val/bad/cell_type_A549/4+_days/230517_70.png,230517_70,230517,test,bad,0,A549,4+_days,val,4c7c6d5f50c6a385252b10e569fe9186a3b2b96081795d0404a29977e7e43c44
data/raw/ooc/OOC_image_dataset/val/bad/cell_type_A549/4+_days/230517_72.png,230517_72,230517,test,bad,0,A549,4+_days,val,4555c63a532b7848a2689a8c72f6aae3827985730bdc2b3eb2a8656f4ad3e2fe
data/raw/ooc/OOC_image_dataset/val/bad/cell_type_A549/4+_days/230529_56.png,230529_56,230529,train,bad,0,A549,4+_days,val,f20bb88c46072f3245b7a5d3c73e9d3ec76182d84516c7f826e3bca0af95f08f
data/raw/ooc/OOC_image_dataset/val/bad/cell_type_A549/4+_days/230529_65.png,230529_65,230529,train,bad,0,A549,4+_days,val,3f656a2190f1c5f39af3f2f3effb88c8099509223cefc88cc6c1273f005ae291
data/raw/ooc/OOC_image_dataset/val/bad/cell_type_A549/4_days/230424_103.png,230424_103,230424,validation,bad,0,A549,4_days,val,90429d23979f832c3e4a71208232bfa9f99b4417b28f63e426d9cc286b85df3a
data/raw/ooc/OOC_image_dataset/val/bad/cell_type_A549/4_days/230424_54.png,230424_54,230424,validation,bad,0,A549,4_days,val,3a365cdaff4eeef5b76aeb2a7d0bd86bb349928b911fbb484ad1e31a057b5a44
data/raw/ooc/OOC_image_dataset/val/bad/cell_type_CACO/2-3_days/220606_15.png,220606_15,220606,train,bad,0,CACO,2-3_days,val,dcb3f7fb99b2c685ad1228ffbb11cae595642500687c130bcd3d51bb59100d13
data/raw/ooc/OOC_image_dataset/val/bad/cell_type_CACO/2-3_days/230329_11.png,230329_11,230329,train,bad,0,CACO,2-3_days,val,c2628b41296d622285ccbea10ffed895f9efc7f983488ca03789d92b92497b38
data/raw/ooc/OOC_image_dataset/val/bad/cell_type_CACO/2-3_days/230405_120.png,230405_120,230405,train,bad,0,CACO,2-3_days,val,f1fd13cfbde9c2573642e5433d6e6132def848811d5a82cee60e57c158c3b90b
data/raw/ooc/OOC_image_dataset/val/bad/cell_type_CACO/2-3_days/230405_129.png,230405_129,230405,train,bad,0,CACO,2-3_days,val,ba80403cb91a285de4d1e0e861f0fa43125e71768026df6278c9683efcad9235
data/raw/ooc/OOC_image_dataset/val/bad/cell_type_CACO/2-3_days/230405_137.png,230405_137,230405,train,bad,0,CACO,2-3_days,val,47bfdb304503b32934252748c315194a840ec7c84c935949aafbb05287697955
data/raw/ooc/OOC_image_dataset/val/bad/cell_type_CACO/2-3_days/230419_104.png,230419_104,230419,train,bad,0,CACO,2-3_days,val,62fd45054926b9000b5b3caa54b5af60ae37eae48b6d1b2c1ec1a2d388dfe1c9
data/raw/ooc/OOC_image_dataset/val/bad/cell_type_CACO/2-3_days/230419_91.png,230419_91,230419,train,bad,0,CACO,2-3_days,val,55a5bb1c8e4249e541ce1ad3db446d7534120ee84e172f90731c74a1107e8d0d
data/raw/ooc/OOC_image_dataset/val/bad/cell_type_CACO/2-3_days/230419_93.png,230419_93,230419,train,bad,0,CACO,2-3_days,val,137271b78fdeb14d7c8bf9a2a6e5da755d9ad4ed8387cec8474ef63aff4ba37a
data/raw/ooc/OOC_image_dataset/val/bad/cell_type_CACO/2-3_days/230419_99.png,230419_99,230419,train,bad,0,CACO,2-3_days,val,d6f79e58e86e402ea9d49bca73ff4034efbb7e2ae776fd008ea3a8174465f057
data/raw/ooc/OOC_image_dataset/val/bad/cell_type_CACO/4+_days/220610_10.png,220610_10,220610,validation,bad,0,CACO,4+_days,val,0ca13c50eb95348f5c48ced3aa6efc5b59cd2b83400df7196d64093728d7889e
data/raw/ooc/OOC_image_dataset/val/bad/cell_type_CACO/4+_days/230405_22.png,230405_22,230405,train,bad,0,CACO,4+_days,val,ae0bf86f46bc977cfe3055d2d5f2af291647102a7ec280ad41361d41ecc1eb72
data/raw/ooc/OOC_image_dataset/val/bad/cell_type_CACO/4+_days/230405_3.png,230405_3,230405,train,bad,0,CACO,4+_days,val,73051a0d6071a4217d1d916538bddfa2df350ffa73017201a32883eb3188ffea
data/raw/ooc/OOC_image_dataset/val/bad/cell_type_CACO/4+_days/230411_72.png,230411_72,230411,validation,bad,0,CACO,4+_days,val,d3c7844c9a4a1b088b6c21883a58f50cfecaf3f70da4ab7d2cb207ce2909755c
data/raw/ooc/OOC_image_dataset/val/bad/cell_type_CACO/4+_days/230411_73.png,230411_73,230411,validation,bad,0,CACO,4+_days,val,aefc43f67bb53cf3afc5849ef464f8386bff2936d7b87dd7714939545645e491
data/raw/ooc/OOC_image_dataset/val/bad/cell_type_CACO/4+_days/230411_76.png,230411_76,230411,validation,bad,0,CACO,4+_days,val,a27ec649a15d1ee0812871dd3d3f431fa73c6e422723ee495954aa9769e05e7f
data/raw/ooc/OOC_image_dataset/val/bad/cell_type_CACO/4+_days/230425_182.png,230425_182,230425,train,bad,0,CACO,4+_days,val,9ee6222932e53166374b74c466728793b9eecde02a9e07208bf28a4ab0987fe2
data/raw/ooc/OOC_image_dataset/val/bad/cell_type_CACO/4+_days/230425_188.png,230425_188,230425,train,bad,0,CACO,4+_days,val,e3afae891fcc5f8b6f924b28a69a0fdad5b090480be483992e826ecc9daa7f19
data/raw/ooc/OOC_image_dataset/val/bad/cell_type_CACO/4+_days/230425_189.png,230425_189,230425,train,bad,0,CACO,4+_days,val,fa17a39c4d49872b10e4a3c9bf3df190906805c809ad0ba7608e43a195d7541c
data/raw/ooc/OOC_image_dataset/val/bad/cell_type_CACO/4+_days/230425_195.png,230425_195,230425,train,bad,0,CACO,4+_days,val,17f8d5abf51d58a731a5509487efcb0201dbbd69bc05fef1fff70a152e495732
data/raw/ooc/OOC_image_dataset/val/bad/cell_type_CACO/4+_days/230425_198.png,230425_198,230425,train,bad,0,CACO,4+_days,val,3a7a04bd72b474c13e8115460e6cd5480b29b9f9b33e2a19dcc040bae3fb17f2
data/raw/ooc/OOC_image_dataset/val/bad/cell_type_CACO/4+_days/230425_199.png,230425_199,230425,train,bad,0,CACO,4+_days,val,2e257826c76fcb3363c91de0e6f8df7483849ad0d2f49b8c90cbbdd2857975b7
data/raw/ooc/OOC_image_dataset/val/bad/cell_type_CACO/4+_days/230425_204.png,230425_204,230425,train,bad,0,CACO,4+_days,val,81356de3b4c11a7a23ec079e35186ba762c02c05048a71160057428913842d56
data/raw/ooc/OOC_image_dataset/val/bad/cell_type_CACO/4_days/220608_10.png,220608_10,220608,train,bad,0,CACO,4_days,val,96883fb89c3cf3fb8a754130247fee0b55dcf08ca76fd9d7ece802c9eccf8881
data/raw/ooc/OOC_image_dataset/val/bad/cell_type_HPMEC/0-1_days/220429_17.png,220429_17,220429,train,bad,0,HPMEC,0-1_days,val,d6af0d7a54ba77902ba907189e5632b0b59cae776e6506ea7c4afdebe3dd760a
data/raw/ooc/OOC_image_dataset/val/bad/cell_type_HPMEC/0-1_days/221010_33.png,221010_33,221010,test,bad,0,HPMEC,0-1_days,val,acbf3cb86dc4ffc837853d6d66d21813e51e1a9ddb156c5f387d5235190a1026
data/raw/ooc/OOC_image_dataset/val/bad/cell_type_HPMEC/0-1_days/230215_18.png,230215_18,230215,validation,bad,0,HPMEC,0-1_days,val,459aeabb41a3426badf8bb0c5e38dc0f2bacb200e88889f2a536fab847bca515
data/raw/ooc/OOC_image_dataset/val/bad/cell_type_HPMEC/0-1_days/230215_22.png,230215_22,230215,validation,bad,0,HPMEC,0-1_days,val,9af1512781ebb90a05af3b1bf0faf205591221651eaad6c71443bd850583c696
data/raw/ooc/OOC_image_dataset/val/bad/cell_type_HPMEC/0-1_days/230314_12.png,230314_12,230314,train,bad,0,HPMEC,0-1_days,val,b1a4d0063b144fc9cbcf3929a14579c2421c3a1fae8ba3b43c580238a3f22823
data/raw/ooc/OOC_image_dataset/val/bad/cell_type_HPMEC/0-1_days/230314_23.png,230314_23,230314,train,bad,0,HPMEC,0-1_days,val,4180fce60636b9a1cfc192cdc2e089ac91200929ff5c12c841e0fcb16fddd25b
data/raw/ooc/OOC_image_dataset/val/bad/cell_type_HPMEC/0-1_days/230314_24.png,230314_24,230314,train,bad,0,HPMEC,0-1_days,val,45bda0534776b372f047a72faaadd04b4208e71c2835d2251d92524e8c568698
data/raw/ooc/OOC_image_dataset/val/bad/cell_type_HPMEC/0-1_days/230314_27.png,230314_27,230314,train,bad,0,HPMEC,0-1_days,val,6e3265d7bb2c6ab9ef68d8a6728a02aad047bfdc0fce02cf65f991ac05253f5a
data/raw/ooc/OOC_image_dataset/val/bad/cell_type_HPMEC/0-1_days/230523_16.png,230523_16,230523,train,bad,0,HPMEC,0-1_days,val,67d1fe7778c09b1b1fad5e4c269b2b36ff4634a6afcfa6a7f002f77e345500ec
data/raw/ooc/OOC_image_dataset/val/bad/cell_type_HPMEC/0-1_days/230523_22.png,230523_22,230523,train,bad,0,HPMEC,0-1_days,val,61d5ee50ba0b8d81fb235ca64c0da3b29f41ddb2cf99fffc5d30deac79a9784e
data/raw/ooc/OOC_image_dataset/val/bad/cell_type_HPMEC/0-1_days/230523_35.png,230523_35,230523,train,bad,0,HPMEC,0-1_days,val,6e8a9ac0c7d59ee0e831eb90ff436278096d96e7b14c90be31b547a8b6338bc5
data/raw/ooc/OOC_image_dataset/val/bad/cell_type_HPMEC/0-1_days/230523_36.png,230523_36,230523,train,bad,0,HPMEC,0-1_days,val,9592e7ced0811d423d0f75730bda9d86870aacd21efd223b387067ff20f3146f
data/raw/ooc/OOC_image_dataset/val/bad/cell_type_HPMEC/0-1_days/230523_8.png,230523_8,230523,train,bad,0,HPMEC,0-1_days,val,037a43551dea262bb72418fb1053356a039dd3dbc230f1ee2cccf430951744e4
data/raw/ooc/OOC_image_dataset/val/bad/cell_type_HPMEC/2-3_days/230315_60.png,230315_60,230315,train,bad,0,HPMEC,2-3_days,val,bb2f7b690746dc663d00d0d8c3301b92f0763a9eb8eeeabaa8b5c82cc75500d6
data/raw/ooc/OOC_image_dataset/val/bad/cell_type_HPMEC/2-3_days/230315_64.png,230315_64,230315,train,bad,0,HPMEC,2-3_days,val,4edc61980f9941d656f5e9d0e4638328657f0f56da51f9cb15d3df552626c5c2
data/raw/ooc/OOC_image_dataset/val/bad/cell_type_HPMEC/2-3_days/230315_75.png,230315_75,230315,train,bad,0,HPMEC,2-3_days,val,142e0d1a00d34b427d43da691865956d6f8c8573bc2e5863835e8389dc4ec917
data/raw/ooc/OOC_image_dataset/val/bad/cell_type_HPMEC/2-3_days/230419_13.png,230419_13,230419,train,bad,0,HPMEC,2-3_days,val,6a27ef0c54d160503fb95bc9fcc0a100840814bf09506291fae881ed970ef103
data/raw/ooc/OOC_image_dataset/val/bad/cell_type_HPMEC/2-3_days/230419_19.png,230419_19,230419,train,bad,0,HPMEC,2-3_days,val,2a5afe3ae1252d69cc89b41583a123491a9468e27fec55af280455004dacf38c
data/raw/ooc/OOC_image_dataset/val/bad/cell_type_HPMEC/2-3_days/230419_39.png,230419_39,230419,train,bad,0,HPMEC,2-3_days,val,8bebad5a1896faee7c3ad0979d62769599c79c88eee7c3199396811030f8c23c
data/raw/ooc/OOC_image_dataset/val/bad/cell_type_HPMEC/2-3_days/230419_44.png,230419_44,230419,train,bad,0,HPMEC,2-3_days,val,6d39460d45fa2c21e6ded0836d035d45dfe62bf8d5e7342e45f84d8752ca192e
data/raw/ooc/OOC_image_dataset/val/bad/cell_type_HPMEC/2-3_days/230419_54.png,230419_54,230419,train,bad,0,HPMEC,2-3_days,val,6279b9899289d919349b9abe3576634a46dbb5296a534140e47c3c0716eb1a00
data/raw/ooc/OOC_image_dataset/val/bad/cell_type_HPMEC/2-3_days/230419_65.png,230419_65,230419,train,bad,0,HPMEC,2-3_days,val,4064ba00ee15e2d1b5f6ce40e5a54d7e06c9df7773af11ce64de32eca37d88f3
data/raw/ooc/OOC_image_dataset/val/bad/cell_type_HPMEC/2-3_days/230419_74.png,230419_74,230419,train,bad,0,HPMEC,2-3_days,val,1b3e8f8ef9f5126071188b07945d49b8d032031bb8400dcd3a96be023e6e092a
data/raw/ooc/OOC_image_dataset/val/bad/cell_type_HPMEC/2-3_days/230419_75.png,230419_75,230419,train,bad,0,HPMEC,2-3_days,val,b4435dc06f05e90857e2d7bfa72365bb22ebef2cd3be053468ebbae8e892ec6e
data/raw/ooc/OOC_image_dataset/val/bad/cell_type_HPMEC/2-3_days/230419_79.png,230419_79,230419,train,bad,0,HPMEC,2-3_days,val,c66a245f6fb4320f3ffa9fab702dfd7d47802afde282cfd28608bf24e989d973
data/raw/ooc/OOC_image_dataset/val/bad/cell_type_HPMEC/2-3_days/230510_25.png,230510_25,230510,validation,bad,0,HPMEC,2-3_days,val,d04be4abaee0375015375ca921f2bac361c50d5f1f8cc396fffa326873dfef08
data/raw/ooc/OOC_image_dataset/val/bad/cell_type_HPMEC/2-3_days/230524_19.png,230524_19,230524,test,bad,0,HPMEC,2-3_days,val,202e904a516db973b02c360ad6d3738ec9612b8c43935407c15645f0c9c57a6a
data/raw/ooc/OOC_image_dataset/val/bad/cell_type_HPMEC/2-3_days/230524_21.png,230524_21,230524,test,bad,0,HPMEC,2-3_days,val,5649d3c52516b16a3b35f3896256daff4e981ece66d368fb98fc2ff65c4b6d91
data/raw/ooc/OOC_image_dataset/val/bad/cell_type_HPMEC/2-3_days/230524_23.png,230524_23,230524,test,bad,0,HPMEC,2-3_days,val,931364fd0c1615f71c125aba3b02005a1c15231afa8afda2fe03ad460b3f6ef5
data/raw/ooc/OOC_image_dataset/val/bad/cell_type_HPMEC/2-3_days/230524_26.png,230524_26,230524,test,bad,0,HPMEC,2-3_days,val,2f029b6c8f63cf6c9a33e7e716defd28440dc27b0205bab132475ea4bf11962f
data/raw/ooc/OOC_image_dataset/val/bad/cell_type_HPMEC/2-3_days/230524_30.png,230524_30,230524,test,bad,0,HPMEC,2-3_days,val,9a70709087477a8525df634829e391ff1b0e9c0545731b770866eadb7e50ae47
data/raw/ooc/OOC_image_dataset/val/bad/cell_type_HPMEC/2-3_days/230524_4.png,230524_4,230524,test,bad,0,HPMEC,2-3_days,val,d98b872949ae4c66b67077e2b7056875d86fa1b26deaf768fb65674e58523922
data/raw/ooc/OOC_image_dataset/val/bad/cell_type_HPMEC/2-3_days/230524_44.png,230524_44,230524,test,bad,0,HPMEC,2-3_days,val,9ef263e377017b1ebf7cccf539ad93a2c64376512e7ade5f55b0bad1adc8acfb
data/raw/ooc/OOC_image_dataset/val/bad/cell_type_HPMEC/2-3_days/230524_48.png,230524_48,230524,test,bad,0,HPMEC,2-3_days,val,da9401c87fbfed4baa9982c1b9f78545a8f8b8970d16d97f5de6584ac999858c
data/raw/ooc/OOC_image_dataset/val/bad/cell_type_HPMEC/2-3_days/230524_8.png,230524_8,230524,test,bad,0,HPMEC,2-3_days,val,3551e1d99f9ea532af8f670a2e4b99875b75a8acb678cbca2d5280c9949a781e
data/raw/ooc/OOC_image_dataset/val/bad/cell_type_HPMEC/2-3_days/230524_80.png,230524_80,230524,test,bad,0,HPMEC,2-3_days,val,7e0fc58a7f50b0e9b7212cbadca24d59f9028f92e97b47d8ae6e7685462924ce
data/raw/ooc/OOC_image_dataset/val/bad/cell_type_HPMEC/2-3_days/230524_92.png,230524_92,230524,test,bad,0,HPMEC,2-3_days,val,483134847aaca3d8c47c0822e10bb01116fda7816977f50f247e73f764e0d372
data/raw/ooc/OOC_image_dataset/val/bad/cell_type_HPMEC/2-3_days/230524_98.png,230524_98,230524,test,bad,0,HPMEC,2-3_days,val,02ed39225e01522b48c3777d19c40cae06c455afc8881d2be2566eb322cf28e6
data/raw/ooc/OOC_image_dataset/val/bad/cell_type_HPMEC/2-3_days/230525_149.png,230525_149,230525,train,bad,0,HPMEC,2-3_days,val,11f8930a611940056c9b59b3da66db7540b805b9c5f906d78ef7008c2f54c6d8
data/raw/ooc/OOC_image_dataset/val/bad/cell_type_HPMEC/2-3_days/230525_16.png,230525_16,230525,train,bad,0,HPMEC,2-3_days,val,f5d5554fab351209edac378d0688c0c98a7a44d6a8d81440b470b6e0aea56bb9
data/raw/ooc/OOC_image_dataset/val/bad/cell_type_HPMEC/4+_days/230320_99.png,230320_99,230320,train,bad,0,HPMEC,4+_days,val,2da28e50a3ddc633b73d02a9c66c831770d6e9932734ad950a6dbaa5e707cf4f
data/raw/ooc/OOC_image_dataset/val/bad/cell_type_HPMEC/4+_days/230424_20.png,230424_20,230424,validation,bad,0,HPMEC,4+_days,val,b8309b7f2d8f21c89aa87c7b45842e0f0bcbe53ba18f1ba7e6559fafa25e4a5d
data/raw/ooc/OOC_image_dataset/val/bad/cell_type_HPMEC/4+_days/230424_22.png,230424_22,230424,validation,bad,0,HPMEC,4+_days,val,a2751cb2503d9cc6e03aeb993c2514ee7bc7d0fda0de6834ff5694abd53bb062
data/raw/ooc/OOC_image_dataset/val/bad/cell_type_HPMEC/4+_days/230424_6.png,230424_6,230424,validation,bad,0,HPMEC,4+_days,val,ea1927e83f312df44225880cdcd98ea01bb094656dbeca7ff2e20e04186b1d12
data/raw/ooc/OOC_image_dataset/val/bad/cell_type_HPMEC/4+_days/230425_130.png,230425_130,230425,train,bad,0,HPMEC,4+_days,val,6969c74916958286a29dbc68c9dd338a3d420c5eb4e43035d7b405d1d9520540
data/raw/ooc/OOC_image_dataset/val/bad/cell_type_HPMEC/4+_days/230425_6.png,230425_6,230425,train,bad,0,HPMEC,4+_days,val,ee3c72cb43b8a5609308d77634d130d49bb890f7491d71e56a055d6b3583c90e
data/raw/ooc/OOC_image_dataset/val/bad/cell_type_HPMEC/4+_days/230517_76.png,230517_76,230517,test,bad,0,HPMEC,4+_days,val,75a69f74be7f903815259f2b3f78f1bb5c252f6f55daa66e8ae5f2f1ffae9ad7
data/raw/ooc/OOC_image_dataset/val/bad/cell_type_HPMEC/4+_days/230517_81.png,230517_81,230517,test,bad,0,HPMEC,4+_days,val,e2e75486b86a4bfb73578ee7817b6a6eda140ded122582eb1a2f62b825213bcc
data/raw/ooc/OOC_image_dataset/val/bad/cell_type_HPMEC/4+_days/230529_102.png,230529_102,230529,train,bad,0,HPMEC,4+_days,val,810cf21106ce652ec9fe22b873a86c7039fc84e49d818789f923e173ee57366c
data/raw/ooc/OOC_image_dataset/val/bad/cell_type_HPMEC/4+_days/230529_103.png,230529_103,230529,train,bad,0,HPMEC,4+_days,val,1294052566691677b75fa470ab2599ad8665bb33b68022c7dcde331120cf0ce3
data/raw/ooc/OOC_image_dataset/val/bad/cell_type_HPMEC/4+_days/230529_12.png,230529_12,230529,train,bad,0,HPMEC,4+_days,val,2bf6059381bc55d94314d574ba34359adcbc7470b7f6240acc7eef5a20cddb34
data/raw/ooc/OOC_image_dataset/val/bad/cell_type_HPMEC/4+_days/230529_177.png,230529_177,230529,train,bad,0,HPMEC,4+_days,val,779ab3e3c8a2b029834a5aa903c0adde1334074456302c51b090646fb9fa30da
data/raw/ooc/OOC_image_dataset/val/bad/cell_type_HPMEC/4+_days/230529_179.png,230529_179,230529,train,bad,0,HPMEC,4+_days,val,4c6bf01bbae97f4da3e8c1a5b7f8c9de66e4995dd3694208567a2c8c3da028a0
data/raw/ooc/OOC_image_dataset/val/bad/cell_type_HPMEC/4+_days/230529_18.png,230529_18,230529,train,bad,0,HPMEC,4+_days,val,1f0b32dcb575e65e72ad2b16dfc273d94e601bbcca4c95a0f92bac63ee023e87
data/raw/ooc/OOC_image_dataset/val/bad/cell_type_HPMEC/4+_days/230529_22.png,230529_22,230529,train,bad,0,HPMEC,4+_days,val,1368ff801f99d18e77cd0578bc6320f4b45dcde0f2d3b3b78907548f54951948
data/raw/ooc/OOC_image_dataset/val/bad/cell_type_HPMEC/4+_days/230529_31.png,230529_31,230529,train,bad,0,HPMEC,4+_days,val,61da0d6e7ba45a73f0f76bfa7e43e946a1a0d1b4c69abd6e22f69540bae31b46
data/raw/ooc/OOC_image_dataset/val/bad/cell_type_HPMEC/4+_days/230529_32.png,230529_32,230529,train,bad,0,HPMEC,4+_days,val,2bf4ef6f26c75483eda2e4977ed9be817bc937aa9365a4bf35d3b21d0eada223
data/raw/ooc/OOC_image_dataset/val/bad/cell_type_HPMEC/4+_days/230529_75.png,230529_75,230529,train,bad,0,HPMEC,4+_days,val,dcf633d08a394408b4499046ca88c7101084844cab66ace2571b7d97560192b5
data/raw/ooc/OOC_image_dataset/val/bad/cell_type_HPMEC/4+_days/230529_89.png,230529_89,230529,train,bad,0,HPMEC,4+_days,val,6d7ecb575078d3bfe1c1129e2c13336b880b4331b58a7d0c773013cbd0ab536a
data/raw/ooc/OOC_image_dataset/val/bad/cell_type_HPMEC/4_days/230317_39.png,230317_39,230317,train,bad,0,HPMEC,4_days,val,22ce03dd6d764197c0927595e604e5b2b0c00bbe9fdcb1ff7643f06b83b2a26c
data/raw/ooc/OOC_image_dataset/val/bad/cell_type_HPMEC/4_days/230317_45.png,230317_45,230317,train,bad,0,HPMEC,4_days,val,9ac9945d98c4ff0b2e20384ae3ef5a13f4afc7dee22ff53c188ad5aa8bb24066
data/raw/ooc/OOC_image_dataset/val/bad/cell_type_HPMEC/4_days/230512_2.png,230512_2,230512,test,bad,0,HPMEC,4_days,val,7c0ecfd8438b54ce17783e00cc3a7228fb68e263a551c55b59cc2d54355f3320
data/raw/ooc/OOC_image_dataset/val/bad/cell_type_HPMEC/4_days/230512_73.png,230512_73,230512,test,bad,0,HPMEC,4_days,val,2bc0e038c5ed4c59af8b94c287758b5dcf25a8ce9fd2ed24a7fc2a8c3e5922db
data/raw/ooc/OOC_image_dataset/val/bad/cell_type_HPMEC/4_days/230512_75.png,230512_75,230512,test,bad,0,HPMEC,4_days,val,433d588376ec1e4dad5f83c4cffdc926750dd24a4fdac533a7c1bcd452e29160
data/raw/ooc/OOC_image_dataset/val/bad/cell_type_HSAEC/2-3_days/220718_2.png,220718_2,220718,train,bad,0,HSAEC,2-3_days,val,79d3b71ce56dce903914123c82e9ae4add479baec03a8b5d09c8dbb5bd00f4da
data/raw/ooc/OOC_image_dataset/val/bad/cell_type_HSAEC/4+_days/220512_6.png,220512_6,220512,validation,bad,0,HSAEC,4+_days,val,75eea6cdcd8869d16a89973b1770ec033a0834e8d5a52087570ab68dc9f7a1be
data/raw/ooc/OOC_image_dataset/val/bad/cell_type_HSAEC/4+_days/220706_1.png,220706_1,220706,train,bad,0,HSAEC,4+_days,val,f2b8b70dbff3ba87f2446b32e1f963dfa448069b7a1932868ec07c0be2933be4
data/raw/ooc/OOC_image_dataset/val/bad/cell_type_HSAEC/4+_days/220724_6.png,220724_6,220724,test,bad,0,HSAEC,4+_days,val,914026db587623d67541e6cdef48ffb6281920010749599996f887daa3cbc717
data/raw/ooc/OOC_image_dataset/val/bad/cell_type_HSAEC/4+_days/220724_8.png,220724_8,220724,test,bad,0,HSAEC,4+_days,val,e65d878aeebc0f2f7f61afa8e949cd4c2be6bbc987d123a365d331cc4cfb4326
data/raw/ooc/OOC_image_dataset/val/bad/cell_type_HSAEC/4_days/220630_18.png,220630_18,220630,train,bad,0,HSAEC,4_days,val,79d9437cccde6f3c2b626b1c263210c6c7f6cbf4e0014c8b827e0feb21fc7aca
data/raw/ooc/OOC_image_dataset/val/bad/cell_type_HUVEC/2-3_days/230405_43.png,230405_43,230405,train,bad,0,HUVEC,2-3_days,val,e4f31326097774d77ba47bb6f8643c8d9873bb8599fbcf124696acbcce7ccae7
data/raw/ooc/OOC_image_dataset/val/bad/cell_type_HUVEC/2-3_days/230405_52.png,230405_52,230405,train,bad,0,HUVEC,2-3_days,val,881aa83639b37fd850c2d6d5343722a32fd7e4c62a7e7c02a790b68c2645f111
data/raw/ooc/OOC_image_dataset/val/bad/cell_type_HUVEC/2-3_days/230405_58.png,230405_58,230405,train,bad,0,HUVEC,2-3_days,val,700ab120ccf4bea967408c43547c2df7525646248f15c8eed880c43dc4c01cb4
data/raw/ooc/OOC_image_dataset/val/bad/cell_type_HUVEC/2-3_days/230405_66.png,230405_66,230405,train,bad,0,HUVEC,2-3_days,val,659c81d9b3ccf774024cf4fe82533327eef12c46007fd832447110dcf3ed749c
data/raw/ooc/OOC_image_dataset/val/bad/cell_type_HUVEC/2-3_days/230405_79.png,230405_79,230405,train,bad,0,HUVEC,2-3_days,val,4d9016fc9313100459a8aa2688316272d36375b70f5eb0322a8a05e30f301217
data/raw/ooc/OOC_image_dataset/val/bad/cell_type_HUVEC/4+_days/230411_22.png,230411_22,230411,validation,bad,0,HUVEC,4+_days,val,c823d2cf793a424ba98c18099da6c907a3bd15cd0cd98382eaac8da4b251ea69
data/raw/ooc/OOC_image_dataset/val/bad/cell_type_HUVEC/4+_days/230411_27.png,230411_27,230411,validation,bad,0,HUVEC,4+_days,val,500c35aa260c3a27f64e239beefafc19485d6103ea5d2c89580f4e71ea091a06
data/raw/ooc/OOC_image_dataset/val/bad/cell_type_HUVEC/4+_days/230411_36.png,230411_36,230411,validation,bad,0,HUVEC,4+_days,val,73a15dfe30d9951495ab62f29c2e8ddc92816917bc07721c61e7c2251365e096
data/raw/ooc/OOC_image_dataset/val/bad/cell_type_NHBE/4+_days/230320_211.png,230320_211,230320,train,bad,0,NHBE,4+_days,val,0a54e111b4e32faaad53344b8c799b0a951fd866bc8244b03ed70d5b47a8cf85
data/raw/ooc/OOC_image_dataset/val/good/cell_type_A549/0-1_days/230109_109.png,230109_109,230109,train,good,1,A549,0-1_days,val,656fb00d8a1856a23440e2e5986e4dd3e2875d75d0b0a31035ad462b4d926a4b
data/raw/ooc/OOC_image_dataset/val/good/cell_type_A549/0-1_days/230109_35.png,230109_35,230109,train,good,1,A549,0-1_days,val,546e2b35af4102deae3001c3c25abe48ee0a60a0280de0af1643b040fb41640e
data/raw/ooc/OOC_image_dataset/val/good/cell_type_A549/0-1_days/230109_36.png,230109_36,230109,train,good,1,A549,0-1_days,val,85c02df835cbf23077f268e419a2e4a174570a4e37f764955f3cc0eb396badba
data/raw/ooc/OOC_image_dataset/val/good/cell_type_A549/0-1_days/230206_25.png,230206_25,230206,train,good,1,A549,0-1_days,val,59d0b959d0a6dd4d7878c2714d6edc0d941a5b090e348c02ae26dc1f3b56ef5d
data/raw/ooc/OOC_image_dataset/val/good/cell_type_A549/0-1_days/230206_28.png,230206_28,230206,train,good,1,A549,0-1_days,val,d8fb4f34e29e443f53bcd149d85f87d1827e7e12c0b480a4e13b7a0056ddf6fe
data/raw/ooc/OOC_image_dataset/val/good/cell_type_A549/0-1_days/230206_29.png,230206_29,230206,train,good,1,A549,0-1_days,val,83a07fed94ccb1eeaba45d06d57177659c8fd336870c3cc8313e18779d2ccd45
data/raw/ooc/OOC_image_dataset/val/good/cell_type_A549/0-1_days/230206_42.png,230206_42,230206,train,good,1,A549,0-1_days,val,e231ae31006460d2e30ece91bc1ed880bab4a782585be562a2ba2b58aa2056a2
data/raw/ooc/OOC_image_dataset/val/good/cell_type_A549/0-1_days/230316_13.png,230316_13,230316,validation,good,1,A549,0-1_days,val,0d93665fcb43b403f16aa27ce89138f80ce4cfcf3fe2065c9e4769b7635bd6eb
data/raw/ooc/OOC_image_dataset/val/good/cell_type_A549/0-1_days/230316_9.png,230316_9,230316,validation,good,1,A549,0-1_days,val,d127374ccd52b2bd1b91614cef803b49824d7d6c3d89ab7e205579305457d988
data/raw/ooc/OOC_image_dataset/val/good/cell_type_A549/0-1_days/230525_192.png,230525_192,230525,train,good,1,A549,0-1_days,val,b085e7df08a87d1481d58aefdc9ca9a12c0a54aedd9780598b1c1b7e3ccc3af9
data/raw/ooc/OOC_image_dataset/val/good/cell_type_A549/0-1_days/230525_193.png,230525_193,230525,train,good,1,A549,0-1_days,val,432846133037a7f547c38afb6863d7a48cbe56034c34599eabf5f93b99e1ea0a
data/raw/ooc/OOC_image_dataset/val/good/cell_type_A549/0-1_days/230525_204.png,230525_204,230525,train,good,1,A549,0-1_days,val,f2623cc818545d4ee3863dcc6fdd99dcfdd5cc075516bf1d3c07b8269d5c4e30
data/raw/ooc/OOC_image_dataset/val/good/cell_type_A549/0-1_days/230525_38.png,230525_38,230525,train,good,1,A549,0-1_days,val,1460da37e8b1120c1921c63ff9bde524eb9b1c2f4c17b860131460ab5592291d
data/raw/ooc/OOC_image_dataset/val/good/cell_type_A549/0-1_days/230525_50.png,230525_50,230525,train,good,1,A549,0-1_days,val,9a0ad57f96cc4928317f243dbfbc553993ce467a87f8c11881f288d3bf27d4ba
data/raw/ooc/OOC_image_dataset/val/good/cell_type_A549/0-1_days/230525_59.png,230525_59,230525,train,good,1,A549,0-1_days,val,954113422f087dd60a589e297b646b67b9080779a310aeb1ff39e9fa1a3b8fdc
data/raw/ooc/OOC_image_dataset/val/good/cell_type_A549/0-1_days/230525_68.png,230525_68,230525,train,good,1,A549,0-1_days,val,b7176186c1c6ef9bedd11e1e9f04e16e0fe110da08cc447bc948a8fc001e2ac5
data/raw/ooc/OOC_image_dataset/val/good/cell_type_A549/0-1_days/230525_72.png,230525_72,230525,train,good,1,A549,0-1_days,val,375cd2e1f97e7ba0623384887e27736795ab1319af0a891e9b4b40b4e6a3fb0b
data/raw/ooc/OOC_image_dataset/val/good/cell_type_A549/2-3_days/220606_1.png,220606_1,220606,train,good,1,A549,2-3_days,val,67e965eb70a72164a65304c31c4328a159e1d8c3e7b5952a1751ff7a77f3acac
data/raw/ooc/OOC_image_dataset/val/good/cell_type_A549/2-3_days/230110_145.png,230110_145,230110,train,good,1,A549,2-3_days,val,732afeb13af2c41b823608322f7daa19eb5d7ea1ae9fe5bebaf45fd459792ed0
data/raw/ooc/OOC_image_dataset/val/good/cell_type_A549/2-3_days/230206_49.png,230206_49,230206,train,good,1,A549,2-3_days,val,eba397f4bcd721ca420053929d5347a2ec6c40d6d726d7932031ce3ff43f9a64
data/raw/ooc/OOC_image_dataset/val/good/cell_type_A549/2-3_days/230510_55.png,230510_55,230510,validation,good,1,A549,2-3_days,val,74446ba504a1911fa04c32bda0938d0528bfaad00796e4862196db3363b654dd
data/raw/ooc/OOC_image_dataset/val/good/cell_type_A549/2-3_days/230510_56.png,230510_56,230510,validation,good,1,A549,2-3_days,val,c99535c1a7c022695fe3556d440e0f932f4eb8272e63402fe0be3060ffd1db90
data/raw/ooc/OOC_image_dataset/val/good/cell_type_A549/2-3_days/230510_61.png,230510_61,230510,validation,good,1,A549,2-3_days,val,fa85ffb8a92697d4a65539df84e02045c3660c7b7c13c30f0e4bbff705901ddc
data/raw/ooc/OOC_image_dataset/val/good/cell_type_A549/2-3_days/230510_64.png,230510_64,230510,validation,good,1,A549,2-3_days,val,9f0643312d8001e549481d329a8c72040fa844b677f99d2687ad9c8a196debb2
data/raw/ooc/OOC_image_dataset/val/good/cell_type_A549/4+_days/220609_15.png,220609_15,220609,train,good,1,A549,4+_days,val,c8d7dc22fce8ff61c660cce342e9256a73aa76c4abd0389312b36975e280e560
data/raw/ooc/OOC_image_dataset/val/good/cell_type_A549/4+_days/220612_20.png,220612_20,220612,train,good,1,A549,4+_days,val,90416af4c9e180e7ee1f900b24523bc2c8d7323ab5a73c0ad792528f49906819
data/raw/ooc/OOC_image_dataset/val/good/cell_type_A549/4+_days/220620_1.png,220620_1,220620,test,good,1,A549,4+_days,val,a4636756a7776c52187ffa223e16bee14a5c824e18e367146bb40a5dc4ff333d
data/raw/ooc/OOC_image_dataset/val/good/cell_type_A549/4+_days/220620_12.png,220620_12,220620,test,good,1,A549,4+_days,val,aab1168d32f27d566e6f90605e02df29adcf34165b56a83e4e00c323aae44bfb
data/raw/ooc/OOC_image_dataset/val/good/cell_type_A549/4+_days/220620_4.png,220620_4,220620,test,good,1,A549,4+_days,val,b15e36d4baf7b6fc0a3462f35679bc3a418ce996d41fc204c4b4864a452b23aa
data/raw/ooc/OOC_image_dataset/val/good/cell_type_A549/4+_days/230320_34.png,230320_34,230320,train,good,1,A549,4+_days,val,8510ef76b1a3f5d1dcefc04646b64f74832039c245fa6d0f0e0b6ecb71a012c2
data/raw/ooc/OOC_image_dataset/val/good/cell_type_A549/4+_days/230320_36.png,230320_36,230320,train,good,1,A549,4+_days,val,f883c5bf413692d54c963c93e39d11f52964f922207c91c17a768a9b0fc3ccbe
data/raw/ooc/OOC_image_dataset/val/good/cell_type_A549/4+_days/230320_38.png,230320_38,230320,train,good,1,A549,4+_days,val,16aa8fcbaa1c80aa265653004520164619d8487acd012c250ed4678e4288107a
data/raw/ooc/OOC_image_dataset/val/good/cell_type_A549/4+_days/230320_39.png,230320_39,230320,train,good,1,A549,4+_days,val,476792760a36501bc60a19d6cda50a4f2d96fc8e1e951fd238bea39ea174f703
data/raw/ooc/OOC_image_dataset/val/good/cell_type_A549/4+_days/230320_48.png,230320_48,230320,train,good,1,A549,4+_days,val,ca294141b05e7b11cbe2ecd398206056b351ca0d0f63e7ab7bbdecc40e6733a8
data/raw/ooc/OOC_image_dataset/val/good/cell_type_A549/4+_days/230320_50.png,230320_50,230320,train,good,1,A549,4+_days,val,c478cd2c408adc3b25e6218882ee8e14c0858e526ed049ad60d2a91e085fc878
data/raw/ooc/OOC_image_dataset/val/good/cell_type_A549/4+_days/230320_52.png,230320_52,230320,train,good,1,A549,4+_days,val,b2f98bce81b60b7ed4dd2d661d7494cd2b42240d5917d17c91a08676aa7553f9
data/raw/ooc/OOC_image_dataset/val/good/cell_type_A549/4+_days/230321_3.png,230321_3,230321,test,good,1,A549,4+_days,val,d0229b1f0377de90a7f9e5a232ce637d412519a55854055472981a3092f5069b
data/raw/ooc/OOC_image_dataset/val/good/cell_type_A549/4+_days/230425_150.png,230425_150,230425,train,good,1,A549,4+_days,val,da6be0c1655f39cc55dc20814ab47e904d532454c645f74d8361daa12ba2da83
data/raw/ooc/OOC_image_dataset/val/good/cell_type_A549/4+_days/230425_64.png,230425_64,230425,train,good,1,A549,4+_days,val,a784f0898e434af2a339461a69c3578f002ca1da5745aa6b6f6c598daab38cb1
data/raw/ooc/OOC_image_dataset/val/good/cell_type_A549/4+_days/230425_91.png,230425_91,230425,train,good,1,A549,4+_days,val,7aa816403f140679e58ae28282ac0a34a1610800b859b66ca29aea7015cb5ba6
data/raw/ooc/OOC_image_dataset/val/good/cell_type_A549/4+_days/230425_97.png,230425_97,230425,train,good,1,A549,4+_days,val,364f0a3928a6374245f212a293b5bdba31718dedf465e35c6443eaf086030452
data/raw/ooc/OOC_image_dataset/val/good/cell_type_A549/4+_days/230512_37.png,230512_37,230512,test,good,1,A549,4+_days,val,874f8b1ef11c8f4dfd58091af244920ed07db1d2701bb642e05d2bf2268463a2
data/raw/ooc/OOC_image_dataset/val/good/cell_type_A549/4+_days/230517_41.png,230517_41,230517,test,good,1,A549,4+_days,val,8ff18aae5b2c7dda0f1bc9f287cfac30f644ff122500b07b5924c566e04332ca
data/raw/ooc/OOC_image_dataset/val/good/cell_type_A549/4+_days/230517_53.png,230517_53,230517,test,good,1,A549,4+_days,val,4bb9d25a791a90a4ff3eaaa7d99599ed5a04ecd019172be898960d49e820ffe3
data/raw/ooc/OOC_image_dataset/val/good/cell_type_A549/4+_days/230529_111.png,230529_111,230529,train,good,1,A549,4+_days,val,ddd9541b16c155eda7cad7fafe2ce3ce8da8e83368ee715a05540506f592de49
data/raw/ooc/OOC_image_dataset/val/good/cell_type_A549/4+_days/230529_192.png,230529_192,230529,train,good,1,A549,4+_days,val,0016110e2c1ad6a5cfcf471c069352f0694c4ba02ba363a937175f4197e6f0e7
data/raw/ooc/OOC_image_dataset/val/good/cell_type_A549/4+_days/230529_53.png,230529_53,230529,train,good,1,A549,4+_days,val,4da840beac029e4afe4545371c47bf265cab6db28d28a35b0b19dc63df9f5cd7
data/raw/ooc/OOC_image_dataset/val/good/cell_type_A549/4+_days/230529_57.png,230529_57,230529,train,good,1,A549,4+_days,val,3184e8cf9c55a48e0e8a017ee86a6858b2af7d5acb66b00cbf63fe27070e9ad2
data/raw/ooc/OOC_image_dataset/val/good/cell_type_A549/4+_days/230529_62.png,230529_62,230529,train,good,1,A549,4+_days,val,5c0ffede9862fecd9e4a48c4d08174dbf51006e9b2bc1fc5b964fa600ecadaed
data/raw/ooc/OOC_image_dataset/val/good/cell_type_A549/4_days/230424_72.png,230424_72,230424,validation,good,1,A549,4_days,val,1715e7cc84a15bc029a393e1f6d3cf3863860fd0854c738b93d5833599959f8d
data/raw/ooc/OOC_image_dataset/val/good/cell_type_A549/4_days/230424_76.png,230424_76,230424,validation,good,1,A549,4_days,val,cad6869958b4e051f043585d55baccf766155c556cfc1d387fdaa5e9ef05f1a2
data/raw/ooc/OOC_image_dataset/val/good/cell_type_A549/4_days/230424_91.png,230424_91,230424,validation,good,1,A549,4_days,val,4753a66a9af7e1117ef8742e62c091200176175f0e41b80bac495ed032061f52
data/raw/ooc/OOC_image_dataset/val/good/cell_type_CACO/0-1_days/230328_18.png,230328_18,230328,test,good,1,CACO,0-1_days,val,fedddd458769f3e7e7035046df841e2ed616239b486ed37a805998412152e4eb
data/raw/ooc/OOC_image_dataset/val/good/cell_type_CACO/0-1_days/230328_20.png,230328_20,230328,test,good,1,CACO,0-1_days,val,d15fdc903447af777faf5fb7852782ce5471937e83879388796b74eb6ca724e8
data/raw/ooc/OOC_image_dataset/val/good/cell_type_CACO/0-1_days/230328_21.png,230328_21,230328,test,good,1,CACO,0-1_days,val,5e5f28a4cfae4b23df2fe76e4b66e7e6c7d547029f109855050c85cbea712234
data/raw/ooc/OOC_image_dataset/val/good/cell_type_CACO/2-3_days/220506_11.png,220506_11,220506,train,good,1,CACO,2-3_days,val,4b62acf786dc9433530302e56d205fdd5029e3d3d62bfa8d05932da0a51707b7
data/raw/ooc/OOC_image_dataset/val/good/cell_type_CACO/2-3_days/220606_19.png,220606_19,220606,train,good,1,CACO,2-3_days,val,82ef373e181373a38fece63a682ea34017530679a3b62514d8e158e7dffa2366
data/raw/ooc/OOC_image_dataset/val/good/cell_type_CACO/4+_days/220610_12.png,220610_12,220610,validation,good,1,CACO,4+_days,val,2250f3f3b85633a29c84963a9eb83ce0f6c202584a871d349e771a826940f96c
data/raw/ooc/OOC_image_dataset/val/good/cell_type_CACO/4+_days/220611_2.png,220611_2,220611,train,good,1,CACO,4+_days,val,6ef1039539b3f9ce1535f60fc65d77be06ce3c3f766002845ac1761874677d87
data/raw/ooc/OOC_image_dataset/val/good/cell_type_CACO/4+_days/220611_6.png,220611_6,220611,train,good,1,CACO,4+_days,val,42dec318d0063441faed299cce3467e1df7cdc09f96ea178195cf4cd1c2c09f1
data/raw/ooc/OOC_image_dataset/val/good/cell_type_CACO/4+_days/220612_6.png,220612_6,220612,train,good,1,CACO,4+_days,val,87d2556c73e936860dc260c36fb2b2c3482f7bb791cc9c8597590b064f3891cf
data/raw/ooc/OOC_image_dataset/val/good/cell_type_HPMEC/0-1_days/220429_05.png,220429_05,220429,train,good,1,HPMEC,0-1_days,val,56d979e847298b2097b7b10ae14ca6742587e77aeb5705c2d3f5419318d088d4
data/raw/ooc/OOC_image_dataset/val/good/cell_type_HPMEC/0-1_days/220429_11.png,220429_11,220429,train,good,1,HPMEC,0-1_days,val,b3b2f8d295db108574433aa6c3be0fbfd9cd1faaf44f0bb158ccff9665e544fb
data/raw/ooc/OOC_image_dataset/val/good/cell_type_HPMEC/0-1_days/220626_3.png,220626_3,220626,train,good,1,HPMEC,0-1_days,val,8d02e37a2055ab38c23c61b3b48be7b1d4f5697d5b95b2e350ea53a6504b7f4b
data/raw/ooc/OOC_image_dataset/val/good/cell_type_HPMEC/0-1_days/220715_3.png,220715_3,220715,train,good,1,HPMEC,0-1_days,val,64236b65fc4741f0226b7dbe10efb95c44b83fbefd4495ec6cc054c04c43fcc6
data/raw/ooc/OOC_image_dataset/val/good/cell_type_HPMEC/0-1_days/221010_8.png,221010_8,221010,test,good,1,HPMEC,0-1_days,val,2a9595a0848963e5ec295df48cb70348859fe11dad78410ccafa15f57fb4b1ca
data/raw/ooc/OOC_image_dataset/val/good/cell_type_HPMEC/0-1_days/221214_21.png,221214_21,221214,validation,good,1,HPMEC,0-1_days,val,16592cf338b5f8dc019882d107eae97e337c9a2d91b633e351837c39569d592a
data/raw/ooc/OOC_image_dataset/val/good/cell_type_HPMEC/0-1_days/221214_30.png,221214_30,221214,validation,good,1,HPMEC,0-1_days,val,9d1a1df3de3802193a055980c0884e41a4f139faa093e4d544f2497120451a15
data/raw/ooc/OOC_image_dataset/val/good/cell_type_HPMEC/0-1_days/230109_2.png,230109_2,230109,train,good,1,HPMEC,0-1_days,val,4281fd7836940e9277d0baa7b4f89b38f672dd74971818e5d0be780d16f2fb85
data/raw/ooc/OOC_image_dataset/val/good/cell_type_HPMEC/0-1_days/230109_67.png,230109_67,230109,train,good,1,HPMEC,0-1_days,val,e6ef2f248cbbda5fe0fdb38f854e74f3a67440e50850cd249ea06959674d0726
data/raw/ooc/OOC_image_dataset/val/good/cell_type_HPMEC/0-1_days/230109_77.png,230109_77,230109,train,good,1,HPMEC,0-1_days,val,1a926752e57c3d811e6bd5164d337ddc06a4bbfdf0e61989b16c2a6484fdd239
data/raw/ooc/OOC_image_dataset/val/good/cell_type_HPMEC/0-1_days/230109_81.png,230109_81,230109,train,good,1,HPMEC,0-1_days,val,8e9616c65abd77c24501d34f57184916cafc06b907e57a4909cc3ba01f345c33
data/raw/ooc/OOC_image_dataset/val/good/cell_type_HPMEC/0-1_days/230109_94.png,230109_94,230109,train,good,1,HPMEC,0-1_days,val,4deb5c19cf12f49198dceead728c826dfc4904da7fe956885d898d51c7ce7cd2
data/raw/ooc/OOC_image_dataset/val/good/cell_type_HPMEC/0-1_days/230119_16.png,230119_16,230119,train,good,1,HPMEC,0-1_days,val,1bbf5a4ab6470847b63a46f62813cbdcee8b6af050f1c56c580f447e51d41cf7
data/raw/ooc/OOC_image_dataset/val/good/cell_type_HPMEC/0-1_days/230119_18.png,230119_18,230119,train,good,1,HPMEC,0-1_days,val,65504e29a767dbf4d1ee13a5869202c0a366931095e65aaaea0dcfa493a0dddd
data/raw/ooc/OOC_image_dataset/val/good/cell_type_HPMEC/0-1_days/230119_24.png,230119_24,230119,train,good,1,HPMEC,0-1_days,val,865198a5a8313bccb2d1ae51821f49839c83b20fc9ac0e87affb4d1e72745cc2
data/raw/ooc/OOC_image_dataset/val/good/cell_type_HPMEC/0-1_days/230119_3.png,230119_3,230119,train,good,1,HPMEC,0-1_days,val,b08482ea4e3058dcb340f3325bb928a1388c1c2a5b9539ca4366e66fc834b2c8
data/raw/ooc/OOC_image_dataset/val/good/cell_type_HPMEC/0-1_days/230119_33.png,230119_33,230119,train,good,1,HPMEC,0-1_days,val,cc482893413d1d3f33652871c6326a28529313c4e1d486c99588969b329b3b26
data/raw/ooc/OOC_image_dataset/val/good/cell_type_HPMEC/0-1_days/230214_24.png,230214_24,230214,validation,good,1,HPMEC,0-1_days,val,574f8d33a952d9ed22ddb2e522284bdb465fc53e2fc951c047c5daf812a36691
data/raw/ooc/OOC_image_dataset/val/good/cell_type_HPMEC/0-1_days/230214_32.png,230214_32,230214,validation,good,1,HPMEC,0-1_days,val,1d669cbd10a1d65a5bf9feb8ba884203daa28604a2069e2718d85726a2221f13
data/raw/ooc/OOC_image_dataset/val/good/cell_type_HPMEC/0-1_days/230215_11.png,230215_11,230215,validation,good,1,HPMEC,0-1_days,val,3684711831491585e654d8090d1dc405fb36fffdbd78ef3b3722b564c4c83dc1
data/raw/ooc/OOC_image_dataset/val/good/cell_type_HPMEC/0-1_days/230215_14.png,230215_14,230215,validation,good,1,HPMEC,0-1_days,val,fea28af1919d9db34537d45e94a6a685e9c0596813a5205fe2e47e211445a463
data/raw/ooc/OOC_image_dataset/val/good/cell_type_HPMEC/0-1_days/230215_2.png,230215_2,230215,validation,good,1,HPMEC,0-1_days,val,b930762006a1de0ccc2f3379b3872c1941a0320a05c00e9dde39f4695de7c980
data/raw/ooc/OOC_image_dataset/val/good/cell_type_HPMEC/0-1_days/230215_21.png,230215_21,230215,validation,good,1,HPMEC,0-1_days,val,5fd9cd5cca674283fc001b86ee918861839d6b71dd22e1bf07c6d2232ce87d96
data/raw/ooc/OOC_image_dataset/val/good/cell_type_HPMEC/0-1_days/230314_36.png,230314_36,230314,train,good,1,HPMEC,0-1_days,val,ae88140d2fdb53acf88335bc781bdd5df8dddf07213d9f2bb83c563fd7593f51
data/raw/ooc/OOC_image_dataset/val/good/cell_type_HPMEC/0-1_days/230314_43.png,230314_43,230314,train,good,1,HPMEC,0-1_days,val,63f184a0471fe604fd14fb5c8405fe93b68554bab680e71107e5f206ec381b52
data/raw/ooc/OOC_image_dataset/val/good/cell_type_HPMEC/0-1_days/230314_46.png,230314_46,230314,train,good,1,HPMEC,0-1_days,val,7769c7b722bd89a10f10dedbc865c531f1bb991ee3f25b73f1dc67fa46d32c51
data/raw/ooc/OOC_image_dataset/val/good/cell_type_HPMEC/0-1_days/230316_36.png,230316_36,230316,validation,good,1,HPMEC,0-1_days,val,a735681b5d39f9f959529956cfe62d3c95725becfc69ac0a09d88bc5735387f4
data/raw/ooc/OOC_image_dataset/val/good/cell_type_HPMEC/0-1_days/230523_2.png,230523_2,230523,train,good,1,HPMEC,0-1_days,val,f38d2a05f265ce4eca548b73a69c1d049281c2c0c1befad15c7a429444c0d20c
data/raw/ooc/OOC_image_dataset/val/good/cell_type_HPMEC/0-1_days/230523_4.png,230523_4,230523,train,good,1,HPMEC,0-1_days,val,60c48b95ef78eaa6c0c41da9f6c21560f459dffe11024f37f5a3884cf136b888
data/raw/ooc/OOC_image_dataset/val/good/cell_type_HPMEC/0-1_days/230523_56.png,230523_56,230523,train,good,1,HPMEC,0-1_days,val,201ee8b1cf2efa01edff4451720acf311f313c3e9e318732aedda5269dd6c0c3
data/raw/ooc/OOC_image_dataset/val/good/cell_type_HPMEC/0-1_days/230523_64.png,230523_64,230523,train,good,1,HPMEC,0-1_days,val,97f195d4b0a2803c3c7cd626d9caaa8a626483c368d899a1317b7befb8ea1ad6
data/raw/ooc/OOC_image_dataset/val/good/cell_type_HPMEC/0-1_days/230523_85.png,230523_85,230523,train,good,1,HPMEC,0-1_days,val,6497ed4eb88821fba9ea3a0c84994a600c6e98fe02b444a301a96116c01d0c29
data/raw/ooc/OOC_image_dataset/val/good/cell_type_HPMEC/2-3_days/230216_1.png,230216_1,230216,train,good,1,HPMEC,2-3_days,val,f3eb2456777523c6c312adda83942538e6032f48070fa1d1f65b348f67d9e49f
data/raw/ooc/OOC_image_dataset/val/good/cell_type_HPMEC/2-3_days/230315_10.png,230315_10,230315,train,good,1,HPMEC,2-3_days,val,55649b367a80504e7c8bca91297dd3cac1452ac79dbd584e340d1c46bfb03d4c
data/raw/ooc/OOC_image_dataset/val/good/cell_type_HPMEC/2-3_days/230315_21.png,230315_21,230315,train,good,1,HPMEC,2-3_days,val,0ec0b3f71830c5723828407141551e6767672f5fbcd43eecc685b65f4f3e221f
data/raw/ooc/OOC_image_dataset/val/good/cell_type_HPMEC/2-3_days/230315_53.png,230315_53,230315,train,good,1,HPMEC,2-3_days,val,b271134576939bdc235aa4734882a20d35c1434d223871009ee8dd1305f512e5
data/raw/ooc/OOC_image_dataset/val/good/cell_type_HPMEC/2-3_days/230315_69.png,230315_69,230315,train,good,1,HPMEC,2-3_days,val,b738df145da9ba77cc69a58b183879b76cc11a9bb51791521909c8c61f86661d
data/raw/ooc/OOC_image_dataset/val/good/cell_type_HPMEC/2-3_days/230315_8.png,230315_8,230315,train,good,1,HPMEC,2-3_days,val,dcc27d3380d08902d03b4bd09997ec26c43c282340c9b3317ecdfb9d7b8c1700
data/raw/ooc/OOC_image_dataset/val/good/cell_type_HPMEC/2-3_days/230315_87.png,230315_87,230315,train,good,1,HPMEC,2-3_days,val,2609b04eb6efe2de435e779e5a54b817db751d75beccca227f8e6cc0c606df04
data/raw/ooc/OOC_image_dataset/val/good/cell_type_HPMEC/2-3_days/230315_88.png,230315_88,230315,train,good,1,HPMEC,2-3_days,val,012e579803491dc8af1399d0a344727409a4695518916360ec497c163c298287
data/raw/ooc/OOC_image_dataset/val/good/cell_type_HPMEC/2-3_days/230510_19.png,230510_19,230510,validation,good,1,HPMEC,2-3_days,val,2c533e2021ddf81ffa77d5e34740b17a052ae0f2035a349adef372f5ee4fc0b7
data/raw/ooc/OOC_image_dataset/val/good/cell_type_HPMEC/2-3_days/230510_4.png,230510_4,230510,validation,good,1,HPMEC,2-3_days,val,5ab70d87847fb65de3f6c4f49e06613dd349f652acca8f0ec53cc6f249db1f5d
data/raw/ooc/OOC_image_dataset/val/good/cell_type_HPMEC/2-3_days/230510_8.png,230510_8,230510,validation,good,1,HPMEC,2-3_days,val,6d05ef83160981113af9f7bc41f9d262fb6baa07abf04262dd953beb2411e52b
data/raw/ooc/OOC_image_dataset/val/good/cell_type_HPMEC/2-3_days/230524_66.png,230524_66,230524,test,good,1,HPMEC,2-3_days,val,8bddc74b5d61ca3f9a1d0e3354000d418148fc553b2411cca12e7c923a9b3921
data/raw/ooc/OOC_image_dataset/val/good/cell_type_HPMEC/2-3_days/230524_67.png,230524_67,230524,test,good,1,HPMEC,2-3_days,val,493ca9124e89c6321ada818f8afa8ce2fd073a8529c73d5c099ca271e35379f5
data/raw/ooc/OOC_image_dataset/val/good/cell_type_HPMEC/2-3_days/230525_170.png,230525_170,230525,train,good,1,HPMEC,2-3_days,val,1f0b1aa026ca05c96105edb0fb5e7163d799872a3b6fff85170f37bd07ed2a76
data/raw/ooc/OOC_image_dataset/val/good/cell_type_HPMEC/2-3_days/230525_2.png,230525_2,230525,train,good,1,HPMEC,2-3_days,val,131a54b21d3b864342b0b359768e4aa0f8a0e7e802cde7138d9003165bef17d1
data/raw/ooc/OOC_image_dataset/val/good/cell_type_HPMEC/2-3_days/230525_87.png,230525_87,230525,train,good,1,HPMEC,2-3_days,val,1e5875dc561d2db64cd4911973e274cd1acc2f8012b95495b914dc966f8cfce6
data/raw/ooc/OOC_image_dataset/val/good/cell_type_HPMEC/2-3_days/230525_95.png,230525_95,230525,train,good,1,HPMEC,2-3_days,val,edc1d112479bd7ada81c79558ac5156a415c9ca90fcee5fed854f93193122c1e
data/raw/ooc/OOC_image_dataset/val/good/cell_type_HPMEC/4+_days/230320_112.png,230320_112,230320,train,good,1,HPMEC,4+_days,val,4e69f96aa5a7a6b2bdfd65359dfafe0c5f52efd2f643c064c3f516236af6f0b5
data/raw/ooc/OOC_image_dataset/val/good/cell_type_HPMEC/4+_days/230320_185.png,230320_185,230320,train,good,1,HPMEC,4+_days,val,93d84a8cf50b3768cc1f044adb4341f8a7afc90c4b4d8ac4b0808cabc24643c5
data/raw/ooc/OOC_image_dataset/val/good/cell_type_HPMEC/4+_days/230320_193.png,230320_193,230320,train,good,1,HPMEC,4+_days,val,0bf14dcaf64523e2b17ece262c99b7d93a0b5e86a1ce5d6dacefe212e012f0d7
data/raw/ooc/OOC_image_dataset/val/good/cell_type_HPMEC/4+_days/230320_199.png,230320_199,230320,train,good,1,HPMEC,4+_days,val,81804c79ddf4a7d69fc09c38c6179783562cce9a4d893f876884e685844fd3ef
data/raw/ooc/OOC_image_dataset/val/good/cell_type_HPMEC/4+_days/230320_89.png,230320_89,230320,train,good,1,HPMEC,4+_days,val,d7f390a7f4ac8ad4de79a13d4245ab94fff495e80d1fa7258649b1187708af40
data/raw/ooc/OOC_image_dataset/val/good/cell_type_HPMEC/4+_days/230320_90.png,230320_90,230320,train,good,1,HPMEC,4+_days,val,900ba5571219b9113a6b1c1714358b304c2e6be6ad5ba5909b94b2bbddf9e022
data/raw/ooc/OOC_image_dataset/val/good/cell_type_HPMEC/4+_days/230320_91.png,230320_91,230320,train,good,1,HPMEC,4+_days,val,10ad0d4f984ab8f788d29d090771356ab09973f2cea6859f9caa712f37ce2831
data/raw/ooc/OOC_image_dataset/val/good/cell_type_HPMEC/4+_days/230320_93.png,230320_93,230320,train,good,1,HPMEC,4+_days,val,7629ab68aede52fb92cca26731d7e46101964d8a96ee760ca7e852da4d6d01d8
data/raw/ooc/OOC_image_dataset/val/good/cell_type_HPMEC/4+_days/230320_98.png,230320_98,230320,train,good,1,HPMEC,4+_days,val,2a289e48f90a850ebf4d3d4eeb37382d544a4cfdda13db284b72e6eaa90cc76c
data/raw/ooc/OOC_image_dataset/val/good/cell_type_HPMEC/4+_days/230424_33.png,230424_33,230424,validation,good,1,HPMEC,4+_days,val,80f6d0b6af00a2fb0574ed9b9641362973e88a615685f3126e863fe98d697ff3
data/raw/ooc/OOC_image_dataset/val/good/cell_type_HPMEC/4+_days/230424_41.png,230424_41,230424,validation,good,1,HPMEC,4+_days,val,2f439c4ea829fdb66d04a6a24c35154786b8ffa9dbf9e0eacbbec2bf2fb80731
data/raw/ooc/OOC_image_dataset/val/good/cell_type_HPMEC/4+_days/230424_49.png,230424_49,230424,validation,good,1,HPMEC,4+_days,val,e2a8bb798c038d86c1f97dce973d946381b07bb2e9cf03ae492fc363db72a4c5
data/raw/ooc/OOC_image_dataset/val/good/cell_type_HPMEC/4+_days/230425_116.png,230425_116,230425,train,good,1,HPMEC,4+_days,val,65d3ac00f2f4e0ca3047e02fd0b7e672f10bdcb5d083c8dc136fb172e41c4049
data/raw/ooc/OOC_image_dataset/val/good/cell_type_HPMEC/4+_days/230425_126.png,230425_126,230425,train,good,1,HPMEC,4+_days,val,2fcaa5680afcc3ab45688fb63c7c0f2b55bf0476cdbabab8110aded5f03c6894
data/raw/ooc/OOC_image_dataset/val/good/cell_type_HPMEC/4+_days/230425_141.png,230425_141,230425,train,good,1,HPMEC,4+_days,val,dd68cda68bcdc05b7e13a38e2b2fb0b0531064ab0a64834801fc65405f1f4d19
data/raw/ooc/OOC_image_dataset/val/good/cell_type_HPMEC/4+_days/230425_29.png,230425_29,230425,train,good,1,HPMEC,4+_days,val,994b9876560be847635525179f325e9586e3e1cdcf69d50a36007e14d57fb33e
data/raw/ooc/OOC_image_dataset/val/good/cell_type_HPMEC/4+_days/230425_34.png,230425_34,230425,train,good,1,HPMEC,4+_days,val,c507dc9a1e20545affbefc1e28a3274ec83ce4dbdfa00add938d6d4ce8d21295
data/raw/ooc/OOC_image_dataset/val/good/cell_type_HPMEC/4+_days/230425_35.png,230425_35,230425,train,good,1,HPMEC,4+_days,val,a48f5b3e58e452b981289de2a4f7819bc12cc69738755987235851563b063319
data/raw/ooc/OOC_image_dataset/val/good/cell_type_HPMEC/4+_days/230425_45.png,230425_45,230425,train,good,1,HPMEC,4+_days,val,117e29d11dfbf3c9babe00bcbf396f62ace117eb067459acf951e64a0d6c6fe4
data/raw/ooc/OOC_image_dataset/val/good/cell_type_HPMEC/4+_days/230517_12.png,230517_12,230517,test,good,1,HPMEC,4+_days,val,8a24265bc1caaf1c0bae26f584d1ebafc495e983bcd7d9221b6a47e2fd7a3811
data/raw/ooc/OOC_image_dataset/val/good/cell_type_HPMEC/4+_days/230517_25.png,230517_25,230517,test,good,1,HPMEC,4+_days,val,36c89050c3b1d4400e8ee4006cf6411886f93e374c94d48aae12abd180f01103
data/raw/ooc/OOC_image_dataset/val/good/cell_type_HPMEC/4+_days/230529_3.png,230529_3,230529,train,good,1,HPMEC,4+_days,val,3668ae67c2b84c0c97ab0f4069300ceabdf0e815c5b3280ee475ab7bcdf2b99e
data/raw/ooc/OOC_image_dataset/val/good/cell_type_HPMEC/4+_days/230529_6.png,230529_6,230529,train,good,1,HPMEC,4+_days,val,a50a0384d088b9447ce515b40bfc2a339165e62aac0b755ce3c6105f353a4244
data/raw/ooc/OOC_image_dataset/val/good/cell_type_HPMEC/4+_days/230529_73.png,230529_73,230529,train,good,1,HPMEC,4+_days,val,aeb34a387862b7986bf45bb60dafd894a29df2a0052a542370bc2ec07600d47e
data/raw/ooc/OOC_image_dataset/val/good/cell_type_HPMEC/4_days/230317_24.png,230317_24,230317,train,good,1,HPMEC,4_days,val,1a376e50d35d5a81c5fddda2d71db295593270f5c385d4f253e4ed4ba296b3b0
data/raw/ooc/OOC_image_dataset/val/good/cell_type_HPMEC/4_days/230317_27.png,230317_27,230317,train,good,1,HPMEC,4_days,val,7f4e9a6326a2e55d812930d9e2d5db211af014b129a7c11ad928ef26b5682375
data/raw/ooc/OOC_image_dataset/val/good/cell_type_HPMEC/4_days/230317_36.png,230317_36,230317,train,good,1,HPMEC,4_days,val,4da64e55c6e2179248fd6ae2ffbf8699c58cfe08b4ae64adbff64885f12ca495
data/raw/ooc/OOC_image_dataset/val/good/cell_type_HPMEC/4_days/230512_16.png,230512_16,230512,test,good,1,HPMEC,4_days,val,2dd3d046bcdfc6a16f92f79dd36367419cd5af888929a109f612d2c448f02dc2
data/raw/ooc/OOC_image_dataset/val/good/cell_type_HPMEC/4_days/230512_17.png,230512_17,230512,test,good,1,HPMEC,4_days,val,83207f113581bdb8327600738f7b418d5bab95d85732b691828fcc942bf44ec5
data/raw/ooc/OOC_image_dataset/val/good/cell_type_HSAEC/0-1_days/220429_30.png,220429_30,220429,train,good,1,HSAEC,0-1_days,val,2def727a49774f74b28c75709b0c1eb9e0cdb8272b34a412060f8969b5bf4aee
data/raw/ooc/OOC_image_dataset/val/good/cell_type_HSAEC/0-1_days/220626_16.png,220626_16,220626,train,good,1,HSAEC,0-1_days,val,470c79719bc01508647e77b71b205cb41d223f8b8e6fb283b5bbf7f371d7fb1c
data/raw/ooc/OOC_image_dataset/val/good/cell_type_HSAEC/0-1_days/221010_25.png,221010_25,221010,test,good,1,HSAEC,0-1_days,val,b9b48f157b8ba7b34b3383a324d69cda8f39fd82e0748ba936122aba8f6be53e
data/raw/ooc/OOC_image_dataset/val/good/cell_type_HSAEC/0-1_days/221010_50.png,221010_50,221010,test,good,1,HSAEC,0-1_days,val,d45b0779ac838fb1b2b9ac6e3dd5e294007cd30f9dd5e8a15b52660a5fadc1d7
data/raw/ooc/OOC_image_dataset/val/good/cell_type_HSAEC/0-1_days/221010_55.png,221010_55,221010,test,good,1,HSAEC,0-1_days,val,21075a83c2f6ea60bb337fba2bb6e011bdf45532a74acd7e49fd34ad687aa24b
data/raw/ooc/OOC_image_dataset/val/good/cell_type_HSAEC/0-1_days/230119_45.png,230119_45,230119,train,good,1,HSAEC,0-1_days,val,82a357137a17212e079eb391dbd7c49149097b7328f2e906a63fee3f57d6a79d
data/raw/ooc/OOC_image_dataset/val/good/cell_type_HSAEC/0-1_days/230119_70.png,230119_70,230119,train,good,1,HSAEC,0-1_days,val,7e426724aef6261e1b07a726e0692b105979c2238594b03b4e886e6364c505e7
data/raw/ooc/OOC_image_dataset/val/good/cell_type_HSAEC/2-3_days/220716_5.png,220716_5,220716,train,good,1,HSAEC,2-3_days,val,310e4e3df2405b2b84b6a2afc4b05b47da893a5210acd23f42aa35e1e01389ca
data/raw/ooc/OOC_image_dataset/val/good/cell_type_HSAEC/2-3_days/221012_1.png,221012_1,221012,train,good,1,HSAEC,2-3_days,val,72d192441ccd581beda12c2c07ff0da761000ebb8a78959c73133ef2a90a32b9
data/raw/ooc/OOC_image_dataset/val/good/cell_type_HSAEC/2-3_days/221012_16.png,221012_16,221012,train,good,1,HSAEC,2-3_days,val,25e37ebf740a8d3c519031fe420b5c6ebb016c452a2d4bbbd5e2fbbb0a9a93e7
data/raw/ooc/OOC_image_dataset/val/good/cell_type_HSAEC/4+_days/220503_7.png,220503_7,220503,validation,good,1,HSAEC,4+_days,val,486f28b07e6925b00141898b8df6a6fd135eeaf1f7912ab740a6371ccb32da27
data/raw/ooc/OOC_image_dataset/val/good/cell_type_HSAEC/4+_days/230123_14.png,230123_14,230123,test,good,1,HSAEC,4+_days,val,5e593cde6df0e2003c90e328bc1a99dd6e11c51711bd9a96fce9867728a0346b
data/raw/ooc/OOC_image_dataset/val/good/cell_type_HSAEC/4+_days/230123_7.png,230123_7,230123,test,good,1,HSAEC,4+_days,val,63a624ab553197f11dd8c7c48a1af9ef57fe3da717de5a4be54f8a6b8ee40712
data/raw/ooc/OOC_image_dataset/val/good/cell_type_HSAEC/4_days/220502_8.png,220502_8,220502,train,good,1,HSAEC,4_days,val,c9525880b0304fad6e6df920a49f29bea2858ae0a47b53172716b87d385ee320
data/raw/ooc/OOC_image_dataset/val/good/cell_type_HUVEC/0-1_days/221010_67.png,221010_67,221010,test,good,1,HUVEC,0-1_days,val,c19a082ea7fb008c6a1406f575fbb8f4b8208ff9d20b9ea94a2d7d2a7e620201
data/raw/ooc/OOC_image_dataset/val/good/cell_type_NHBE/0-1_days/230316_21.png,230316_21,230316,validation,good,1,NHBE,0-1_days,val,7cb6f8e809785f1e21a7a220f98b0be910c168ee85be2a5e1b5242baf5c113ed
data/raw/ooc/OOC_image_dataset/val/good/cell_type_NHBE/2-3_days/230317_73.png,230317_73,230317,train,good,1,NHBE,2-3_days,val,d569ea5f68cc4377c6d8100b48ac95ef5874c96eedc2f2d830d898578a854ec7
data/raw/ooc/OOC_image_dataset/val/good/cell_type_NHBE/2-3_days/230317_87.png,230317_87,230317,train,good,1,NHBE,2-3_days,val,e65ac754c41a0732f1e87007df9571092fd9b70ab6c1e713262d0d8e7739c237
data/raw/ooc/OOC_image_dataset/val/good/cell_type_NHBE/2-3_days/230317_94.png,230317_94,230317,train,good,1,NHBE,2-3_days,val,28bde4f4c04b04705eb4674bf6bf4b6f6268e3289cff3356e43dad8cff1f98e3
data/raw/ooc/OOC_image_dataset/val/good/cell_type_NHBE/4+_days/230320_141.png,230320_141,230320,train,good,1,NHBE,4+_days,val,abb6387d3475f9058d669d6c062702f35b66c66d7d62323977d9295bfa41657c
data/raw/ooc/OOC_image_dataset/val/good/cell_type_NHBE/4+_days/230320_161.png,230320_161,230320,train,good,1,NHBE,4+_days,val,e6fa2414921c99ed2ef3532be82365407f22d3b4aa0b3b6ca94cbc16873a0858
data/raw/ooc/OOC_image_dataset/val/good/cell_type_NHBE/4+_days/230320_205.png,230320_205,230320,train,good,1,NHBE,4+_days,val,6939c7b22b1ba31f55652fde4fe5fae281e7de463d144d792ea691e3f62b49a0
data/raw/ooc/OOC_image_dataset/val/good/cell_type_NHBE/4+_days/230320_215.png,230320_215,230320,train,good,1,NHBE,4+_days,val,5279a9bdd7298ad7d9c640ce12e136f7fd83ea6a760ef75b55e5e2d3470b5427
data/raw/ooc/OOC_image_dataset/val/good/cell_type_NHBE/4+_days/230320_223.png,230320_223,230320,train,good,1,NHBE,4+_days,val,4ff3b018824d2fb4f1fbc0c0f9a29c23c953f69e15acc4ec924150d99319f4ce
