path,image_id,acquisition_prefix,split,path_label,path_cell_type,path_day_bucket,metadata_label_raw,metadata_cell_type,metadata_day_bucket,metadata_present,cell_type_matches,day_bucket_matches,size_bytes,width,height,mode,sha256,dhash256
data/raw/ooc/OOC_image_dataset/test/bad/cell_type_A549/0-1_days/221123_1.png,221123_1,221123,test,bad,A549,0-1_days,2,A549,0-1_days,True,True,True,2794612,2048,1536,RGB,8e1e4a7060d42fb8d89f96947bc7b02535f9d2d078cd258ed6ec576495faa113,5f95d9d128018c009562859023829368c670cbf446b43252dae4d68c462f265d
data/raw/ooc/OOC_image_dataset/test/bad/cell_type_A549/0-1_days/221123_2.png,221123_2,221123,test,bad,A549,0-1_days,2,A549,0-1_days,True,True,True,2957834,2048,1536,RGB,8598c4feee3930c655fc6343555066ee4543408ccb6c7da9c24cc5da57645456,0083108301ff7de2f873d8ce8d09a70a9d024941a8c4e991d0c9544f1d476e3b
data/raw/ooc/OOC_image_dataset/test/bad/cell_type_A549/0-1_days/221123_7.png,221123_7,221123,test,bad,A549,0-1_days,2,A549,0-1_days,True,True,True,2821443,2048,1536,RGB,a5ea9de8767305b069ec2825ff3362f9f4170d406cf7b66309206d9244440e27,011724fc0df81b043ac47cc874d066e862e84ad992b5d07cb2549452443a8001
data/raw/ooc/OOC_image_dataset/test/bad/cell_type_A549/0-1_days/221123_9.png,221123_9,221123,test,bad,A549,0-1_days,2,A549,0-1_days,True,True,True,2761918,2048,1536,RGB,7774f0d5470bc7e195d5de74ed39b286c1f0c3f328a4131d00b5af3806994abd,480080031fbff39d21483458a53105e036c462c6413231344d2d8cdba07b6a6f
data/raw/ooc/OOC_image_dataset/test/bad/cell_type_A549/0-1_days/230109_125.png,230109_125,230109,test,bad,A549,0-1_days,2,A549,0-1_days,True,True,True,2422382,2048,1536,RGB,dd653b1dc30f0cf03cf951f33b3fb18124e31da68a7fa5becafa0654266f74bc,be33ad139d939f437cc379737b237a29792972815909160976c96845291cb51c
data/raw/ooc/OOC_image_dataset/test/bad/cell_type_A549/0-1_days/230109_128.png,230109_128,230109,test,bad,A549,0-1_days,2,A549,0-1_days,True,True,True,2572067,2048,1536,RGB,cceb0ba28dab2d62277c86e4625f172f8fa7a12e474db465ba8a23c049af1ae5,9f4daccfb586b786ed86e947c4664626422765076a836883712368d326532593
data/raw/ooc/OOC_image_dataset/test/bad/cell_type_A549/0-1_days/230109_97.png,230109_97,230109,test,bad,A549,0-1_days,2,A549,0-1_days,True,True,True,2706311,2048,1536,RGB,fe7009c1a8a36b0ae9269b8d61dbf4acdf8f23d0f281fff1cd07db57c6762901,dd8cdf2edda79fc6bfa6bac678e67566f766f506b8e6ea66ace6ee27f903fc13
data/raw/ooc/OOC_image_dataset/test/bad/cell_type_A549/0-1_days/230525_114.png,230525_114,230525,test,bad,A549,0-1_days,2,A549,0-1_days,True,True,True,1431541,2056,1542,L,1364fb164e241bd6a16a959e3ea1fbb3a02e24eef45519372b9933cddb4edf4a,1fc39c839c031d031d231d431f831c031c031e031e031f831b8319231c431c43
data/raw/ooc/OOC_image_dataset/test/bad/cell_type_A549/0-1_days/230525_122.png,230525_122,230525,test,bad,A549,0-1_days,2,A549,0-1_days,True,True,True,1524554,2056,1542,L,f72b199172edbf8a7f65d24b788930d0546b0151e7f3423c2acf32ebc7249333,9d8b9d879d879f879c871c871d871dc71dcf9dcf9c879c879e079e071e879f87
data/raw/ooc/OOC_image_dataset/test/bad/cell_type_A549/0-1_days/230525_123.png,230525_123,230525,test,bad,A549,0-1_days,2,A549,0-1_days,True,True,True,1544749,2056,1542,L,19ae9c19f677c1dcc7895fcb917e0576e00b0955dba4ccb29f19f775a9a4cfaa,9e071d871d831d871e471e469e869e469e269a469f869f261c269d279f279f07
data/raw/ooc/OOC_image_dataset/test/bad/cell_type_A549/0-1_days/230525_124.png,230525_124,230525,test,bad,A549,0-1_days,2,A549,0-1_days,True,True,True,1525358,2056,1542,L,8da0d8dc943014d90b83e29e86ff3e8ea452375399ffec1f7b9f67631c5d4d8b,9f069f261f271e269e069d879cc69d469d071d879f879d871d879c669c669d66
data/raw/ooc/OOC_image_dataset/test/bad/cell_type_A549/0-1_days/230525_211.png,230525_211,230525,test,bad,A549,0-1_days,2,A549,0-1_days,True,True,True,1716041,2056,1542,L,e0b683e15098621f9987b491bd3319ff29887afac5e79cebd9686b6a5365d617,8f8e8f8e0f0e0e1e0e17871787178717861686068606068f860e870e860f861f
data/raw/ooc/OOC_image_dataset/test/bad/cell_type_A549/0-1_days/230525_212.png,230525_212,230525,test,bad,A549,0-1_days,2,A549,0-1_days,True,True,True,1631181,2056,1542,L,1ddc84b03cb3f93e78d1d250f82e950f56384aa4065e12562f55e7ba9a36b951,860f868f869f869f069e869f869f869f879f079f871f861f861f861e869e869e
data/raw/ooc/OOC_image_dataset/test/bad/cell_type_A549/2-3_days/220606_5.png,220606_5,220606,test,bad,A549,2-3_days,2,A549,2-3_days,True,True,True,2522783,2048,1536,RGB,ff23f2158501ddc880c5facf83c17569ae70253352726a4cbe6344f8cb7360cd,05df9ffffff6ddc4dc850033c33fdf8f5e074827420f024c000e804f80efd9a8
data/raw/ooc/OOC_image_dataset/test/bad/cell_type_A549/2-3_days/230110_131.png,230110_131,230110,test,bad,A549,2-3_days,2,A549,2-3_days,True,True,True,2727721,2048,1536,RGB,09244b1c1df6d9a2d210c03bf56036bdaeb73d558c587a113017630fe878f4bc,929895d4918c900e9006901690069056d006d016d006d802d812c822c803d807
data/raw/ooc/OOC_image_dataset/test/bad/cell_type_A549/2-3_days/230110_147.png,230110_147,230110,test,bad,A549,2-3_days,2,A549,2-3_days,True,True,True,2731626,2048,1536,RGB,9fce46c341bc3fbc98b34eb20ba90baa1cc31b4396c9bd539385df51295046d8,cd47cc656477444e4883648564076405640164016401744764057409320d3403
data/raw/ooc/OOC_image_dataset/test/bad/cell_type_A549/4+_days/220611_22.png,220611_22,220611,test,bad,A549,4+_days,2,A549,4+_days,True,True,True,2516420,2048,1536,RGB,429a3ff98cd0fa730646a20682f35f22f4db09a21ca9858d675c0bc481bb0dcc,005d203f08179a078c0384808460016042406060d9b4f8b97cad3e6ede5627ba
data/raw/ooc/OOC_image_dataset/test/bad/cell_type_A549/4+_days/221219_9.png,221219_9,221219,test,bad,A549,4+_days,2,A549,4+_days,True,True,True,2990654,2048,1536,RGB,eeb835ac55867435c8ec741714bd5b465876b5483ea3b1376efe7dc548d91da4,cdb3cf93d9d1dec17729736962b12eb036b8bd8c9ecc9cbc9cbcc9d4ce36ce76
data/raw/ooc/OOC_image_dataset/test/bad/cell_type_A549/4+_days/230425_161.png,230425_161,230425,test,bad,A549,4+_days,2,A549,4+_days,True,True,True,1398553,2056,1542,L,ad9758e576da0ca535cdba7f98d70b3d4a836c7fa93425585a5e47c36227f8ac,c78fc78fc78ec78ec70ec70ec70e878e870ec70ec78ec78ec78ec78ec70ec70f
data/raw/ooc/OOC_image_dataset/test/bad/cell_type_A549/4+_days/230425_165.png,230425_165,230425,test,bad,A549,4+_days,2,A549,4+_days,True,True,True,1640002,2056,1542,L,6c2cb2e24b1efcc189f6e8116da4fd2f964af0b5a6d8843e08b6976fd1f48c0b,ce8e8e0eceaf8cafcdaecd8ecdee8fee87ee86eecf6ecd6e874e8eee8fae8d8e
data/raw/ooc/OOC_image_dataset/test/bad/cell_type_A549/4+_days/230425_166.png,230425_166,230425,test,bad,A549,4+_days,2,A549,4+_days,True,True,True,1930319,2056,1542,L,5b1ac5968695a575a0ffc7cec5a9cabebe02e42a3fa7f45b321018d0869e7529,ce0e8e0eceaf8dafcdaecd8ecdee8fee87ee86eecf6ecd6e874e86ee8fae8dce
data/raw/ooc/OOC_image_dataset/test/bad/cell_type_A549/4+_days/230425_176.png,230425_176,230425,test,bad,A549,4+_days,2,A549,4+_days,True,True,True,1434280,2056,1542,L,1598fa798414fec4ba7d9dd1196e9bcdd99c67c756ff6645577ecb1e31bce1a7,cf26cf0fcfcfcf8dcd86cda6cfc6cdc6cd86cd86cf0ecf0ecf4ece46ce8ececc
data/raw/ooc/OOC_image_dataset/test/bad/cell_type_A549/4+_days/230425_59.png,230425_59,230425,test,bad,A549,4+_days,2,A549,4+_days,True,True,True,1679824,2056,1542,L,bdacfee70507e04d7c5734aff9bb51a1abc0ff6d1c4491f00129099771b89e35,9e479e479cc799c799979c8f9c8798cf1cd61c9e1d8e188e99169b2619671ac6
data/raw/ooc/OOC_image_dataset/test/bad/cell_type_A549/4+_days/230425_67.png,230425_67,230425,test,bad,A549,4+_days,2,A549,4+_days,True,True,True,1666510,2056,1542,L,9a5ae84ca79708fdf9fcdd1e121ece2cd86f1de36d33fc8b810b35b90ab6fa45,2ca73ca72c072c863cc638e620e626360e1f0e0f1e0f1e0e1e0e1e0f1e0f1e0f
data/raw/ooc/OOC_image_dataset/test/bad/cell_type_A549/4+_days/230425_79.png,230425_79,230425,test,bad,A549,4+_days,2,A549,4+_days,True,True,True,1420997,2056,1542,L,d1839fcaca13ac78cdc03d9cd629e8bbf9dabd4865005ccc7696cee419951dad,1839991b983b9c1b981b980f081f240b201b201b221b214b217a21bb231b231b
data/raw/ooc/OOC_image_dataset/test/bad/cell_type_A549/4+_days/230425_81.png,230425_81,230425,test,bad,A549,4+_days,2,A549,4+_days,True,True,True,1470119,2056,1542,L,7375ed42ba2d35f4d9d62436b436515a8a0aeddf327552b5556e29af70d11f01,21ef233f270f251e2d8e291629162a672e672c372e972ec72e572c272d072f27
data/raw/ooc/OOC_image_dataset/test/bad/cell_type_A549/4+_days/230425_83.png,230425_83,230425,test,bad,A549,4+_days,2,A549,4+_days,True,True,True,1462770,2056,1542,L,3f6a1d1e5dc12b2708017799f3e2583b055e0e63e68d7d276eccfd4851d937d3,661e663e2c6f6c1f603c643c641e603e403e603e703e603e407d403c403f403d
data/raw/ooc/OOC_image_dataset/test/bad/cell_type_A549/4+_days/230512_43.png,230512_43,230512,test,bad,A549,4+_days,2,A549,4+_days,True,True,True,1368761,2056,1542,L,cbaea0a4442e1db158609a25ea66e87955eef4002f8c67691d12f7d4a167a492,96839f839c639c739c439f439f039f13973397339a13964396939cd39d539d52
data/raw/ooc/OOC_image_dataset/test/bad/cell_type_A549/4+_days/230512_50.png,230512_50,230512,test,bad,A549,4+_days,2,A549,4+_days,True,True,True,1682208,2056,1542,L,e2569e5e67f511ff6597725446d8d6bb0b82c9217855234e85a3d5e188cfd17f,8c728c6386e391e391e313a387e38de39cc31cc30cc38de383c313c39d479986
data/raw/ooc/OOC_image_dataset/test/bad/cell_type_A549/4+_days/230512_51.png,230512_51,230512,test,bad,A549,4+_days,2,A549,4+_days,True,True,True,1844409,2056,1542,L,8b1e7e638bebfb145468f6c6567060e72db7077aa914982205cb32d0ab7a4558,9aa29d229d439c639ee39f4396e79c479c669f4699869ba69ba69be69a469f06
data/raw/ooc/OOC_image_dataset/test/bad/cell_type_A549/4+_days/230517_47.png,230517_47,230517,test,bad,A549,4+_days,2,A549,4+_days,True,True,True,1712405,2056,1542,L,f50241d8123085c45855ef0e487d5a7993c8c7b94ef0d88f64b00f49361bc7fb,cf83cda3cd53ce53cf93ce33cc5b8ccf89c789c789c789c788c70ccf0c3bce33
data/raw/ooc/OOC_image_dataset/test/bad/cell_type_A549/4+_days/230517_55.png,230517_55,230517,test,bad,A549,4+_days,2,A549,4+_days,True,True,True,1749180,2056,1542,L,edaeab6f5eb2c95f40aa057f313969af11c94ba80c7053b4d76b38d422764413,ce63cf03ced34f934e634e634f334d83cf830fc30fb38d938f23ce23cca3cdd3
data/raw/ooc/OOC_image_dataset/test/bad/cell_type_A549/4+_days/230529_126.png,230529_126,230529,test,bad,A549,4+_days,2,A549,4+_days,True,True,True,1610632,2056,1542,L,a8cb49c834c24f7017839c4b238b30dc9dfb96681abbc4e9a6d1145879c5099e,39c738c73c473c033e033a8739873963392338233863182318631b6339433e03
data/raw/ooc/OOC_image_dataset/test/bad/cell_type_A549/4+_days/230529_128.png,230529_128,230529,test,bad,A549,4+_days,2,A549,4+_days,True,True,True,1390803,2056,1542,L,3ac850c8fe5fd1fe8f2b832291e26d2b2ee06700054b2629c6013ef4548585b8,3e233e033e833e033c633c233d031c231c831dc31cc31e431e831c831cc31d43
data/raw/ooc/OOC_image_dataset/test/bad/cell_type_A549/4+_days/230529_136.png,230529_136,230529,test,bad,A549,4+_days,2,A549,4+_days,True,True,True,1805637,2056,1542,L,0f04fc28d55d1120396cf3daa7ce27aae5e051b660c77a0d905e6e588b9e43b5,66976e176e176d176e176d076a136e136c936d9367137633736378c376237203
data/raw/ooc/OOC_image_dataset/test/bad/cell_type_A549/4+_days/230529_143.png,230529_143,230529,test,bad,A549,4+_days,2,A549,4+_days,True,True,True,1765966,2056,1542,L,4a44d1b99abf71e0b665f979b30305ef1875c770780559ae787f26e6e14b190c,99319bb99ba119213cf330e333633763736673c6fbcefb4cfd4cfd9cfcb6fe32
data/raw/ooc/OOC_image_dataset/test/bad/cell_type_A549/4+_days/230529_207.png,230529_207,230529,test,bad,A549,4+_days,2,A549,4+_days,True,True,True,1742409,2056,1542,L,4107cc2fbe200fdd676a3fdec49503415892877a8c82bd786abff300306053b4,cde74dc38dc38de38e63ce738e738c33cea3cc83cca38f23cb83cbc38b238d23
data/raw/ooc/OOC_image_dataset/test/bad/cell_type_A549/4+_days/230529_210.png,230529_210,230529,test,bad,A549,4+_days,2,A549,4+_days,True,True,True,1599886,2056,1542,L,aeedd6b8cd56e7ed9b2ad7072fd80a3670ad3c8b0cf4d5a3053b5b1e8d83a14e,8e9e8e9e8e9e8e9e8e9e8e1e8e1e8f1e8e1e8e1f8f1e8e1e8f1e8f1e8e1e8e1f
data/raw/ooc/OOC_image_dataset/test/bad/cell_type_A549/4+_days/230529_213.png,230529_213,230529,test,bad,A549,4+_days,2,A549,4+_days,True,True,True,1394355,2056,1542,L,e1957f565b7c590a42a2d06e9936b60acbf11fb3f5002f8ae19f973292709344,8e1e8e1e8d9e8d9e8d9f8e9f8e1e8e1e8e1e0e1e0e1f0e0f0e8f0e8f0e8f0e8f
data/raw/ooc/OOC_image_dataset/test/bad/cell_type_A549/4+_days/230529_216.png,230529_216,230529,test,bad,A549,4+_days,2,A549,4+_days,True,True,True,1621600,2056,1542,L,93bc5983d516c5223f7d59d342c9593e18f0e9f5a734d5b4a2019fce97206e72,8de78de78d678c678c678c678c678c678ca78ce70cc718c798c619061906190e
data/raw/ooc/OOC_image_dataset/test/bad/cell_type_A549/4+_days/230529_44.png,230529_44,230529,test,bad,A549,4+_days,2,A549,4+_days,True,True,True,1040024,2056,1542,L,a935614c0f4fac4d685e5cbe13cb5a5ab4696bf876a2c18cbd0a2626a347490a,c61ec70ec70e868e078e030e010a020401100000000000000000000001000400
data/raw/ooc/OOC_image_dataset/test/bad/cell_type_A549/4+_days/230529_46.png,230529_46,230529,test,bad,A549,4+_days,2,A549,4+_days,True,True,True,1399189,2056,1542,L,faf4545192622bae24c414923119a3fc0099e5a08d51a927fd9f00b193f88e80,c72ec29cc29cc69cc68ec24ec6eec66ec66cd4e4d66cd62cf62cf62cc72ce44c
data/raw/ooc/OOC_image_dataset/test/bad/cell_type_A549/4+_days/230529_48.png,230529_48,230529,test,bad,A549,4+_days,2,A549,4+_days,True,True,True,1372669,2056,1542,L,42691e1495ec0994d60511b8eb0c6c3ca4d9c2f7052d49177804e64819c11a54,f0ccf26cf26cf39cd34cf70cd26cc2acd2bcd28cd2cce38cf3b4b3b457b4579c
data/raw/ooc/OOC_image_dataset/test/bad/cell_type_A549/4+_days/230529_67.png,230529_67,230529,test,bad,A549,4+_days,2,A549,4+_days,True,True,True,1501861,2056,1542,L,442a8e4f6d2a9fe542ef004ef45e56b07a02ba680656b440754683f771bc652d,c523c463e66be37be333a733a673e773e763e763e733e763e76be76bc363e163
data/raw/ooc/OOC_image_dataset/test/bad/cell_type_A549/4+_days/230529_68.png,230529_68,230529,test,bad,A549,4+_days,2,A549,4+_days,True,True,True,1469542,2056,1542,L,ceee8f0636a01238fcda41f22420318b926802945d6eab82ae59dcad18ef88f0,e1e3e363e763e663c473c733c733c533c533c773c733c52387638763c773c777
data/raw/ooc/OOC_image_dataset/test/bad/cell_type_A549/4_days/220608_13.png,220608_13,220608,test,bad,A549,4_days,2,A549,4_days,True,True,True,2727119,2048,1536,RGB,a74683bb94f52dfa73dc4b13480ccd536a06a92f7bbb4ffb6785d20f358829ca,067a07f90b7d1ebd18b446d425ac272d062706aa0abc077206fa067b06300016
data/raw/ooc/OOC_image_dataset/test/bad/cell_type_A549/4_days/220608_15.png,220608_15,220608,test,bad,A549,4_days,2,A549,4_days,True,True,True,2996783,2048,1536,RGB,3e5ff27343174e011f112dbf6bd2ba940a0c9a18896810740379bdabddb4cffe,80fe07fe7ef75dbd4eaf12ee0afe1af70bf72eb38cf388fb05b4459521920063
data/raw/ooc/OOC_image_dataset/test/bad/cell_type_A549/4_days/220608_21.png,220608_21,220608,test,bad,A549,4_days,2,A549,4_days,True,True,True,2927059,2048,1536,RGB,652ed447c4ebb70fd8ee9b70a6034f709887938725478648935e501c66f1a30b,ff72266f17339f85b498cdc5cfcc2a840ab4cbb00dd29671de3146722e1a47f8
data/raw/ooc/OOC_image_dataset/test/bad/cell_type_A549/4_days/230424_104.png,230424_104,230424,test,bad,A549,4_days,2,A549,4_days,True,True,True,1932550,2056,1542,L,e8097b078e649a72a58d92b964ef2e60aa73ea742c320e42d92bb66d012a2c2b,f433f931de31ee31f931e734e334c8b4d8b4d834d830dc3bd8bac9b8e33bf13b
data/raw/ooc/OOC_image_dataset/test/bad/cell_type_A549/4_days/230424_107.png,230424_107,230424,test,bad,A549,4_days,2,A549,4_days,True,True,True,1915125,2056,1542,L,2112990d0f2da4b26774dc9c384c19c5f7dbb90a29162f3517e6e474d83ebf83,e32ec33c8d3b2738e338e338f33de326633707369f34df27f131d031f83be86b
data/raw/ooc/OOC_image_dataset/test/bad/cell_type_A549/4_days/230424_77.png,230424_77,230424,test,bad,A549,4_days,2,A549,4_days,True,True,True,1435107,2056,1542,L,8bcfeb5f3295c42c06e52e80e5cf733e9e325d8a4980459a60993fbe15944958,1bc639c73a663a363b97b397b377333735162e072f462d863f063ea63d263926
data/raw/ooc/OOC_image_dataset/test/bad/cell_type_A549/4_days/230424_98.png,230424_98,230424,test,bad,A549,4_days,2,A549,4_days,True,True,True,1808328,2056,1542,L,340606e9b2e7e9e4aa6b1385a297cee576b86f420f215021ff1ad576aa29fe59,731a659b7e5b7e1c7d187c1b7e1cfa1ef81cfe18fe18fe1876187e187c1e7b1e
data/raw/ooc/OOC_image_dataset/test/bad/cell_type_CACO/2-3_days/220606_12.png,220606_12,220606,test,bad,CACO,2-3_days,2,CACO,2-3_days,True,True,True,2417000,2048,1536,RGB,bf98def25092a7b7318a730980d204c8976b6a569dafebf38bc3c78d71a82f10,82110a3b0c3f465902580034049420cc004204880028226c003b08950c050423
data/raw/ooc/OOC_image_dataset/test/bad/cell_type_CACO/2-3_days/220606_13.png,220606_13,220606,test,bad,CACO,2-3_days,2,CACO,2-3_days,True,True,True,2409913,2048,1536,RGB,32fa229293132e02a4a776351ae45e2059eaeded0679811add39809044202e8f,005b044f2279085b2c61306b202d041a240b2436302c391d108700840004005f
data/raw/ooc/OOC_image_dataset/test/bad/cell_type_CACO/2-3_days/220606_14.png,220606_14,220606,test,bad,CACO,2-3_days,2,CACO,2-3_days,True,True,True,2424341,2048,1536,RGB,b4851af771b9f9c7ecdeeb5caf9ec903cd1c489a0e2a59db54d9da92eb3b3f84,2c6f0c3f341f641b705b30663427302f68ae281e521c708d20db20f920f739e1
data/raw/ooc/OOC_image_dataset/test/bad/cell_type_CACO/2-3_days/230405_103.png,230405_103,230405,test,bad,CACO,2-3_days,2,CACO,2-3_days,True,True,True,1845377,2056,1542,L,f33024fba796042de560cb12f429528e8d26fe7dbe2c077f2a801180b3382233,8e8e8ecece4e8f2e8dee8c67cd67cccfcccccced8dcc8f6eceeecd2e8c6c8f0d
data/raw/ooc/OOC_image_dataset/test/bad/cell_type_CACO/2-3_days/230405_105.png,230405_105,230405,test,bad,CACO,2-3_days,2,CACO,2-3_days,True,True,True,1979127,2056,1542,L,e2bb1f44ae5c5ca1ee16fc5c1de3cf2278e2a04c2c68b6d92de3a090a714af02,8ced8f2ccf4ecf8ecc8eceaecfadcfadcbac8f8e8fce8acf8d0e8dcccd8cce0c
data/raw/ooc/OOC_image_dataset/test/bad/cell_type_CACO/2-3_days/230405_109.png,230405_109,230405,test,bad,CACO,2-3_days,2,CACO,2-3_days,True,True,True,1921964,2056,1542,L,f16897c5b6bc21d214ea46e4698cb7b8f1874ea85e419f3a265c4aa7c9a68846,8ecc8fcecb4e8a8e8f4ccc4c8c8cce8ccb8e898e89ec8a6ec96cc9ac8e8c8d0e
data/raw/ooc/OOC_image_dataset/test/bad/cell_type_CACO/2-3_days/230405_113.png,230405_113,230405,test,bad,CACO,2-3_days,2,CACO,2-3_days,True,True,True,1823151,2056,1542,L,c7f20aef235a24c75a1277260d00b4ce61ed5fa02731028e00641287ac39a158,cc8ccd8ccfaecf2c8ccccc8ecd0ccd8ecd8e8d4ecd4ecd4ecccecd0ecf8ecace
data/raw/ooc/OOC_image_dataset/test/bad/cell_type_CACO/2-3_days/230405_116.png,230405_116,230405,test,bad,CACO,2-3_days,2,CACO,2-3_days,True,True,True,2051227,2056,1542,L,24f45734b1449e6b4803e41d69b450da5d4cbaefb623eaf639d07a5f6815589a,cf0e8d8ecc8ece0e8e0cca0ece2ecc4ecd8e8d4e898ece0c8d0c8c0c9ccede4c
data/raw/ooc/OOC_image_dataset/test/bad/cell_type_CACO/2-3_days/230405_123.png,230405_123,230405,test,bad,CACO,2-3_days,2,CACO,2-3_days,True,True,True,1916057,2056,1542,L,04b0d764ac2747d4c9a59b420ce27959fa089c2e32231062605320d071673987,9d8c98cc9b4c9a8c9c8c9ccc9c8c9a0c9e4c9ccc9ccc9b8c9f8c98cc99cc1948
data/raw/ooc/OOC_image_dataset/test/bad/cell_type_CACO/2-3_days/230405_130.png,230405_130,230405,test,bad,CACO,2-3_days,2,CACO,2-3_days,True,True,True,1868621,2056,1542,L,f9a88c8745fe77fecff25eee49cd79a890e5830760c7154cab59b1f999bbcf7c,9a0e9b4c9d4c9e4e990c994e9ccc9a4c9e4c99cc9acc9b0c9b0c9f0c9dcc998c
data/raw/ooc/OOC_image_dataset/test/bad/cell_type_CACO/2-3_days/230405_135.png,230405_135,230405,test,bad,CACO,2-3_days,2,CACO,2-3_days,True,True,True,1829073,2056,1542,L,4bb43dc5fb75b24352f6276e1c1f02ca3d192afd5f91dd4fff8e781f9fed9201,9a4c9a4c1d4c9d0c1c0c1c8c1e4c994c198c994c1d8c9d8c9e4c9fcc1dcc1f8c
data/raw/ooc/OOC_image_dataset/test/bad/cell_type_CACO/2-3_days/230405_96.png,230405_96,230405,test,bad,CACO,2-3_days,2,CACO,2-3_days,True,True,True,1822127,2056,1542,L,fff8b7de39d7fad394511b84e577ac913c2bbf32619a9bff2c0d9ea1119bb051,cc16ce8cce8c8e268c6e8ea68cae8ce68e6e8e6c8e6e8cce8f4e8d4ccc4ececc
data/raw/ooc/OOC_image_dataset/test/bad/cell_type_CACO/2-3_days/230419_102.png,230419_102,230419,test,bad,CACO,2-3_days,2,CACO,2-3_days,True,True,True,2189507,2056,1542,L,63f39e64cc96fd8893ebd0b7b78f7069bde14f7eb37a3dc398c93daaa7892b15,cc6fc86cc83ecc3ecc3cce1ccc1ccc8e8c0ecd0ecc8ecb0e8e8c8c8cccaccd0c
data/raw/ooc/OOC_image_dataset/test/bad/cell_type_CACO/2-3_days/230419_103.png,230419_103,230419,test,bad,CACO,2-3_days,2,CACO,2-3_days,True,True,True,2274613,2056,1542,L,2eda273e63777440ab7cadf1a8ab0ebaebb9e563b727fe24a64a2202905c503b,ca4ccd4ccd4ccc8e8d8ccc8c8c8e8f0e0e2cce4ccc0cce8cca8c8c8e4e8c8c4c
data/raw/ooc/OOC_image_dataset/test/bad/cell_type_CACO/2-3_days/230419_108.png,230419_108,230419,test,bad,CACO,2-3_days,2,CACO,2-3_days,True,True,True,2012707,2056,1542,L,5f8b46ed7c870270f4152c7d5b0a336dc80c03cf9052d370f8beac134c421762,048f84cf886fc86eececec6cee4cce8f8c8f8e4f8d4f88cfcdcfcdcf8ecf8ece
data/raw/ooc/OOC_image_dataset/test/bad/cell_type_CACO/2-3_days/230419_113.png,230419_113,230419,test,bad,CACO,2-3_days,2,CACO,2-3_days,True,True,True,2293022,2056,1542,L,08ab841e1db12130795d626091ec47f367eede35451523aa3ff50094d2afb0eb,9b0cdece99ce9cce98de991e1d1e9b1c1a1c1e9c9cde9c5c1c5a9c1a9eda9c9a
data/raw/ooc/OOC_image_dataset/test/bad/cell_type_CACO/2-3_days/230419_114.png,230419_114,230419,test,bad,CACO,2-3_days,2,CACO,2-3_days,True,True,True,2300794,2056,1542,L,222bc88b070cab2632fa15b675a20c5ab88d335afceef2efb45f6309a5fc7e9d,9a9c9b1e9b981d1c171c965c975c965c9cdc9c9c9c1c9c9c1cd89a989b1c9b5c
data/raw/ooc/OOC_image_dataset/test/bad/cell_type_CACO/2-3_days/230419_94.png,230419_94,230419,test,bad,CACO,2-3_days,2,CACO,2-3_days,True,True,True,2085201,2056,1542,L,201df2da7f4f451a3e4a00e36ca4eb453e77fc15fae8cc9e0797a2a1801caeb8,c98ccb0cca4dcf2cc94ccbcc8d8d8b4c8a4c8dcc8e8c8f0e8b0e8b0e8d8c8f0c
data/raw/ooc/OOC_image_dataset/test/bad/cell_type_CACO/2-3_days/230419_96.png,230419_96,230419,test,bad,CACO,2-3_days,2,CACO,2-3_days,True,True,True,1975201,2056,1542,L,e01fc3b48604300fb23f4ce2ebb37b580382aaff0eca16c6ac01b30969808cb2,8e4e8a4e8a8c8a8c8a8c1ccc80ee827c063e8e1c0e180e180e1c0e188e180e1c
data/raw/ooc/OOC_image_dataset/test/bad/cell_type_CACO/4+_days/220609_1.png,220609_1,220609,test,bad,CACO,4+_days,2,CACO,4+_days,True,True,True,2829002,2048,1536,RGB,c4703efa5d81373afbd3a7ee7836d61659471019e465a0f3b7a741a7a0682232,c09b009d00c501c3016900cc00cc00ac09b50173016c007906720c7b1cddfe1f
data/raw/ooc/OOC_image_dataset/test/bad/cell_type_CACO/4+_days/220611_9.png,220611_9,220611,test,bad,CACO,4+_days,2,CACO,4+_days,True,True,True,2653797,2048,1536,RGB,1eeffca835d51428e635b5490cc7f5dd1b48e23e7f53224033b29a2734cb4982,6e603ce6ffc0bfc67f8bf983f993fd877f97ffa6ff26fc6cfc7afc67fb747d76
data/raw/ooc/OOC_image_dataset/test/bad/cell_type_CACO/4+_days/230403_1.png,230403_1,230403,test,bad,CACO,4+_days,2,CACO,4+_days,True,True,True,5860656,2048,1536,RGB,cf31baf09c7bf480833a4cc75b7129a92885a9394937a413b071fdd3529a0f16,08ffffffffef8e779cdb7552b85a39de398cb596b1d9deb8d3fa33e43ce00000
data/raw/ooc/OOC_image_dataset/test/bad/cell_type_CACO/4+_days/230403_12.png,230403_12,230403,test,bad,CACO,4+_days,2,CACO,4+_days,True,True,True,4576934,2048,1536,RGB,c75c935501eee17c4f4e4039ded3c64dd1d396260519afb87dda9fac6d1b7a26,07ffffef93c711e72bcf23c70345234747ec64da095c516612ea927361bb23b0
data/raw/ooc/OOC_image_dataset/test/bad/cell_type_CACO/4+_days/230403_4.png,230403_4,230403,test,bad,CACO,4+_days,2,CACO,4+_days,True,True,True,4336138,2048,1536,RGB,9638f41b0c27facb1d07e74c33eadc26596a7e0046471840b3a8ba4bc580d095,000700ff7fffffe3cb3bc63b4e5962c56687c7269356974e917c12390c374e76
data/raw/ooc/OOC_image_dataset/test/bad/cell_type_CACO/4+_days/230403_6.png,230403_6,230403,test,bad,CACO,4+_days,2,CACO,4+_days,True,True,True,4149364,2048,1536,RGB,71aa5e38843f864c81ab59b341a0ba867390d4b795375a874a728f4cef5f2dae,0ffffffdeccf2cee15eec562ade79593b19735d567fb670e762f766f36e73400
data/raw/ooc/OOC_image_dataset/test/bad/cell_type_CACO/4+_days/230405_16.png,230405_16,230405,test,bad,CACO,4+_days,2,CACO,4+_days,True,True,True,1994657,2056,1542,L,045f12648bbcf3fd405ced0320554f28a2b08937e734c0bae88aa4d2baf87bfc,91e697c697879f879bc79fc69b871ba61f879b869b869d869f871d871d879cc6
data/raw/ooc/OOC_image_dataset/test/bad/cell_type_CACO/4+_days/230405_21.png,230405_21,230405,test,bad,CACO,4+_days,2,CACO,4+_days,True,True,True,2017521,2056,1542,L,b95e56b4b975e86c6b3d89aa94ed1b721dd0d3110417efde2a5a1464108fd718,99879b869e879b879d461d461e269f269e261ca61da61f46184618461c461e06
data/raw/ooc/OOC_image_dataset/test/bad/cell_type_CACO/4+_days/230405_25.png,230405_25,230405,test,bad,CACO,4+_days,2,CACO,4+_days,True,True,True,1833554,2056,1542,L,d39928691f046da01c594ced3b0cc77f4d74b9fdbf28c431210a08026cc40ab7,3e8e3c0e3d8e3c8e3c8c388e381e391e309c309c319e389e389e309e345c259c
data/raw/ooc/OOC_image_dataset/test/bad/cell_type_CACO/4+_days/230405_27.png,230405_27,230405,test,bad,CACO,4+_days,2,CACO,4+_days,True,True,True,1848971,2056,1542,L,0475e60c67d51f665cae3beb13fa22cd9aeb7f584dabbe33c68f174144b6f63a,264786478e478e078e8f8e8e9b8e9b8c9a8e9a0e9d0e980e9c0e9c0f980e9c4e
data/raw/ooc/OOC_image_dataset/test/bad/cell_type_CACO/4+_days/230405_28.png,230405_28,230405,test,bad,CACO,4+_days,2,CACO,4+_days,True,True,True,1979552,2056,1542,L,140e595cc7aca90976ed42e9a93c4793a0da6a9dccae998c2b6609f4dffa5beb,9c4e984e9c4f9c4f9a0e1a0e980f1c0f180f1c0f1a0f924e904e980e980f980f
data/raw/ooc/OOC_image_dataset/test/bad/cell_type_CACO/4+_days/230405_31.png,230405_31,230405,test,bad,CACO,4+_days,2,CACO,4+_days,True,True,True,1717949,2056,1542,L,09af3901ebf58464dfe83de151fa401b7e16cfa4637fad6a7d4f48852e20d2b4,330e330e3d0f3c8e3e0e3b0e3b0e320e368e3e0e3a8f328e320e330e330e3a0f
data/raw/ooc/OOC_image_dataset/test/bad/cell_type_CACO/4+_days/230405_32.png,230405_32,230405,test,bad,CACO,4+_days,2,CACO,4+_days,True,True,True,1700646,2056,1542,L,f61c0e3a805fc1b1e8b8699dd6fc337af88dc689327475c3973db33663aa977e,3a4e3c4e3a4e34ce34ce3d0d390f338e24ce2cce384e2a4f2ece24cc338e330e
data/raw/ooc/OOC_image_dataset/test/bad/cell_type_CACO/4+_days/230405_9.png,230405_9,230405,test,bad,CACO,4+_days,2,CACO,4+_days,True,True,True,2166271,2056,1542,L,6bd6fce5eae44982cf90aa11818b8b3c2b578e1e2e187eab13654eb24bbe7279,8e878e070cc70c479c0799079886988799079e079a479a079846984618461e46
data/raw/ooc/OOC_image_dataset/test/bad/cell_type_CACO/4+_days/230411_51.png,230411_51,230411,test,bad,CACO,4+_days,2,CACO,4+_days,True,True,True,1937497,2056,1542,L,8656110be8b8bddaaa2b789c9b7f56437a7b1493ae33ea07471f7b656df5a9b2,cf8ecf0fceaf8e8f8f8e8f6ecdcfcd8fcf8cce8ececececdceaecc0ecccece2c
data/raw/ooc/OOC_image_dataset/test/bad/cell_type_CACO/4+_days/230411_60.png,230411_60,230411,test,bad,CACO,4+_days,2,CACO,4+_days,True,True,True,1873894,2056,1542,L,fca2b106dcec80c8c3a61a23dfcc8cd11af0fb43c51b8a4ed06ee0ba54b8c651,c9cecf0ece0e8a0e0acf884e8c2ecd0ec98ecc0e4c4eca0e990e9a8eda8cda8e
data/raw/ooc/OOC_image_dataset/test/bad/cell_type_CACO/4+_days/230411_67.png,230411_67,230411,test,bad,CACO,4+_days,2,CACO,4+_days,True,True,True,2060390,2056,1542,L,b8dbdb5fc430dd420335d18f5732d67fd923557fda14ff0d0be4de94af2f91bc,1d5c1ddc9cdc9c9c1e9c9c989e9c9d189c9c9f1c9b5c9b5c13dc13d813d89b98
data/raw/ooc/OOC_image_dataset/test/bad/cell_type_CACO/4+_days/230411_68.png,230411_68,230411,test,bad,CACO,4+_days,2,CACO,4+_days,True,True,True,1976348,2056,1542,L,e13b6389bbfde6194b3c0b7370759bcfbe2f55b3b14cf60c840494b51f686f52,9bd89b1c9e1c9c1c9c181a181a1c199c19181ad81e5c1a9c189c1c9814d81e1c
data/raw/ooc/OOC_image_dataset/test/bad/cell_type_CACO/4+_days/230411_71.png,230411_71,230411,test,bad,CACO,4+_days,2,CACO,4+_days,True,True,True,1736120,2056,1542,L,e9c3378751715477190416a422d286d31d6d38048de2aed1f18409d630711dc4,9f0e9f2c9f1c9f1c1a1e9e1c1e5c1e1c9e5e1e4e9b0e9b1a9b0e980e980e9b1c
data/raw/ooc/OOC_image_dataset/test/bad/cell_type_CACO/4+_days/230425_183.png,230425_183,230425,test,bad,CACO,4+_days,2,CACO,4+_days,True,True,True,2090286,2056,1542,L,b88c04e818cafb2fee2763549dfcf50dfa30e3e8ac7e17c652ff60833b891541,cd66ce46c6468746c547cd46cf46cf07e726c566c78687a6c766c706c767c6a6
data/raw/ooc/OOC_image_dataset/test/bad/cell_type_CACO/4+_days/230425_186.png,230425_186,230425,test,bad,CACO,4+_days,2,CACO,4+_days,True,True,True,2034501,2056,1542,L,cd1ab5201bcc25e9f23b2523a075d76ed08fdc0948ee226aafadf8370c1fb092,e607c796e6e6e6c7c687c727c666c7a6c7a7c4a7c6c6e6469737cf77ce17c436
data/raw/ooc/OOC_image_dataset/test/bad/cell_type_CACO/4+_days/230425_191.png,230425_191,230425,test,bad,CACO,4+_days,2,CACO,4+_days,True,True,True,2192073,2056,1542,L,b8f9cbfeadf78c54c0d34677f7989b6a29f25ec24a466deadee9df748872a96d,8f268dc7cdc78d85cf068f06aec68f44cf06cf86cfa4cfa6cc26ce66cec6cc26
data/raw/ooc/OOC_image_dataset/test/bad/cell_type_CACO/4+_days/230425_197.png,230425_197,230425,test,bad,CACO,4+_days,2,CACO,4+_days,True,True,True,2202980,2056,1542,L,425a5ee582f5f86e08a1ee451f0dd8e9c5521c5f199249077f25d09538620fde,c786c7a6c5c6c6c7c727c717c746c746c736c796c787e766e736c7b7c6b7c637
data/raw/ooc/OOC_image_dataset/test/bad/cell_type_CACO/4+_days/230425_203.png,230425_203,230425,test,bad,CACO,4+_days,2,CACO,4+_days,True,True,True,2206602,2056,1542,L,12647c432a6ba7b9fcfdef49175e1fbf52af6403d775a523bb8dfe54ceefd292,cecfcd8ecd4e8c6ecc9ecd8e8dcecdcecc9ecc6dce0dcd8e8c8dce8e8e2ec6ae
data/raw/ooc/OOC_image_dataset/test/bad/cell_type_CACO/4+_days/230425_205.png,230425_205,230425,test,bad,CACO,4+_days,2,CACO,4+_days,True,True,True,2049567,2056,1542,L,0a3ead7387d8fd5d4b23bb6108a6621d699916d2f841fe821b6f7cadf6fe3efa,cf1ecf1ccf1dcf1d8e1d8e9d8f1dcd0c8d4dcf1dcf1eae4fcececececccece4f
data/raw/ooc/OOC_image_dataset/test/bad/cell_type_CACO/4+_days/230425_209.png,230425_209,230425,test,bad,CACO,4+_days,2,CACO,4+_days,True,True,True,2170632,2056,1542,L,c73a19841d840a53d0d5b8163b6f8f4ea0322b82126eee46e5f1d8a82f0547a1,4d8c498e096eca4e4a6e0d6c0d0cc98ccb8e8b0c8d4c8d8e0d8e8c0c8e0c8f0c
data/raw/ooc/OOC_image_dataset/test/bad/cell_type_CACO/4+_days/230425_211.png,230425_211,230425,test,bad,CACO,4+_days,2,CACO,4+_days,True,True,True,2115098,2056,1542,L,b28e91eefd77789cfc1a1e4338ac099a7ddb45aedbf2789f6a25d74c20491a3f,8e8c0ecc4e6cca8eceae4eeeccaecdae4dac4d6ccf2ccf0ccf0ecf4c4d0c4c4e
data/raw/ooc/OOC_image_dataset/test/bad/cell_type_CACO/4+_days/230425_213.png,230425_213,230425,test,bad,CACO,4+_days,2,CACO,4+_days,True,True,True,1892061,2056,1542,L,1bda2af42e0c89afaa093d0f196ba4cb2c974f74d43d27e567b328817f134d77,ccceccacceaccd0489a58aefce668e26cf26ce2e8e2cce2d8e2e8e6e86e60bcc
data/raw/ooc/OOC_image_dataset/test/bad/cell_type_CACO/4_days/220608_7.png,220608_7,220608,test,bad,CACO,4_days,2,CACO,4_days,True,True,True,2622319,2048,1536,RGB,7ad0dc2998924bcf6d05958dd2a94b17e5297dfceb4f1488c33d605c6001d66f,33bf319f2c3f1e0f1e2f1e2f9c1f1e0f1e1f1e1f0c1a621e20cd6171486667f7
data/raw/ooc/OOC_image_dataset/test/bad/cell_type_CACO/4_days/220608_8.png,220608_8,220608,test,bad,CACO,4_days,2,CACO,4_days,True,True,True,2695949,2048,1536,RGB,595714c9ba87d7d2ee89a860cd46656d7d66f055e5f933171f856d68704471f1,0bd095b50e7b1e5f5e3d3c7f7c3f1c3f3c3899341a317071c153ca1024000003
data/raw/ooc/OOC_image_dataset/test/bad/cell_type_CACO/4_days/220608_9.png,220608_9,220608,test,bad,CACO,4_days,2,CACO,4_days,True,True,True,2630445,2048,1536,RGB,104bbfcf57342d343c1e291d73be3eb9f563d4e8bd75d97287a5f580a03e67f1,377f371fda6d5a3af27374216839a821caa26a29d05516f72c34280000000005
data/raw/ooc/OOC_image_dataset/test/bad/cell_type_HPMEC/0-1_days/220429_03.png,220429_03,220429,test,bad,HPMEC,0-1_days,2,HPMEC,0-1_days,True,True,True,2407704,2048,1536,RGB,f617ddc400c4c43ed0ad590d4dde1eb354d73bc848efcaaacc29833cd695b3ab,3cef086f006308730833003300330037003f001f043f001f018f038f05ab01bf
data/raw/ooc/OOC_image_dataset/test/bad/cell_type_HPMEC/0-1_days/221010_40.png,221010_40,221010,test,bad,HPMEC,0-1_days,2,HPMEC,0-1_days,True,True,True,2666051,2048,1536,RGB,2398ce4293a3fc8520be5e9ddb338f86cce37c9c3d4f8bebe2a3b328af644e44,f871f871f871fc71fc71b8f1b8f9b8e9b9b0b9f0b971f960fd60fee0f8c0f8a0
data/raw/ooc/OOC_image_dataset/test/bad/cell_type_HPMEC/0-1_days/221010_59.png,221010_59,221010,test,bad,HPMEC,0-1_days,2,HPMEC,0-1_days,True,True,True,2583245,2048,1536,RGB,1d668a4aaa3cc08565b2e0fe64884dd34eb8667a0a4f2d0a0121fe5a3c53f5d4,d0c3c0c3c0c3c8c3d08399c3e1e3e0e3e2e1e0e1e0e1d0e1f0e1d0c1f0e1f0e1
data/raw/ooc/OOC_image_dataset/test/bad/cell_type_HPMEC/0-1_days/230109_95.png,230109_95,230109,test,bad,HPMEC,0-1_days,2,HPMEC,0-1_days,True,True,True,2320963,2048,1536,RGB,7f2bf6edadc49171310cf1f2a4d50bfeeeb52ee7b42fabb7d238ab247583e1eb,fe81ff01ff01ff81ff81fe81fd81ff81ff41ff00fe00fec0ff807f807f807f80
data/raw/ooc/OOC_image_dataset/test/bad/cell_type_HPMEC/0-1_days/230206_4.png,230206_4,230206,test,bad,HPMEC,0-1_days,2,HPMEC,0-1_days,True,True,True,2499210,2048,1536,RGB,88975ebb65e585902786623d13753f3144260be13aa0b998cec13e6bedb03ebc,02fb33db71cb33cf2347cb27c9a7c7f3ce93c6a3e9e3e271ce19dcc85c4c564c
data/raw/ooc/OOC_image_dataset/test/bad/cell_type_HPMEC/0-1_days/230214_36.png,230214_36,230214,test,bad,HPMEC,0-1_days,2,HPMEC,0-1_days,True,True,True,524227,640,480,RGB,d1ee10ad88f14ff6b64cb6c6e06b23c6b0f708acd21917c489316d42b36f7a7c,41b34eb394f3293329312131713130d1ab998399d3595359c1d9c7d9c7d89658
data/raw/ooc/OOC_image_dataset/test/bad/cell_type_HPMEC/0-1_days/230215_23.png,230215_23,230215,test,bad,HPMEC,0-1_days,2,HPMEC,0-1_days,True,True,True,4467344,2048,1536,RGB,f768e831ad9b4be31b9caa9007b1b42677252b849dea40a84e8909087518db70,fd61e9b1d9a1d391dd90ead0d260dd60f3c0ebd07330732874287e507c907614
data/raw/ooc/OOC_image_dataset/test/bad/cell_type_HPMEC/0-1_days/230314_10.png,230314_10,230314,test,bad,HPMEC,0-1_days,2,HPMEC,0-1_days,True,True,True,1909973,2056,1542,L,428c35abff406c6175fe40e64c5d796bc4e758b4d3f215404f5079124e1cc5c7,7c437a033e0b3e2b7e0b7e4b7c4b7c4b786b7e6376037e2b7c6b7e4b7b0b7b0b
data/raw/ooc/OOC_image_dataset/test/bad/cell_type_HPMEC/0-1_days/230314_14.png,230314_14,230314,test,bad,HPMEC,0-1_days,2,HPMEC,0-1_days,True,True,True,1984754,2056,1542,L,27f0738c13b7cefe6e2f955d9170e32b128fe8a4a52c8cc98ea697c429e59efc,7a067a067a06760474046c046d047f047e04fc04ed04f68cfc4cec0ded0dfc0d
data/raw/ooc/OOC_image_dataset/test/bad/cell_type_HPMEC/0-1_days/230314_21.png,230314_21,230314,test,bad,HPMEC,0-1_days,2,HPMEC,0-1_days,True,True,True,1701208,2056,1542,L,058e33e68fd6bd0605f760a706af59219e9b8558db72aad063d469ada52add30,7f467f067f067f067f267f167f367f26ff66fe66ee66efe6efa6fbe6fbe6ffc6
data/raw/ooc/OOC_image_dataset/test/bad/cell_type_HPMEC/0-1_days/230314_26.png,230314_26,230314,test,bad,HPMEC,0-1_days,2,HPMEC,0-1_days,True,True,True,1713763,2056,1542,L,bf23686473ec35b5b39576010d42093d83246f9ff73c30c6682b14b8780e8c2c,fe18fc18fc19fc1ff81bf81bf019f61bfc1bfc1bf81bf01bf51ed41ee29ac09a
data/raw/ooc/OOC_image_dataset/test/bad/cell_type_HPMEC/0-1_days/230523_100.png,230523_100,230523,test,bad,HPMEC,0-1_days,2,HPMEC,0-1_days,True,True,True,1681828,2056,1542,L,d2eb22e038bcfd20586fb9013356641a51177976035328f836622b06f1058641,cf0bcf0bcfcb8e0b0e0b0e4b8e0b4e8bce87cec7ce878e878e870cc78dc78d87
data/raw/ooc/OOC_image_dataset/test/bad/cell_type_HPMEC/0-1_days/230523_11.png,230523_11,230523,test,bad,HPMEC,0-1_days,2,HPMEC,0-1_days,True,True,True,1422539,2056,1542,L,8ab498a554e3a7cfb134b4765dc9df7cad6f74285be76e9e2fe0aac8814461e7,86022540020082028202020002020310c3f0e2f4e636d266d366c726c636c644
data/raw/ooc/OOC_image_dataset/test/bad/cell_type_HPMEC/0-1_days/230523_13.png,230523_13,230523,test,bad,HPMEC,0-1_days,2,HPMEC,0-1_days,True,True,True,2101468,2056,1542,L,b1b1933dee8071c94eb9ccb21789c0237b7e38c6d6c5574a292fe427e88538d3,c644e614e614e744c734c224e324673467946ed46ef66e766e366e166e967e94
data/raw/ooc/OOC_image_dataset/test/bad/cell_type_HPMEC/0-1_days/230523_15.png,230523_15,230523,test,bad,HPMEC,0-1_days,2,HPMEC,0-1_days,True,True,True,2026636,2056,1542,L,1d08d28b76a97b907cc7bd05a7086e286e432f5918e7543dbae550b802427a26,26a626e63674327433362316270e278e660e67466746670ec39ec396c0b6c676
data/raw/ooc/OOC_image_dataset/test/bad/cell_type_HPMEC/0-1_days/230523_17.png,230523_17,230523,test,bad,HPMEC,0-1_days,2,HPMEC,0-1_days,True,True,True,2075477,2056,1542,L,756b0f9ff5ecadbba997170b31acfec0a90aeca1c3ce1828f167d3b323b4ce6c,572446144694c6b4c704c704c736c6d4d284c6068626862686a6879682748204
data/raw/ooc/OOC_image_dataset/test/bad/cell_type_HPMEC/0-1_days/230523_29.png,230523_29,230523,test,bad,HPMEC,0-1_days,2,HPMEC,0-1_days,True,True,True,1274471,2056,1542,L,9ef7cdb76e842bc7b4a357cfaac421f14bde1d46c63452b86a40e82fc8a6d639,2438241002100210021004004410241047986598641c76b474f074f064d865b8
data/raw/ooc/OOC_image_dataset/test/bad/cell_type_HPMEC/0-1_days/230523_40.png,230523_40,230523,test,bad,HPMEC,0-1_days,2,HPMEC,0-1_days,True,True,True,1850125,2056,1542,L,c5218c1ca64f0698feb7ac78eb547c08d97e5f90c35fef3f422d12df393c0312,cf81cf418f41cfa1cf61cf218f698f090f190f110fb14fb1cf218f618e518ed1
data/raw/ooc/OOC_image_dataset/test/bad/cell_type_HPMEC/0-1_days/230523_43.png,230523_43,230523,test,bad,HPMEC,0-1_days,2,HPMEC,0-1_days,True,True,True,1816789,2056,1542,L,79dde5c518d29c2bfa9273d279c8651bdc055b6e0aaff37adcf692feca4c7d86,8f418f418d418e418e018e418e818f218f418fa18e818e818fc18fc18ec18f09
data/raw/ooc/OOC_image_dataset/test/bad/cell_type_HPMEC/0-1_days/230523_44.png,230523_44,230523,test,bad,HPMEC,0-1_days,2,HPMEC,0-1_days,True,True,True,1662923,2056,1542,L,2173a4bf020167511f8268b5f3f3fc6c0a51438df99cbd19c5893741a74c3345,8c898e098e818f818f018f218f614e614e610ce30ce38cd38f438e438e038f01
data/raw/ooc/OOC_image_dataset/test/bad/cell_type_HPMEC/0-1_days/230523_46.png,230523_46,230523,test,bad,HPMEC,0-1_days,2,HPMEC,0-1_days,True,True,True,1825551,2056,1542,L,a75079fd47d70e038d8aa13ae9dfdcbc0b3b5fa19b8afaca1a47c61f82a44cdc,9f019f019e619f819e819e819f819f819d019d019e419e719d219da19c939d83
data/raw/ooc/OOC_image_dataset/test/bad/cell_type_HPMEC/0-1_days/230523_48.png,230523_48,230523,test,bad,HPMEC,0-1_days,2,HPMEC,0-1_days,True,True,True,919854,2056,1542,L,68acf40731b94fd9a8d5a3152462bd8e9d58eab74a9cfe7cc93aaad83ed1680b,1e8e1c8e3c8e1887198f3f0e3b8e3e8e3e8f3f8e1d4a1b0a1b0e390e3e4e3f0e
data/raw/ooc/OOC_image_dataset/test/bad/cell_type_HPMEC/0-1_days/230523_49.png,230523_49,230523,test,bad,HPMEC,0-1_days,2,HPMEC,0-1_days,True,True,True,1562545,2056,1542,L,a4bc7952719d245a99eadd1f3101091280fdb37dd85b3a6b61793182c4453f9d,1ace1c4a1d8e1c4f1d0e1b0e1d0f1b0e1d8e198e1a4e1e8e398e398e3e4e3d06
data/raw/ooc/OOC_image_dataset/test/bad/cell_type_HPMEC/0-1_days/230523_5.png,230523_5,230523,test,bad,HPMEC,0-1_days,2,HPMEC,0-1_days,True,True,True,1454733,2056,1542,L,6f098704e6d77592ea4f1376b3522c63351f24a54cfc8da82b69832e4f35fc47,e732e632c712c642c642c64ac60ac612c782c742c74ac65ac6d8c640c660c610
data/raw/ooc/OOC_image_dataset/test/bad/cell_type_HPMEC/0-1_days/230523_76.png,230523_76,230523,test,bad,HPMEC,0-1_days,2,HPMEC,0-1_days,True,True,True,1393264,2056,1542,L,42336f1ee3214a1b342680210af8c5f85e23a136f0d7572fad5aa51f3df1c600,cfc3cfc38fe30fc30fc3cf83cf83cf83cfc3cec3efa3ee63ce034e434e434fa3
data/raw/ooc/OOC_image_dataset/test/bad/cell_type_HPMEC/0-1_days/230523_78.png,230523_78,230523,test,bad,HPMEC,0-1_days,2,HPMEC,0-1_days,True,True,True,1363389,2056,1542,L,f7419e4bd7e1bd234c2829e4b2e5c812e3da33ea4290c7b52f347f8bc01a96ab,8fc787c787c393c39bc389e3c9e3cb83cb878f8787878f678f874f87ccc7cce7
data/raw/ooc/OOC_image_dataset/test/bad/cell_type_HPMEC/0-1_days/230523_83.png,230523_83,230523,test,bad,HPMEC,0-1_days,2,HPMEC,0-1_days,True,True,True,1436941,2056,1542,L,30b3b1a7fbd97f13ce795374020914277ff828f56e7886bab1c04386d8b8e1a5,9f239d639c03dc839cc39d0398819c919c11cc214c838c839c839c8394939793
data/raw/ooc/OOC_image_dataset/test/bad/cell_type_HPMEC/0-1_days/230523_96.png,230523_96,230523,test,bad,HPMEC,0-1_days,2,HPMEC,0-1_days,True,True,True,1742776,2056,1542,L,9874d624e8b945c0cdfff28048c9df8a4768fcf166c95ab50ae3f88dd22022e6,8fc7ce87ce87ce87cf878f4fcf070fc70f87cf878f078f478e470cc7cd2f4f8f
data/raw/ooc/OOC_image_dataset/test/bad/cell_type_HPMEC/0-1_days/230523_99.png,230523_99,230523,test,bad,HPMEC,0-1_days,2,HPMEC,0-1_days,True,True,True,1680410,2056,1542,L,a18e7fc0bd483f3dd1b866de9f8812347df0fb8b6219d1abf3f42a68d0c52613,ce8fce0f8e0f4f078f878f838f0b8f0b4f0b4f8b8f0b8e0b8e0bce8bce8bcecb
data/raw/ooc/OOC_image_dataset/test/bad/cell_type_HPMEC/2-3_days/230315_2.png,230315_2,230315,test,bad,HPMEC,2-3_days,2,HPMEC,2-3_days,True,True,True,2102976,2056,1542,L,4f2795f841b19de42cf85ff5bc5876b3148ced31e2edd90cac4dc973cb1ccfef,c9c94d994c994c714ee14e914c99c869c97918db1cc35f93df43df43df03df83
data/raw/ooc/OOC_image_dataset/test/bad/cell_type_HPMEC/2-3_days/230315_22.png,230315_22,230315,test,bad,HPMEC,2-3_days,2,HPMEC,2-3_days,True,True,True,2055196,2056,1542,L,eb91996c3c981ab178447dbe778c8384ba4c1b2d77a5db078f01f587f5ec265f,9dc19dc11fc19ec19b719f399a919c919c619f9117911f813f893fc13f813d81
data/raw/ooc/OOC_image_dataset/test/bad/cell_type_HPMEC/2-3_days/230315_23.png,230315_23,230315,test,bad,HPMEC,2-3_days,2,HPMEC,2-3_days,True,True,True,2076875,2056,1542,L,47d875a2e9cb051db611d532e780d2164f15a0fcfeda35818e1d8373dbf973e1,9dc19f819f011f913f113f913f813f813f413b4139413f413f013fc13dc93d89
data/raw/ooc/OOC_image_dataset/test/bad/cell_type_HPMEC/2-3_days/230315_26.png,230315_26,230315,test,bad,HPMEC,2-3_days,2,HPMEC,2-3_days,True,True,True,1947304,2056,1542,L,68128ed7566b261fb0505ad36659a582f2c1e55bdcede97687b4a5560d1a58c1,3d833f833f033c333c33385b3ccb3acb39cb398b38933833b873b8733833b907
data/raw/ooc/OOC_image_dataset/test/bad/cell_type_HPMEC/2-3_days/230315_29.png,230315_29,230315,test,bad,HPMEC,2-3_days,2,HPMEC,2-3_days,True,True,True,1821683,2056,1542,L,9294af40e58eb0e04305af82068f8e3dd2a3922ae9b3bcabe8c3738f45456f59,2393693328f339122b122b032b032f03660366136e1a6e1e6c676c676c676c67
data/raw/ooc/OOC_image_dataset/test/bad/cell_type_HPMEC/2-3_days/230315_33.png,230315_33,230315,test,bad,HPMEC,2-3_days,2,HPMEC,2-3_days,True,True,True,1920103,2056,1542,L,fe6e8f0e1b5de61f7deae69c0d5d8313326883064038dbee929e0095c044764d,3d813e413f213fc13f913d813fc13fa13f813f813f813f813ec13f813f813f91
data/raw/ooc/OOC_image_dataset/test/bad/cell_type_HPMEC/2-3_days/230315_41.png,230315_41,230315,test,bad,HPMEC,2-3_days,2,HPMEC,2-3_days,True,True,True,2168574,2056,1542,L,762ed8018e310ad5f080d7a2fcf14c3537ba73de9e01c2bbcf32447b9041ba3e,94169c169c36942694269666b2c6b986b186b6c6b646be46b4c7b287b987bbc7
data/raw/ooc/OOC_image_dataset/test/bad/cell_type_HPMEC/2-3_days/230315_56.png,230315_56,230315,test,bad,HPMEC,2-3_days,2,HPMEC,2-3_days,True,True,True,1656157,2056,1542,L,739708ddec997b73f5d30bce0cf69e3fee14141d27e60f2c7896efd7f6684f1c,8f3dc63de039e03ce030e833cc33e337b330f239ee318c329938b530b432f833
data/raw/ooc/OOC_image_dataset/test/bad/cell_type_HPMEC/2-3_days/230315_77.png,230315_77,230315,test,bad,HPMEC,2-3_days,2,HPMEC,2-3_days,True,True,True,1811536,2056,1542,L,8f5e3aa7a371acfc3e652a42724d0849eeecddd1347fd486c7ef2a730ae811a3,342334c3b6433633b393b783b58334c33413340337823592b6033e033d833503
data/raw/ooc/OOC_image_dataset/test/bad/cell_type_HPMEC/2-3_days/230315_80.png,230315_80,230315,test,bad,HPMEC,2-3_days,2,HPMEC,2-3_days,True,True,True,1806825,2056,1542,L,21bd284324b9c3ec158ed567751a23f3e9d56e77fe17f60a9a9de8be0059ba3f,3d033c033ca33c233f333cc33d333f133f233ee33cc33e0336133cc33c433e03
data/raw/ooc/OOC_image_dataset/test/bad/cell_type_HPMEC/2-3_days/230315_91.png,230315_91,230315,test,bad,HPMEC,2-3_days,2,HPMEC,2-3_days,True,True,True,1919822,2056,1542,L,863ca5153ac4ee47cf2deffc5ec2bbb8d42e680d9f3c8d5f9384772012262500,e919d119c499c499dc19f199b999c99cc919d318de1ace1ae71ae91ac31ae31b
data/raw/ooc/OOC_image_dataset/test/bad/cell_type_HPMEC/2-3_days/230315_92.png,230315_92,230315,test,bad,HPMEC,2-3_days,2,HPMEC,2-3_days,True,True,True,1867216,2056,1542,L,eddbf6ab2a01a1b3b0764c7b1f79982a9b7e7dd5c3cb9576982805ce4eec2f65,f518f918f518c316e710f310bd18a91cb116bb16b81278127c127eb2deb2d838
data/raw/ooc/OOC_image_dataset/test/bad/cell_type_HPMEC/2-3_days/230315_94.png,230315_94,230315,test,bad,HPMEC,2-3_days,2,HPMEC,2-3_days,True,True,True,1893570,2056,1542,L,d5a858d42c7b7aa8cf8936531aefa459a0d93a29f305eedc809168f7f9615abb,d8365830f139f132b934b93a3a323a32a836a632ea32e932c332c531f539b46d
data/raw/ooc/OOC_image_dataset/test/bad/cell_type_HPMEC/2-3_days/230419_15.png,230419_15,230419,test,bad,HPMEC,2-3_days,2,HPMEC,2-3_days,True,True,True,1968268,2056,1542,L,a71fbeddd67506c0a845a606c8828cd929320ad441bda70c933d73ddaf4fea90,704c71cc7e8e7d8f7d8c7f8c7b8c630c6c4978ca7c8e760a7e8a7a8a7acc6a4c
data/raw/ooc/OOC_image_dataset/test/bad/cell_type_HPMEC/2-3_days/230419_16.png,230419_16,230419,test,bad,HPMEC,2-3_days,2,HPMEC,2-3_days,True,True,True,2099819,2056,1542,L,b0a1e34675bbc2be79ad5b1ab6f0ffd27cfbbcb95595843fb413c1ecb82299d3,6ec86f4c7d8c7d986d997599789b749a74187318f218f21cf31e7b9cf21cf39a
data/raw/ooc/OOC_image_dataset/test/bad/cell_type_HPMEC/2-3_days/230419_26.png,230419_26,230419,test,bad,HPMEC,2-3_days,2,HPMEC,2-3_days,True,True,True,1965310,2056,1542,L,10d15911b13c1335a4d16806994cd98360098d3f340fba968fec19f9a96d506d,761c7f1c771c7b907a1076387f386730673059b07db978b978b278bc78b879b8
data/raw/ooc/OOC_image_dataset/test/bad/cell_type_HPMEC/2-3_days/230419_31.png,230419_31,230419,test,bad,HPMEC,2-3_days,2,HPMEC,2-3_days,True,True,True,1996523,2056,1542,L,c4024cb33b93effad92e432123af421d9230a82b5cf2641a7bee035fd11f9278,e39ce21cf91dfd19dc1afc18cc18cc99cc98e998e918e310e610f611f218fb10
data/raw/ooc/OOC_image_dataset/test/bad/cell_type_HPMEC/2-3_days/230419_32.png,230419_32,230419,test,bad,HPMEC,2-3_days,2,HPMEC,2-3_days,True,True,True,2097683,2056,1542,L,8fd8cd9d06b7204ddad193bbba1608f77e3b714351788e40ede46763f5a711e7,d918f915e115f519d111d531d031d031e831e439c833d933d937db33fcb4ed34
data/raw/ooc/OOC_image_dataset/test/bad/cell_type_HPMEC/2-3_days/230419_33.png,230419_33,230419,test,bad,HPMEC,2-3_days,2,HPMEC,2-3_days,True,True,True,2184757,2056,1542,L,f2ae0626d181f41dc0c6fa51619028929e85ff732b49b529d93fc34469e9e74f,ff30ed38c930f534f430e832ee33f331f230e231e330d330f330f330d130d9b0
data/raw/ooc/OOC_image_dataset/test/bad/cell_type_HPMEC/2-3_days/230419_34.png,230419_34,230419,test,bad,HPMEC,2-3_days,2,HPMEC,2-3_days,True,True,True,2115168,2056,1542,L,fe869f2feacc723b4ec49ad49037c12a3c1313125bdda61df76949a3e318b68b,f4b0f4b0f4a2f8a2e426e422f123f163c160d178d160fb62fa64f26cf264d670
data/raw/ooc/OOC_image_dataset/test/bad/cell_type_HPMEC/2-3_days/230419_35.png,230419_35,230419,test,bad,HPMEC,2-3_days,2,HPMEC,2-3_days,True,True,True,2131167,2056,1542,L,30fdc2519de885aaab58b2fe078aadbb42f7e6541f422f45811d7bf3394ae574,e43ad038f038f438f231c833d027d027d023f823b6338f718563f666f0637c69
data/raw/ooc/OOC_image_dataset/test/bad/cell_type_HPMEC/2-3_days/230419_42.png,230419_42,230419,test,bad,HPMEC,2-3_days,2,HPMEC,2-3_days,True,True,True,2024935,2056,1542,L,344ab9d0f281ce13d666db83079edfbe178bbf80be0a74b1412cc95b78560ad8,f60dd48dda8dee0cd60cf90fe98eea0fe309ee0ccc0ccc0bdd0beb0bf38df30a
data/raw/ooc/OOC_image_dataset/test/bad/cell_type_HPMEC/2-3_days/230419_46.png,230419_46,230419,test,bad,HPMEC,2-3_days,2,HPMEC,2-3_days,True,True,True,2117206,2056,1542,L,7cf86b8dc4f510a80a425859782a16601ada9cf2cb7155a365339affb0da0ccf,f813f810d812f830a812b039b0349030d831d8309832b834f834f830fc30fc34
data/raw/ooc/OOC_image_dataset/test/bad/cell_type_HPMEC/2-3_days/230419_53.png,230419_53,230419,test,bad,HPMEC,2-3_days,2,HPMEC,2-3_days,True,True,True,2084013,2056,1542,L,4dd173662047bfd042ae14156dbf859e7fe3e2c2ac1d54446db2a9daa9a8f937,739353137313520b634b626b62fb62c37343735373736373633376a376e36673
data/raw/ooc/OOC_image_dataset/test/bad/cell_type_HPMEC/2-3_days/230419_63.png,230419_63,230419,test,bad,HPMEC,2-3_days,2,HPMEC,2-3_days,True,True,True,1936183,2056,1542,L,7851b54d409d6b2839ec114490c7dfb87cbda38ef151f96348bc96101eba7345,71b3f0bbe473e63b660ff707e607f60fe683f6c3f7c3e6c3e6d3e763e733f713
data/raw/ooc/OOC_image_dataset/test/bad/cell_type_HPMEC/2-3_days/230419_72.png,230419_72,230419,test,bad,HPMEC,2-3_days,2,HPMEC,2-3_days,True,True,True,1979480,2056,1542,L,e8865d297418f78875f28e61f9211a635f68d63d06b04f5d170e18180b78eef1,e673e41be587e797e753e663e6b3c6a3e6a3e6f3e6e3e6e3e663e663e663e4e3
data/raw/ooc/OOC_image_dataset/test/bad/cell_type_HPMEC/2-3_days/230419_73.png,230419_73,230419,test,bad,HPMEC,2-3_days,2,HPMEC,2-3_days,True,True,True,1960602,2056,1542,L,7f7e487222bc7160d6371ea8dc4d38923925261a48d076fa6d0c50a2f5df33f7,c7c3e6c3e683e6a3c723e713e743e7a3c7d3e673e563e743e643e623e6c3e6e3
data/raw/ooc/OOC_image_dataset/test/bad/cell_type_HPMEC/2-3_days/230419_81.png,230419_81,230419,test,bad,HPMEC,2-3_days,2,HPMEC,2-3_days,True,True,True,1751202,2056,1542,L,aa206d5719be6c49407a54a0d990bbdf6978e5b04304b133d21bdf6239c37a8e,c38fc38fe38fe18fe01fe43fe43fe61ee62fe62fe61ee617e617e6c7e786e667
data/raw/ooc/OOC_image_dataset/test/bad/cell_type_HPMEC/2-3_days/230419_83.png,230419_83,230419,test,bad,HPMEC,2-3_days,2,HPMEC,2-3_days,True,True,True,2253017,2056,1542,L,ea29bcbcd61d16c8b97f5be2cc657612a78e2e8f1e1577f4c6295c89a90741e3,c4e6c567c567c647c426c626c626c686c5c6cda6cc86cca6ce26cc87cc06cd26
data/raw/ooc/OOC_image_dataset/test/bad/cell_type_HPMEC/2-3_days/230510_31.png,230510_31,230510,test,bad,HPMEC,2-3_days,2,HPMEC,2-3_days,True,True,True,1403880,2056,1542,L,b18a1618753765f8189cef125a40655fc08ce20bd1b4660e085cb69c855bc065,df061b061b07190798679c269c269c069e069c061d2699a698e69e069e069807
data/raw/ooc/OOC_image_dataset/test/bad/cell_type_HPMEC/2-3_days/230510_35.png,230510_35,230510,test,bad,HPMEC,2-3_days,2,HPMEC,2-3_days,True,True,True,1463805,2056,1542,L,4f6f5942bb44b676b30a3c0588f634bf0000a24ab3eea28f9b3f4f486bcf4ec0,9c461f061a4613461306139712971b961b161f171f161717325632d639973596
data/raw/ooc/OOC_image_dataset/test/bad/cell_type_HPMEC/2-3_days/230510_37.png,230510_37,230510,test,bad,HPMEC,2-3_days,2,HPMEC,2-3_days,True,True,True,1467294,2056,1542,L,018a1c8825456aa56afb4dadb3139a8025d8679072962de43b8ad3603db8d94e,36163b143c14389639173e173c1638063994398538c53845384438243cac342c
data/raw/ooc/OOC_image_dataset/test/bad/cell_type_HPMEC/2-3_days/230510_77.png,230510_77,230510,test,bad,HPMEC,2-3_days,2,HPMEC,2-3_days,True,True,True,2137417,2056,1542,L,541b49036386b281af90953148c4f6b445bd1fbf374e720cb22fba6341313bd5,c70bcfeb18fb58cbd8cbd8cbd8cbd8cbd9cbd9cbdccb5ecbdecbdf4bdf4bdacb
data/raw/ooc/OOC_image_dataset/test/bad/cell_type_HPMEC/2-3_days/230510_80.png,230510_80,230510,test,bad,HPMEC,2-3_days,2,HPMEC,2-3_days,True,True,True,2276524,2056,1542,L,da8394ae14487d72a62e25751baf06a5b245cc7cd0693c19c870f779f86bfda5,c889cac9cac989898b198b3b8f39c86bc949ca4bce4b4c4b48c9c8cbcccbcecb
data/raw/ooc/OOC_image_dataset/test/bad/cell_type_HPMEC/2-3_days/230510_85.png,230510_85,230510,test,bad,HPMEC,2-3_days,2,HPMEC,2-3_days,True,True,True,2273492,2056,1542,L,00f4b7646c5a98425162ed480e00a9ccac6491b5ebd0a36b60f0800c574279cb,ca694ac9cec9cac9cd89cbc9cec9c8c9cdc98dc9ccc9cdc98ec9c9c948498b49
data/raw/ooc/OOC_image_dataset/test/bad/cell_type_HPMEC/2-3_days/230524_102.png,230524_102,230524,test,bad,HPMEC,2-3_days,2,HPMEC,2-3_days,True,True,True,1673751,2056,1542,L,ff25af85b77bd9d757dbde73c38f5418698e8b91b4249096598e3543b88930a7,8e9e869e8e9e8e9e8e9f0e1f861f8e1f8e1f8f1f8f1f8e1e0e9f0e9f0e1e8e1e
data/raw/ooc/OOC_image_dataset/test/bad/cell_type_HPMEC/2-3_days/230524_104.png,230524_104,230524,test,bad,HPMEC,2-3_days,2,HPMEC,2-3_days,True,True,True,1381972,2056,1542,L,48ed4732169fa51df869d1f34e27c04770579d9c9f5ee0cb645f9dabc021d000,8f1e8f1e0e9e0e9e0e9e8e1e8e1e8e9f8e9f8e9e8e1e8e1f8f1e8e1e8e9e0c9e
data/raw/ooc/OOC_image_dataset/test/bad/cell_type_HPMEC/2-3_days/230524_106.png,230524_106,230524,test,bad,HPMEC,2-3_days,2,HPMEC,2-3_days,True,True,True,1382379,2056,1542,L,6a75e7b1ccf297515e3b259380a858a1573a2f385bbfac124222859c122a6a6c,8c8e8e8e8f0e8c8e8c8e8c8e0c8e0d0e0f0e0f0e0e0f0e0e8e0e8e0e0e0e0e4e
data/raw/ooc/OOC_image_dataset/test/bad/cell_type_HPMEC/2-3_days/230524_11.png,230524_11,230524,test,bad,HPMEC,2-3_days,2,HPMEC,2-3_days,True,True,True,1458952,2056,1542,L,cfcba2a05d0425253403952363394250871f71e9385083a7504ad0cdfad186a8,ad89ad19ae192c492d49a94928c9ae49ae498c09aa89abc9abc98cc9ec09ee09
data/raw/ooc/OOC_image_dataset/test/bad/cell_type_HPMEC/2-3_days/230524_13.png,230524_13,230524,test,bad,HPMEC,2-3_days,2,HPMEC,2-3_days,True,True,True,2090850,2056,1542,L,360be7772d555044c627d06c60145e4e08ddd8dcfa5e4182a1be2832d7466906,6f086d8c6c4c4c4dcc4dcf0ccf08cf0c8d0c8d8c8e8c8f2c8d0c8c88ee48ee4c
data/raw/ooc/OOC_image_dataset/test/bad/cell_type_HPMEC/2-3_days/230524_18.png,230524_18,230524,test,bad,HPMEC,2-3_days,2,HPMEC,2-3_days,True,True,True,1633899,2056,1542,L,d20106f9613ef5a55e83b45366e0f69533d8d43ce103cbb9f1da6cbf3a49444b,0000080008016fa367a36bb17bb11fb14fa54fa56f256b2d69ad49a949894999
data/raw/ooc/OOC_image_dataset/test/bad/cell_type_HPMEC/2-3_days/230524_22.png,230524_22,230524,test,bad,HPMEC,2-3_days,2,HPMEC,2-3_days,True,True,True,2052722,2056,1542,L,2bb91030f8fb896a43a75e5401fa7631dd64d38f77ac2ecaa23c5f559a038a7c,6db16cb968b068b068306c3068316cb16ca16c216ca16ca76ea76e276f236d23
data/raw/ooc/OOC_image_dataset/test/bad/cell_type_HPMEC/2-3_days/230524_39.png,230524_39,230524,test,bad,HPMEC,2-3_days,2,HPMEC,2-3_days,True,True,True,2025762,2056,1542,L,ca5ea27e9367288e19e0ca3b525ba51c42bd7161ede06cfd4b594b1777afe5c2,9f439fc39f839f839fa31f839f439e431e431ed31e331f231e239f639e631e43
data/raw/ooc/OOC_image_dataset/test/bad/cell_type_HPMEC/2-3_days/230524_45.png,230524_45,230524,test,bad,HPMEC,2-3_days,2,HPMEC,2-3_days,True,True,True,2014870,2056,1542,L,ef58d5ff162e125698a91c7b626bf212e5b3c3d88adc6027fe3fe956a05f1e22,9d919d811e819f019e419f219e819ec19fc19d819d819d019d419c619d319c23
data/raw/ooc/OOC_image_dataset/test/bad/cell_type_HPMEC/2-3_days/230524_59.png,230524_59,230524,test,bad,HPMEC,2-3_days,2,HPMEC,2-3_days,True,True,True,1979884,2056,1542,L,cadba10667448487ecf0679bbbde36bc451c7a9f63eb486cf52c980418dc2b8c,79ce78c67846794678467c4674c6754670c6f6c6f6c6f746fb86f906fd06fd06
data/raw/ooc/OOC_image_dataset/test/bad/cell_type_HPMEC/2-3_days/230524_82.png,230524_82,230524,test,bad,HPMEC,2-3_days,2,HPMEC,2-3_days,True,True,True,1966248,2056,1542,L,e765ecda93e08aa6efdc1a6950224d3aa7297afa00dbeeb38887638ad4eaf7fb,cf834e834e83cf83cf83cf83cf83cf034f034703c7034703c723c7e346c3c783
data/raw/ooc/OOC_image_dataset/test/bad/cell_type_HPMEC/2-3_days/230524_84.png,230524_84,230524,test,bad,HPMEC,2-3_days,2,HPMEC,2-3_days,True,True,True,1397968,2056,1542,L,6abb8f4057a77ee0b342507a7ce11d11641b9d433ecddfb11f71d53db2af2bfa,c747c747c687c68fc687c7874787c787c78fc78d87cf064b064fc74bc70bc78b
data/raw/ooc/OOC_image_dataset/test/bad/cell_type_HPMEC/2-3_days/230524_85.png,230524_85,230524,test,bad,HPMEC,2-3_days,2,HPMEC,2-3_days,True,True,True,1874382,2056,1542,L,278f1db5bf5af6af464dd0f7623ec6db73d671bb52c6a672b4050c2b40825332,c70d064f064f47cfc78bc78bc78bc78bc78b474bc6cbc68bc70bc68b46cb47cb
data/raw/ooc/OOC_image_dataset/test/bad/cell_type_HPMEC/2-3_days/230525_109.png,230525_109,230525,test,bad,HPMEC,2-3_days,2,HPMEC,2-3_days,True,True,True,1954944,2056,1542,L,db5bb4735534e6b7ce9ac690c18b92980edf866225993ff8db1f246ddd8364ba,f818e518c718e718e41cd01ca019e41cf81cf81cf41ce81ce21cf01cf31cf11c
data/raw/ooc/OOC_image_dataset/test/bad/cell_type_HPMEC/2-3_days/230525_173.png,230525_173,230525,test,bad,HPMEC,2-3_days,2,HPMEC,2-3_days,True,True,True,1790290,2056,1542,L,1461b23d28f51e3eb1f2a49a0de83a66fe08014c9e8863f53f249ed03123ea52,8f8f8f0f0f8f0e0e0e0e0f0e0f0f0e0f8f0f8f9f8c8e8d1e8d1e8d1e0e1e0e1e
data/raw/ooc/OOC_image_dataset/test/bad/cell_type_HPMEC/2-3_days/230525_21.png,230525_21,230525,test,bad,HPMEC,2-3_days,2,HPMEC,2-3_days,True,True,True,2116372,2056,1542,L,8c7b1325b47c23ae3bde9ba06c2bb85ef1e629008938de54b19ec4bcf2c975ac,69b36f334e136d916d936d932d934cb34c316e316e3169b16db16db96d396d39
data/raw/ooc/OOC_image_dataset/test/bad/cell_type_HPMEC/2-3_days/230525_26.png,230525_26,230525,test,bad,HPMEC,2-3_days,2,HPMEC,2-3_days,True,True,True,1356660,2056,1542,L,638be3dd069daabbc40bc9f012e8bcb40f0d077f35bf8e6fd8fa32f6dc2e6dae,02000000000000000001041126996799279126b12b3169312c712e1126112e11
data/raw/ooc/OOC_image_dataset/test/bad/cell_type_HPMEC/2-3_days/230525_27.png,230525_27,230525,test,bad,HPMEC,2-3_days,2,HPMEC,2-3_days,True,True,True,1044663,2056,1542,L,bd05044f142a03790484f2cfe7ba31c6ececee894fb94757976509c8abe39448,26112f112f9124b92cb900b902a1001104800451000000000000000000110400
data/raw/ooc/OOC_image_dataset/test/bad/cell_type_HPMEC/2-3_days/230525_32.png,230525_32,230525,test,bad,HPMEC,2-3_days,2,HPMEC,2-3_days,True,True,True,1425552,2056,1542,L,f6d52da7ef485f57c3500500abe505291114451a77b9df4a262c4e151065dec9,c872c872ca7acb7aca7bca73ce73cb72c873c862c862c972cb72cb52cf72cb62
data/raw/ooc/OOC_image_dataset/test/bad/cell_type_HPMEC/2-3_days/230525_80.png,230525_80,230525,test,bad,HPMEC,2-3_days,2,HPMEC,2-3_days,True,True,True,1960662,2056,1542,L,064b5e676829c1f67ca2a3e261b7b3063d63ca49dc2f964f2b0f965e7f4b4673,1c031c0b1e031e231d231d8319871e8b1e8b1e1b1d931d031c439e631cc31c83
data/raw/ooc/OOC_image_dataset/test/bad/cell_type_HPMEC/2-3_days/230525_81.png,230525_81,230525,test,bad,HPMEC,2-3_days,2,HPMEC,2-3_days,True,True,True,1449970,2056,1542,L,e754f243252921c6fa8e1dd8e02b6bfa841df34e7e4442b20c1c48e845074070,9d131d039c439c439cc31c831e831e031e031f639ce39ce31ce31cc31e831e83
data/raw/ooc/OOC_image_dataset/test/bad/cell_type_HPMEC/2-3_days/230525_85.png,230525_85,230525,test,bad,HPMEC,2-3_days,2,HPMEC,2-3_days,True,True,True,1657661,2056,1542,L,b8a1ed18799715fdd66d7cc48a3bce55e5f28b0e6bdbec75aead4d3c7d2b90a0,3a1c3c1e391f371d3b1c3a1e3e1c3a1c321c321e331e3b9e3b9c331c3b1c3e1c
data/raw/ooc/OOC_image_dataset/test/bad/cell_type_HPMEC/4+_days/230123_18.png,230123_18,230123,test,bad,HPMEC,4+_days,2,HPMEC,4+_days,True,True,True,2317018,2048,1536,RGB,f8fe573153c08ad17877e9cd95cf6d40dbc862ba463eb70584d2b4d0247f855a,cc67dc67f0e7f1a7f907eb43fd23fec3de83fc03f093f423dc43fc53fe53edf3
data/raw/ooc/OOC_image_dataset/test/bad/cell_type_HPMEC/4+_days/230320_129.png,230320_129,230320,test,bad,HPMEC,4+_days,2,HPMEC,4+_days,True,True,True,1568487,2056,1542,L,b87b9eea8309d0ec1d81fa960c9101ddc14b5c7f944e6d9c5be4e75fd3c3d5b6,f81af21ad41ad4187c187819e81c741fbc1b3c1bf8127c167a3e78367c377c32
data/raw/ooc/OOC_image_dataset/test/bad/cell_type_HPMEC/4+_days/230320_133.png,230320_133,230320,test,bad,HPMEC,4+_days,2,HPMEC,4+_days,True,True,True,1614820,2056,1542,L,a6475e9e6050c1ebb1ee014430c95a439a482ce668a0ef92b8c395b4550eadef,f830e830d830f036f031f033f0363d303c303c32b830e834e836f872e272aa79
data/raw/ooc/OOC_image_dataset/test/bad/cell_type_HPMEC/4+_days/230320_166.png,230320_166,230320,test,bad,HPMEC,4+_days,2,HPMEC,4+_days,True,True,True,1908903,2056,1542,L,58262d5dd40a2f367187a872b7394bfd02023deb12ded5f237cac12442cd8932,cb798e6b4e630e7b8e138f338f3b4c3b8c738c1b4cc34ccb8fc3cfd3c783c6a7
data/raw/ooc/OOC_image_dataset/test/bad/cell_type_HPMEC/4+_days/230320_167.png,230320_167,230320,test,bad,HPMEC,4+_days,2,HPMEC,4+_days,True,True,True,1999507,2056,1542,L,211919db7ffd2fde0f7a712f5f81d2c6bc933588f1fdab9ecd77d4c88331f3d7,1ce11ce19c611e6198e188e10cc10c618ca18ca18e718f190d998df18ce18a73
data/raw/ooc/OOC_image_dataset/test/bad/cell_type_HPMEC/4+_days/230320_168.png,230320_168,230320,test,bad,HPMEC,4+_days,2,HPMEC,4+_days,True,True,True,2080548,2056,1542,L,af01e8da467597c59c97725a8f72117451cdbe4ad9d9f53a8c54a976dc60bf57,0f990f990e810f010f490f890e894f811e011e411ec11ec11e831e619e611c61
data/raw/ooc/OOC_image_dataset/test/bad/cell_type_HPMEC/4+_days/230320_171.png,230320_171,230320,test,bad,HPMEC,4+_days,2,HPMEC,4+_days,True,True,True,2172438,2056,1542,L,f1334b6da1bc4c4b999b6824f2e79a48d441720218133516e204498777ec5af6,1f811f011f411f211e611d611d411f411f611ee11fc11f811dc11dc11f011f61
data/raw/ooc/OOC_image_dataset/test/bad/cell_type_HPMEC/4+_days/230320_172.png,230320_172,230320,test,bad,HPMEC,4+_days,2,HPMEC,4+_days,True,True,True,2114458,2056,1542,L,1f78e26a71b60eb74e3090bf1fc4ef0b2bfbaf445bd8d0ec581ce92c7b0ae2e1,1a811a811f411f011f011e011e811e111e111f111f811f011d311f011f211d21
data/raw/ooc/OOC_image_dataset/test/bad/cell_type_HPMEC/4+_days/230320_175.png,230320_175,230320,test,bad,HPMEC,4+_days,2,HPMEC,4+_days,True,True,True,2075714,2056,1542,L,6b2b6fa7d270b232d90c7951d3addc9394c942a5d7f711692eb24b30551ed24b,970316031603160396239653961316031e131e731b538f338d63cec3ce43ce43
data/raw/ooc/OOC_image_dataset/test/bad/cell_type_HPMEC/4+_days/230320_181.png,230320_181,230320,test,bad,HPMEC,4+_days,2,HPMEC,4+_days,True,True,True,1978732,2056,1542,L,62613b8e51d93854e1c8214c26c4627c6983790e2d6b5d468a51e79682f37e32,6f036f036f236e2366432e436e036f836dc36d832f032d032d032f832e832e03
data/raw/ooc/OOC_image_dataset/test/bad/cell_type_HPMEC/4+_days/230320_30.png,230320_30,230320,test,bad,HPMEC,4+_days,2,HPMEC,4+_days,True,True,True,1518344,2056,1542,L,0114c3b0fcbcbc0864d10deda9d01e98352f43d76f0b387548c6a978bf6c7e40,6b675b274b464a666e266f2667266e466e066f066e066cc668c678c658064986
data/raw/ooc/OOC_image_dataset/test/bad/cell_type_HPMEC/4+_days/230320_32.png,230320_32,230320,test,bad,HPMEC,4+_days,2,HPMEC,4+_days,True,True,True,1528608,2056,1542,L,764a9f044da023328e9917a82148013ee4769f50c925f003904159c3181adcbf,494c492c4f0c4f4e4f2e5e0c4b4c5bec59ec59ec59ad590c5d8c598c5fcc5f8c
data/raw/ooc/OOC_image_dataset/test/bad/cell_type_HPMEC/4+_days/230320_71.png,230320_71,230320,test,bad,HPMEC,4+_days,2,HPMEC,4+_days,True,True,True,2055027,2056,1542,L,a6c65d9e18d03eaa9c3fd5d5105ef6133fbb4a0ced2226e2ddc4cb198e02663e,9cc39ec39ec3de43df834f834e894d8b4f4b4f4b0f010e910f1b0f1b0f194f31
data/raw/ooc/OOC_image_dataset/test/bad/cell_type_HPMEC/4+_days/230320_84.png,230320_84,230320,test,bad,HPMEC,4+_days,2,HPMEC,4+_days,True,True,True,2107658,2056,1542,L,38adc6f7c28d4061bdf2713d858fea156a6e4f362156831cc27b74f51d1a8a75,da8cdf0cdd2edd0edb0ddb0edf0e5e8c53cf538d56cd594c590c5f0ed71ed31e
data/raw/ooc/OOC_image_dataset/test/bad/cell_type_HPMEC/4+_days/230424_12.png,230424_12,230424,test,bad,HPMEC,4+_days,2,HPMEC,4+_days,True,True,True,1849597,2056,1542,L,dfcb1f228bf9e404f90d8bb5922244e88cb3cf5cfbccc8f47db7d2f338462e87,9b2199719a719ae11a7192f19271126912e991e192d392d393b391e311e31993
data/raw/ooc/OOC_image_dataset/test/bad/cell_type_HPMEC/4+_days/230424_17.png,230424_17,230424,test,bad,HPMEC,4+_days,2,HPMEC,4+_days,True,True,True,1717825,2056,1542,L,8efed03bb77790db54ee4bc0071517a3d6419e07f526d8f2c93366d7e3bfee3e,326630ce388f388f3c8e31cf31c722e7063f0e1e0e0e1e0e1e0f1e0e1e0e1e8e
data/raw/ooc/OOC_image_dataset/test/bad/cell_type_HPMEC/4+_days/230424_23.png,230424_23,230424,test,bad,HPMEC,4+_days,2,HPMEC,4+_days,True,True,True,1418026,2056,1542,L,d84187a200eade5ab04d4cedf39bea7f549c445cd3369d393efcf7d55322624f,99239ce319e39b239b339b331b3218f21ee31e323e723e663e063e879d07b9c7
data/raw/ooc/OOC_image_dataset/test/bad/cell_type_HPMEC/4+_days/230424_35.png,230424_35,230424,test,bad,HPMEC,4+_days,2,HPMEC,4+_days,True,True,True,1952846,2056,1542,L,7b41be6f16778f90653b2a60a9d1eb32ce1163ad08aac190e8cca6e85ca7fb65,7d4c7d0e7e5e3c197518709e3f9b37983d1c359c319831983999389938983a18
data/raw/ooc/OOC_image_dataset/test/bad/cell_type_HPMEC/4+_days/230424_36.png,230424_36,230424,test,bad,HPMEC,4+_days,2,HPMEC,4+_days,True,True,True,1943764,2056,1542,L,167c539a36e4013ef7ba924a83c13e3bb04e7f7f069e194fab43f8733727542a,79396e5867d96d197c597e58785878586c58635c7cd87c987c9b3c9b399e793c
data/raw/ooc/OOC_image_dataset/test/bad/cell_type_HPMEC/4+_days/230424_9.png,230424_9,230424,test,bad,HPMEC,4+_days,2,HPMEC,4+_days,True,True,True,1663229,2056,1542,L,c4e2d5f5c219316f0e04d95e69bafd6893abfd81d1060a8b7f52e721844b76e6,1b261ba699a69f279d069f669b6619e79cc79c8f3d8e33cd36cf23cf639f6b9f
data/raw/ooc/OOC_image_dataset/test/bad/cell_type_HPMEC/4+_days/230425_10.png,230425_10,230425,test,bad,HPMEC,4+_days,2,HPMEC,4+_days,True,True,True,2161042,2056,1542,L,1ec99a3ce5f1ad706fa3b1785f60af6b39a0c925cc34942547da5883a22f078c,cd00cd80cda1ce61ce614e615f219f219f611fc11f811f811f911f819f419fc1
data/raw/ooc/OOC_image_dataset/test/bad/cell_type_HPMEC/4+_days/230425_128.png,230425_128,230425,test,bad,HPMEC,4+_days,2,HPMEC,4+_days,True,True,True,1825531,2056,1542,L,26691cd9036cd46259a6badf37b10ff547bfdc1485da59fde8ecd4f8ba6e285c,c78fc78ec78ec70e870ec70e870ec70ec70ec31ec13ec07eccee8e4ecf8e8f0e
data/raw/ooc/OOC_image_dataset/test/bad/cell_type_HPMEC/4+_days/230425_131.png,230425_131,230425,test,bad,HPMEC,4+_days,2,HPMEC,4+_days,True,True,True,1822137,2056,1542,L,dff17486b8e302f2f1e3624a9c66b706be05709efa688045da6be8db8115885c,c7ae85be85ae85ce87ee86ee86ee87ee86ee85ee876e876e876e87ee86ee876e
data/raw/ooc/OOC_image_dataset/test/bad/cell_type_HPMEC/4+_days/230425_15.png,230425_15,230425,test,bad,HPMEC,4+_days,2,HPMEC,4+_days,True,True,True,1437548,2056,1542,L,be345c2488b7d279ee00abdf7dd656f12eaf136223552044749197e0eeb22ea4,37c733d7379738f63316b6863d473d473c473cc72c66aea72ca72c872c862c86
data/raw/ooc/OOC_image_dataset/test/bad/cell_type_HPMEC/4+_days/230425_17.png,230425_17,230425,test,bad,HPMEC,4+_days,2,HPMEC,4+_days,True,True,True,1821730,2056,1542,L,abd55dcc9c3f94f24fb60f32e7b6ba514c6a630a16f26e8c2386f8dba1adf079,1f1e1d1e1d1e1d1c1f1f1e1f1f1f1f1e1e1f1e1d1c1e1c1e1e3f1e3f1e3f3e3e
data/raw/ooc/OOC_image_dataset/test/bad/cell_type_HPMEC/4+_days/230425_2.png,230425_2,230425,test,bad,HPMEC,4+_days,2,HPMEC,4+_days,True,True,True,1605326,2056,1542,L,43cc5cde282d6b426fcdeb8a4f6098c12641a811748517a8a3cc4ad933136ac9,cbc14fc10fc10fc10fc18fe10fc18f818f818fc18fc14fc1cfc1cf81cfc14fc1
data/raw/ooc/OOC_image_dataset/test/bad/cell_type_HPMEC/4+_days/230425_8.png,230425_8,230425,test,bad,HPMEC,4+_days,2,HPMEC,4+_days,True,True,True,1820831,2056,1542,L,1937db4cc472e70cad8c860bdd6b216bc01ea48288f4bbb0f1092d7403d9d3d5,9f479cc79cc699c799979c9f9c8798cf1cd61c9e998e181e9b161b66196712c6
data/raw/ooc/OOC_image_dataset/test/bad/cell_type_HPMEC/4+_days/230517_29.png,230517_29,230517,test,bad,HPMEC,4+_days,2,HPMEC,4+_days,True,True,True,1790339,2056,1542,L,793d013894fce1963983fde4b2db09512e5e2f02dd8b2b5d9fc819bcc9cb143e,c00688665827d807590759075c071c061c261dc69ac69fc69d669ca69dc69f46
data/raw/ooc/OOC_image_dataset/test/bad/cell_type_HPMEC/4+_days/230517_73.png,230517_73,230517,test,bad,HPMEC,4+_days,2,HPMEC,4+_days,True,True,True,1485363,2056,1542,L,03f055f3a4fd9ea2751f74b7dbcc0a7f48b9ccc0fd45b608e8f42cfef24490ae,4e4b4debcfcbcfcbcfcbcfcb8fcbcfcb4fcb4fcbcfcb4fcbcfcbcfcbcfcbcfcb
data/raw/ooc/OOC_image_dataset/test/bad/cell_type_HPMEC/4+_days/230529_100.png,230529_100,230529,test,bad,HPMEC,4+_days,2,HPMEC,4+_days,True,True,True,1864566,2056,1542,L,f823710ba9d4023e087b4c1580fb41005c9c0d27aeafcf2f1c886f102d76349c,f24ff2cff98ff1cfe64fce27dc27dc27da27dc27d807d806de26dd26db26ce27
data/raw/ooc/OOC_image_dataset/test/bad/cell_type_HPMEC/4+_days/230529_104.png,230529_104,230529,test,bad,HPMEC,4+_days,2,HPMEC,4+_days,True,True,True,1957406,2056,1542,L,884e759b4b5fd0abf3e184bb41bfd69e783b264f2e060641ceaf43ba11a2c57f,d813de13de13dc33dd33e933ec63e663f1e3f923fc23fe03f603f603f643f683
data/raw/ooc/OOC_image_dataset/test/bad/cell_type_HPMEC/4+_days/230529_145.png,230529_145,230529,test,bad,HPMEC,4+_days,2,HPMEC,4+_days,True,True,True,1994909,2056,1542,L,2233942281fc8be358c16656f8226a15d72e1dabc2974c67c09eea3361bbcb37,8d838f43cfe3cfa7cea3cec3cf83cf07ce07cd87ce878f87ce878f878f078f47
data/raw/ooc/OOC_image_dataset/test/bad/cell_type_HPMEC/4+_days/230529_15.png,230529_15,230529,test,bad,HPMEC,4+_days,2,HPMEC,4+_days,True,True,True,1560770,2056,1542,L,a4c726411db6278642985ba05db51fdffea9b81281f3d7e872ef3b56ab968b0e,d384d3a4d3a4d3a4d72cd38cd3ecd3c493ec932c936c830c800c800080080004
data/raw/ooc/OOC_image_dataset/test/bad/cell_type_HPMEC/4+_days/230529_157.png,230529_157,230529,test,bad,HPMEC,4+_days,2,HPMEC,4+_days,True,True,True,1855503,2056,1542,L,6fe90f4a818141765b694f45fc034744e62ac651c0ff7de2d7a67a4af43f195e,c7cf86cf46cf4687c78fc78f878b474bc74b46cb460b46274607478707cf47c3
data/raw/ooc/OOC_image_dataset/test/bad/cell_type_HPMEC/4+_days/230529_17.png,230529_17,230529,test,bad,HPMEC,4+_days,2,HPMEC,4+_days,True,True,True,1095551,2056,1542,L,870a46417a493e176739b45305658aab489289e7dd7af430159193153a9a9935,176cd62ec43c8634d63c942c0002400100040000000000000000008024000400
data/raw/ooc/OOC_image_dataset/test/bad/cell_type_HPMEC/4+_days/230529_173.png,230529_173,230529,test,bad,HPMEC,4+_days,2,HPMEC,4+_days,True,True,True,1805082,2056,1542,L,455c84f31864c6a7928599fafec6eb6d2948577516bacffd63864ef82dba55ea,8e1e8e168f1e8f1e8f1e8c1e8e1e8e0e8e0e8f1e8f9e8f1e8e1e8e1e8e1e8e9e
data/raw/ooc/OOC_image_dataset/test/bad/cell_type_HPMEC/4+_days/230529_178.png,230529_178,230529,test,bad,HPMEC,4+_days,2,HPMEC,4+_days,True,True,True,1588246,2056,1542,L,479d4c5ea6f585aaad340f48bf4d418f7ed805152910190548adbbf3abe291a6,8e0f0e0f0e0f0e0f8e0f8e8f0e0f0f0f0f0f0f0f0f0f0f0f0f0f0f0f0f8f0e8f
data/raw/ooc/OOC_image_dataset/test/bad/cell_type_HPMEC/4+_days/230529_180.png,230529_180,230529,test,bad,HPMEC,4+_days,2,HPMEC,4+_days,True,True,True,1863154,2056,1542,L,e6d332487bb67d291b49aa4cbb3362baa1501ac4d3cb3ff6f281a891846be0fe,8ce78de78c678c678c678c678c678c278ca78c6788c798c798c619061906190e
data/raw/ooc/OOC_image_dataset/test/bad/cell_type_HPMEC/4+_days/230529_35.png,230529_35,230529,test,bad,HPMEC,4+_days,2,HPMEC,4+_days,True,True,True,921128,2056,1542,L,f2ece686c03ef53397117401c9ef76c5e44e5d31c66c809a572e3da68636c0be,c7a6e726e726e766c5e6806e001e404e4026000a000440044002000400200044
data/raw/ooc/OOC_image_dataset/test/bad/cell_type_HPMEC/4+_days/230529_74.png,230529_74,230529,test,bad,HPMEC,4+_days,2,HPMEC,4+_days,True,True,True,1898294,2056,1542,L,ccfe1431f42b32fc5ebb25c94a0ce56314b4b22f8a2c3c10325f21faf05dd02b,87c04788c7e0c7c0c790c7b087e087888788c7884790479087b0c730c760c748
data/raw/ooc/OOC_image_dataset/test/bad/cell_type_HPMEC/4+_days/230529_88.png,230529_88,230529,test,bad,HPMEC,4+_days,2,HPMEC,4+_days,True,True,True,1855791,2056,1542,L,4290e1e1e331430d15fb6f2a3bc5d87d75042a536961235f3bc58e08196da946,9ea39e639ee39ff39fe39f671e279f079f471e471e071f479fc79ec71e479e27
data/raw/ooc/OOC_image_dataset/test/bad/cell_type_HPMEC/4_days/230317_34.png,230317_34,230317,test,bad,HPMEC,4_days,2,HPMEC,4_days,True,True,True,1908980,2056,1542,L,66755794b9f3e675dbf85542ed8403f6de0e0f76f8c98d945687ff6c5b1b7cb6,645964196d186d186c9f48d358d258da58905898719070127032713973396333
data/raw/ooc/OOC_image_dataset/test/bad/cell_type_HPMEC/4_days/230317_42.png,230317_42,230317,test,bad,HPMEC,4_days,2,HPMEC,4_days,True,True,True,2090628,2056,1542,L,ad50ea22d4a478d222588017c9e8e3a803afc6d54121f3334a8bd9ee70e33529,1b5319031d031fc31f831de39ec31ec31ec31e831f431b431ba31cc31e431e43
data/raw/ooc/OOC_image_dataset/test/bad/cell_type_HPMEC/4_days/230317_43.png,230317_43,230317,test,bad,HPMEC,4_days,2,HPMEC,4_days,True,True,True,2057125,2056,1542,L,2549761d1643796ae703ba01622e51d1eb8b6f88a93925088efbd86ca6b2b854,1e63966393e399839e5318631d039f039e231e231e231e439e839b839f03bb23
data/raw/ooc/OOC_image_dataset/test/bad/cell_type_HPMEC/4_days/230317_47.png,230317_47,230317,test,bad,HPMEC,4_days,2,HPMEC,4_days,True,True,True,2179706,2056,1542,L,69e41c40ca657fc16b76c89239fcd367234fb0c7d4da029e54476dc2cee0bfe2,94c6948794869cc694869406942614269c469c06bd06bc06be06be063e063c07
data/raw/ooc/OOC_image_dataset/test/bad/cell_type_HPMEC/4_days/230317_54.png,230317_54,230317,test,bad,HPMEC,4_days,2,HPMEC,4_days,True,True,True,2176077,2056,1542,L,cfdceda89c9e6ae9b467e9fa1aa6e60a001fc04fce017b1cc52dfc70caa855cf,4e464e474e064f0653865346562756a75f8646e657e755a75d6751665926592e
data/raw/ooc/OOC_image_dataset/test/bad/cell_type_HPMEC/4_days/230317_8.png,230317_8,230317,test,bad,HPMEC,4_days,2,HPMEC,4_days,True,True,True,2078025,2056,1542,L,37b39518d171a9ae233b0b42035330cd9f753fb0c7b83aaec668882deac79ff8,760e760c7c8c711c791c7a1e791a791ef41efc18fc18fc1cf818f818fe98fc18
data/raw/ooc/OOC_image_dataset/test/bad/cell_type_HPMEC/4_days/230512_29.png,230512_29,230512,test,bad,HPMEC,4_days,2,HPMEC,4_days,True,True,True,1435061,2056,1542,L,b454d05416b0b25f2a35b83e2b8663a105eaf13f71ac5b0a0221ef78225cacbb,5a67dce79686968696869c26988699869b86130611a612461e069e6692c690c6
data/raw/ooc/OOC_image_dataset/test/bad/cell_type_HPMEC/4_days/230512_34.png,230512_34,230512,test,bad,HPMEC,4_days,2,HPMEC,4_days,True,True,True,1758483,2056,1542,L,2eeebe1619cca9df6b6c19ab5c025e0823d59fe1ca0be543272485f97f6d6b1e,9b06994699471d471c47184699071e071dc718c79bc69b479987199718969786
data/raw/ooc/OOC_image_dataset/test/bad/cell_type_HPMEC/4_days/230512_7.png,230512_7,230512,test,bad,HPMEC,4_days,2,HPMEC,4_days,True,True,True,1407219,2056,1542,L,1a73fab8aab1693f5a5b40175a7bfcbad5a5dac259581ab414c701287c9d3fea,9c739c439f439f039f13973397339a33964396939c939d529d129cc294d296b2
data/raw/ooc/OOC_image_dataset/test/bad/cell_type_HPMEC/4_days/230512_80.png,230512_80,230512,test,bad,HPMEC,4_days,2,HPMEC,4_days,True,True,True,2094601,2056,1542,L,e3d0dc39e12ba370209846aaba679816054db3526ff60932a52900d7e398d7ec,4bc9cac9cac94cc9cdc9cec9c8c9c8c9898988c9cb498e49c849c9e98b49c859
data/raw/ooc/OOC_image_dataset/test/bad/cell_type_HPMEC/4_days/230512_9.png,230512_9,230512,test,bad,HPMEC,4_days,2,HPMEC,4_days,True,True,True,1704206,2056,1542,L,236e99a6a4358556f8a2bbede588188be4daaf894da2442e70e3b0872bc2e4ce,0e3788f788f3cee3cb23cb23cbc3cf83cd03cf13cf23cd23cf43cec3ce43ce62
data/raw/ooc/OOC_image_dataset/test/bad/cell_type_HSAEC/0-1_days/220708_11.png,220708_11,220708,test,bad,HSAEC,0-1_days,2,HSAEC,0-1_days,True,True,True,2353135,2048,1536,RGB,c6a1a0f05c1d3415008960e1bd6600c36440909cf305d658aae436cfc0961e7e,ff5ff2ff93ff33ff9bb7197f1b770777177f337f01dea5dfaf1ecf205c1f41ff
data/raw/ooc/OOC_image_dataset/test/bad/cell_type_HSAEC/0-1_days/220708_12.png,220708_12,220708,test,bad,HSAEC,0-1_days,2,HSAEC,0-1_days,True,True,True,2655202,2048,1536,RGB,143b1209d2097cf490f4f1cdafd6b5fcac48a71b216947487436558416fc78c3,37f7377e0cff19af1d7f32f733e757ef1dbe19bf17be2f3e2f3b07ef163f2791
data/raw/ooc/OOC_image_dataset/test/bad/cell_type_HSAEC/0-1_days/221010_28.png,221010_28,221010,test,bad,HSAEC,0-1_days,2,HSAEC,0-1_days,True,True,True,2511272,2048,1536,RGB,901e0a4c732d9c7cac66f6ab26690e3df962c9f7ef1e0ddafc4ad08a5b1d20a8,2616600660162016311633063206b30633063306320633063306130639069106
data/raw/ooc/OOC_image_dataset/test/bad/cell_type_HSAEC/2-3_days/220506_4.png,220506_4,220506,test,bad,HSAEC,2-3_days,2,HSAEC,2-3_days,True,True,True,2774247,2048,1536,RGB,5b59e88b822fb2524074757775fc77589e6e6c1b5533bc0dea22ce160371b643,e23f603708438043802108450246014d0317052606a202e60a3200b200858007
data/raw/ooc/OOC_image_dataset/test/bad/cell_type_HSAEC/2-3_days/220718_3.png,220718_3,220718,test,bad,HSAEC,2-3_days,2,HSAEC,2-3_days,True,True,True,2572436,2048,1536,RGB,41ba1dfd43e8772b7a0da6e13eaf28ad70d940fce35d231f1b358829a3f8d175,403e447e0073103820796070201880301838043800f80079a0db801b80108000
data/raw/ooc/OOC_image_dataset/test/bad/cell_type_HSAEC/2-3_days/220718_4.png,220718_4,220718,test,bad,HSAEC,2-3_days,2,HSAEC,2-3_days,True,True,True,2515548,2048,1536,RGB,deb68bd15ba3ae5e94c80bf1de138f4be3d966fae56bf90b4aaebb17142249eb,900c3004b00431063106310630063806100e100e08b40bfd0ef802e002f00300
data/raw/ooc/OOC_image_dataset/test/bad/cell_type_HSAEC/2-3_days/220718_6.png,220718_6,220718,test,bad,HSAEC,2-3_days,2,HSAEC,2-3_days,True,True,True,2228557,2048,1536,RGB,80e65dfbf81f2c977c53bd9d7b27df3d7f121bb1b1e29b388da7de3183729eff,511bb10790079807c807e00fc0074109831d81fb00f3087208ea09f808f20d52
data/raw/ooc/OOC_image_dataset/test/bad/cell_type_HSAEC/4+_days/220503_3.png,220503_3,220503,test,bad,HSAEC,4+_days,2,HSAEC,4+_days,True,True,True,2864420,2048,1536,RGB,8b5f825f140c7a378724faff5ea4b6eaaa3cbc88e605bdfd07a88435f26a48e3,36cb04c7007f567716ce245e3e46264a83af8b170353035b034f11a3110b1000
data/raw/ooc/OOC_image_dataset/test/bad/cell_type_HSAEC/4+_days/220503_6.png,220503_6,220503,test,bad,HSAEC,4+_days,2,HSAEC,4+_days,True,True,True,2787116,2048,1536,RGB,639c5d639d0f4526095536780b14f92b86876500be06d2e48e63af4da6d897cf,21b708a70ccf90df50973c9b0d9b2d1d17ac03a701a504c534a518b6184f0e0f
data/raw/ooc/OOC_image_dataset/test/bad/cell_type_HSAEC/4+_days/220503_8.png,220503_8,220503,test,bad,HSAEC,4+_days,2,HSAEC,4+_days,True,True,True,2841893,2048,1536,RGB,628ab6da2fc64a8121b4f7a26f609d7a5e7646487a8990b1cd4cfa169d1318df,0c880d9a2c38cea74da94b484b100d5024ca046413499bc8868c059207820203
data/raw/ooc/OOC_image_dataset/test/bad/cell_type_HSAEC/4+_days/220512_4.png,220512_4,220512,test,bad,HSAEC,4+_days,2,HSAEC,4+_days,True,True,True,2849587,2048,1536,RGB,ae2435a4dcc198621297694fb4e01839c0fa6c3cb39951cb3c8c35eff77e5c6d,009f907e807c801c800c800c820ec20e820e8083800300838013800300030013
data/raw/ooc/OOC_image_dataset/test/bad/cell_type_HSAEC/4+_days/220526_1.png,220526_1,220526,test,bad,HSAEC,4+_days,2,HSAEC,4+_days,True,True,True,2409902,2048,1536,RGB,2a1941e9d26a2e586a2d7744c26a5c8e3082857e2873ac3f403962810ba91ce2,b42b05230ea56631622133011701868144c1230447984f910e0c439567032520
data/raw/ooc/OOC_image_dataset/test/bad/cell_type_HSAEC/4+_days/220706_2.png,220706_2,220706,test,bad,HSAEC,4+_days,2,HSAEC,4+_days,True,True,True,2772217,2048,1536,RGB,90276417c76e19709d31bcec595885df7a55cc93e64459865c085be3b78e0997,81fc41f861f110f3147300b30339213d033c49354b316719241c4913487091e0
data/raw/ooc/OOC_image_dataset/test/bad/cell_type_HSAEC/4+_days/220706_5.png,220706_5,220706,test,bad,HSAEC,4+_days,2,HSAEC,4+_days,True,True,True,2726300,2048,1536,RGB,9ea1f7d8d84e98a72e2d5466b00ed5f2245fa648016d08701c66715ec547d892,63fdfdbe6c4cc819487b99441d180cd80d181978827802b8843ca00080408001
data/raw/ooc/OOC_image_dataset/test/bad/cell_type_HSAEC/4+_days/220721_2.png,220721_2,220721,test,bad,HSAEC,4+_days,2,HSAEC,4+_days,True,True,True,2472254,2048,1536,RGB,ce91cd2f46001be9702295cd90782bd4b7563098774ef00ffdd3451a7c95a128,1001001f2ffffc3f101f003f041e021e000f08060106058a03cb03c3079907bb
data/raw/ooc/OOC_image_dataset/test/bad/cell_type_HSAEC/4+_days/220724_1.png,220724_1,220724,test,bad,HSAEC,4+_days,2,HSAEC,4+_days,True,True,True,2706782,2048,1536,RGB,c8671346c7d4a46d57e22a944c16c5cc8c3cffd104fa283b7e849bb738f6002e,9018005c187810f9207890f880f8403980d8c07820300033c03ac03d802f200f
data/raw/ooc/OOC_image_dataset/test/bad/cell_type_HSAEC/4_days/220630_01.png,220630_01,220630,test,bad,HSAEC,4_days,2,HSAEC,4_days,True,True,True,2678155,2048,1536,RGB,4726c96cba0d2fe35650798f607ceb90775508cff949bf21af982e85d59ac86b,00fe007e00070c03180358035803182308030a0304070007003f00bb00bb013f
data/raw/ooc/OOC_image_dataset/test/bad/cell_type_HSAEC/4_days/220630_02.png,220630_02,220630,test,bad,HSAEC,4_days,2,HSAEC,4_days,True,True,True,2738026,2048,1536,RGB,1d757948133ddb9fc6a43881b1b813d71afdd991000dae775b112cc402e53b00,007f007f100318031c0318031803180308030c030807000f009f006f00bd007e
data/raw/ooc/OOC_image_dataset/test/bad/cell_type_HSAEC/4_days/220630_05.png,220630_05,220630,test,bad,HSAEC,4_days,2,HSAEC,4_days,True,True,True,2485159,2048,1536,RGB,145448c9cd2a25c3246e20f800f255e34073ce5d37e142e3be80bd11ad0dbbac,007d006f08070c031c031c03b8031803180328830483804700f700ff007d06ed
data/raw/ooc/OOC_image_dataset/test/bad/cell_type_HSAEC/4_days/220630_08.png,220630_08,220630,test,bad,HSAEC,4_days,2,HSAEC,4_days,True,True,True,2574285,2048,1536,RGB,843875c2afe82c2e2aee48e38c60eca7c3c0a2e57cec5d500b916fbc43c8525f,007f007f084318031c031803980398039803440388278067006701dd01dc0029
data/raw/ooc/OOC_image_dataset/test/bad/cell_type_HUVEC/0-1_days/221215_7.png,221215_7,221215,test,bad,HUVEC,0-1_days,2,HUVEC,0-1_days,True,True,True,2412925,2048,1536,RGB,a5563ab20dbdb54e1f74425d27e314f83e647955c2539029c12559b506ed69e7,48b32033307320732a732173227924392c3938393839301933191439153d143c
data/raw/ooc/OOC_image_dataset/test/bad/cell_type_HUVEC/2-3_days/230405_39.png,230405_39,230405,test,bad,HUVEC,2-3_days,2,HUVEC,2-3_days,True,True,True,1961830,2056,1542,L,94c1c9ac54585fd93f243fb264f48dc611094c4bf65936aa7130aeb58ed1f26a,cb4ecb6e8deecc6ecd8e8c8e8a4e8e4e8e8e8e0e8d8e8deccdce8cccce8ccf0c
data/raw/ooc/OOC_image_dataset/test/bad/cell_type_HUVEC/2-3_days/230405_47.png,230405_47,230405,test,bad,HUVEC,2-3_days,2,HUVEC,2-3_days,True,True,True,1986924,2056,1542,L,9e494b89785a5ec397a5256db248236d084fd4e0594a309c28cd26630d63e9e4,8f4c8ecc8ecc8ccc9c8c988c9c0c9d4c9d4c9d0c9d4c9f4c9f0c0d0c0f8c4dcc
data/raw/ooc/OOC_image_dataset/test/bad/cell_type_HUVEC/2-3_days/230405_63.png,230405_63,230405,test,bad,HUVEC,2-3_days,2,HUVEC,2-3_days,True,True,True,2077049,2056,1542,L,10ffc2438d75e2f013c1b3b3b9516681b84eda329b0f80cb2283fcca2d277150,cc4ecccecd0ece8ecececececc8ecccecd8cce8ccd8ecc2ece4e884ecc4ecc0e
data/raw/ooc/OOC_image_dataset/test/bad/cell_type_HUVEC/2-3_days/230405_65.png,230405_65,230405,test,bad,HUVEC,2-3_days,2,HUVEC,2-3_days,True,True,True,2162541,2056,1542,L,c2ff75f01acfff50742b91a2dbbea293f4f2fdcd44fb8552d606b57bc3d3ad1a,cf0ecdcecccece0ece0eca0ece2ecc4ecd8ecc0ccdaccf0ccd0c8d0ccccece4c
data/raw/ooc/OOC_image_dataset/test/bad/cell_type_HUVEC/2-3_days/230405_71.png,230405_71,230405,test,bad,HUVEC,2-3_days,2,HUVEC,2-3_days,True,True,True,2083290,2056,1542,L,6c9fc1169f658f5391a1fdd16690391cefd16a6433a93c5d3cab6425c769be2a,898c89ce094c9acc9c8c0c4c9c8c9e0c9e0e9cce9ccc998c9d8c194c998c1908
data/raw/ooc/OOC_image_dataset/test/bad/cell_type_HUVEC/2-3_days/230405_74.png,230405_74,230405,test,bad,HUVEC,2-3_days,2,HUVEC,2-3_days,True,True,True,1868828,2056,1542,L,a0fe57e8ff31575fc9eda4ee90717c3970386fcaf8f262d60dff6c737066cc3a,8d8c8d0c8d0c0b0c0b8e0b0c0e4e8ece1f0edf0cdb08db8c898c89cc098e0d0e
data/raw/ooc/OOC_image_dataset/test/bad/cell_type_HUVEC/2-3_days/230405_78.png,230405_78,230405,test,bad,HUVEC,2-3_days,2,HUVEC,2-3_days,True,True,True,2004935,2056,1542,L,47eef4dc0f1878dca930fb46103e4ac6f8baf43c485e15668ae299d30a004495,ccc6cd66cc66cce7cc36cc47cc67ce27ce97cf06cf47cfc7cf06cfa6cfa7cc86
data/raw/ooc/OOC_image_dataset/test/bad/cell_type_HUVEC/2-3_days/230405_80.png,230405_80,230405,test,bad,HUVEC,2-3_days,2,HUVEC,2-3_days,True,True,True,2141147,2056,1542,L,3dabf754685275d4da2c3063990b5b20698b886e80bb089cfdb388dad6fc1134,cd86cd86cf86cec6cce6cc468e26ad46cdc68e46ce46cfc6cfc6ce478f46cf85
data/raw/ooc/OOC_image_dataset/test/bad/cell_type_HUVEC/2-3_days/230405_82.png,230405_82,230405,test,bad,HUVEC,2-3_days,2,HUVEC,2-3_days,True,True,True,2106779,2056,1542,L,0cf496822ba04ca324ed41b220bb4047d3e68ecfce53df6f5dc13d639e371a2a,cd86cd86cc86cc46cf06ce46ccc6cd86cd46ce26cfa6cd46cd86cda68f06cf06
data/raw/ooc/OOC_image_dataset/test/bad/cell_type_HUVEC/2-3_days/230405_85.png,230405_85,230405,test,bad,HUVEC,2-3_days,2,HUVEC,2-3_days,True,True,True,2005987,2056,1542,L,028c5208b878a3463b83aac33d985f84f0e0e99aacac1b3df27414f62d0aa418,ce67ce66cca78ce68fe68dc68d86ccc68c66cc268c268c668c66cce6cda68e66
data/raw/ooc/OOC_image_dataset/test/bad/cell_type_HUVEC/2-3_days/230405_86.png,230405_86,230405,test,bad,HUVEC,2-3_days,2,HUVEC,2-3_days,True,True,True,1958509,2056,1542,L,3b286b1c430fe1564ed7679010a708d6ae628205f0175af77efc017b4711f1eb,ce66ce66cce6cde68fa68c86ce06cf868e06ce2ecf0e8f068f0ecf0e8f8e8f0e
data/raw/ooc/OOC_image_dataset/test/bad/cell_type_HUVEC/4+_days/230411_13.png,230411_13,230411,test,bad,HUVEC,4+_days,2,HUVEC,4+_days,True,True,True,2087618,2056,1542,L,04ab1f91f7f8ab74149fbcffef0ce84cb9ceb5372837cb0f3a8d062db4e5820d,998c998c9b0e1d4c9c8c988c18cc988c1d4e988c9d989d989b581b0c1d0c9e1c
data/raw/ooc/OOC_image_dataset/test/bad/cell_type_HUVEC/4+_days/230411_16.png,230411_16,230411,test,bad,HUVEC,4+_days,2,HUVEC,4+_days,True,True,True,2114594,2056,1542,L,0362e42767fe4d718bd0e96fa1d3d98fbed5bf7b7b7b754baec6f9a3c1b4682b,9f18189c1e9c1e181b1819981b981b981d1c11dc149c1258191c1d1c991c131c
data/raw/ooc/OOC_image_dataset/test/bad/cell_type_HUVEC/4+_days/230411_19.png,230411_19,230411,test,bad,HUVEC,4+_days,2,HUVEC,4+_days,True,True,True,2012281,2056,1542,L,deb43169a22c8e92bc473f6e1dd55005164253880ec13251198ccad1adc89c71,98cc9d8899881b8899c89c4c1b4c13dc1e5c9a1a9e0a9f08998899981b5818dc
data/raw/ooc/OOC_image_dataset/test/bad/cell_type_HUVEC/4+_days/230411_25.png,230411_25,230411,test,bad,HUVEC,4+_days,2,HUVEC,4+_days,True,True,True,2114098,2056,1542,L,c9be54401170e10807de047d05135ab08556515fbe638b399b2fb28672946952,cd0ecf2ecccece4e8f4ecd8e8f8ecf8ecf4e8d4ece8ece4ecc8ecbadcb8dcb0e
data/raw/ooc/OOC_image_dataset/test/bad/cell_type_HUVEC/4+_days/230411_3.png,230411_3,230411,test,bad,HUVEC,4+_days,2,HUVEC,4+_days,True,True,True,2073194,2056,1542,L,88a1337bc470a36c6b882c51f7cf028459063d3d588b5e6001e348503f2aee91,8f4e4d2a5d2ecc8c8fcc8d4e9d8c9b8c990cdd4c5e4a1f4c9f0c5e0cde8e9f0c
data/raw/ooc/OOC_image_dataset/test/bad/cell_type_HUVEC/4+_days/230411_34.png,230411_34,230411,test,bad,HUVEC,4+_days,2,HUVEC,4+_days,True,True,True,2208038,2056,1542,L,d4b4e49c28f03969f39b273504c089a74796ab7c5cd5f96a66dc8a5835b92870,1b1c1a5c9b5c9bdc9a5c9a5c9c5c99dc945c1a5c9a5c1a5c1c5c189c199c18dc
data/raw/ooc/OOC_image_dataset/test/bad/cell_type_HUVEC/4+_days/230411_35.png,230411_35,230411,test,bad,HUVEC,4+_days,2,HUVEC,4+_days,True,True,True,2153987,2056,1542,L,78959dbe8bec42d49e0bf928e7310dd37265d30a34c8063d50fcd5f77d562f7a,9e9c1ed81f1c1f1c9f1c1d1c175c1d5c1e5c1e1c159c1d1c9d1c9d1c9d5c99dc
data/raw/ooc/OOC_image_dataset/test/bad/cell_type_HUVEC/4+_days/230411_8.png,230411_8,230411,test,bad,HUVEC,4+_days,2,HUVEC,4+_days,True,True,True,2203231,2056,1542,L,f8268d290c44e4e81485024e3df89350f84fde608788c0e768205cc4e0bb2610,1e4c9e4c9b4c9b4c1d1c1d189cd89c989c189d181ddc199c1d1c191c195c151c
data/raw/ooc/OOC_image_dataset/test/bad/cell_type_HUVEC/4+_days/230411_9.png,230411_9,230411,test,bad,HUVEC,4+_days,2,HUVEC,4+_days,True,True,True,2202084,2056,1542,L,fb3ea5b8f172ee80990d7992f0efe21f8bd2d3a2e7f1fc5f8e0234ff4c22ca55,1b581d1899981e981e181e981c98191c19181d9c1d981d981c981c981c981d18
data/raw/ooc/OOC_image_dataset/test/bad/cell_type_NHBE/2-3_days/230510_89.png,230510_89,230510,test,bad,NHBE,2-3_days,2,NHBE,2-3_days,True,True,True,1782429,2056,1542,L,55253b47b253643e02b25faa38d698c6c4b3dca8c8906eb689898abaf5b75701,c889c8c988c989998b198f398e398869c949ca49ce1b4c4948c948d9ccc9cbcb
data/raw/ooc/OOC_image_dataset/test/bad/cell_type_NHBE/2-3_days/230510_90.png,230510_90,230510,test,bad,NHBE,2-3_days,2,NHBE,2-3_days,True,True,True,1830235,2056,1542,L,160703bd583a0540a5e3079943e5e2345f563c0663e248a4fdd61f46104ba484,cb894b89cbcb8ec9c9c9c989c9c9cb898ac9ca49cd49cc49cd89cf49cb494b49
data/raw/ooc/OOC_image_dataset/test/bad/cell_type_NHBE/2-3_days/230510_93.png,230510_93,230510,test,bad,NHBE,2-3_days,2,NHBE,2-3_days,True,True,True,1839033,2056,1542,L,681df2feffcb341dae612b4b4c9d9fba846ce1945c739e1255ac4ad285138305,ccc9cec9cc89cf89cf09cec9ccc9cd69cd498d998b898f29c949cb89ce498e89
data/raw/ooc/OOC_image_dataset/test/bad/cell_type_NHBE/4+_days/230320_204.png,230320_204,230320,test,bad,NHBE,4+_days,2,NHBE,4+_days,True,True,True,1907013,2056,1542,L,038d92792af8c2a6f20fb8f7da7f9ecc2564f2c048cdd70d5ee3140caab46eda,8d600d400f200f800f800f000f008f488f180f880f808f888c900f880e900c90
data/raw/ooc/OOC_image_dataset/test/bad/cell_type_NHBE/4+_days/230320_212.png,230320_212,230320,test,bad,NHBE,4+_days,2,NHBE,4+_days,True,True,True,1719818,2056,1542,L,27a3f182568fb0d720b5eddd44b71c66c5d091fd011c0c3b7e8afff662b6069d,3733b763b5033733366336633663366335c337913191f169f441f68137813701
data/raw/ooc/OOC_image_dataset/test/bad/cell_type_NHBE/4+_days/230517_85.png,230517_85,230517,test,bad,NHBE,4+_days,2,NHBE,4+_days,True,True,True,1239468,2056,1542,L,90c2c1e7a5e092a52f51fec8048e03c4f85550e78fb7547ec9e1f83478ee28ba,8fcb8fcb8f6b8feb8feb8beb8feb0fcb8fcb8fcb8fcb0fcb0fcb0fcb0fcb8fcb
data/raw/ooc/OOC_image_dataset/test/bad/cell_type_NHBE/4+_days/230517_88.png,230517_88,230517,test,bad,NHBE,4+_days,2,NHBE,4+_days,True,True,True,1393305,2056,1542,L,9fbd869513659a5ebd7567832a7b5c309296666e4f6ab0b638ee8a49d242dfdb,8fc30fc30f430fc30fcb8fc38fc38fcb8fc38fd38dd30dd38dd38dd38dd38dd3
data/raw/ooc/OOC_image_dataset/test/bad/cell_type_NHBE/4_days/230512_85.png,230512_85,230512,test,bad,NHBE,4_days,2,NHBE,4_days,True,True,True,1848313,2056,1542,L,7dc7186bcad5f0ea89f34bf412befcf04963ba80e9fa76614d611053febe5b44,efa9cbc9cac9e8c929c9cde9cd89c9c9cd29ccc9c909cdc9cdc9ca494b494fc9
data/raw/ooc/OOC_image_dataset/test/bad/cell_type_NHBE/4_days/230512_87.png,230512_87,230512,test,bad,NHBE,4_days,2,NHBE,4_days,True,True,True,1439081,2056,1542,L,fe44ad956198fa5a2be52a8c988a1d5b9101fe80b6c2fcf61bcc7d99eed270c0,cc89cca9cd290929cca9ca29ca29cb89cb098b098a098f29cf49cc49cc49cc49
data/raw/ooc/OOC_image_dataset/test/bad/cell_type_NHBE/4_days/230512_88.png,230512_88,230512,test,bad,NHBE,4_days,2,NHBE,4_days,True,True,True,1848119,2056,1542,L,8f46401722d8643c182609c01e36333b0a89ae08476120f4a5bdcbb16018e3bc,cce9c8c9cc89cc89ccc9ccc9cde9cda9cd89c9898aa9c9c9c9c9cac9ce89cea9
data/raw/ooc/OOC_image_dataset/test/good/cell_type_A549/0-1_days/221010_82.png,221010_82,221010,test,good,A549,0-1_days,1,A549,0-1_days,True,True,True,2831383,2048,1536,RGB,5cc7d75dc9f2f4a71ca9d69a60896cd52251665f29b668526fbb3ec4616e7db1,c813c82bd033c4b3c943c1c2c4dac4eac9cad0e2d0eac9a3c5a3e3a3c0dbc31b
data/raw/ooc/OOC_image_dataset/test/good/cell_type_A549/0-1_days/221010_83.png,221010_83,221010,test,good,A549,0-1_days,1,A549,0-1_days,True,True,True,3199678,2048,1536,RGB,ef4e5c78ab7165e2c7c91785942eed6cb8e61dc839f92d31dae868c96b29e2e0,702e143a459a250ec50ec4af6077307730b720f7186f0127432c09249924332c
data/raw/ooc/OOC_image_dataset/test/good/cell_type_A549/0-1_days/221010_84.png,221010_84,221010,test,good,A549,0-1_days,1,A549,0-1_days,True,True,True,3018932,2048,1536,RGB,f83394acc8650a1b6e54e513b6d3c4b3c63c91cb120dfaf61905c378777d9cdd,95fa9073a0f390739063a2e3e0f30173a033a0f390739193893388a3e893ca5b
data/raw/ooc/OOC_image_dataset/test/good/cell_type_A549/0-1_days/221010_96.png,221010_96,221010,test,good,A549,0-1_days,1,A549,0-1_days,True,True,True,2864818,2048,1536,RGB,21fcfd1756e1828b5c7cb9488ccb8b90e122bf0187a15adfee0553c5f0c2bad7,41306020606071206864606066e061b060f061b061b861a462a060d07151614c
data/raw/ooc/OOC_image_dataset/test/good/cell_type_A549/0-1_days/221010_97.png,221010_97,221010,test,good,A549,0-1_days,1,A549,0-1_days,True,True,True,2805079,2048,1536,RGB,8a4e874a6cd6330170c0885d92fae0f3fbc30c46136750ec03570fb726655a17,804891408040808ab0e090f08a7282e2a060c0e4a0f2d0dac0f2c850d263c163
data/raw/ooc/OOC_image_dataset/test/good/cell_type_A549/0-1_days/221010_99.png,221010_99,221010,test,good,A549,0-1_days,1,A549,0-1_days,True,True,True,3067737,2048,1536,RGB,ee53c358ed3921aeb7ce67fa9c3de42f6dab038413f405e8b9aaebdd5aa5630b,92a911a801e80ca824a860a840e800ed40edd06da16d912fa0ae20aba4ae612d
data/raw/ooc/OOC_image_dataset/test/good/cell_type_A549/0-1_days/230109_113.png,230109_113,230109,test,good,A549,0-1_days,1,A549,0-1_days,True,True,True,2498744,2048,1536,RGB,1d5432d383751e6adb969933c0afe3cf2f13e28df63145afa692e790ae500fb2,6f113f113f192e212fc126813ca935e93b413319a41db415b4c52a05b024a300
data/raw/ooc/OOC_image_dataset/test/good/cell_type_A549/0-1_days/230109_27.png,230109_27,230109,test,good,A549,0-1_days,1,A549,0-1_days,True,True,True,2717458,2048,1536,RGB,41f6c9b1847428e99c0819256561e0d469ac01508809de7c52a517dadeae2bd2,7c28fe487e282f286f883f883788bb883cc8760854280e28cd28cf88af0c258c
data/raw/ooc/OOC_image_dataset/test/good/cell_type_A549/0-1_days/230109_32.png,230109_32,230109,test,good,A549,0-1_days,1,A549,0-1_days,True,True,True,2469863,2048,1536,RGB,28c63977534567f66d9c951be1fa562b423ccb3df89c82f7dbae90afe6a2fdc5,2f032e43af63e7a11ba14ba185a1172126214da10d8198c18c61a46126110b10
data/raw/ooc/OOC_image_dataset/test/good/cell_type_A549/0-1_days/230109_33.png,230109_33,230109,test,good,A549,0-1_days,1,A549,0-1_days,True,True,True,2580998,2048,1536,RGB,d3b16a80bba1e8e9249b978cc25848e46091e5fe9c533cbaba8aa9d30fceba20,b743af13bf21ff21fdb1f451bc91b581dd80bc81d841c9419540c4d0c408d098
data/raw/ooc/OOC_image_dataset/test/good/cell_type_A549/0-1_days/230206_13.png,230206_13,230206,test,good,A549,0-1_days,1,A549,0-1_days,True,True,True,5759404,2048,1536,RGB,62cad610172088d760c4d3b5e86718007a6b3bfc00b34665b8c294749ec66f07,7398739877a97fa47fa076507a707db8393c3de43ef63a663a743ef83d3b1d73
data/raw/ooc/OOC_image_dataset/test/good/cell_type_A549/0-1_days/230206_16.png,230206_16,230206,test,good,A549,0-1_days,1,A549,0-1_days,True,True,True,6075503,2048,1536,RGB,99a4edd7cbb86cb95d9cf94402fd1b8b35a9229955ed0f5946612379115fa7ba,f428f230f1d8f560f538f790777073787c3072b872b872387a187638723c7e34
data/raw/ooc/OOC_image_dataset/test/good/cell_type_A549/0-1_days/230206_32.png,230206_32,230206,test,good,A549,0-1_days,1,A549,0-1_days,True,True,True,605665,640,480,RGB,19b9f512065d19e4955a7227a6967418d3abe4b65bee3d857ba643ccfbea9299,f248ea88fe88f668f738f958eef8fef8ffc8fad8fdc8fec8fdc8fd58fd78fcd0
data/raw/ooc/OOC_image_dataset/test/good/cell_type_A549/0-1_days/230206_33.png,230206_33,230206,test,good,A549,0-1_days,1,A549,0-1_days,True,True,True,609469,640,480,RGB,56100e4e9a43ec7ced66edde56d4f3304b3f2c591f1d08bc78601aca2de46179,ecc8e3b8f398f238eb28f138f9b8fae8f9b8f918f2f8f8e8e0e8713871387d38
data/raw/ooc/OOC_image_dataset/test/good/cell_type_A549/0-1_days/230206_35.png,230206_35,230206,test,good,A549,0-1_days,1,A549,0-1_days,True,True,True,736182,640,480,RGB,baa0e7ea31053afa0e8c76094880ade8a6eeb3cabb0c83b39986739e2dcb4872,f968f928ed28daa8faa8facce96ce7c8eb8ce4cce588dbc8e9acf16cd4ecfb2c
data/raw/ooc/OOC_image_dataset/test/good/cell_type_A549/0-1_days/230206_37.png,230206_37,230206,test,good,A549,0-1_days,1,A549,0-1_days,True,True,True,739814,640,480,RGB,f15905574857e4fcbb9f3ba70cc775a062297a83497946bea29afd756775a24f,e5a8e648e3ace5a8d3a8f2acdaacdb88e888ec68eae8fa68f84cf94cf2cce74c
data/raw/ooc/OOC_image_dataset/test/good/cell_type_A549/0-1_days/230316_10.png,230316_10,230316,test,good,A549,0-1_days,1,A549,0-1_days,True,True,True,5599141,2048,1536,RGB,c085bb2c71bfb4ee7c5bcf3fa791ee86463bf8ad56046a3e1c453ddade0a4db6,8f54cf168992d9d2d9dac9caed2acb62fdb2dc9aeeaaf732f33bed3bec9dee45
data/raw/ooc/OOC_image_dataset/test/good/cell_type_A549/0-1_days/230316_12.png,230316_12,230316,test,good,A549,0-1_days,1,A549,0-1_days,True,True,True,5343655,2048,1536,RGB,40164446db66f82da8969c80f89a7021e6fa0caecb650b644a5145d79bfc0593,3417340724e72b7331f334f326331cf33a3337333a139233b633bc33bbbbb39b
data/raw/ooc/OOC_image_dataset/test/good/cell_type_A549/0-1_days/230316_4.png,230316_4,230316,test,good,A549,0-1_days,1,A549,0-1_days,True,True,True,6389962,2048,1536,RGB,cf06d18db819e356b692aaa99c3b80bd90e0b6b87f9b0791756ee61dc27567e0,6c942c547964fd64ec64fc66fc66b866b816b846f4f2fdd2fdc2f7e2f7e28dfa
data/raw/ooc/OOC_image_dataset/test/good/cell_type_A549/0-1_days/230316_5.png,230316_5,230316,test,good,A549,0-1_days,1,A549,0-1_days,True,True,True,5350689,2048,1536,RGB,0febebaa65a0aff40eb244152b488ca122d215588e9b508967da99f926fb857d,cc7acdf2df9ace4a5e4a5d485dc85cc05d495d2d7d8d7d857dc57f9d7fdd7ddd
data/raw/ooc/OOC_image_dataset/test/good/cell_type_A549/0-1_days/230525_110.png,230525_110,230525,test,good,A549,0-1_days,1,A549,0-1_days,True,True,True,2009933,2056,1542,L,d54ee5a2f45c22d660009ed20a42c07d5fab5320cced1813cfea70c6fe757d7d,cf23cf338e730c230d231f031f839f039f839f839dc39cb39cc39ce31cc31c83
data/raw/ooc/OOC_image_dataset/test/good/cell_type_A549/0-1_days/230525_117.png,230525_117,230525,test,good,A549,0-1_days,1,A549,0-1_days,True,True,True,1830670,2056,1542,L,4104f4269a85a9d6cccbc6f8a3497e22851e64fc94d722a2478cb82209871f70,98039cc31ea31e031e071e031e839cc319c319e319c31e831e831c831c831c03
data/raw/ooc/OOC_image_dataset/test/good/cell_type_A549/0-1_days/230525_120.png,230525_120,230525,test,good,A549,0-1_days,1,A549,0-1_days,True,True,True,1545565,2056,1542,L,a9ca233c382ea00d1c9de5d6d1144d95c2115f4dea4d7c18475777d414925aeb,9e479e279c671c671c471e871e871d871fc71e471f071f079f879ccf9e8b1ecb
data/raw/ooc/OOC_image_dataset/test/good/cell_type_A549/0-1_days/230525_132.png,230525_132,230525,test,good,A549,0-1_days,1,A549,0-1_days,True,True,True,1639920,2056,1542,L,8ebac969317843eb3a788c8cbdc729b6893af399d0d92ad43188486d43981ac6,7d867e063c86398639863f073607320636273c26349e348e3c8e389e38763866
data/raw/ooc/OOC_image_dataset/test/good/cell_type_A549/0-1_days/230525_135.png,230525_135,230525,test,good,A549,0-1_days,1,A549,0-1_days,True,True,True,1644684,2056,1542,L,134dd788f6f867ff1a6f641af784764a7eca2642b4457794a875668bb6a590e0,70c774e7fcc6fcc6f7077f077e067786f587fcc7f847fa47fe07ee67e263f167
data/raw/ooc/OOC_image_dataset/test/good/cell_type_A549/0-1_days/230525_140.png,230525_140,230525,test,good,A549,0-1_days,1,A549,0-1_days,True,True,True,1756005,2056,1542,L,816b5e1a7f52c56d3fa9f1be1fb852020c4329a78256c1104ff5f0cb996cdc6b,f606f686fd86fb06f606f486fe86fe07ec07e646e646ef07ed87ec86f806fa06
data/raw/ooc/OOC_image_dataset/test/good/cell_type_A549/0-1_days/230525_143.png,230525_143,230525,test,good,A549,0-1_days,1,A549,0-1_days,True,True,True,1741627,2056,1542,L,7b51a5f564631690be435e991685dd7b562a059b852eb266cc02990adf750d18,e486f807e807fa07eb06ec16ea46e846fa46e306f906f743fb43ec47ee46ee42
data/raw/ooc/OOC_image_dataset/test/good/cell_type_A549/0-1_days/230525_144.png,230525_144,230525,test,good,A549,0-1_days,1,A549,0-1_days,True,True,True,1731639,2056,1542,L,637f56ee02f766e07e344d94061892227f428c13599cfe4f99cbfb1aef8dffdf,e442a582a302e642e403e186e506e703e782bd86bc86fe86f206f686fe87fc87
data/raw/ooc/OOC_image_dataset/test/good/cell_type_A549/0-1_days/230525_187.png,230525_187,230525,test,good,A549,0-1_days,1,A549,0-1_days,True,True,True,1866283,2056,1542,L,af53d0aced533b1b12346653aa680337a472a0761e471163b97c3845a338fdae,8e678f678f678d870f870f078f878e878f870d470d074f078c878e078e278ca7
data/raw/ooc/OOC_image_dataset/test/good/cell_type_A549/0-1_days/230525_197.png,230525_197,230525,test,good,A549,0-1_days,1,A549,0-1_days,True,True,True,1738395,2056,1542,L,a5b36cdea533598331625e71d64280f90bb7d081a91deeab29784af4ac180b87,87878707064706c706c707278f870f470f674fa74ea74e674ee74ee5ce87ce05
data/raw/ooc/OOC_image_dataset/test/good/cell_type_A549/0-1_days/230525_206.png,230525_206,230525,test,good,A549,0-1_days,1,A549,0-1_days,True,True,True,1639370,2056,1542,L,94be5f6b685e48425664ffa1dd7824784532f4c6ecb4e78e4b82625ea5e7ac48,cf4bcf8bcf0bcd0bcc8b0ecb0fcb0d8b4e8b8ec78e474e87cd874dcf0d478f07
data/raw/ooc/OOC_image_dataset/test/good/cell_type_A549/0-1_days/230525_41.png,230525_41,230525,test,good,A549,0-1_days,1,A549,0-1_days,True,True,True,1909258,2056,1542,L,34af756763b89e187074b8669d52b1c6217f0d6fe45c8500095f8cf02b054524,ccc58ef5ccd5cc95cd858f258e458e87ccc1ce498e078e05ce058d358c35ce35
data/raw/ooc/OOC_image_dataset/test/good/cell_type_A549/0-1_days/230525_42.png,230525_42,230525,test,good,A549,0-1_days,1,A549,0-1_days,True,True,True,1907516,2056,1542,L,4bd5cf786a44effaf6bbb931607ee21909f9e2512bce94c401dcb7ef3e04bd8c,ce558ea48e64ce048c148c948c548f148e648e64ce048e248ea5ceb1cc31cd21
data/raw/ooc/OOC_image_dataset/test/good/cell_type_A549/0-1_days/230525_46.png,230525_46,230525,test,good,A549,0-1_days,1,A549,0-1_days,True,True,True,1197840,2056,1542,L,2ac4eec276de668854b823cbaa3cf49aca0c1be072e5f5ae052f199aa9d471ff,c6cec646c602c602862287b207b2078005000100840200000000000000000000
data/raw/ooc/OOC_image_dataset/test/good/cell_type_A549/0-1_days/230525_52.png,230525_52,230525,test,good,A549,0-1_days,1,A549,0-1_days,True,True,True,1767035,2056,1542,L,64ec105202d248b06205840701c539db549574a56f482dc12d5f1e5e4cc693f3,d4acd42c740c754c650c66cc66ccc74cc52cc50cc7cc56ec568cd54cc50cc48c
data/raw/ooc/OOC_image_dataset/test/good/cell_type_A549/0-1_days/230525_54.png,230525_54,230525,test,good,A549,0-1_days,1,A549,0-1_days,True,True,True,1197871,2056,1542,L,a7ebe5afaaa1d2a6d03b87169c6781ea4fe4cde750b72e2124dbcc56765b3b02,0200000000000000000002040604076c176c874c970c964c8604870c860c860c
data/raw/ooc/OOC_image_dataset/test/good/cell_type_A549/0-1_days/230525_65.png,230525_65,230525,test,good,A549,0-1_days,1,A549,0-1_days,True,True,True,1533139,2056,1542,L,f6cb52cdf04150e903a65f6ec90d6ad057f877824d1d53516aa590a7e881a7b9,0000004090419f63df63da43d843dc63d963d973935bda5bd243d643d343d143
data/raw/ooc/OOC_image_dataset/test/good/cell_type_A549/2-3_days/230110_143.png,230110_143,230110,test,good,A549,2-3_days,1,A549,2-3_days,True,True,True,2790416,2048,1536,RGB,98dfef5b64cde4871800ae9f680690eee4b4cb517b7cceb04880a08444453cf7,b872b2729a4382538993a003102349134c1358933839083938391c3158916409
data/raw/ooc/OOC_image_dataset/test/good/cell_type_A549/2-3_days/230206_47.png,230206_47,230206,test,good,A549,2-3_days,1,A549,2-3_days,True,True,True,679125,640,480,RGB,c0f936a96f2b6e629806c4cc1c1149627b44239be4631b8dbecb76f9d5bde867,e6a8dd68d968e928eda8d8a8f9acf9ece16cf7cce3acf74cf7ccf9e6e9acfb6c
data/raw/ooc/OOC_image_dataset/test/good/cell_type_A549/2-3_days/230206_48.png,230206_48,230206,test,good,A549,2-3_days,1,A549,2-3_days,True,True,True,715104,640,480,RGB,109fe7032f0fed5005254823cdf7d1124af86862b8bdb5db775c14a0d560bee1,f2d9f350a990ea90c890d958ea58fad0d398f2d0dc58e8dcfed8ed38fa2cee58
data/raw/ooc/OOC_image_dataset/test/good/cell_type_A549/2-3_days/230206_56.png,230206_56,230206,test,good,A549,2-3_days,1,A549,2-3_days,True,True,True,653923,640,480,RGB,063288e72e04b6aaa2f53350d68ce705c6a8b222d3bf4823b2fbcbd4445cac24,ede6fc62fc92f6d2f2aaf4eafdfa74eaf4e27fd27aca77da725a76ca7fe67779
data/raw/ooc/OOC_image_dataset/test/good/cell_type_A549/2-3_days/230206_57.png,230206_57,230206,test,good,A549,2-3_days,1,A549,2-3_days,True,True,True,683954,640,480,RGB,187d736fd8808bd38d052143e2facd6c357d283a023a185d63c9de4e5602de65,c3c4e260d8c8eca8eae0f1e2f0eaec6af672e72aecf2ee72f378f1f866fa6665
data/raw/ooc/OOC_image_dataset/test/good/cell_type_A549/2-3_days/230510_41.png,230510_41,230510,test,good,A549,2-3_days,1,A549,2-3_days,True,True,True,1989199,2056,1542,L,54f46142f7371dc8d065fa9ca4b4f94b595e05bf50dd3323902a3fcecfb65d1a,cf03cf13cf93cf93cf93cf03cf43cca3cf238d239e639e439ce3ce43cfc39dc3
data/raw/ooc/OOC_image_dataset/test/good/cell_type_A549/2-3_days/230510_46.png,230510_46,230510,test,good,A549,2-3_days,1,A549,2-3_days,True,True,True,1996928,2056,1542,L,1aafebc2ae4c3be4009a4977708801577615a319c17dfa84787fdb07208aeb3b,bb16bf26ba46a986b9c6b906294729473d5729462e862d8638e629c629962a87
data/raw/ooc/OOC_image_dataset/test/good/cell_type_A549/2-3_days/230510_47.png,230510_47,230510,test,good,A549,2-3_days,1,A549,2-3_days,True,True,True,1992522,2056,1542,L,20895ba240efd865d79435cca51f2baee428f9dc6022a54b08fe8321fcbc141f,ab072b0729372d372a372b0629072ba62a9629e729e628c638e63d6729a72b46
data/raw/ooc/OOC_image_dataset/test/good/cell_type_A549/2-3_days/230510_57.png,230510_57,230510,test,good,A549,2-3_days,1,A549,2-3_days,True,True,True,2093984,2056,1542,L,c719f379b296a422146839a5cb8b1a2c020bb0dd989efcacf0c0438919e38368,35a635c7b986bba73b2639e63a473b6733e732e632e63266326e3a6e3aae3d0e
data/raw/ooc/OOC_image_dataset/test/good/cell_type_A549/2-3_days/230510_62.png,230510_62,230510,test,good,A549,2-3_days,1,A549,2-3_days,True,True,True,2159243,2056,1542,L,cffa53e0f39e84e6d2eee85f7e6c4b2c63d84e94a3e25f07b6c7323e39218626,4a63cee38e438ea38c23c8b34da30ce38e439ec3cbc349c38cc39fd25952db03
data/raw/ooc/OOC_image_dataset/test/good/cell_type_A549/2-3_days/230510_66.png,230510_66,230510,test,good,A549,2-3_days,1,A549,2-3_days,True,True,True,2080636,2056,1542,L,c91c71a0869a4f5ab2e6bc730ebeba2bcbe976cef438af5ba9a3bed1f8c99e8d,93c790c790c694469c16961617069f06138613c713c71346118715c710c61346
data/raw/ooc/OOC_image_dataset/test/good/cell_type_A549/2-3_days/230510_70.png,230510_70,230510,test,good,A549,2-3_days,1,A549,2-3_days,True,True,True,1892249,2056,1542,L,fcfadcee5cabb07aebf1608d56d680b7951302a619640b1f60a5ff159b46ec4a,d807d20759079907196713a752c757c617c695e615e793c71706190799869c26
data/raw/ooc/OOC_image_dataset/test/good/cell_type_A549/2-3_days/230510_71.png,230510_71,230510,test,good,A549,2-3_days,1,A549,2-3_days,True,True,True,2024844,2056,1542,L,51b9eaf28aceacc79cfcf189b239e7c5b636a6a31911d58b71bc7478a5621cc2,9ca695261b061f861e46164712c693c613c61e461e66136717679727930711c6
data/raw/ooc/OOC_image_dataset/test/good/cell_type_A549/2-3_days/230510_72.png,230510_72,230510,test,good,A549,2-3_days,1,A549,2-3_days,True,True,True,2091266,2056,1542,L,29041a364a9d6c6e6707307a9ed8773213e1529ad840f89c03fcd15cc450c133,91e713c711c79fc79786978711c793c693c793671a679ac69cc61cc69e661f66
data/raw/ooc/OOC_image_dataset/test/good/cell_type_A549/2-3_days/230510_74.png,230510_74,230510,test,good,A549,2-3_days,1,A549,2-3_days,True,True,True,2114791,2056,1542,L,744b043472e3fe40e2569df5256a50b941cbc700a263e843c0439f54ef73ec95,131617163c163b161a571d963c9638163f173c1738563817389639d638573857
data/raw/ooc/OOC_image_dataset/test/good/cell_type_A549/4+_days/220609_11.png,220609_11,220609,test,good,A549,4+_days,1,A549,4+_days,True,True,True,3066196,2048,1536,RGB,d0fa944d0e9b03e07ec9342370547ea6f74fd963415665b91b5d4c7844677066,9a8f01c701e300c310c810cc00ce20cf1047006b0079003d80bf10fc13d913c1
data/raw/ooc/OOC_image_dataset/test/good/cell_type_A549/4+_days/220609_14.png,220609_14,220609,test,good,A549,4+_days,1,A549,4+_days,True,True,True,2833231,2048,1536,RGB,70df559efffa1729f0521b007c15e4d2e8935046c310f5bb2b0e7aa6fc5e7c68,0cdb06db048b08cf00c700c700c700d300df013f00ff08ff00de01ff0bbf02f1
data/raw/ooc/OOC_image_dataset/test/good/cell_type_A549/4+_days/220609_9.png,220609_9,220609,test,good,A549,4+_days,1,A549,4+_days,True,True,True,2935705,2048,1536,RGB,8555df2fc92a1bab3f828f2fb84e07b70c589cb47559174ee04d344135215045,5fdf848b99b609f209ca08cd00d9006b1054417b602a003f06572a5a2b120282
data/raw/ooc/OOC_image_dataset/test/good/cell_type_A549/4+_days/220611_13.png,220611_13,220611,test,good,A549,4+_days,1,A549,4+_days,True,True,True,2520122,2048,1536,RGB,7131d926ac71534b99b148a02f95aa1753d4a5dfd224fe3b949c5f9390a64539,2c102d1329c111c010c804d290e790c730d14cbcf9bc4f79c77d737f1f7c071d
data/raw/ooc/OOC_image_dataset/test/good/cell_type_A549/4+_days/220611_15.png,220611_15,220611,test,good,A549,4+_days,1,A549,4+_days,True,True,True,2833140,2048,1536,RGB,cf17b3fe64a1d2ae16adfad15aa4f16f4572cfd2f88f5b608ebee204ccdd0a7d,003f0007000002001b8006a106250723414e03528a4b034b8963e1713f5103e7
data/raw/ooc/OOC_image_dataset/test/good/cell_type_A549/4+_days/220611_18.png,220611_18,220611,test,good,A549,4+_days,1,A549,4+_days,True,True,True,2960581,2048,1536,RGB,8ecb9fff1ac65fa14a24e924044ba93897154529f6fe447ad6eaba10ac0d326f,0427226523111929156704c9214620a65173c9ac1156115126346b2cfbab0dbb
data/raw/ooc/OOC_image_dataset/test/good/cell_type_A549/4+_days/220612_15.png,220612_15,220612,test,good,A549,4+_days,1,A549,4+_days,True,True,True,3001488,2048,1536,RGB,300f9840ec2d6fa0129fcc8e43e50360f1ee1c2dea753ccb13f914bc048a4f05,0048004a01430313031002210721078d82678527c0a4528d420d50f7d0f6f7ff
data/raw/ooc/OOC_image_dataset/test/good/cell_type_A549/4+_days/220620_10.png,220620_10,220620,test,good,A549,4+_days,1,A549,4+_days,True,True,True,2855276,2048,1536,RGB,35aaeee0dfe823a88107291b03c22b6689337b773687d87af1a18c60784b116f,019f419fc58e810c500c203c991ce30e530eb20b452bcd338923992999295c31
data/raw/ooc/OOC_image_dataset/test/good/cell_type_A549/4+_days/220620_7.png,220620_7,220620,test,good,A549,4+_days,1,A549,4+_days,True,True,True,2764331,2048,1536,RGB,4456256a29a74bc9c158ff6c47225ce999da110494e4b707f1081eeca879667e,01860c6f08ef88fe0c58d11294d3905bc04e750e84b4b413f611f613f003c007
data/raw/ooc/OOC_image_dataset/test/good/cell_type_A549/4+_days/221219_16.png,221219_16,221219,test,good,A549,4+_days,1,A549,4+_days,True,True,True,2668684,2048,1536,RGB,770262e14bd8117d69a7add998e6a5c05370fb88878ced0b134a9500797349a7,ae433cb139713d219f4997619560ddf0deb0db68d7e8cdc8cc9ce858e878eb3c
data/raw/ooc/OOC_image_dataset/test/good/cell_type_A549/4+_days/221219_17.png,221219_17,221219,test,good,A549,4+_days,1,A549,4+_days,True,True,True,2611408,2048,1536,RGB,8f0011c2e560deba6c2f54968f36e4ee8d843a391d078afdecd775216085dca0,fa4cde0cfb00fb4cdf28fbaaf5e8fa68f4bbd9ba6b666c9c6c9c645166e96788
data/raw/ooc/OOC_image_dataset/test/good/cell_type_A549/4+_days/230320_41.png,230320_41,230320,test,good,A549,4+_days,1,A549,4+_days,True,True,True,1741127,2056,1542,L,ca45e3df8188e1fe18051924c9b62e97fb23822de3694650e253427c13e47e4c,9b539b031b431f431d631c731c7298739c739cf39cc39e469a461c471a871a86
data/raw/ooc/OOC_image_dataset/test/good/cell_type_A549/4+_days/230320_46.png,230320_46,230320,test,good,A549,4+_days,1,A549,4+_days,True,True,True,1893426,2056,1542,L,bc724549ea853f969b91441376b2d32b20639673cef1306fc0947577fdeefd95,9e259e059f451fc51ec59f819b819b919bd11de19e811f911f811e011e811ec1
data/raw/ooc/OOC_image_dataset/test/good/cell_type_A549/4+_days/230320_51.png,230320_51,230320,test,good,A549,4+_days,1,A549,4+_days,True,True,True,2051300,2056,1542,L,3bb48dde8930edf2ef64ce278852535dd9830510903703f0290000cee3e07f68,4f904ef08ce19bb11b211fa91f811ec11ec11f999f911f919ea19f319f211d61
data/raw/ooc/OOC_image_dataset/test/good/cell_type_A549/4+_days/230320_56.png,230320_56,230320,test,good,A549,4+_days,1,A549,4+_days,True,True,True,2048603,2056,1542,L,75a6935c4e571f3be1a9da31ebae35c5b77411bf868369f435eab8553294ebb7,3be12fc12fd12af13f313fa11fa13fe32e632e932d832d932db32b232ba32b23
data/raw/ooc/OOC_image_dataset/test/good/cell_type_A549/4+_days/230320_62.png,230320_62,230320,test,good,A549,4+_days,1,A549,4+_days,True,True,True,1657668,2056,1542,L,321e43c0412cce808ea345362f40a058f83709f5004841bf33ad44c06d1887ba,372b3e733c432c2b2d632f332da32d032d132d932cc32ec32e832d832d932983
data/raw/ooc/OOC_image_dataset/test/good/cell_type_A549/4+_days/230320_64.png,230320_64,230320,test,good,A549,4+_days,1,A549,4+_days,True,True,True,1629348,2056,1542,L,8625afcb7bafed96f9ba7191afc11c39538b946fea09a6cb27cb15faa034b9d0,2f432e432b332b832bc36b4369c36973733367236e633c636c236cb36c236f33
data/raw/ooc/OOC_image_dataset/test/good/cell_type_A549/4+_days/230320_66.png,230320_66,230320,test,good,A549,4+_days,1,A549,4+_days,True,True,True,1682828,2056,1542,L,e1e6cb6bb5833185563749c6e4ae8d4b52498f971fa2f20eb6464ef521cae4d1,6f8369866f076d176e3669b669466ac64dc66d666d666d36691649964b067b27
data/raw/ooc/OOC_image_dataset/test/good/cell_type_A549/4+_days/230320_69.png,230320_69,230320,test,good,A549,4+_days,1,A549,4+_days,True,True,True,1663434,2056,1542,L,28a7c837bff192e83b9bd34bfa0baf432bd35db7ace921e4eb326e3842774864,494c492c5f4c5f4e5f2e5e0c5b4c5bec596c59ec59ad590c5d8c598c5fcc578c
data/raw/ooc/OOC_image_dataset/test/good/cell_type_A549/4+_days/230321_1.png,230321_1,230321,test,good,A549,4+_days,1,A549,4+_days,True,True,True,5797144,2048,1536,RGB,3451443f4170851e4964af7b41a1a707bc85975c51f78914a0d2c4082a20640e,fb81dac1f291eba3f341ff00fe80fe80ff90ffc0efe0ffe0fde0fb60fb60fd68
data/raw/ooc/OOC_image_dataset/test/good/cell_type_A549/4+_days/230321_4.png,230321_4,230321,test,good,A549,4+_days,1,A549,4+_days,True,True,True,5770204,2048,1536,RGB,ea676bcb1c87a455ffbe1bba63599ea07cfeeef15066d72e7ef0469bc16ff779,9c55ce75fc45fc95fd55fa81fac1f491f985dac1dec1fa01fe00fc44dc40dca0
data/raw/ooc/OOC_image_dataset/test/good/cell_type_A549/4+_days/230321_8.png,230321_8,230321,test,good,A549,4+_days,1,A549,4+_days,True,True,True,5198698,2048,1536,RGB,a0f699477ca63d117ad496028ac0f1a760f1f6a4b297359d188d7d7240a7c1bc,6d58eed0eae5edb5e9a5a5b4a5ada75da70da709bf11bb05b785b385bbc5bb89
data/raw/ooc/OOC_image_dataset/test/good/cell_type_A549/4+_days/230425_100.png,230425_100,230425,test,good,A549,4+_days,1,A549,4+_days,True,True,True,2102346,2056,1542,L,c0ddf125a3bccb4542c599b108073e14d2992ec81cf5ee4a5c4ed51fc8ad0236,fd18fd18fe1af81ffe1ffc19fd18fc19fe1bfe1afe19fe1cfe18fe1cfe1dfe1b
data/raw/ooc/OOC_image_dataset/test/good/cell_type_A549/4+_days/230425_143.png,230425_143,230425,test,good,A549,4+_days,1,A549,4+_days,True,True,True,2119158,2056,1542,L,32e621bf32b01bf92dc692be5d80f4169e1f4fa54fbec240b85c1c12006ef74d,c7b6c527ce67cfa7cec7c6a6c727c637c447c746cdc6cd86cf16eca6e7a6cf66
data/raw/ooc/OOC_image_dataset/test/good/cell_type_A549/4+_days/230425_145.png,230425_145,230425,test,good,A549,4+_days,1,A549,4+_days,True,True,True,2100683,2056,1542,L,c2d9ba345521c5ac5abf9f1d3bce36d2575a91ca3e4ff7d64c50bd7b7e7f88d9,c4c7c726c567c467c647c667e6a6c587c727c566c5e6c5e6c7c6c7e6c6c6c5c6
data/raw/ooc/OOC_image_dataset/test/good/cell_type_A549/4+_days/230425_152.png,230425_152,230425,test,good,A549,4+_days,1,A549,4+_days,True,True,True,2082324,2056,1542,L,4dd837e79af8f764fa368ea453bf65d87423b55f2bcdfc12a967eee9cc9c684d,e7a6c7a6e7a6e746a78687868786c787c787c786c786c786c786e7c6e786e726
data/raw/ooc/OOC_image_dataset/test/good/cell_type_A549/4+_days/230425_155.png,230425_155,230425,test,good,A549,4+_days,1,A549,4+_days,True,True,True,2050532,2056,1542,L,a95355a5be698cf7d366cc0a4d5570444042ac4093f35386edbef2bda88716d5,c606c687c797e707c747c646e646c6c6c7c7c6c7c606c707c787c787c707c707
data/raw/ooc/OOC_image_dataset/test/good/cell_type_A549/4+_days/230425_71.png,230425_71,230425,test,good,A549,4+_days,1,A549,4+_days,True,True,True,1584915,2056,1542,L,ecc2d44469c5b4ccc7c6b2393c626c42c16a7793bb541184773562e67813e43a,96e3964396639c6394f395339733974317039703963396339733973395939593
data/raw/ooc/OOC_image_dataset/test/good/cell_type_A549/4+_days/230425_76.png,230425_76,230425,test,good,A549,4+_days,1,A549,4+_days,True,True,True,1487089,2056,1542,L,2bf565f0cc1b244f4ae65d796d6929c76d1b4fd6a38b4d101d16c5937ecbb302,2ca63ca63da73d873d473dcc3dce3f8e38ef30ef223e273e271e271e271e271f
data/raw/ooc/OOC_image_dataset/test/good/cell_type_A549/4+_days/230425_88.png,230425_88,230425,test,good,A549,4+_days,1,A549,4+_days,True,True,True,1655308,2056,1542,L,77f533d71590ff587626044b5b1cdfb7a7e358a465965fadfeeabd2eef73849e,992b192b386338c7308739863806380738073c063c06380738073c073c073c07
data/raw/ooc/OOC_image_dataset/test/good/cell_type_A549/4+_days/230425_90.png,230425_90,230425,test,good,A549,4+_days,1,A549,4+_days,True,True,True,1668965,2056,1542,L,4d8a59b55499d8ef8cfa241637ec0bdcbf7e6e36c8ec457adc6938d0af56805d,3c063e463e463e077e077c0779077806790678067c067c0678067b077b077c06
data/raw/ooc/OOC_image_dataset/test/good/cell_type_A549/4+_days/230425_93.png,230425_93,230425,test,good,A549,4+_days,1,A549,4+_days,True,True,True,1917387,2056,1542,L,14b863d018f6155108490e6797013bc4a4a264efe385cb8ca59150d175f51d43,7d0e7c0c7e0d7e0d7e0d790c7c8c7d8e7a0e7e0c788c780c640e740c750c6c0e
data/raw/ooc/OOC_image_dataset/test/good/cell_type_A549/4+_days/230425_96.png,230425_96,230425,test,good,A549,4+_days,1,A549,4+_days,True,True,True,2146481,2056,1542,L,95bff126ff015e92667eb8b3eb14c03e44bf6ea52b743cca0900c7d9f4f118de,fa1ef81cf81cfa18fe18ec18ec1cec1cfc18fc1af91ef19deb99ec91ec9eccbe
data/raw/ooc/OOC_image_dataset/test/good/cell_type_A549/4+_days/230512_40.png,230512_40,230512,test,good,A549,4+_days,1,A549,4+_days,True,True,True,1913306,2056,1542,L,73934efe5a94cd2ffde35d9c3f93c8a66a7d5c634b50f70f9fe9e7cf918cbf56,9f839e439f4399c39d339d339da31d831f839fa31bc31f431d139d839f139b13
data/raw/ooc/OOC_image_dataset/test/good/cell_type_A549/4+_days/230512_54.png,230512_54,230512,test,good,A549,4+_days,1,A549,4+_days,True,True,True,1680074,2056,1542,L,a7e902192784ab32475cf03d7b729e110e568c7dd9fc8eb717dd2babf34ae119,cfc34bc30b438943ca238da38f838e438e838a238a438c930ea30e83cf03cf83
data/raw/ooc/OOC_image_dataset/test/good/cell_type_A549/4+_days/230517_38.png,230517_38,230517,test,good,A549,4+_days,1,A549,4+_days,True,True,True,1856801,2056,1542,L,0ce3902f949f7c3b7a262ddc1bfe92c39a498b15c4480be3b4dba37faa732ddc,cd5bcccbcc53cfdbce6bcfa38ef3c3e3c3d385738e738e73c4738d73ce3b861b
data/raw/ooc/OOC_image_dataset/test/good/cell_type_A549/4+_days/230517_39.png,230517_39,230517,test,good,A549,4+_days,1,A549,4+_days,True,True,True,1881146,2056,1542,L,6f2559c51e92e6159926616021b6ef016e0e61e6bfc84dfcefd361a8526aa634,ce33c73bcd93cfb3ce32c4f285e3c323c7338e7b8c7b99fb937b97b387f38d2b
data/raw/ooc/OOC_image_dataset/test/good/cell_type_A549/4+_days/230517_49.png,230517_49,230517,test,good,A549,4+_days,1,A549,4+_days,True,True,True,1891033,2056,1542,L,c6a5e278b438fcc9addafcdec0c3275aa0952d5264b4a9c5b10004dfddec6db4,cd73cc634d3349a3c8e3ccc389239d231d1399139ab39c635963daf35b739b43
data/raw/ooc/OOC_image_dataset/test/good/cell_type_A549/4+_days/230517_51.png,230517_51,230517,test,good,A549,4+_days,1,A549,4+_days,True,True,True,1871152,2056,1542,L,aa68dc3bbad1c0564261122509e8edca53f0a6a6ccbbd6bb1b9d05a629332783,cba3dd639d239ca39e73995398c39b139d939c939c131d2399b39d439f639a63
data/raw/ooc/OOC_image_dataset/test/good/cell_type_A549/4+_days/230517_57.png,230517_57,230517,test,good,A549,4+_days,1,A549,4+_days,True,True,True,1759410,2056,1542,L,c49192f2684e744951d06ef4abf6d8a8368748317a0ff5005076fc571ef44f85,ce33ce234d63cf63cf934e534e538ca3cf334ed34db34cb34e63ccc3cfc34cd3
data/raw/ooc/OOC_image_dataset/test/good/cell_type_A549/4+_days/230517_66.png,230517_66,230517,test,good,A549,4+_days,1,A549,4+_days,True,True,True,1877727,2056,1542,L,78ff0971f30cbfefd0342f4f207fc1c3a6063e89c8f17bb352c8d0568b254deb,ce674fa75b875da70e271b071a6719675b471e671867596319821dc29d671e23
data/raw/ooc/OOC_image_dataset/test/good/cell_type_A549/4+_days/230529_109.png,230529_109,230529,test,good,A549,4+_days,1,A549,4+_days,True,True,True,1964384,2056,1542,L,0e03008fe069769d11fcacab628ba98eb4faa1e2e6510cc90063f2e28e19dc1b,46c0c7e0c66006204700c710c700c788c798c79987218721c7c1e7d087c087c0
data/raw/ooc/OOC_image_dataset/test/good/cell_type_A549/4+_days/230529_116.png,230529_116,230529,test,good,A549,4+_days,1,A549,4+_days,True,True,True,1792456,2056,1542,L,e7c3a789ed88ca55512f60b459aa8318ee0b6b7fb9a72542625ac556b1cbf205,c3c0e3e0a3b063e0e3e0a3b0c3f063e063f0e3e043d063d82364434c030c8684
data/raw/ooc/OOC_image_dataset/test/good/cell_type_A549/4+_days/230529_117.png,230529_117,230529,test,good,A549,4+_days,1,A549,4+_days,True,True,True,1689345,2056,1542,L,003935cf2828dd5018af14849180cf3a7780f906b74b58055d168df968148af4,9ea79d879fc79ec79d471e470e478dc78fe78d678f478e278e678e678fc78fc7
data/raw/ooc/OOC_image_dataset/test/good/cell_type_A549/4+_days/230529_127.png,230529_127,230529,test,good,A549,4+_days,1,A549,4+_days,True,True,True,1827408,2056,1542,L,9f6ca77c4a3f856c8d7e970f7fc3f3fd069a830250df54b85402761391d01e46,39c738c73c473e033e033a8739873963392338233863182318631b6339433e03
data/raw/ooc/OOC_image_dataset/test/good/cell_type_A549/4+_days/230529_133.png,230529_133,230529,test,good,A549,4+_days,1,A549,4+_days,True,True,True,1858051,2056,1542,L,6a800d0f29aeec9dfc85cb3af7207727fb42c9fe43e11fefe7f64842c60b0770,9dc11d611f411de11f211fa01fa01f891e811eb11f781f5817009e099e791e69
data/raw/ooc/OOC_image_dataset/test/good/cell_type_A549/4+_days/230529_137.png,230529_137,230529,test,good,A549,4+_days,1,A549,4+_days,True,True,True,1924911,2056,1542,L,d0ce1d40ffbb0c1d684a4f7504b44805e9f42a9c2401a3c0f0a66dcda8fbbafe,798376837643760375037d237e03764374237e33765376337233730373017705
data/raw/ooc/OOC_image_dataset/test/good/cell_type_A549/4+_days/230529_196.png,230529_196,230529,test,good,A549,4+_days,1,A549,4+_days,True,True,True,1741473,2056,1542,L,415efca7c174dbd1b109712c591eea6273c118079abf953ad1b385b67287544c,87c7878786c706c78627072787a706a706a707a70627076747e547254627c625
data/raw/ooc/OOC_image_dataset/test/good/cell_type_A549/4+_days/230529_204.png,230529_204,230529,test,good,A549,4+_days,1,A549,4+_days,True,True,True,1641134,2056,1542,L,2c721089b519d1b1c8cba2b6b11b930d52f46483b76eebdfbf18558b29086623,8f8f8f0fcf0f4f870f8f8f8b8f8f8f8f0f8f0f8f8fcf0ecb0e4bce8bce8b8ecf
data/raw/ooc/OOC_image_dataset/test/good/cell_type_A549/4+_days/230529_36.png,230529_36,230529,test,good,A549,4+_days,1,A549,4+_days,True,True,True,1678554,2056,1542,L,6c286ce019ce7558d17a676a4e625558d5d2ebbd353e8351961c019b3ea766dd,0000000004000010047064f0a711a6c9e605c705e615e611e601e705e741e545
data/raw/ooc/OOC_image_dataset/test/good/cell_type_A549/4+_days/230529_52.png,230529_52,230529,test,good,A549,4+_days,1,A549,4+_days,True,True,True,1471967,2056,1542,L,8d459bf8bdcbe62fd22ca04e9fb61fa26713dcbd30c0af625f3f211de633cfdd,d384d3a4d3a4d3a4d30cd38cc36cd3c493e4932c936c830c820c822800008000
data/raw/ooc/OOC_image_dataset/test/good/cell_type_A549/4_days/230424_62.png,230424_62,230424,test,good,A549,4_days,1,A549,4_days,True,True,True,1935088,2056,1542,L,93e979a6b9f57195c41649ae01cfdc9a8ba2c47e4548dde4262235d29567f7e8,1ba699b69db79b9799d69c669a6798679c671c271da619cf3b4f334f298f2d9b
data/raw/ooc/OOC_image_dataset/test/good/cell_type_A549/4_days/230424_65.png,230424_65,230424,test,good,A549,4_days,1,A549,4_days,True,True,True,1649310,2056,1542,L,68f178830ea2f975eb8de5dfe0efc0b2a9fc7916329766306013666b0fb570e8,9b319b719a719a719a3113719371136912e993e193d193d393b391e311c31983
data/raw/ooc/OOC_image_dataset/test/good/cell_type_A549/4_days/230424_73.png,230424_73,230424,test,good,A549,4_days,1,A549,4_days,True,True,True,1713370,2056,1542,L,b485c8523c209def568f71445d7a1876867ed0a55b64a00ed5012d42aaf5a93c,9d83978397e394939f339f939f939fc39fb39e239fa39f239fb39fb39d839c83
data/raw/ooc/OOC_image_dataset/test/good/cell_type_A549/4_days/230424_74.png,230424_74,230424,test,good,A549,4_days,1,A549,4_days,True,True,True,1721948,2056,1542,L,f1af90b531e006f6f8ef97181f0441a363036b006e7e58747f24fb606fa2d68c,9fd39d939e839e039e839e839ed39e539ee31f831f439d831c831d83179b131b
data/raw/ooc/OOC_image_dataset/test/good/cell_type_A549/4_days/230424_78.png,230424_78,230424,test,good,A549,4_days,1,A549,4_days,True,True,True,1725673,2056,1542,L,30f48379fe6be7c282c1c2c9de8dd0dc128bf7ab008fecdd5aa57c04946e09ee,3f273f863d863d863dc73f8f3f0e3a0f3f0f3f8c3d8e3f8e3d8e3e8e3eac1e0d
data/raw/ooc/OOC_image_dataset/test/good/cell_type_A549/4_days/230424_83.png,230424_83,230424,test,good,A549,4_days,1,A549,4_days,True,True,True,1434564,2056,1542,L,187942df044431d30e8ed6ee1fe1acdf4fec353734ce8e1fff0d89f9c11e21e7,3a473a07398638c63966394639c63d863d873dc73ac63ac63a463a673c463a86
data/raw/ooc/OOC_image_dataset/test/good/cell_type_A549/4_days/230424_85.png,230424_85,230424,test,good,A549,4_days,1,A549,4_days,True,True,True,1753838,2056,1542,L,feca18dfb07cf8404728f426c9e0e58c239e9e84b1f90c0914da6ccd1cd22d2a,3c663b4633c773877f871f063f063706738673877b171f961f871f273f664e66
data/raw/ooc/OOC_image_dataset/test/good/cell_type_A549/4_days/230424_87.png,230424_87,230424,test,good,A549,4_days,1,A549,4_days,True,True,True,1824823,2056,1542,L,455468a4be05f5f03322085ac9e0a8402bcda0f7567d14aef1cbf7a9cbd09147,5ecd5ccc5ccc5f4c79cc79cc5dcc5f4c7e4e5a4e5a4e590e590e780e784e79ce
data/raw/ooc/OOC_image_dataset/test/good/cell_type_A549/4_days/230424_88.png,230424_88,230424,test,good,A549,4_days,1,A549,4_days,True,True,True,1843227,2056,1542,L,28b188a1c69fe2d26539ebd8c7ef988d582ba91b23a45d159c0363933c926b18,7ccc798d798d79cc7ccc7c4e7c4e7e4e770c7dcc7c4c744c74ce73ce7bcc7ecc
data/raw/ooc/OOC_image_dataset/test/good/cell_type_CACO/0-1_days/221215_12.png,221215_12,221215,test,good,CACO,0-1_days,1,CACO,0-1_days,True,True,True,2967769,2048,1536,RGB,f1584624ed556ef5f71ff97f829446202bbd529957c019c2adf6d0d86fd468b5,2b25a335a937e6b364b565b357b627b26590949091141cd421d902599c58acda
data/raw/ooc/OOC_image_dataset/test/good/cell_type_CACO/0-1_days/221215_16.png,221215_16,221215,test,good,CACO,0-1_days,1,CACO,0-1_days,True,True,True,2360867,2048,1536,RGB,6aac1f10b05a9c7edffe906e1976995d21e2475e292b7becc92b8866ec914713,3e5b375b2ebb3d6b352bb37b3a39949935198cc9974999499409938991499889
data/raw/ooc/OOC_image_dataset/test/good/cell_type_CACO/0-1_days/221215_22.png,221215_22,221215,test,good,CACO,0-1_days,1,CACO,0-1_days,True,True,True,2346139,2048,1536,RGB,a35a34fab8f0ae967128356ce4a6850e872732ce8b48cada0f8efbdb79a294cf,ad3647329d326f5356d37cb36c9369bbf23bf73b61392cd9329928493018301c
data/raw/ooc/OOC_image_dataset/test/good/cell_type_CACO/0-1_days/230328_11.png,230328_11,230328,test,good,CACO,0-1_days,1,CACO,0-1_days,True,True,True,2904655,2048,1536,RGB,2eb339dc77e55b11e06477e6be74156e444f7523b00616ab444fe7a0dc9eee6c,e1a7e0c7e487f2a7f123f0a3e06370c376c374a366c36633629376b376a37e93
data/raw/ooc/OOC_image_dataset/test/good/cell_type_CACO/0-1_days/230328_12.png,230328_12,230328,test,good,CACO,0-1_days,1,CACO,0-1_days,True,True,True,2887965,2048,1536,RGB,ffdd3dc91cf8add25f2473d40c3fd8e00e755da5d2c717aa94deea94d702f491,e661e6c1e3c162c167c16a81698174e160c170a578e578e570e576657cd57d54
data/raw/ooc/OOC_image_dataset/test/good/cell_type_CACO/0-1_days/230328_13.png,230328_13,230328,test,good,CACO,0-1_days,1,CACO,0-1_days,True,True,True,2693213,2048,1536,RGB,d5bacee05a22ae18de96a04fa78c163d77bfc7b6ebc8b93468d528a79b11e0be,f143710761036543790378a37c23640774a374a370c3706373437b037c837e13
data/raw/ooc/OOC_image_dataset/test/good/cell_type_CACO/0-1_days/230328_3.png,230328_3,230328,test,good,CACO,0-1_days,1,CACO,0-1_days,True,True,True,2878398,2048,1536,RGB,33c137d2e63331ade82ab745667273988e31a86df1b8bd23ae726cd4ae881634,743175717ae172e178c179d17d717af172317921716871c87769767976897d89
data/raw/ooc/OOC_image_dataset/test/good/cell_type_CACO/0-1_days/230328_4.png,230328_4,230328,test,good,CACO,0-1_days,1,CACO,0-1_days,True,True,True,2890980,2048,1536,RGB,15b1cc02137728619e8a1fb552656d88b0f5c618bff987596bd73c1389266db7,edcbe4e9e649e549fee1fc89e689e1a1e5a1e561f501e3617321632179a17c21
data/raw/ooc/OOC_image_dataset/test/good/cell_type_CACO/2-3_days/220506_12.png,220506_12,220506,test,good,CACO,2-3_days,1,CACO,2-3_days,True,True,True,2743996,2048,1536,RGB,e29d86643b47820a14aaef7411f1067bd7f82b8f99616a5f57e138287bc50efb,99cf90cca036a05808d9a0f880eaa02c8bac89e89cecb07e3adbb0cb91eb836b
data/raw/ooc/OOC_image_dataset/test/good/cell_type_CACO/2-3_days/220606_17.png,220606_17,220606,test,good,CACO,2-3_days,1,CACO,2-3_days,True,True,True,2420919,2048,1536,RGB,7f5aecebdebc4fcaa977ed5ce35cdc21d1c74ddaa48e34cf50e4729d4d24ff68,f24f62653e518e0d0227930791138913c136410613224366466d0e6778240004
data/raw/ooc/OOC_image_dataset/test/good/cell_type_CACO/2-3_days/230329_6.png,230329_6,230329,test,good,CACO,2-3_days,1,CACO,2-3_days,True,True,True,4478957,2048,1536,RGB,7a37cc5068f485374bd659d5b099258bddd5b23a7698de3e6fe79437fadb495b,f7d3f2e3716366b3613373a970f1727172b170b971f17271707179717cf936f9
data/raw/ooc/OOC_image_dataset/test/good/cell_type_CACO/2-3_days/230419_119.png,230419_119,230419,test,good,CACO,2-3_days,1,CACO,2-3_days,True,True,True,2071424,2056,1542,L,9ab73a0217288b18057f9eed4915b2258da084690dc1a77d94293677eb17ab7f,dd8ed9ce58ce5d4e5b0c194e98ce9cce9e4e9c8e99ce926e8e3e9e9e9d1c1fce
data/raw/ooc/OOC_image_dataset/test/good/cell_type_CACO/2-3_days/230419_120.png,230419_120,230419,test,good,CACO,2-3_days,1,CACO,2-3_days,True,True,True,2080716,2056,1542,L,67b55d3fc1a2904930f72719c4a3f8143896b2bda5244d007b6a60c769ddcd2f,99cc97ce9a8e9a9e8c9c163c91dc9c1e991c191c9c5c1d9c999e9b9e1b1e199e
data/raw/ooc/OOC_image_dataset/test/good/cell_type_CACO/2-3_days/230419_124.png,230419_124,230419,test,good,CACO,2-3_days,1,CACO,2-3_days,True,True,True,2086532,2056,1542,L,8e837ef2df214499b1f219ec85a3b5a6300493a61f086c209ab62c4e3960f1a7,9e989e989c1896189a189d18b1989d9cbb18b3189e989c9cbcdcb69cbe9cb29c
data/raw/ooc/OOC_image_dataset/test/good/cell_type_CACO/4+_days/220512_14.png,220512_14,220512,test,good,CACO,4+_days,1,CACO,4+_days,True,True,True,2779360,2048,1536,RGB,636b4b43e3cc149b46616a96752773ab25535bf632369457e83d56f7a0010cad,215f00df409e819fc137529e526e624f60c7424fc20f421d42744235a2ce919b
data/raw/ooc/OOC_image_dataset/test/good/cell_type_CACO/4+_days/220512_15.png,220512_15,220512,test,good,CACO,4+_days,1,CACO,4+_days,True,True,True,2815998,2048,1536,RGB,763363f4cd1b80a3f980090b738556c1642da6dda2b3345a4e9039d35fb09451,200f200d280f425fc21f900798079a0b8a070603060104070867016e816700d7
data/raw/ooc/OOC_image_dataset/test/good/cell_type_CACO/4+_days/220515_1.png,220515_1,220515,test,good,CACO,4+_days,1,CACO,4+_days,True,True,True,2894427,2048,1536,RGB,3ae1f65bb59a1bcdff04bcf0b5a78c3cdf3666be431721dcb81e1ec13acdeb8e,00a7208348034c03c403e003f003f003f007901f801f001e001c000c000401fe
data/raw/ooc/OOC_image_dataset/test/good/cell_type_CACO/4+_days/220515_2.png,220515_2,220515,test,good,CACO,4+_days,1,CACO,4+_days,True,True,True,2727890,2048,1536,RGB,227b1126156a9de65db96c5798e41e695dbbe95490845c3e4cf68457950ae6a3,18fe98e798c319c33d037c037c037803f007e00fe03f401e021e061c021e131a
data/raw/ooc/OOC_image_dataset/test/good/cell_type_CACO/4+_days/220515_3.png,220515_3,220515,test,good,CACO,4+_days,1,CACO,4+_days,True,True,True,3156197,2048,1536,RGB,1ad0b07226ad21216c3cd89733544e1940434c604e842e20b63b5d41bace71d5,60638ccfc603c703c70bc6138113110520068c278825002c0014240c04111475
data/raw/ooc/OOC_image_dataset/test/good/cell_type_CACO/4+_days/220609_4.png,220609_4,220609,test,good,CACO,4+_days,1,CACO,4+_days,True,True,True,2694072,2048,1536,RGB,d8b9e6a02955bfcd0030dceb69985145f257794069e2b6d185215a545cc7e8b4,20a700c7c38ba2ce10ced0e3c0e96079711d713c103f45ba00374ab71a1b080b
data/raw/ooc/OOC_image_dataset/test/good/cell_type_CACO/4+_days/220609_5.png,220609_5,220609,test,good,CACO,4+_days,1,CACO,4+_days,True,True,True,2838837,2048,1536,RGB,9d9d443d7249eebbd927b037234a0d7be9125cd10b859bf727b59cd8692def29,012f94bc12e8088bc9958cc70db606f612b950fdd8b4183c2b36226302760356
data/raw/ooc/OOC_image_dataset/test/good/cell_type_CACO/4+_days/220611_1.png,220611_1,220611,test,good,CACO,4+_days,1,CACO,4+_days,True,True,True,2673834,2048,1536,RGB,66f7d5655bccf943754653287eb9b8684ff0f1ed9b4bb3334299f891a506dcc4,881da42d8e4e8ace999e832ac63ac61acc4bc80dd4add85ff0def2aed3aec9fd
data/raw/ooc/OOC_image_dataset/test/good/cell_type_CACO/4+_days/220611_5.png,220611_5,220611,test,good,CACO,4+_days,1,CACO,4+_days,True,True,True,2832764,2048,1536,RGB,26f551cf47552eedfd471fdb2a968626314ac22f507a1cd72a75fd457e917881,84de9c6794d79077932f971f87179717959791b79297d25bd23bd05bc5dfd3d7
data/raw/ooc/OOC_image_dataset/test/good/cell_type_CACO/4+_days/220612_5.png,220612_5,220612,test,good,CACO,4+_days,1,CACO,4+_days,True,True,True,2910149,2048,1536,RGB,7879fa98799c496a84d4f4e5b7991ce81bff1f7e690d46cdf0f6a729b5d8bbdc,048705c701c319c11888196408c219c40bd183a0a6e0f7597599676e356d1fa4
data/raw/ooc/OOC_image_dataset/test/good/cell_type_CACO/4+_days/220612_8.png,220612_8,220612,test,good,CACO,4+_days,1,CACO,4+_days,True,True,True,2716383,2048,1536,RGB,e2f0f790527a2e01cd9f6211f2ff50217d2dab6f9c4bfa4e6ef7b6fcfd081df0,019b011f120e0a270a73070946004706969790cf90dba9c9c9d1e9f0717039f4
data/raw/ooc/OOC_image_dataset/test/good/cell_type_HPMEC/0-1_days/220429_10.png,220429_10,220429,test,good,HPMEC,0-1_days,1,HPMEC,0-1_days,True,True,True,2208083,2048,1536,RGB,4d4bc7f94778528a5a921957a5d0475e210c4d46ed52e1d57500ded14d7bdce0,08970057001f209f0037103f302f901f885f604f502f102f103f407f053f041f
data/raw/ooc/OOC_image_dataset/test/good/cell_type_HPMEC/0-1_days/220429_12.png,220429_12,220429,test,good,HPMEC,0-1_days,1,HPMEC,0-1_days,True,True,True,2233300,2048,1536,RGB,59b12fa020f45bda46961f7c12026e0096444eecda4c5d37a0f718036a722baf,0043004b004b001b001b000f006f002f202f846f505741370017101f101f083f
data/raw/ooc/OOC_image_dataset/test/good/cell_type_HPMEC/0-1_days/220626_7.png,220626_7,220626,test,good,HPMEC,0-1_days,1,HPMEC,0-1_days,True,True,True,2886908,2048,1536,RGB,c1718f86ac8f45ed3e398007dbef1620898d523571a389df2898028764c9235f,0fff7e7756f7943f08770377036a4a640e750e650a330d170b11000205a00000
data/raw/ooc/OOC_image_dataset/test/good/cell_type_HPMEC/0-1_days/220708_4.png,220708_4,220708,test,good,HPMEC,0-1_days,1,HPMEC,0-1_days,True,True,True,2574503,2048,1536,RGB,d85a97a99e051d85982c9c2d336117b94ee6b50c10ce9be76f22ffb157f4eb27,003f06ff5fffffe1f661c661446165e167f003f2239731f3aba106f08511a0f9
data/raw/ooc/OOC_image_dataset/test/good/cell_type_HPMEC/0-1_days/220708_6.png,220708_6,220708,test,good,HPMEC,0-1_days,1,HPMEC,0-1_days,True,True,True,2569047,2048,1536,RGB,705e320759d5a062d9daf5fc2661fdbf7fe3f460b9ee92ff5a35870d820edf55,0dff3fffff8ffd078b87188793872d8799c98c4d87edcea51bc0190610ec1f77
data/raw/ooc/OOC_image_dataset/test/good/cell_type_HPMEC/0-1_days/220708_7.png,220708_7,220708,test,good,HPMEC,0-1_days,1,HPMEC,0-1_days,True,True,True,2568896,2048,1536,RGB,5c2eb098268027c4f6a051f247b8dba92dc6523899b45e0250d1fb5bc45cd4e7,9ffcffdffffff9f3c0f324e761ed92dd51a6d1969a6684ed0ea430e1083003c0
data/raw/ooc/OOC_image_dataset/test/good/cell_type_HPMEC/0-1_days/220715_1.png,220715_1,220715,test,good,HPMEC,0-1_days,1,HPMEC,0-1_days,True,True,True,2602397,2048,1536,RGB,8060f5c0bc4d41fde9e2f470cddc35df7ade4a3275bd6369cc60f1a1b2c8fb9f,1cfff3fff38d438d4b1810518477630621942473e066a06e006a000000000001
data/raw/ooc/OOC_image_dataset/test/good/cell_type_HPMEC/0-1_days/221010_12.png,221010_12,221010,test,good,HPMEC,0-1_days,1,HPMEC,0-1_days,True,True,True,2426369,2048,1536,RGB,f2053a7c87a4cb50b35cfb1a1081965adad0c4ba7093307e7caff85655aa68aa,020c000c822c800e810e890e892e8a2e882ec82ec82e8886b2a63d261ba69996
data/raw/ooc/OOC_image_dataset/test/good/cell_type_HPMEC/0-1_days/221010_16.png,221010_16,221010,test,good,HPMEC,0-1_days,1,HPMEC,0-1_days,True,True,True,2468561,2048,1536,RGB,79758559d6889bfff2a40b80c5c52ce57d1b612ae590b4ae70130f4cf638ecfa,600c080c880d480f980e980ec30ec20ee20ef30ef00ef20e790e700ea10e8106
data/raw/ooc/OOC_image_dataset/test/good/cell_type_HPMEC/0-1_days/221010_2.png,221010_2,221010,test,good,HPMEC,0-1_days,1,HPMEC,0-1_days,True,True,True,2579564,2048,1536,RGB,9ac66c68f2a2c9725b43e5070c46d4a8c13672ecf3cbd63ac4dd8920e84c0ed1,68a1e0e1e0c0e0e0e060e060f960f9e0f9e0f9e0f9a0f8e0f9e079e070e07ce0
data/raw/ooc/OOC_image_dataset/test/good/cell_type_HPMEC/0-1_days/221010_42.png,221010_42,221010,test,good,HPMEC,0-1_days,1,HPMEC,0-1_days,True,True,True,2492261,2048,1536,RGB,1a6aae7a9ac3093ebf049a7dda9a21a2d703747eafa7f3016a950f16604572b1,d80bd80bd80be80bd80bd80bd80bd803da0bc80be80bf209e401cc09d881c801
data/raw/ooc/OOC_image_dataset/test/good/cell_type_HPMEC/0-1_days/221010_5.png,221010_5,221010,test,good,HPMEC,0-1_days,1,HPMEC,0-1_days,True,True,True,2663866,2048,1536,RGB,bcfc9856b24ad5efb766fd185af5cd3df40b7b935250045a649870482adeb641,f062f062f042f062f050b513b212b090b890b080b4c1b0c1b041b2c1b4c1b140
data/raw/ooc/OOC_image_dataset/test/good/cell_type_HPMEC/0-1_days/221010_77.png,221010_77,221010,test,good,HPMEC,0-1_days,1,HPMEC,0-1_days,True,True,True,2486555,2048,1536,RGB,9b689c702204218c069f593e2ea7d89ff94cc67a66268c45d39aadab47d954ff,10072087c907c207d2064207c2076207e20762072207a2072207380726072407
data/raw/ooc/OOC_image_dataset/test/good/cell_type_HPMEC/0-1_days/221010_9.png,221010_9,221010,test,good,HPMEC,0-1_days,1,HPMEC,0-1_days,True,True,True,2463143,2048,1536,RGB,41623a76820636a678152165cbda9a34aaa0047b8595ca6a9111655dd93408dd,00590058005908590859885988588858885a885a885a84583058705910592069
data/raw/ooc/OOC_image_dataset/test/good/cell_type_HPMEC/0-1_days/221214_23.png,221214_23,221214,test,good,HPMEC,0-1_days,1,HPMEC,0-1_days,True,True,True,2713274,2048,1536,RGB,346407c948e51c1fd76298e9a625434aa72178553565c8d4f976d4c48384e713,e34e61ce238e4b4f894f6c4e694ed5ceeccfddce5cce5ecf5bc74be752e667e7
data/raw/ooc/OOC_image_dataset/test/good/cell_type_HPMEC/0-1_days/221214_26.png,221214_26,221214,test,good,HPMEC,0-1_days,1,HPMEC,0-1_days,True,True,True,2380736,2048,1536,RGB,daafd0cc1627c3012731589c9d15ac656de9d1e13638f7b2d5cd59e7b0a8b123,e7cc57ccd7ccbfcd2ecff3cd0fec3fec3cee7ce464e7f1e7b9e78be617e71b67
data/raw/ooc/OOC_image_dataset/test/good/cell_type_HPMEC/0-1_days/230109_1.png,230109_1,230109,test,good,HPMEC,0-1_days,1,HPMEC,0-1_days,True,True,True,2557761,2048,1536,RGB,0791bace6e1927649ee731f8824e24e9b4c193214a31130ef6ef715de950f520,ff00fe80ffc0ffe0fd60f7e0ffc0ffc0fdc07de07ea07ec07cc17c817d017f91
data/raw/ooc/OOC_image_dataset/test/good/cell_type_HPMEC/0-1_days/230109_11.png,230109_11,230109,test,good,HPMEC,0-1_days,1,HPMEC,0-1_days,True,True,True,2527807,2048,1536,RGB,a441d7a9ad53f9d8653024d706e4149b362e6e697216c95c5d440f641790ddfa,fe81ff01ff81ffc0ffc0ff80ff00ff40fdc0fd80f980fb40f940fe80fe80fd00
data/raw/ooc/OOC_image_dataset/test/good/cell_type_HPMEC/0-1_days/230109_12.png,230109_12,230109,test,good,HPMEC,0-1_days,1,HPMEC,0-1_days,True,True,True,2491809,2048,1536,RGB,fed4285afde014f74082b0959d436ba2b5219de0d957d5f974b63ee2e109021f,fe83fe83fe83ff83ff83fb83fd83f783fc03f603f203f303fb01f901f901f901
data/raw/ooc/OOC_image_dataset/test/good/cell_type_HPMEC/0-1_days/230109_20.png,230109_20,230109,test,good,HPMEC,0-1_days,1,HPMEC,0-1_days,True,True,True,2438479,2048,1536,RGB,83b289d364843840a765ec77791222f283d0e3ddc8d3fd563e65a3a2018c366c,fb01ff81ff81f781f581ff41fbc1fb01ef00f600fa80f880f900fb00f280f280
data/raw/ooc/OOC_image_dataset/test/good/cell_type_HPMEC/0-1_days/230109_21.png,230109_21,230109,test,good,HPMEC,0-1_days,1,HPMEC,0-1_days,True,True,True,2449188,2048,1536,RGB,ad7fe9c34e4448ced188d0862eff5f788f84a1514af5ce4b3b48227cef32b11f,9e0eb6069f069e07b807b4077c07bc07f407e007c807cc078603a603ec03f003
data/raw/ooc/OOC_image_dataset/test/good/cell_type_HPMEC/0-1_days/230109_6.png,230109_6,230109,test,good,HPMEC,0-1_days,1,HPMEC,0-1_days,True,True,True,2552194,2048,1536,RGB,a35f73e45a6a42c142a7fd9bf3cef57a8d2e798a7a4aca17017d269fde8e7c4e,fe07ff07ff83ff03ff83fb03ff03e703f703f703f203f803fa01f801fd81f501
data/raw/ooc/OOC_image_dataset/test/good/cell_type_HPMEC/0-1_days/230109_7.png,230109_7,230109,test,good,HPMEC,0-1_days,1,HPMEC,0-1_days,True,True,True,2511091,2048,1536,RGB,4db11561d2b335d5eb85b123781601f3a8148c37a76dc17b72cabb060902ba2e,fda0ffa0fde0ffc0fbd0f3e0fbe0fbc2ffc0ffc0fdc0fc40fe80fe80fda17e61
data/raw/ooc/OOC_image_dataset/test/good/cell_type_HPMEC/0-1_days/230109_72.png,230109_72,230109,test,good,HPMEC,0-1_days,1,HPMEC,0-1_days,True,True,True,2505886,2048,1536,RGB,c92c44545c58abbd8766f07608a917bf78c49c279bd03d3ea7bc7a6913076cd4,de1dde1cde0dda0cec0cde0ed60ef60ee40ef006f007f006f607f607f407fa07
data/raw/ooc/OOC_image_dataset/test/good/cell_type_HPMEC/0-1_days/230109_82.png,230109_82,230109,test,good,HPMEC,0-1_days,1,HPMEC,0-1_days,True,True,True,2337145,2048,1536,RGB,98c4aa3ef5d93b25aeb653360cfbc580afef88387d0d9fa3b2ee0cf4b2fcef92,7f077f077f07fe07fe07fd07f907fc03fc03ba03ba03fc03b803b803b203fa03
data/raw/ooc/OOC_image_dataset/test/good/cell_type_HPMEC/0-1_days/230109_83.png,230109_83,230109,test,good,HPMEC,0-1_days,1,HPMEC,0-1_days,True,True,True,2370640,2048,1536,RGB,c663105470c7629e081ad327176d9086d51aef52b2ea592469c1f13bb8685d17,ff01ff81ff81ff81ffc1ff81ff81ff41ff81fb81f8c07cc07c407d807d006d00
data/raw/ooc/OOC_image_dataset/test/good/cell_type_HPMEC/0-1_days/230109_9.png,230109_9,230109,test,good,HPMEC,0-1_days,1,HPMEC,0-1_days,True,True,True,2436904,2048,1536,RGB,9c8d0faa3a487f2200ea3807c451901caedfd55de64155b0a1b5ada1d5f2e97b,3fc43f403fc03fe07fc07fd07fa07fc07da07de079c079a07880788078207920
data/raw/ooc/OOC_image_dataset/test/good/cell_type_HPMEC/0-1_days/230109_93.png,230109_93,230109,test,good,HPMEC,0-1_days,1,HPMEC,0-1_days,True,True,True,2270439,2048,1536,RGB,f8d4cbea57782dfde4b66d5370497d88f5d599d30908bf6cfef117420e119d15,ec0ef40efd0ff40efc0fe80ffc0ff00ffa0ff80ff80ffc07e607f207fa07f807
data/raw/ooc/OOC_image_dataset/test/good/cell_type_HPMEC/0-1_days/230119_17.png,230119_17,230119,test,good,HPMEC,0-1_days,1,HPMEC,0-1_days,True,True,True,2476258,2048,1536,RGB,8ea0cf7966bc354296f9c57855dac01c093841c6170d59c318fa44e1a375f0d6,fc1ff01ef80ffc0efc0efc0efa0ffe0ffe0ff807fa07fe07ff07ff07ff07fe07
data/raw/ooc/OOC_image_dataset/test/good/cell_type_HPMEC/0-1_days/230119_21.png,230119_21,230119,test,good,HPMEC,0-1_days,1,HPMEC,0-1_days,True,True,True,2578087,2048,1536,RGB,b3fb8b8de3a5c0df42961affccebcc0034dc9e5effd549abadbe12c9e7fcaf8b,e740f340f9e0f9e0fde0f9e0f9c0f9a0fd80fdd0ff60fee0ff90ffa0ffe0be70
data/raw/ooc/OOC_image_dataset/test/good/cell_type_HPMEC/0-1_days/230119_22.png,230119_22,230119,test,good,HPMEC,0-1_days,1,HPMEC,0-1_days,True,True,True,2573346,2048,1536,RGB,f15045082d0a695555daf69e928dd58d49d78f1b8d001c9d74ebb6104ee16c74,7fa17ec17fc17ec47fa07fc07f803f803e983ff03f703f703f703f303f203f60
data/raw/ooc/OOC_image_dataset/test/good/cell_type_HPMEC/0-1_days/230119_25.png,230119_25,230119,test,good,HPMEC,0-1_days,1,HPMEC,0-1_days,True,True,True,2474398,2048,1536,RGB,98c78cdb924f1316b594e49cba823d0578456d740f57c41157322c46a1aa41bb,3fc41fa01f601fe01fe01fe01fe01fe01fe21fe20ff00ff10fb10fd08fd08fd0
data/raw/ooc/OOC_image_dataset/test/good/cell_type_HPMEC/0-1_days/230119_26.png,230119_26,230119,test,good,HPMEC,0-1_days,1,HPMEC,0-1_days,True,True,True,2447620,2048,1536,RGB,9832e2fb7a2c422b2810f4ec31c755dd6cfc9717368f858a2634a016b2b7174d,f903fc03fe03ff03ff43fd83ff83fd89ff41fe81ff017e217f317ee17fe17ee0
data/raw/ooc/OOC_image_dataset/test/good/cell_type_HPMEC/0-1_days/230119_31.png,230119_31,230119,test,good,HPMEC,0-1_days,1,HPMEC,0-1_days,True,True,True,2234808,2048,1536,RGB,98681ee2dc38f903f1842b2ba2a30c9c9a0f0f17dad52ba9815e51f8dbf33524,f500f340fb00fb80fb40f800fb20f902f940ff40fb80fc00f900fb00fba0fb81
data/raw/ooc/OOC_image_dataset/test/good/cell_type_HPMEC/0-1_days/230119_34.png,230119_34,230119,test,good,HPMEC,0-1_days,1,HPMEC,0-1_days,True,True,True,2268025,2048,1536,RGB,c6dbb4c5d6c8df2ef5c6a0b08485f0a818dd528b096616baf7e6b52fbf3884d2,7f077e037e837f033f033f033f833f033f833f013f413fc13f813fc11fc11f01
data/raw/ooc/OOC_image_dataset/test/good/cell_type_HPMEC/0-1_days/230119_36.png,230119_36,230119,test,good,HPMEC,0-1_days,1,HPMEC,0-1_days,True,True,True,2214426,2048,1536,RGB,697365162172111c81793e8da4b9e2d89511c6a4890088ee083acf0508ba38eb,fc9ef80efc0efc0efc0efc0efc0ffc0fff07fe07fe07fe077e077f077f277f07
data/raw/ooc/OOC_image_dataset/test/good/cell_type_HPMEC/0-1_days/230119_38.png,230119_38,230119,test,good,HPMEC,0-1_days,1,HPMEC,0-1_days,True,True,True,2278885,2048,1536,RGB,e00d5841cf803c732b16236b5b1a42c73878a23049cb7e63a8b1aba4e229de8e,e807fe07de07db47f547f547f703ff23ff23ef23fe23fe63fe63ff63ff43fa23
data/raw/ooc/OOC_image_dataset/test/good/cell_type_HPMEC/0-1_days/230119_5.png,230119_5,230119,test,good,HPMEC,0-1_days,1,HPMEC,0-1_days,True,True,True,2506231,2048,1536,RGB,2d48b8bd86f08f566d1c54e4a76e438d5bce92aa2f03709d92d5fa380b2ff286,3fc83fc03fc03fc03fc03fc03fc41fc01fe01fe01f601fa01fa01fd01fc01fd0
data/raw/ooc/OOC_image_dataset/test/good/cell_type_HPMEC/0-1_days/230214_27.png,230214_27,230214,test,good,HPMEC,0-1_days,1,HPMEC,0-1_days,True,True,True,474161,640,480,RGB,829b3b09688594695f105a31060f0e8a4233886e5deb21b169186dc86d34636a,3b0bbb8bb683b411a651a915b18db78db60df34cfd58dc78d038de2ad6cedb26
data/raw/ooc/OOC_image_dataset/test/good/cell_type_HPMEC/0-1_days/230214_3.png,230214_3,230214,test,good,HPMEC,0-1_days,1,HPMEC,0-1_days,True,True,True,443133,640,480,RGB,ef3355621a96c8b72703a871ad0d7d2fa4673dd0de1a456abf084338311d2280,91c38783a5c3bd83a783ef83e763e721f34173616bc179c151e974d852787270
data/raw/ooc/OOC_image_dataset/test/good/cell_type_HPMEC/0-1_days/230214_30.png,230214_30,230214,test,good,HPMEC,0-1_days,1,HPMEC,0-1_days,True,True,True,474941,640,480,RGB,62d8a4f74eed7d1a98a553a21419ad502a517b10c9aa4972bf55ad0839a2413c,543ea83a2c396c1c8e1b4b19851d951f8a1d981eb09fa29cc88c9b8fca8de09f
data/raw/ooc/OOC_image_dataset/test/good/cell_type_HPMEC/0-1_days/230214_33.png,230214_33,230214,test,good,HPMEC,0-1_days,1,HPMEC,0-1_days,True,True,True,473499,640,480,RGB,cd2d3bf1fbbc754eab0d4d727c9a311f25ef1de5af1561460bc44b65e3ea5dfe,c9a6c185c454ea36e196619462e672e671c679c261c3669a699a3a3b38a331b3
data/raw/ooc/OOC_image_dataset/test/good/cell_type_HPMEC/0-1_days/230214_40.png,230214_40,230214,test,good,HPMEC,0-1_days,1,HPMEC,0-1_days,True,True,True,454469,640,480,RGB,6df061f56177fccf1fcb00c0e80d8ce6876af923c456737b01b462d39391b836,3bf13e793c2938683cc83ca839983d383c3c1f3c9e9c1e2c1e3c1c3c1f361f3f
data/raw/ooc/OOC_image_dataset/test/good/cell_type_HPMEC/0-1_days/230214_41.png,230214_41,230214,test,good,HPMEC,0-1_days,1,HPMEC,0-1_days,True,True,True,465174,640,480,RGB,b76ee0cdc45282a3bcc4ebbcb5711cb595ee9b8387a766d9fb237ef1e002bcd8,3e483e7838783c783d523b5a1f121d331dbb9e991ca11cc91ccd9fa61e6e1c56
data/raw/ooc/OOC_image_dataset/test/good/cell_type_HPMEC/0-1_days/230214_42.png,230214_42,230214,test,good,HPMEC,0-1_days,1,HPMEC,0-1_days,True,True,True,449625,640,480,RGB,f6c3117c35239b5a7c7907f0c68d9d58c238437a765c415c6534ae9e568aee63,fe07fe07fc07fe077d077f077f077e037e037f033f033f033f033f433f433f43
data/raw/ooc/OOC_image_dataset/test/good/cell_type_HPMEC/0-1_days/230214_43.png,230214_43,230214,test,good,HPMEC,0-1_days,1,HPMEC,0-1_days,True,True,True,456543,640,480,RGB,4ac658dd188739f12660422c79a4a48a3f13702c8a6f632db182a0c8aa1ae6d7,f347f9c7f9c6fb26f6c7f643fe63ffe37b237a636ce36f0b774373a3732170c1
data/raw/ooc/OOC_image_dataset/test/good/cell_type_HPMEC/0-1_days/230214_44.png,230214_44,230214,test,good,HPMEC,0-1_days,1,HPMEC,0-1_days,True,True,True,455023,640,480,RGB,5c95b67f52f0147f7032cc80ef1f44a633c96925cd2c6a902fb0ff4411ae58a2,e736d337e373e0f3e843f083e8b3fda3f743e12be1a9ed69efa9e981fa55f315
data/raw/ooc/OOC_image_dataset/test/good/cell_type_HPMEC/0-1_days/230214_5.png,230214_5,230214,test,good,HPMEC,0-1_days,1,HPMEC,0-1_days,True,True,True,436731,640,480,RGB,fbc59bbcfea554abb77e1a0279e35b7df07bba594a90847342935f008b088647,63c361c369a3e943e563a9616dc16c41399133213261b169b639b72897249ad4
data/raw/ooc/OOC_image_dataset/test/good/cell_type_HPMEC/0-1_days/230214_7.png,230214_7,230214,test,good,HPMEC,0-1_days,1,HPMEC,0-1_days,True,True,True,482892,640,480,RGB,89aa5889d36c6f2acdb375ca613ca9d352331e5c37c932e3a2c9abb74163dd67,eff3267b043b070f87070e130f130f030f030f030f030f87078e831c81bc80f8
data/raw/ooc/OOC_image_dataset/test/good/cell_type_HPMEC/0-1_days/230215_13.png,230215_13,230215,test,good,HPMEC,0-1_days,1,HPMEC,0-1_days,True,True,True,4723136,2048,1536,RGB,664c13ca19ef65973f306fe7d3f49bd061088b6992dc5ad183b6dc93bfac555e,d520d9e0c9e4e9c4e770ece0e880feb2eea27be2776a71d074b2766076a272b1
data/raw/ooc/OOC_image_dataset/test/good/cell_type_HPMEC/0-1_days/230215_16.png,230215_16,230215,test,good,HPMEC,0-1_days,1,HPMEC,0-1_days,True,True,True,4785223,2048,1536,RGB,c091adcdfbde4204812952fea596d989adbee64b392505a7c35de469c9f1655b,f187db07d987e987ea07dec7ee87f347f343e6c3e8c3e963e413e803f403f043
data/raw/ooc/OOC_image_dataset/test/good/cell_type_HPMEC/0-1_days/230314_48.png,230314_48,230314,test,good,HPMEC,0-1_days,1,HPMEC,0-1_days,True,True,True,4893819,2048,1536,RGB,44c51e41b3a679815b2b93e76de75d948772880493066b65e3dd02146030a3ec,8ff94ff95ff91ff91ff93ff83ff83ff83ff87ff85ffc4ffc1ffc3ffc2ffc0ffc
data/raw/ooc/OOC_image_dataset/test/good/cell_type_HPMEC/0-1_days/230314_50.png,230314_50,230314,test,good,HPMEC,0-1_days,1,HPMEC,0-1_days,True,True,True,5177827,2048,1536,RGB,0cf2b8f7bea0d9252ade67672c550c20347afeb1de03a47a090bd40ecaed45cc,8ff386f98af98ef9a6d9abf9ebf8effceffc7ffc7ffc7ffcfffcfffeeffea7fe
data/raw/ooc/OOC_image_dataset/test/good/cell_type_HPMEC/0-1_days/230314_7.png,230314_7,230314,test,good,HPMEC,0-1_days,1,HPMEC,0-1_days,True,True,True,2202110,2056,1542,L,3ed322a721febd9e5bed77cef6bd20d359a979f65e716b59bde94e66e49b8282,7c0e764e7ecc6ecc7e8c7e0c768e7c0c7c4d7c4d7e4d7c0c7c0d7c0d7a0c7c8d
data/raw/ooc/OOC_image_dataset/test/good/cell_type_HPMEC/0-1_days/230316_33.png,230316_33,230316,test,good,HPMEC,0-1_days,1,HPMEC,0-1_days,True,True,True,5493884,2048,1536,RGB,22531f5b2ff18b0a924b16680ff982382717c3f3be4648fb0a5f8f17bc3c75f7,da1cea0cd90c5f2e4c625d2a7c2a3d1a7d4a5f5a470e670e5a0e5a1e568e764e
data/raw/ooc/OOC_image_dataset/test/good/cell_type_HPMEC/0-1_days/230316_38.png,230316_38,230316,test,good,HPMEC,0-1_days,1,HPMEC,0-1_days,True,True,True,5638369,2048,1536,RGB,a340c59f47a9cd7bbaf57b99a2554e4213a1bd7081838bbd15f95095ab21becb,eb79c15d4c4d5e4d5e0d454d468d578d6e4c649c7cdc5a5c5c4c6c6d6c4d4e6c
data/raw/ooc/OOC_image_dataset/test/good/cell_type_HPMEC/0-1_days/230316_44.png,230316_44,230316,test,good,HPMEC,0-1_days,1,HPMEC,0-1_days,True,True,True,5065808,2048,1536,RGB,9aa8ca9d2e217866783ea5a5e65a60b1a1787cfe4a5fbb4c57692bfe5b1433d5,eb93cbd39e938c1b9f1b9e1bce19dc39d819f039713b5ef946d942fd599d599d
data/raw/ooc/OOC_image_dataset/test/good/cell_type_HPMEC/0-1_days/230523_107.png,230523_107,230523,test,good,HPMEC,0-1_days,1,HPMEC,0-1_days,True,True,True,1810281,2056,1542,L,223661f1a5ddd2885604012f472e473757a20d08d7949735a4b356440cd75ab7,c71f861f861e061e061e069f869f869e869e8e9e0e9e0f9e470e460f468f469e
data/raw/ooc/OOC_image_dataset/test/good/cell_type_HPMEC/0-1_days/230523_21.png,230523_21,230523,test,good,HPMEC,0-1_days,1,HPMEC,0-1_days,True,True,True,2051412,2056,1542,L,02657089b644861b3979811675712a91844a9fd25b4d76889fb1513cae81704c,978a968a9646961e974e974c971cb72c964696c6b6c2b6ca364ab64ab648b648
data/raw/ooc/OOC_image_dataset/test/good/cell_type_HPMEC/0-1_days/230523_3.png,230523_3,230523,test,good,HPMEC,0-1_days,1,HPMEC,0-1_days,True,True,True,2166559,2056,1542,L,e102215f5d9bcac2d3fc4dca708b4af5255f2394c07b272ee495c6978e78a722,67906792679a6692c792c732e73ae72a2662a662e652c6328ea20e0a468246a2
data/raw/ooc/OOC_image_dataset/test/good/cell_type_HPMEC/0-1_days/230523_51.png,230523_51,230523,test,good,HPMEC,0-1_days,1,HPMEC,0-1_days,True,True,True,1739892,2056,1542,L,c548a7d981d48d8e76ac0070d873d99846e82dd37662a6d439086aeb9d483c20,1e861d461d071f071cc61b061b061c861cce1c8e1cce1ecf1e0f1b8c3d0c3d4d
data/raw/ooc/OOC_image_dataset/test/good/cell_type_HPMEC/0-1_days/230523_61.png,230523_61,230523,test,good,HPMEC,0-1_days,1,HPMEC,0-1_days,True,True,True,1900479,2056,1542,L,324e35205c3d4f6b4f014f97f95d9f8922afc102d91dff5d1561531656e0f760,7f0e6e0e7b4e78ce7cce724e730672067c467486f506e486e4c6fc46fb46fb04
data/raw/ooc/OOC_image_dataset/test/good/cell_type_HPMEC/0-1_days/230523_66.png,230523_66,230523,test,good,HPMEC,0-1_days,1,HPMEC,0-1_days,True,True,True,1993147,2056,1542,L,eb4d2ad6aca5b762bee97b0c2fe815fbd69181c3b46a15bc6f4c56481c69fbcd,7d166f1667066f067f04fd0ce90ce84ce84ce8ccf8ccf84cfc0cfc0cfc0cfc0c
data/raw/ooc/OOC_image_dataset/test/good/cell_type_HPMEC/0-1_days/230523_68.png,230523_68,230523,test,good,HPMEC,0-1_days,1,HPMEC,0-1_days,True,True,True,1958366,2056,1542,L,040af94cf2815363fd78802b93d164914e33cbae293a4dfa5d99ddd38bdf4db9,f80cfc0cfe4cf44cf04ef04ef84cfa4ce60cec0eec0ef80ef80edc0eec0ee40e
data/raw/ooc/OOC_image_dataset/test/good/cell_type_HPMEC/0-1_days/230523_69.png,230523_69,230523,test,good,HPMEC,0-1_days,1,HPMEC,0-1_days,True,True,True,1966053,2056,1542,L,032fdc6186a3c371ef32534e3f5f0adc7092b9c3a00327f18b7c4fe3083c843f,e906e986e906f906fc86dc06dc86fc86fc86fa86f886fc06ec06e416c616ec06
data/raw/ooc/OOC_image_dataset/test/good/cell_type_HPMEC/0-1_days/230523_74.png,230523_74,230523,test,good,HPMEC,0-1_days,1,HPMEC,0-1_days,True,True,True,1926018,2056,1542,L,357f8de9b5e2629f0c84b9129034e6084e2ed50c353959e3d8fde15f88c76c7b,dc0ce80cf88cf80cf08ce88cf08cfb8ce28cf08cda0cda0cf40cf50ce98ced0c
data/raw/ooc/OOC_image_dataset/test/good/cell_type_HPMEC/2-3_days/230315_16.png,230315_16,230315,test,good,HPMEC,2-3_days,1,HPMEC,2-3_days,True,True,True,2123721,2056,1542,L,dfa4232887052de26694002a52b270d578b3ac8e54e3a6a3148b61a8a234dde9,9f419d419d419dc19d419e419fc19ec19c819d81dd01db01db01df011f031f13
data/raw/ooc/OOC_image_dataset/test/good/cell_type_HPMEC/2-3_days/230315_38.png,230315_38,230315,test,good,HPMEC,2-3_days,1,HPMEC,2-3_days,True,True,True,2173358,2056,1542,L,431c9ddb60e60e5345aef7e721a84bfa27ef81c48b4923788eb1eb7d23bece99,1b211b811f811f211ea11ec11b011b031f111f031f031f031fc31dc319031b03
data/raw/ooc/OOC_image_dataset/test/good/cell_type_HPMEC/2-3_days/230315_44.png,230315_44,230315,test,good,HPMEC,2-3_days,1,HPMEC,2-3_days,True,True,True,2275704,2056,1542,L,751f7d2e25dce57bd06922af8f260f90eb9ef73ab2b9dc5c29f09c39d1d9cf04,29862c86263626b62ba62b262986288628262d062b2729062c06698629262e06
data/raw/ooc/OOC_image_dataset/test/good/cell_type_HPMEC/2-3_days/230315_50.png,230315_50,230315,test,good,HPMEC,2-3_days,1,HPMEC,2-3_days,True,True,True,1879911,2056,1542,L,101205569906d534501382b8d7f7c18dbf479ab2a52b2eb1d72b0bd43a486645,794c760c76cc754c764c7a4c7b8c558e5d0e5b8c5acc50cc5aae5f2c5f0c578c
data/raw/ooc/OOC_image_dataset/test/good/cell_type_HPMEC/2-3_days/230315_66.png,230315_66,230315,test,good,HPMEC,2-3_days,1,HPMEC,2-3_days,True,True,True,1801386,2056,1542,L,8ff20f3a203e8fea7024aa1197befa45327f5f7ec20ddc1c5b6219e55f6c37c2,cf03cec3cf83cf830f23cf03cf838f038f834f81cf018f818f010f318f018f09
data/raw/ooc/OOC_image_dataset/test/good/cell_type_HPMEC/2-3_days/230315_68.png,230315_68,230315,test,good,HPMEC,2-3_days,1,HPMEC,2-3_days,True,True,True,1874693,2056,1542,L,8ca68b5afd2358992d8a3cfc0a6f0e704f9dd4d9be2820c66a907d7d155718a3,8f818f41afc10f810f012d910f814f214fa14f814ea14ec14ec14f414f214f81
data/raw/ooc/OOC_image_dataset/test/good/cell_type_HPMEC/2-3_days/230315_70.png,230315_70,230315,test,good,HPMEC,2-3_days,1,HPMEC,2-3_days,True,True,True,1824098,2056,1542,L,b31de22402dd82b57b37d1005ba289bcc3aa24fc36b5bccb20d7adf0b8b8f775,0da90d810f210e218e610c410f890f990f118f190e214e414c514ee14ee18b21
data/raw/ooc/OOC_image_dataset/test/good/cell_type_HPMEC/2-3_days/230315_72.png,230315_72,230315,test,good,HPMEC,2-3_days,1,HPMEC,2-3_days,True,True,True,1790211,2056,1542,L,ad90814999a89199129bed0787bb397b7a26180d07027244ce37300ef3bba7b2,df699f41df41cf61cf61cd31cc59ccc1cd81ce41cc614c019c019c039c839c83
data/raw/ooc/OOC_image_dataset/test/good/cell_type_HPMEC/2-3_days/230315_82.png,230315_82,230315,test,good,HPMEC,2-3_days,1,HPMEC,2-3_days,True,True,True,1976482,2056,1542,L,107b94426b8ba9095bebfdde0cf1bd3e1a0128156f3787d4a4230ee8782a1129,8f868f869ec698c69cc69e469f46bb26bb863946b8c6bc863986398639263d84
data/raw/ooc/OOC_image_dataset/test/good/cell_type_HPMEC/2-3_days/230315_84.png,230315_84,230315,test,good,HPMEC,2-3_days,1,HPMEC,2-3_days,True,True,True,1985247,2056,1542,L,60dbd69bf176dd30dfe4eacb5919eaaef5b5cfd6c5b6be994e47f8b03ab842ce,bf86b926b9263b273ba62b662ee62f262d262f262c862e462e462c662d462886
data/raw/ooc/OOC_image_dataset/test/good/cell_type_HPMEC/2-3_days/230315_9.png,230315_9,230315,test,good,HPMEC,2-3_days,1,HPMEC,2-3_days,True,True,True,2174233,2056,1542,L,ad0de4de0af028af55d8f72d9f1529fb02e70e3f4f1387f1f5a475c7569be254,a729a711265146908fb00fa10fa18fe98fa58f81cfc18f418f418e412e412dc0
data/raw/ooc/OOC_image_dataset/test/good/cell_type_HPMEC/2-3_days/230510_18.png,230510_18,230510,test,good,HPMEC,2-3_days,1,HPMEC,2-3_days,True,True,True,1876193,2056,1542,L,1d419a339b8765aa1b5212532055ebfa96dfa133fed6507fbabe5f7928120149,b9c7b1c63d863b27bb26b94638663e663e46360632c638c63c463ac43f073706
data/raw/ooc/OOC_image_dataset/test/good/cell_type_HPMEC/2-3_days/230510_2.png,230510_2,230510,test,good,HPMEC,2-3_days,1,HPMEC,2-3_days,True,True,True,1815872,2056,1542,L,8d03a29b4776486ef219aa99a9058ff278452abd2da93a1b718db35eae547378,eec36ec30ec30f63cc3bcc3bce83ce93ce83cf83cfa3cfe3cfd3cf83cd03cdc3
data/raw/ooc/OOC_image_dataset/test/good/cell_type_HPMEC/2-3_days/230510_36.png,230510_36,230510,test,good,HPMEC,2-3_days,1,HPMEC,2-3_days,True,True,True,1852968,2056,1542,L,585650ac051185cba10385aa63579f237150095eda91e476eb10e226044657a1,9f061a4613461306139712971b961b161f171f16175732d63b973d9637963e16
data/raw/ooc/OOC_image_dataset/test/good/cell_type_HPMEC/2-3_days/230524_31.png,230524_31,230524,test,good,HPMEC,2-3_days,1,HPMEC,2-3_days,True,True,True,2118655,2056,1542,L,b4b00b8891d4d5f3254869a3e01974d138b46298c6fcf9fe744f223b391ce987,d962d963db62df72d962d962d972d972d772de72df72db72d942dc62d862d872
data/raw/ooc/OOC_image_dataset/test/good/cell_type_HPMEC/2-3_days/230524_46.png,230524_46,230524,test,good,HPMEC,2-3_days,1,HPMEC,2-3_days,True,True,True,1732180,2056,1542,L,c2899fefee306409ef784eeec18ae9b827c95848d0907becb06aeaa712e6d51b,3c4f3c0d3e0d3e4e3f8e398e390e390f3b0e378f3f0f3f8e3f8e3c9e3b1e3b1e
data/raw/ooc/OOC_image_dataset/test/good/cell_type_HPMEC/2-3_days/230524_50.png,230524_50,230524,test,good,HPMEC,2-3_days,1,HPMEC,2-3_days,True,True,True,1915512,2056,1542,L,b4dcae3743d2df813ab30978949e52a9ef8dd5c599fa57726929187e662c2367,3f0e3e0e3e4e3e4f3e4e3c0e3c0d3f0d3b0e3a8e3ace3a4e3b4e3f0e3b0e39ce
data/raw/ooc/OOC_image_dataset/test/good/cell_type_HPMEC/2-3_days/230524_53.png,230524_53,230524,test,good,HPMEC,2-3_days,1,HPMEC,2-3_days,True,True,True,1931888,2056,1542,L,cb14af15bd2d82d5a42a957751ee8aeb94cbe4bbd09ae70800f84babd1b29976,3b863d863d863e063e473c463cc63d063f463ace3e8e3a9e3a1f3e0e3c863c07
data/raw/ooc/OOC_image_dataset/test/good/cell_type_HPMEC/2-3_days/230524_62.png,230524_62,230524,test,good,HPMEC,2-3_days,1,HPMEC,2-3_days,True,True,True,2147448,2056,1542,L,85c0228c288f5face0cd2737a5d9871b735ea563a94606c6586e9f8e6178e446,e246fa06fc06fc86ecc6ec86ee06e646ef06eb06eb06f906e186fc06ec06ec86
data/raw/ooc/OOC_image_dataset/test/good/cell_type_HPMEC/2-3_days/230524_68.png,230524_68,230524,test,good,HPMEC,2-3_days,1,HPMEC,2-3_days,True,True,True,2117259,2056,1542,L,3c1f79328598de9a69de567f02ffa0a06f4d224dac8ed2e032b6275cade574e8,f206ea86e886d8c6f186d446d646f646f446ec46ecc6ecc6ec47ea87f8c7fe46
data/raw/ooc/OOC_image_dataset/test/good/cell_type_HPMEC/2-3_days/230525_101.png,230525_101,230525,test,good,HPMEC,2-3_days,1,HPMEC,2-3_days,True,True,True,2082195,2056,1542,L,5749d22f14e2aaf17398af8c6934586879974c7b3ddd08705ca3e863d3915e1a,e60aec8eec8efa1cde1cdc1cd41cd41cd21c5b1c5a1c4e1c7a1c581c581c7b1c
data/raw/ooc/OOC_image_dataset/test/good/cell_type_HPMEC/2-3_days/230525_153.png,230525_153,230525,test,good,HPMEC,2-3_days,1,HPMEC,2-3_days,True,True,True,2055134,2056,1542,L,509f5c2cfe60b5eb1be8d9c18760aac6b280103c45676036584c06ded8e404e2,8fc39f839f839e831fc31f439f839e831d4399039f8399c39d839d839e839f43
data/raw/ooc/OOC_image_dataset/test/good/cell_type_HPMEC/2-3_days/230525_154.png,230525_154,230525,test,good,HPMEC,2-3_days,1,HPMEC,2-3_days,True,True,True,1961402,2056,1542,L,d1bcee655f5e0958d6cd38ab1267db7e56430ae0267ae162b1e7bd06018cfdf7,9e439f231e631c639da39da39ce39cf19c31987108638fa39d839cc395c31743
data/raw/ooc/OOC_image_dataset/test/good/cell_type_HPMEC/2-3_days/230525_166.png,230525_166,230525,test,good,HPMEC,2-3_days,1,HPMEC,2-3_days,True,True,True,1988634,2056,1542,L,11057fbcf0f6d7b5c3bec86b8cb5ecd33eddb4f201fbf3019e164972d29d9d6f,8d8f8d4f8d0f8f0f0f0f8f4f8e8e8e8e4f8e8f0e8f0f8e0f0e8f8e8f8f8f0f8e
data/raw/ooc/OOC_image_dataset/test/good/cell_type_HPMEC/2-3_days/230525_168.png,230525_168,230525,test,good,HPMEC,2-3_days,1,HPMEC,2-3_days,True,True,True,1922782,2056,1542,L,3c39f11aa4337c2da0a4e896746713782eba5eab595890cf25edc1788ea5b884,8e4e0e4e0e4f8c0f8f0f8f0f8f0f8f8f8e8f8e8ece8ecf0fcf0fcf0f8f0f8f8f
data/raw/ooc/OOC_image_dataset/test/good/cell_type_HPMEC/2-3_days/230525_172.png,230525_172,230525,test,good,HPMEC,2-3_days,1,HPMEC,2-3_days,True,True,True,1857234,2056,1542,L,ad2c14eb7e48615010f32ab73dc7deff305d64abc58e1b1e5da49ae552a3810a,99879bc799c7998799a79d679ce79ce79cc79dc7994799671d631f439f8796c7
data/raw/ooc/OOC_image_dataset/test/good/cell_type_HPMEC/2-3_days/230525_33.png,230525_33,230525,test,good,HPMEC,2-3_days,1,HPMEC,2-3_days,True,True,True,2034602,2056,1542,L,9f5c7b4644daea237cfd7fe00ced9a5c1946c883ad01143121319a7dbafa63e6,c962ca72cb72cf62ca62ca62ca72c872ca72ce72cc72ce7ace7ace7ace5acb5a
data/raw/ooc/OOC_image_dataset/test/good/cell_type_HPMEC/2-3_days/230525_34.png,230525_34,230525,test,good,HPMEC,2-3_days,1,HPMEC,2-3_days,True,True,True,2123253,2056,1542,L,b1bd270bb8696b7dbb9189a98e46c6432bda484772a79ae0ed0774c79baf1241,cb7ac97ac972cc72cd62c962c962cb62c972cd72cf72cf72cf62ef62c972e972
data/raw/ooc/OOC_image_dataset/test/good/cell_type_HPMEC/2-3_days/230525_36.png,230525_36,230525,test,good,HPMEC,2-3_days,1,HPMEC,2-3_days,True,True,True,1493159,2056,1542,L,991e6195e794654b8e79b66d93ae3ff9b87b1d4e5646583521039fc5439506e3,440044000800002244126e3a6f3aef22ef22ee22ee32ce33ee62ce22cf22cb32
data/raw/ooc/OOC_image_dataset/test/good/cell_type_HPMEC/2-3_days/230525_4.png,230525_4,230525,test,good,HPMEC,2-3_days,1,HPMEC,2-3_days,True,True,True,2221788,2056,1542,L,2f25209064b0ac9512733ecf5e93498e835c864e0f3abbd2a7a1a1d65002f872,cc458ef5ccd5cc95cd958f258e658e87ccc5ce498e07ce058e058d358c35ce35
data/raw/ooc/OOC_image_dataset/test/good/cell_type_HPMEC/2-3_days/230525_73.png,230525_73,230525,test,good,HPMEC,2-3_days,1,HPMEC,2-3_days,True,True,True,2166702,2056,1542,L,aca9939a8b8aead83278af95f6b63e3e3d9a4eb29473e42c903b6db8ffad73e7,cf23cf338e730e630c238f331fa31f839f039f839dc39cf39ca39cc39c631cc3
data/raw/ooc/OOC_image_dataset/test/good/cell_type_HPMEC/2-3_days/230525_75.png,230525_75,230525,test,good,HPMEC,2-3_days,1,HPMEC,2-3_days,True,True,True,2022561,2056,1542,L,6ad00a17640aeefbcbe7b2677374a49ac942fe1c7e34a9a38c4604257e733bdf,9e239f139f939f839f439ec31ec31ec39c839e339f239d239e631e431ec31e83
data/raw/ooc/OOC_image_dataset/test/good/cell_type_HPMEC/2-3_days/230525_76.png,230525_76,230525,test,good,HPMEC,2-3_days,1,HPMEC,2-3_days,True,True,True,2049362,2056,1542,L,13c6218f450c45ee73df5428a6c171b125d56ebb2410842c8bac8ff0886b7515,1f839f839f039af31ec31c831ec31ec31e831ec31e431c831f039f639f831e83
data/raw/ooc/OOC_image_dataset/test/good/cell_type_HPMEC/2-3_days/230525_86.png,230525_86,230525,test,good,HPMEC,2-3_days,1,HPMEC,2-3_days,True,True,True,1784048,2056,1542,L,dbec919ca334877f7fc1253722c7ca9546d418e5faf85d745cb3af4836c4c989,380e390e3e0e380e3a0e320f320f389f399d391d391d3c9c359c3e1d3e4d384d
data/raw/ooc/OOC_image_dataset/test/good/cell_type_HPMEC/2-3_days/230525_92.png,230525_92,230525,test,good,HPMEC,2-3_days,1,HPMEC,2-3_days,True,True,True,1815209,2056,1542,L,ed671601624264f8f1e92a0d95235f7baffbbb505224d54152d0b216f0b677e8,630c630c671c781dc41dc51dcf1de71ff81ef818e0d9e8dce87ce85de8d8e8d8
data/raw/ooc/OOC_image_dataset/test/good/cell_type_HPMEC/2-3_days/230525_99.png,230525_99,230525,test,good,HPMEC,2-3_days,1,HPMEC,2-3_days,True,True,True,2182380,2056,1542,L,010e83810fa003599adce6a55f45908c57856262d6d337f12a247cf0d45ad578,fc0cfc0cc48cc18ef18af24fd00fd80ffc0edc0cd60cd60fd40fdc0eda0cf20d
data/raw/ooc/OOC_image_dataset/test/good/cell_type_HPMEC/4+_days/230320_100.png,230320_100,230320,test,good,HPMEC,4+_days,1,HPMEC,4+_days,True,True,True,1727167,2056,1542,L,859421ac507c5118da8649616c2e70039374867618d888f5486438472c2ca4a9,c471ccf1ce99cf194e71ce318eb1ce71cec18ee18e614e31ce61ce61ce618e61
data/raw/ooc/OOC_image_dataset/test/good/cell_type_HPMEC/4+_days/230320_102.png,230320_102,230320,test,good,HPMEC,4+_days,1,HPMEC,4+_days,True,True,True,1817898,2056,1542,L,d9980408ecd7a4d1dbf2867c0d4fc6ec3f6c91de5737fdae7b2de1a47d3bc0d7,af31af312d312f312f812fc14cc94cc94ce14ea14f814f814d814e394e714c71
data/raw/ooc/OOC_image_dataset/test/good/cell_type_HPMEC/4+_days/230320_104.png,230320_104,230320,test,good,HPMEC,4+_days,1,HPMEC,4+_days,True,True,True,1999411,2056,1542,L,5ea182e4d8af23759867a691d0a1ba5b55b4b593ac244ab8da085b35ca59432c,8fe18de10dc10ec10c410f718f318f010d610d710e710f218f510f814d914db1
data/raw/ooc/OOC_image_dataset/test/good/cell_type_HPMEC/4+_days/230320_114.png,230320_114,230320,test,good,HPMEC,4+_days,1,HPMEC,4+_days,True,True,True,1987212,2056,1542,L,8bb18c883efefdfc40db21925584f552b390fd063431735a06a058e29e8a8f9a,3683368335433c0324232ca32d832f033f832f832e032c232f33270327632c23
data/raw/ooc/OOC_image_dataset/test/good/cell_type_HPMEC/4+_days/230320_118.png,230320_118,230320,test,good,HPMEC,4+_days,1,HPMEC,4+_days,True,True,True,1761743,2056,1542,L,307aad35ecda08bddcdc07d2d5bbfd7c975c4caa9341ef29c184cf582516e2e6,9d869d879c4695479d869d461d469d46bca6b406bc86bca6bc86be66bc47bd87
data/raw/ooc/OOC_image_dataset/test/good/cell_type_HPMEC/4+_days/230320_12.png,230320_12,230320,test,good,HPMEC,4+_days,1,HPMEC,4+_days,True,True,True,2198091,2056,1542,L,f7f4f5833e2ea98f6c915b5b7dc95383e70f1ddbcdf43168ca55eed8a6372859,9da59ac59b8599951ac51ed19aa19b619e919d111c959c159c659e659f259f25
data/raw/ooc/OOC_image_dataset/test/good/cell_type_HPMEC/4+_days/230320_120.png,230320_120,230320,test,good,HPMEC,4+_days,1,HPMEC,4+_days,True,True,True,1968410,2056,1542,L,c692db19f266856bd09bc634cfabf82e9d8f0f360e3c417167b5879f6e234ad7,2f062c662c6628c62c462c662d46290629872a872aa62aa629e629c629862947
data/raw/ooc/OOC_image_dataset/test/good/cell_type_HPMEC/4+_days/230320_124.png,230320_124,230320,test,good,HPMEC,4+_days,1,HPMEC,4+_days,True,True,True,1960013,2056,1542,L,bacec52ee0e307fb570d4630f4972f08301e2b59e54e3b46d5695c68cf16b84c,7c064f065e065f065e865f865d865d865f065b065bc759c65a466e4e6c0e4f0e
data/raw/ooc/OOC_image_dataset/test/good/cell_type_HPMEC/4+_days/230320_14.png,230320_14,230320,test,good,HPMEC,4+_days,1,HPMEC,4+_days,True,True,True,2061280,2056,1542,L,6a121ae091701ead908ff5bc7a6a75f9b1e5e35a47ebc6a26a9934e482a518d4,9e819d411d411d011f831f339f239e233b833f833f13bf133f033f233f233f03
data/raw/ooc/OOC_image_dataset/test/good/cell_type_HPMEC/4+_days/230320_15.png,230320_15,230320,test,good,HPMEC,4+_days,1,HPMEC,4+_days,True,True,True,2106834,2056,1542,L,a0fe535f5e098d7247e875fd13c3f06c05bdf0d545e90c7260d9fc9ab10ab9a2,bb831f931ce39d633d03bf33bee3bda3bb23bb63bb23be83bf033d83bf033f03
data/raw/ooc/OOC_image_dataset/test/good/cell_type_HPMEC/4+_days/230320_198.png,230320_198,230320,test,good,HPMEC,4+_days,1,HPMEC,4+_days,True,True,True,1800820,2056,1542,L,fe5a78970c9c3fc8a2c03217fd1e35d289751d3898b5a386ed407fa3b66dde00,609871187918711c501e481f6c1d70196098569d4e1d471977196e1d6e19ed1a
data/raw/ooc/OOC_image_dataset/test/good/cell_type_HPMEC/4+_days/230320_20.png,230320_20,230320,test,good,HPMEC,4+_days,1,HPMEC,4+_days,True,True,True,1994961,2056,1542,L,afbb45770703b943cdeb8c1551c3413d0a893f477a112647d12ed3c1813534f5,3b432e832e132f832f232b932f932f832ec32b832f032f832f832f932fb22d32
data/raw/ooc/OOC_image_dataset/test/good/cell_type_HPMEC/4+_days/230320_200.png,230320_200,230320,test,good,HPMEC,4+_days,1,HPMEC,4+_days,True,True,True,1880621,2056,1542,L,afc78024c6e72c27c01de462338f88499dda42f2af1327fc09c70ccfea323294,6c187018541870387818f8187018781a7918f918f114791c711c711c71187118
data/raw/ooc/OOC_image_dataset/test/good/cell_type_HPMEC/4+_days/230320_21.png,230320_21,230320,test,good,HPMEC,4+_days,1,HPMEC,4+_days,True,True,True,1981900,2056,1542,L,ec6a352471c40942c73c4000e1fbfdf0dbc36a4ac5bb1e0946d50bc958588df6,2e322f322a322c322c322e322e132f032e832f032f032f032f032e032e432f03
data/raw/ooc/OOC_image_dataset/test/good/cell_type_HPMEC/4+_days/230320_7.png,230320_7,230320,test,good,HPMEC,4+_days,1,HPMEC,4+_days,True,True,True,2104783,2056,1542,L,a7099096ae25fcf47350d77b38347d05f23263a76aa0ab1d3b7b2c2b3f05fd7e,9f339f239f639dc39f439f239f439f231f239f831f831c839e839fa39f239f53
data/raw/ooc/OOC_image_dataset/test/good/cell_type_HPMEC/4+_days/230320_77.png,230320_77,230320,test,good,HPMEC,4+_days,1,HPMEC,4+_days,True,True,True,2109705,2056,1542,L,1b83c4a28b99c341447d0f3212a6388ee7da97bd890af463aab6ea6d6362e33e,6d476d476c666d6669066b066e066b866f266c4669266f266e476e276d676f66
data/raw/ooc/OOC_image_dataset/test/good/cell_type_HPMEC/4+_days/230320_78.png,230320_78,230320,test,good,HPMEC,4+_days,1,HPMEC,4+_days,True,True,True,2145494,2056,1542,L,92f6f350e90477a9cf88d515c149668b7997d385bef76b464ffe65b45319e073,2cc62c462c462e062e462f062b462b076ec76cc76b076a476a876e866e866c86
data/raw/ooc/OOC_image_dataset/test/good/cell_type_HPMEC/4+_days/230320_85.png,230320_85,230320,test,good,HPMEC,4+_days,1,HPMEC,4+_days,True,True,True,2126141,2056,1542,L,d1c24045be9d16d350862222c5bc94f1c5ef69151f33a7dc2083633e86b189fc,d987d98f598759ccd3ccd6cdd40cd50cd60ed70dc64dd28dde8fdc4ddd0ddd0c
data/raw/ooc/OOC_image_dataset/test/good/cell_type_HPMEC/4+_days/230320_86.png,230320_86,230320,test,good,HPMEC,4+_days,1,HPMEC,4+_days,True,True,True,2171145,2056,1542,L,fe77e1b849a34e5a5310c026cdf90510f9a8a7c7e3d811f53e03749e561c9ff6,5706550e552d568c5f4c554c50c65a4ed72cd30e50ce548fd20cd60ed50cd74d
data/raw/ooc/OOC_image_dataset/test/good/cell_type_HPMEC/4+_days/230321_12.png,230321_12,230321,test,good,HPMEC,4+_days,1,HPMEC,4+_days,True,True,True,5079466,2048,1536,RGB,5679436303f05fe50d6de4f45e61479235a04b738da39ad843593a8d864d1778,8b0591c5c091e3b1e711ff41f501fd81ff01fd81efc1ffc1f9c1f3e1f6e1fad1
data/raw/ooc/OOC_image_dataset/test/good/cell_type_HPMEC/4+_days/230321_13.png,230321_13,230321,test,good,HPMEC,4+_days,1,HPMEC,4+_days,True,True,True,5081165,2048,1536,RGB,0f796a88851d47da69f810652dab6cd006d85572f0c773870dbc039e837b813f,70304a304fb04f305f305e606e506cc06ec06fc06b206f006fc8e7c0ef90ef08
data/raw/ooc/OOC_image_dataset/test/good/cell_type_HPMEC/4+_days/230321_14.png,230321_14,230321,test,good,HPMEC,4+_days,1,HPMEC,4+_days,True,True,True,5211877,2048,1536,RGB,650f7ffce347a3fd5d6a1e346ab359174348fcd34fe80eee4cf6a32641c151f5,de04de04de84eec4ae04ad14af34e334e234ee64eec1ec91a581b5a5af25ac61
data/raw/ooc/OOC_image_dataset/test/good/cell_type_HPMEC/4+_days/230424_31.png,230424_31,230424,test,good,HPMEC,4+_days,1,HPMEC,4+_days,True,True,True,1941094,2056,1542,L,c87b301af251db0fc44c30a770c94c698faaaec59de53e4a44d7ee605170b2f9,3c663b4633c773877f871f46770677067386738773071f961f975f275f265e66
data/raw/ooc/OOC_image_dataset/test/good/cell_type_HPMEC/4+_days/230424_39.png,230424_39,230424,test,good,HPMEC,4+_days,1,HPMEC,4+_days,True,True,True,1973150,2056,1542,L,540df47cfd944c33087375ada4188337cbe63e880d76b2e40dcb3d945cf5e843,778677867cc779c779c778877d467547714778167a077b077b477b5670167e97
data/raw/ooc/OOC_image_dataset/test/good/cell_type_HPMEC/4+_days/230425_108.png,230425_108,230425,test,good,HPMEC,4+_days,1,HPMEC,4+_days,True,True,True,2139267,2056,1542,L,d5557f37cce91fa0ec0c52f2148ac914b8c5f9341d80a315bb8325d73fe7c772,c726c767e767e467e566c766c766c767a627e666c647c646c446c447c566c566
data/raw/ooc/OOC_image_dataset/test/good/cell_type_HPMEC/4+_days/230425_111.png,230425_111,230425,test,good,HPMEC,4+_days,1,HPMEC,4+_days,True,True,True,2190773,2056,1542,L,ebcf0966b553247232143430ba379946aefc8f29c2421a0cc880ede508490b4e,c546c746c7c6c5c6c606c4c6c4c6c746e466c406c4c6c726c726c5a6c6a6c7a6
data/raw/ooc/OOC_image_dataset/test/good/cell_type_HPMEC/4+_days/230425_122.png,230425_122,230425,test,good,HPMEC,4+_days,1,HPMEC,4+_days,True,True,True,2167556,2056,1542,L,75fdcc05262229f606a8707a6ec7d6b47186c452f0c1cca54c81f85ea98cefa7,c7c7c787c787c787c787c787c6c7c687c706c706c686c787c705c784c706c746
data/raw/ooc/OOC_image_dataset/test/good/cell_type_HPMEC/4+_days/230425_124.png,230425_124,230425,test,good,HPMEC,4+_days,1,HPMEC,4+_days,True,True,True,1922663,2056,1542,L,0f288e8ff5e9fc0027db7c8ff419e4528ffd00ddc04601d58364177319ac3f5b,c70ec70ec70ec78ec78ec78fc78ec70ec78ec70ec70ec70e878ec70ec70ec78e
data/raw/ooc/OOC_image_dataset/test/good/cell_type_HPMEC/4+_days/230425_133.png,230425_133,230425,test,good,HPMEC,4+_days,1,HPMEC,4+_days,True,True,True,2213387,2056,1542,L,0e98909f03b2146048ba2d23ea7ca51c1c7f6abf737c4169b3e4d4a56d40b41a,8ccecccecce6cee6cec6cec6ccc6cc66cc66ce66ce26cfaecd8ecc6ecccece8e
data/raw/ooc/OOC_image_dataset/test/good/cell_type_HPMEC/4+_days/230425_134.png,230425_134,230425,test,good,HPMEC,4+_days,1,HPMEC,4+_days,True,True,True,2211342,2056,1542,L,c7b922ee9b74a496b54f1ddcb299d196731c1b086e1b038ff3203ffb32ba563c,cc86ce26cececc86cd86cd87ce8ecd8ece8ecf8ecf4e8f46cf86cccecc8eccae
data/raw/ooc/OOC_image_dataset/test/good/cell_type_HPMEC/4+_days/230425_136.png,230425_136,230425,test,good,HPMEC,4+_days,1,HPMEC,4+_days,True,True,True,2259356,2056,1542,L,253fb5d1252fd046cb64228809b7df660b0da1b6760854580727305010abe371,cc8fcc2ecf6ecf2ecfaecf0ecf46ce8ecd2e8d0ecd4ecdcecd8ece8ecd8ecf2e
data/raw/ooc/OOC_image_dataset/test/good/cell_type_HPMEC/4+_days/230425_137.png,230425_137,230425,test,good,HPMEC,4+_days,1,HPMEC,4+_days,True,True,True,2295541,2056,1542,L,8a44d8db402f7fd5a932dfa94005d25b80f7b242f587b679bc1a4c6dda1a39be,cd8ece2ecc0ece6ecf6ecf4ecf4ecfcece8eceeecc6ecccece4ece8ecececf2c
data/raw/ooc/OOC_image_dataset/test/good/cell_type_HPMEC/4+_days/230425_21.png,230425_21,230425,test,good,HPMEC,4+_days,1,HPMEC,4+_days,True,True,True,1790857,2056,1542,L,4c72ba9c1e599372516b7f4732fbf3eae2c0779586ea386d3535ba5805a492d8,9e039e439cc39c831d839d839c033c839c833c833e073e073e07380639873987
data/raw/ooc/OOC_image_dataset/test/good/cell_type_HPMEC/4+_days/230425_30.png,230425_30,230425,test,good,HPMEC,4+_days,1,HPMEC,4+_days,True,True,True,1525721,2056,1542,L,19f55c6702f78d064a94cf10892b04c9aaccbc3f357d2ebe9aa5c9ee6710eba8,607c603d683d403c401c401c601c401c601c602c600e400e401c401c641c641e
data/raw/ooc/OOC_image_dataset/test/good/cell_type_HPMEC/4+_days/230425_32.png,230425_32,230425,test,good,HPMEC,4+_days,1,HPMEC,4+_days,True,True,True,1765648,2056,1542,L,06e7dbcdc6665cdfbd8df42231626974236138143d7d4cd64a0374e52610223e,741c70181418141e141a52185218131c131c391c31193819381838581c5d1c98
data/raw/ooc/OOC_image_dataset/test/good/cell_type_HPMEC/4+_days/230425_36.png,230425_36,230425,test,good,HPMEC,4+_days,1,HPMEC,4+_days,True,True,True,1835993,2056,1542,L,823063ce00f47f7abf3fd22d98e93fc20850ab81f6c7f9bd7be520f3270a9a2a,3e063e063e463e867e077f0779077907790679467c067c067c067a077b077807
data/raw/ooc/OOC_image_dataset/test/good/cell_type_HPMEC/4+_days/230425_39.png,230425_39,230425,test,good,HPMEC,4+_days,1,HPMEC,4+_days,True,True,True,2205399,2056,1542,L,aceed487912e46825f3f22d41ee6341611c6463f6c0c5961f471ab6e545c0a4d,7d0e7e0c7c0c780d7e0d790c7c0c7d8e7a0e7e0c780c780c640e740c750cec0e
data/raw/ooc/OOC_image_dataset/test/good/cell_type_HPMEC/4+_days/230425_40.png,230425_40,230425,test,good,HPMEC,4+_days,1,HPMEC,4+_days,True,True,True,2208234,2056,1542,L,2931ee630b60a548b988740347d3d8183447f6b40a7cfb4d523e44610763dde7,770c750efa0cf20cf80df88ff88fea0ff50dfc8dfc0cfd0ce71ce618f658f01a
data/raw/ooc/OOC_image_dataset/test/good/cell_type_HPMEC/4+_days/230425_41.png,230425_41,230425,test,good,HPMEC,4+_days,1,HPMEC,4+_days,True,True,True,2240537,2056,1542,L,a13c5c947533073b5504012f22af817da41ff5697f606b3dbb07aa7762e587d7,f25af31af31af95bf0dbf419e418e619f619f01bf819fa18ec18f418f618fc18
data/raw/ooc/OOC_image_dataset/test/good/cell_type_HPMEC/4+_days/230425_42.png,230425_42,230425,test,good,HPMEC,4+_days,1,HPMEC,4+_days,True,True,True,2195032,2056,1542,L,28cc4a033b94c07e76d81f1428ebd83d23bd93d3835288b3bf5420f622c28b5e,fa1cf81cf81cfa18fa18ec18ec1cec1cfc18fc1af91ef31deb9dec11cc3eccbe
data/raw/ooc/OOC_image_dataset/test/good/cell_type_HPMEC/4+_days/230517_11.png,230517_11,230517,test,good,HPMEC,4+_days,1,HPMEC,4+_days,True,True,True,1675131,2056,1542,L,a30b97d4e1274664ee7c7cfbd49e028333792eb3cc879a6a43feea01a59009a5,8fe38f838d138e438f938e338c1b0ccf8cc789c389c389c38cc70ccf0c1bcc3b
data/raw/ooc/OOC_image_dataset/test/good/cell_type_HPMEC/4+_days/230517_17.png,230517_17,230517,test,good,HPMEC,4+_days,1,HPMEC,4+_days,True,True,True,1837808,2056,1542,L,008bffd1cce60ccc9428b858827589520420c516f9165f094958396d55c63271,df33dd339db39db39dc39e439e931db39dc39cc39c439d239c239f239f639e63
data/raw/ooc/OOC_image_dataset/test/good/cell_type_HPMEC/4+_days/230517_18.png,230517_18,230517,test,good,HPMEC,4+_days,1,HPMEC,4+_days,True,True,True,1822235,2056,1542,L,f7514c8101d264299ad26b5a1c85c8334f2f267b82501ab2eec31732da49d85a,9f239d239d639da39c9396c396639c1396039e439f439c639e639ec39ccb9dcb
data/raw/ooc/OOC_image_dataset/test/good/cell_type_HPMEC/4+_days/230517_23.png,230517_23,230517,test,good,HPMEC,4+_days,1,HPMEC,4+_days,True,True,True,1885948,2056,1542,L,9c0584c468c730f017f82191fdaa5a4ca458adbf7453ff057f88f994065466d0,2fe30c730c934e334f534ee30e634eb34ec34e634dc34ca34c938c83cc934d93
data/raw/ooc/OOC_image_dataset/test/good/cell_type_HPMEC/4+_days/230517_3.png,230517_3,230517,test,good,HPMEC,4+_days,1,HPMEC,4+_days,True,True,True,1711084,2056,1542,L,c87386c3c01144e96cf2486bd913d8a910d35784a7df459372c9e3dba0c8975c,c773c73bc5dbc5d3c63384f385f38733c733863b8c7b8cfb93fb93bb86b38cb3
data/raw/ooc/OOC_image_dataset/test/good/cell_type_HPMEC/4+_days/230529_2.png,230529_2,230529,test,good,HPMEC,4+_days,1,HPMEC,4+_days,True,True,True,1967043,2056,1542,L,946864796d58d7e48929a3731c5c93a6727ee894d80d2e9397ab91ee532a45ad,e464e480e704e527a521a5a5c605864da445a4e5c4e5e489c5c9c5a0c5a4e4a4
data/raw/ooc/OOC_image_dataset/test/good/cell_type_HPMEC/4+_days/230529_5.png,230529_5,230529,test,good,HPMEC,4+_days,1,HPMEC,4+_days,True,True,True,2095032,2056,1542,L,158b734ecc8c8fc17b21fed1fb959dbcd126c5dca8f4c6fee2222ab0f952021f,c74ac74a871ac78ac648c61a869286528642864a870e879e868ec40285228662
data/raw/ooc/OOC_image_dataset/test/good/cell_type_HPMEC/4+_days/230529_81.png,230529_81,230529,test,good,HPMEC,4+_days,1,HPMEC,4+_days,True,True,True,2007554,2056,1542,L,4ce0613325376c5bf75f17b4dc49078ae5ba027252c01538ebf976d5aa8fd8c1,1b8f1c8f1c8f1c871f071f8f1ec71f8f1e8f1c8f1dcf1fcb1b4a1b4b1e4f1c4f
data/raw/ooc/OOC_image_dataset/test/good/cell_type_HPMEC/4_days/230317_11.png,230317_11,230317,test,good,HPMEC,4_days,1,HPMEC,4_days,True,True,True,2013005,2056,1542,L,2f8aa8917bd20fdbd990396ce4754f33872f80f24e32b58e6a9dbe21bf0575d5,3e0e7e067e067a077e877c8678c778c772c77a477c877c0678867c073c0f3e0f
data/raw/ooc/OOC_image_dataset/test/good/cell_type_HPMEC/4_days/230317_12.png,230317_12,230317,test,good,HPMEC,4_days,1,HPMEC,4_days,True,True,True,2096883,2056,1542,L,879cc207e7c46e0f899221ef6fef2a225f32cc545642f170be336227ffa90ee9,1e17463661f661d77c177c177e17fe16fe16f616f617fa17f217fa17f9b7ecb7
data/raw/ooc/OOC_image_dataset/test/good/cell_type_HPMEC/4_days/230317_14.png,230317_14,230317,test,good,HPMEC,4_days,1,HPMEC,4_days,True,True,True,2146778,2056,1542,L,6901c74c86800e70980c7e4b2a401ce0ef846a64c07087d78d9d677ff0b603d4,f926f126f826f826f826fc2efe2ff42dfc0ddc0dfc0efc2cfc2cf42ff42ff42d
data/raw/ooc/OOC_image_dataset/test/good/cell_type_HPMEC/4_days/230317_16.png,230317_16,230317,test,good,HPMEC,4_days,1,HPMEC,4_days,True,True,True,2080223,2056,1542,L,e78e9b8eb242092fe63722806df623dd1de86e4201da2f2619e69865a37e864c,f90cfc0cfc0dfc0cf48ee68afe8af609f60df60ced0cdb0cd808f819f818f818
data/raw/ooc/OOC_image_dataset/test/good/cell_type_HPMEC/4_days/230317_26.png,230317_26,230317,test,good,HPMEC,4_days,1,HPMEC,4_days,True,True,True,2051068,2056,1542,L,0bd3f2ce906ebe439ea112a617ca604bfeadd7e13d96c359c337789712ec7b2a,701cf81c7a997199791a701c489d4c1c699b681a5c1b7899f8187998691a7c9a
data/raw/ooc/OOC_image_dataset/test/good/cell_type_HPMEC/4_days/230317_57.png,230317_57,230317,test,good,HPMEC,4_days,1,HPMEC,4_days,True,True,True,2014259,2056,1542,L,28b054155d5fd55cd8d8f32a1400afb3b12a248bfd125aea2904d744b7402b28,2f0c390c3b4c390e3b0e3b4e7b4e7b4e7c8c7e8c5a8e5b0c5e2e564c520d530c
data/raw/ooc/OOC_image_dataset/test/good/cell_type_HPMEC/4_days/230317_65.png,230317_65,230317,test,good,HPMEC,4_days,1,HPMEC,4_days,True,True,True,1600690,2056,1542,L,aa61b03b4b9cbecaa3dd70affea6afb9931fbbccb6b28496c962ad99dfd6e3a0,e864e061f060f060f063b061bc61e860f862e066e06b70637061f060f060f860
data/raw/ooc/OOC_image_dataset/test/good/cell_type_HPMEC/4_days/230512_14.png,230512_14,230512,test,good,HPMEC,4_days,1,HPMEC,4_days,True,True,True,1667364,2056,1542,L,aff380648e0c16a2bb38bc1b09df31ef9aa54978141767e20bf0ef6e212c1dd5,9e668c678ee781e793e613a783e78de79ce79cc79cc38de383c793c69dc699c6
data/raw/ooc/OOC_image_dataset/test/good/cell_type_HPMEC/4_days/230512_18.png,230512_18,230512,test,good,HPMEC,4_days,1,HPMEC,4_days,True,True,True,1852909,2056,1542,L,a936b9d8f2f9ead551dd17c7e593de51fc1cdd3331c05dfbb5460c06f3b55673,cbc3cbc30b4b8963cbe38da38f838ec38fc38b230ac389a38ca30ec38f234e83
data/raw/ooc/OOC_image_dataset/test/good/cell_type_HPMEC/4_days/230512_21.png,230512_21,230512,test,good,HPMEC,4_days,1,HPMEC,4_days,True,True,True,1727678,2056,1542,L,291fa83636ed927107bca592cba730ac2e0d3e1f431e16a5c14ecb588cfc6d0d,c983c993c99349c34c43cac3cac34f038d038f430e430b238e038e035e475b83
data/raw/ooc/OOC_image_dataset/test/good/cell_type_HPMEC/4_days/230512_24.png,230512_24,230512,test,good,HPMEC,4_days,1,HPMEC,4_days,True,True,True,1718776,2056,1542,L,16c64f2e7b6e47aa613b5b457bd3c0717f225b57c725b00baa1cbdf5ab3567e3,9c93199a138b1f031b031e0a1f0a1f2e1d669ce698c39c639d8798869cc69e42
data/raw/ooc/OOC_image_dataset/test/good/cell_type_HPMEC/4_days/230512_6.png,230512_6,230512,test,good,HPMEC,4_days,1,HPMEC,4_days,True,True,True,1843921,2056,1542,L,a2072f571b938161438916acfa8de5d667af0ffcd11823d48d5cb789d2c2e282,9e429c039d039f139f139f129d139f939e939e339e039d8399c3918393139633
data/raw/ooc/OOC_image_dataset/test/good/cell_type_HPMEC/4_days/230512_8.png,230512_8,230512,test,good,HPMEC,4_days,1,HPMEC,4_days,True,True,True,1905241,2056,1542,L,c37dd2f437718b0d2896e13e99497badc1dc8836ae8ad00ed44e204c6587312f,96a397939fe39fc39fe3bfb33ea3bea3be13bf03bf03bd0297429f22b633b653
data/raw/ooc/OOC_image_dataset/test/good/cell_type_HSAEC/0-1_days/220429_21.png,220429_21,220429,test,good,HSAEC,0-1_days,1,HSAEC,0-1_days,True,True,True,2487674,2048,1536,RGB,108445918b8c1a8dbf210050b2105fe3c5de825fac9760d47c4e27de533b24e3,2ad8108e044d0c3d1619443d08df095f2c9e03ad18ee58ef2a9f2aaf223f2227
data/raw/ooc/OOC_image_dataset/test/good/cell_type_HSAEC/0-1_days/220429_32.png,220429_32,220429,test,good,HSAEC,0-1_days,1,HSAEC,0-1_days,True,True,True,2249259,2048,1536,RGB,9de75f77e97bc48a170a3c62e4eeb455880a57b8ad15b6cbe73239c885fe3e6e,c016e25f41df51dfc757071f8e2d8e671e661c1e1d7f0d3f0cff04f7096f23f9
data/raw/ooc/OOC_image_dataset/test/good/cell_type_HSAEC/0-1_days/220626_10.png,220626_10,220626,test,good,HSAEC,0-1_days,1,HSAEC,0-1_days,True,True,True,2719996,2048,1536,RGB,dc8abfabbd3ec5f9161caf28713dd42f2907bce340b80bab757a39ca6a6e54e9,24bb0abb349e399a395823f817a10c690c6504f31d671d971cf78a760e30021b
data/raw/ooc/OOC_image_dataset/test/good/cell_type_HSAEC/0-1_days/220626_14.png,220626_14,220626,test,good,HSAEC,0-1_days,1,HSAEC,0-1_days,True,True,True,2736245,2048,1536,RGB,62b08f4084b530860cb48de7977d2dfd3cb2976cb312d4aa997fbf356f262302,044f04cd06ad0e8d064e238a19b502a781c5216707c711b30daf0dd78f679da5
data/raw/ooc/OOC_image_dataset/test/good/cell_type_HSAEC/0-1_days/220708_8.png,220708_8,220708,test,good,HSAEC,0-1_days,1,HSAEC,0-1_days,True,True,True,2611308,2048,1536,RGB,394be14001e8431327ff9894879d12a31c765632425a6b60301b98c91a492eab,25b54d9a5df44aec26f8a47474fc7724638d26cbead32683850f1fde2fcf26a6
data/raw/ooc/OOC_image_dataset/test/good/cell_type_HSAEC/0-1_days/221010_20.png,221010_20,221010,test,good,HSAEC,0-1_days,1,HSAEC,0-1_days,True,True,True,3015562,2048,1536,RGB,74b1d9e080f6e647245004fea70f680f7f27eab69bf3980f3248617b7a88d071,2077206b2063a063a113b0c3a8d3a851a075a0f1a0c9a0bdb013b003a091b289
data/raw/ooc/OOC_image_dataset/test/good/cell_type_HSAEC/0-1_days/221010_23.png,221010_23,221010,test,good,HSAEC,0-1_days,1,HSAEC,0-1_days,True,True,True,2853992,2048,1536,RGB,5901300ac3113a958404f6a4c36e0df5011b774079069c9529d0da9a71648914,00e9006910690069006900e9086908e901d900692069b8e9986d886d884da04d
data/raw/ooc/OOC_image_dataset/test/good/cell_type_HSAEC/0-1_days/221010_27.png,221010_27,221010,test,good,HSAEC,0-1_days,1,HSAEC,0-1_days,True,True,True,2990630,2048,1536,RGB,d7f4bcb415625a9f1cc35fbe62f6f5226302cc363f96a8d8424055faa85cc71e,c8e3c8ebc9f3c973c833c9f1c9f3e8fbc8e9c8f1c8e5c863c943c923c923c831
data/raw/ooc/OOC_image_dataset/test/good/cell_type_HSAEC/0-1_days/221010_47.png,221010_47,221010,test,good,HSAEC,0-1_days,1,HSAEC,0-1_days,True,True,True,2628539,2048,1536,RGB,8a46d86484b9e16a6b60c8cd8707b08a81a6f9e423038b583d7019a728065dd2,c01bc01bc049c309c00bc00fc10fc20fc20fc20dc50fc50be40de207e60fe60f
data/raw/ooc/OOC_image_dataset/test/good/cell_type_HSAEC/0-1_days/221010_49.png,221010_49,221010,test,good,HSAEC,0-1_days,1,HSAEC,0-1_days,True,True,True,2944797,2048,1536,RGB,cf9ed69f3a53a268453c6c99558f6bec73cef52150eba2f30c6e11b4bc72975b,861e801e801ec49ec48ec00e400e400e020e401e011e420e4a1e121e0a0f4d0f
data/raw/ooc/OOC_image_dataset/test/good/cell_type_HSAEC/0-1_days/230119_44.png,230119_44,230119,test,good,HSAEC,0-1_days,1,HSAEC,0-1_days,True,True,True,2558062,2048,1536,RGB,673a2519ed9f66013b5b146401d3bfd23792b626a59139051d865a3dadf8ddb1,cbacd9b4ddf6df32daf6e974fb76f562fc6afc6af2f2fbe2f1a3fda3f4d3f5f5
data/raw/ooc/OOC_image_dataset/test/good/cell_type_HSAEC/0-1_days/230119_46.png,230119_46,230119,test,good,HSAEC,0-1_days,1,HSAEC,0-1_days,True,True,True,2700791,2048,1536,RGB,f313ad7b9aa076a6cdf0ed071758fe3fe5fbd9a1f685b1ec2f444528166bd6f7,f2faf35af734ee96f7b3f533fe9bedddf7ebf5e766d16f1d774d795d75ec75b5
data/raw/ooc/OOC_image_dataset/test/good/cell_type_HSAEC/0-1_days/230119_52.png,230119_52,230119,test,good,HSAEC,0-1_days,1,HSAEC,0-1_days,True,True,True,2619949,2048,1536,RGB,f97afedb866cb68dc7443dba397bc785c8b8fa8f59cecc14f3fa5aae5ec12a11,52cd53cd62cc61cd31cd99aef1a6b1e6aba699a6d926f9e7ebe7dba3dbb3eba3
data/raw/ooc/OOC_image_dataset/test/good/cell_type_HSAEC/0-1_days/230119_56.png,230119_56,230119,test,good,HSAEC,0-1_days,1,HSAEC,0-1_days,True,True,True,2532990,2048,1536,RGB,2e7f5af923d80f39d8cd904ff3f8a655d435f68e435ad44f5a0a52b7a69cb125,6e737eb37e937f137b7337533f813f713fe13fa13f313f181f481f441f8c1f9c
data/raw/ooc/OOC_image_dataset/test/good/cell_type_HSAEC/0-1_days/230119_60.png,230119_60,230119,test,good,HSAEC,0-1_days,1,HSAEC,0-1_days,True,True,True,2793589,2048,1536,RGB,ef6f496ca887e005be225891089dbf3328536fbd603e6093a4a80275af0ae412,61b9457965bc63bc69f86afc6bbc63fc6ae438f439f03cf43af43df63df43dbc
data/raw/ooc/OOC_image_dataset/test/good/cell_type_HSAEC/0-1_days/230119_61.png,230119_61,230119,test,good,HSAEC,0-1_days,1,HSAEC,0-1_days,True,True,True,2730510,2048,1536,RGB,a5c578cc6857cdc51123f48ce15bf8a0225629312b0d955b65301b01eea45aa3,d1f979e968dd62fc736c67746b7c327438fc3de83ff03df03cf81b3a1b7e192f
data/raw/ooc/OOC_image_dataset/test/good/cell_type_HSAEC/0-1_days/230119_62.png,230119_62,230119,test,good,HSAEC,0-1_days,1,HSAEC,0-1_days,True,True,True,2716998,2048,1536,RGB,0bfccab4217a9aec99148a2f3eba939f57905728535f7d5c07075aff62ce8116,e679f66dfcedededfcacf9bcf2dc7374776474e477e66dee7dc636f63bb23fb2
data/raw/ooc/OOC_image_dataset/test/good/cell_type_HSAEC/2-3_days/220506_6.png,220506_6,220506,test,good,HSAEC,2-3_days,1,HSAEC,2-3_days,True,True,True,2739801,2048,1536,RGB,2e29b6a2b60fce40bd5a306e8214f62dffb721e20603902ed256d3a87eeb7dfe,900f240b0012025102852202084105415060076004c50ca108518422806301ff
data/raw/ooc/OOC_image_dataset/test/good/cell_type_HSAEC/2-3_days/220716_8.png,220716_8,220716,test,good,HSAEC,2-3_days,1,HSAEC,2-3_days,True,True,True,2449149,2048,1536,RGB,f5aa4003261c9c8c91c079d2515b53fb3f85fe988f646c96d1a0f04098a27710,05350c65064d465f044340c7888fc8cdc9cc88cc098921c9818e210e22660664
data/raw/ooc/OOC_image_dataset/test/good/cell_type_HSAEC/2-3_days/220716_9.png,220716_9,220716,test,good,HSAEC,2-3_days,1,HSAEC,2-3_days,True,True,True,2577863,2048,1536,RGB,17a94638e91707c6e092689f9c304046a853f9e35bcf1a78e656ffb6c23b1540,003e22320366238e709e30963947072fc7ad92b230332067209200a000620017
data/raw/ooc/OOC_image_dataset/test/good/cell_type_HSAEC/2-3_days/221012_11.png,221012_11,221012,test,good,HSAEC,2-3_days,1,HSAEC,2-3_days,True,True,True,2967192,2048,1536,RGB,576eb1a780929d32db74292383415c8e851ae4aafaf6e6555b6118770e5cbde9,7207a0678047c147810b9067906780278037c03a09276045200d225452008007
data/raw/ooc/OOC_image_dataset/test/good/cell_type_HSAEC/2-3_days/221012_18.png,221012_18,221012,test,good,HSAEC,2-3_days,1,HSAEC,2-3_days,True,True,True,2528852,2048,1536,RGB,fff5568f439e6196471df6cc143b2f5ec01a6906d4d9a8c25ce0c97b759f3663,c147030383278367a32fcbaacbf3e64df67bf76ef6d7ff9fff9cff5cff87c7fe
data/raw/ooc/OOC_image_dataset/test/good/cell_type_HSAEC/2-3_days/221012_2.png,221012_2,221012,test,good,HSAEC,2-3_days,1,HSAEC,2-3_days,True,True,True,2724843,2048,1536,RGB,af925d4ce81b3f8a8cd84049a6f3cb8a8204226df3d7b68deab9c5b6926ea7c0,885640178005812b40cf20cf604f405f4027003700e720cd200f25060a060f00
data/raw/ooc/OOC_image_dataset/test/good/cell_type_HSAEC/2-3_days/221012_3.png,221012_3,221012,test,good,HSAEC,2-3_days,1,HSAEC,2-3_days,True,True,True,2586442,2048,1536,RGB,c17d00a00202137a4883151f4087ceeb49431c23df103d79749e408841f1be81,00070023e307436740a66045604618271826188d184f18c3308da30d831f039f
data/raw/ooc/OOC_image_dataset/test/good/cell_type_HSAEC/2-3_days/221012_5.png,221012_5,221012,test,good,HSAEC,2-3_days,1,HSAEC,2-3_days,True,True,True,2779413,2048,1536,RGB,95ec1d098fbbc5ce95ac167cf1847340b1a097f872c79f14e1dc69d6b60690d0,7816300f300b202b001780238043010b810dc1856117408f038db305a00e07c0
data/raw/ooc/OOC_image_dataset/test/good/cell_type_HSAEC/4+_days/220503_1.png,220503_1,220503,test,good,HSAEC,4+_days,1,HSAEC,4+_days,True,True,True,2881653,2048,1536,RGB,4bb186442c95fd1a1ac12d97dfa65ca0ed8dbeb07ebfcb46ab9562ee1e745e95,9cbc444c057c8ea4aea09ed3348996d8aad41e881cc814c11643196309d708d4
data/raw/ooc/OOC_image_dataset/test/good/cell_type_HSAEC/4+_days/220503_2.png,220503_2,220503,test,good,HSAEC,4+_days,1,HSAEC,4+_days,True,True,True,2905675,2048,1536,RGB,1166c496f95c9b8505817d8780ed056bd29536624f9cc4cdb249815e26a73cf4,691f0a9708990dba083e1b67cb377b34186109a1059f01d71323133b22363aa6
data/raw/ooc/OOC_image_dataset/test/good/cell_type_HSAEC/4+_days/220512_2.png,220512_2,220512,test,good,HSAEC,4+_days,1,HSAEC,4+_days,True,True,True,2864412,2048,1536,RGB,aa8797370cb9778e4ccc0d1fe2b588fba28d3f66609b6b4308626b31bc59526d,000e08cf099f001f000f800e010e810f410f20070042800300020005020302ff
data/raw/ooc/OOC_image_dataset/test/good/cell_type_HSAEC/4+_days/220515_11.png,220515_11,220515,test,good,HSAEC,4+_days,1,HSAEC,4+_days,True,True,True,3084097,2048,1536,RGB,2da7b7c2c34f40c322c534098852d6f0c9a871f7b9e317688b520b5cd56ba3ca,202324c374a311421120082025b048885dc849c8c93389b241884285818c09a6
data/raw/ooc/OOC_image_dataset/test/good/cell_type_HSAEC/4+_days/220706_9.png,220706_9,220706,test,good,HSAEC,4+_days,1,HSAEC,4+_days,True,True,True,2458271,2048,1536,RGB,f21462f700a9b89d4b08478ded7b38a23b4368914ee6ac0f6738162baa9f04df,0fa3901f818500cc008f008e481c120e465a24400c9220930102908002020007
data/raw/ooc/OOC_image_dataset/test/good/cell_type_HSAEC/4+_days/220722_7.png,220722_7,220722,test,good,HSAEC,4+_days,1,HSAEC,4+_days,True,True,True,2532899,2048,1536,RGB,abc4d124a46be548b4b51f211733f290cca3244248df5245ac7da1c84d6af28a,6009404dc0278024800d08d308b42068307814712233223684341039603b8042
data/raw/ooc/OOC_image_dataset/test/good/cell_type_HSAEC/4+_days/230123_20.png,230123_20,230123,test,good,HSAEC,4+_days,1,HSAEC,4+_days,True,True,True,2676808,2048,1536,RGB,942a89d2daa34c78713471fa9eecddca33b10201370e0cc45831468ee1605401,fc58fd38ec9ccd50e110f514f41cea0ef20ae60aef2cf80adc88f64cfc24ee65
data/raw/ooc/OOC_image_dataset/test/good/cell_type_HSAEC/4+_days/230123_21.png,230123_21,230123,test,good,HSAEC,4+_days,1,HSAEC,4+_days,True,True,True,2832569,2048,1536,RGB,1673785f6804c202e785b0011aeb768e98782745c3c897c6edeb490c63b40c10,0e260a263226f7662627042792269623cd230d239ca3b183a5d3a853d143d083
data/raw/ooc/OOC_image_dataset/test/good/cell_type_HSAEC/4+_days/230123_26.png,230123_26,230123,test,good,HSAEC,4+_days,1,HSAEC,4+_days,True,True,True,2532831,2048,1536,RGB,085d6fc1eb4345c87700ab1589eae814dce1105101c04401cc17139ee357947a,fb04720471247cc674447dde7d167d323b323aaa3c0b3c2330b3391b3c133d1d
data/raw/ooc/OOC_image_dataset/test/good/cell_type_HSAEC/4_days/220502_2.png,220502_2,220502,test,good,HSAEC,4_days,1,HSAEC,4_days,True,True,True,2715175,2048,1536,RGB,34259dbbeb556a07178782ebe8dc424e32d204a3759bcc82a0df0275400ad9e4,04e1106d201f200f000b000b0003000310030403440304030003000300310060
data/raw/ooc/OOC_image_dataset/test/good/cell_type_HSAEC/4_days/220502_6.png,220502_6,220502,test,good,HSAEC,4_days,1,HSAEC,4_days,True,True,True,2796694,2048,1536,RGB,8c1f05a0163e52509a149eee803884a93267717a060c146cf13042b7d09de4e7,09bf001f001f000f000f001f000f000f000a020204030301800500114027c18f
data/raw/ooc/OOC_image_dataset/test/good/cell_type_HSAEC/4_days/220630_10.png,220630_10,220630,test,good,HSAEC,4_days,1,HSAEC,4_days,True,True,True,2748344,2048,1536,RGB,be1c06804f97eedd0fbfef211083ef9248190f5db3bd5e5464b62ea064a0587a,087f0c5b8c119c33dc03c803c8039803b84308070405001700c700f784fde4d7
data/raw/ooc/OOC_image_dataset/test/good/cell_type_HUVEC/0-1_days/221010_68.png,221010_68,221010,test,good,HUVEC,0-1_days,1,HUVEC,0-1_days,True,True,True,2716141,2048,1536,RGB,2d8f06ce9d10e0f403bb28d603c61215b3fe9ae954322d95d1096de268758fc5,c02ed03ec03ec03e40be589e51ee40de44de60ee40c640c640e648e644d660c6
data/raw/ooc/OOC_image_dataset/test/good/cell_type_HUVEC/0-1_days/221010_71.png,221010_71,221010,test,good,HUVEC,0-1_days,1,HUVEC,0-1_days,True,True,True,2668683,2048,1536,RGB,43b23bfd56fc25cf80bd53f9b93ed76874a87977aa4457f476481972614db8ec,d03ba039b0399039b235b035ba55bc1dfc9df4ddf8ddfc1df4ddf875f8d5e8dd
data/raw/ooc/OOC_image_dataset/test/good/cell_type_HUVEC/0-1_days/221010_75.png,221010_75,221010,test,good,HUVEC,0-1_days,1,HUVEC,0-1_days,True,True,True,2752341,2048,1536,RGB,237b504156c42d5b2594dff8ae7cdec6fbccbce27d28c75fa7ac15fdf780b1ef,8416843684368466a4469c4692869556924e993698169a169c269ec686468a46
data/raw/ooc/OOC_image_dataset/test/good/cell_type_HUVEC/0-1_days/221215_9.png,221215_9,221215,test,good,HUVEC,0-1_days,1,HUVEC,0-1_days,True,True,True,2299821,2048,1536,RGB,335230a0b5e2044ed3a670bfb740264065e02c4c8bb1288e047d3c94650af880,0399039b01990399199905981598039803981189818a81890189418c43cc01cd
data/raw/ooc/OOC_image_dataset/test/good/cell_type_NHBE/0-1_days/230316_17.png,230316_17,230316,test,good,NHBE,0-1_days,1,NHBE,0-1_days,True,True,True,6167175,2048,1536,RGB,bf3e28aeaeb0b0d471a44341f0f2b57b5a8c22eca7d5fd83cc50de50f70c109a,f1ddf19df21dee8de99de46df56df1cdfbccef1cef0cee3cfd2cfd4cef1efcae
data/raw/ooc/OOC_image_dataset/test/good/cell_type_NHBE/0-1_days/230316_28.png,230316_28,230316,test,good,NHBE,0-1_days,1,NHBE,0-1_days,True,True,True,5892470,2048,1536,RGB,a2ebb81d7eb0eb7904dfea0f332d915962ade6ea943d72ad25dfe67dc2801014,794c738c5dcc779c7f0c5b94658c6574675cbd3ab8fab676b47eb8eab4f6bcfe
data/raw/ooc/OOC_image_dataset/test/good/cell_type_NHBE/0-1_days/230316_29.png,230316_29,230316,test,good,NHBE,0-1_days,1,NHBE,0-1_days,True,True,True,5357980,2048,1536,RGB,7f0fe0f4879387fbfc8bb9a0c155693aa961eb954ddde6495b96237ab1bd78e8,7acd6c9d7a1c38dc38ac397c3c6c3c2c3e2c396eb756b85eb8de9a2693469ec6
data/raw/ooc/OOC_image_dataset/test/good/cell_type_NHBE/0-1_days/230316_31.png,230316_31,230316,test,good,NHBE,0-1_days,1,NHBE,0-1_days,True,True,True,5249580,2048,1536,RGB,0e9ca3063dcc4839b4c5c8661f147ff17b8fd227895d617fcee246023044b0e1,33b3b5b38d339a738cd356b3a653c293e333a333ab5bd159dc59dc59dcd9b639
data/raw/ooc/OOC_image_dataset/test/good/cell_type_NHBE/2-3_days/230317_72.png,230317_72,230317,test,good,NHBE,2-3_days,1,NHBE,2-3_days,True,True,True,1907665,2056,1542,L,0fc0e244336aefb3b68de7c948d31308b5f29d5e6c91526f09d5e51a7972b65b,1663966393e399839c5398639d439f039e231e231e231e439e839a839f43bb23
data/raw/ooc/OOC_image_dataset/test/good/cell_type_NHBE/2-3_days/230317_74.png,230317_74,230317,test,good,NHBE,2-3_days,1,NHBE,2-3_days,True,True,True,1932183,2056,1542,L,b134810cab2a55f1292938e8bfbacf9d91804af89138bc39e12afa7c9f413779,3d4339433d433c433cc33dc33e433f53bb43bf83b383bbc7a9e6207627362716
data/raw/ooc/OOC_image_dataset/test/good/cell_type_NHBE/2-3_days/230317_75.png,230317_75,230317,test,good,NHBE,2-3_days,1,NHBE,2-3_days,True,True,True,1797774,2056,1542,L,891367940ebb4b1a2015a0981a1751e35db68804bd1f45548ec1ba0976142082,8ed3ce16ce168e0e991e9d179d279a2694269606968616071c27946694e695c7
data/raw/ooc/OOC_image_dataset/test/good/cell_type_NHBE/2-3_days/230317_78.png,230317_78,230317,test,good,NHBE,2-3_days,1,NHBE,2-3_days,True,True,True,1825224,2056,1542,L,81461755df8dc814e137034c013c64b5bbc9dfc8714ca654173a1e048eb32694,2b062b8629862d062c062a072e07688668866c866c0668866c866cc669c66986
data/raw/ooc/OOC_image_dataset/test/good/cell_type_NHBE/2-3_days/230317_80.png,230317_80,230317,test,good,NHBE,2-3_days,1,NHBE,2-3_days,True,True,True,1807763,2056,1542,L,089c5155565f5d0822d2ffc2b3561e83d17478a3dd2a524bdcc5efbf4d20e14b,69866b466f07686668466a666ae67ae678a66c867f067b066a866c8779077a46
data/raw/ooc/OOC_image_dataset/test/good/cell_type_NHBE/2-3_days/230317_84.png,230317_84,230317,test,good,NHBE,2-3_days,1,NHBE,2-3_days,True,True,True,2105789,2056,1542,L,fbee85063c1bcd8f5e49809c4a1f4d97a9e6b23769313397f5c9556cae68634b,0e270ee78e479e669f461d4c1dce1d8c1f0c330c3b4e3f4f3f0d398d398e3acc
data/raw/ooc/OOC_image_dataset/test/good/cell_type_NHBE/2-3_days/230317_88.png,230317_88,230317,test,good,NHBE,2-3_days,1,NHBE,2-3_days,True,True,True,2026057,2056,1542,L,adf6e9b9563f32bc5b992f00eb8baa5e59617cd7d6f2b12c2053d5ec5611d36b,518c5b2c5f0e5f0c5ccc5ccc5e8c570d5f0c5b0c590c58ccd9ccdb8cdf8edf0e
data/raw/ooc/OOC_image_dataset/test/good/cell_type_NHBE/2-3_days/230317_97.png,230317_97,230317,test,good,NHBE,2-3_days,1,NHBE,2-3_days,True,True,True,1689809,2056,1542,L,a06c1db407050966843be6eff10c1b2aee875f23c22961268afd6bce2e6ae89b,f030fa30f026f826fd22fd31982398639c61d275926422616a61a2683a6cbc65
data/raw/ooc/OOC_image_dataset/test/good/cell_type_NHBE/4+_days/230320_137.png,230320_137,230320,test,good,NHBE,4+_days,1,NHBE,4+_days,True,True,True,1877421,2056,1542,L,3e5e73f083b5b400eb369eea4678e090418f4ea1858d05246627d606afc05d1d,4e714e314fb14fc14cc14cd14cc1dca1de81df21dda1dc69de71deb1dc71de61
data/raw/ooc/OOC_image_dataset/test/good/cell_type_NHBE/4+_days/230320_138.png,230320_138,230320,test,good,NHBE,4+_days,1,NHBE,4+_days,True,True,True,1898602,2056,1542,L,edd20ac0fdaf22972fb3ca1d6cd8692c77c8636ea1f0f57dbb2ca71459817969,df81daa1dce1dce19c319e319f399ec19ec9db99d8791c711e711e611f611941
data/raw/ooc/OOC_image_dataset/test/good/cell_type_NHBE/4+_days/230320_146.png,230320_146,230320,test,good,NHBE,4+_days,1,NHBE,4+_days,True,True,True,1719271,2056,1542,L,28290d720526cbfe448d3b2e6ab997b119d430314cab45aba1def8dc4bf43e82,2d432d426c626c2269826b026e026b826e026e026d226f2266436e676d676f66
data/raw/ooc/OOC_image_dataset/test/good/cell_type_NHBE/4+_days/230320_147.png,230320_147,230320,test,good,NHBE,4+_days,1,NHBE,4+_days,True,True,True,1721435,2056,1542,L,ca45b2e992f7d0d98a72de7b0b878d208dafbbded5fd28c516b3ce9b12982815,69626e626c436cc36ca26b226b426b436f036a436c436d476f476ea76ec76ec3
data/raw/ooc/OOC_image_dataset/test/good/cell_type_NHBE/4+_days/230320_156.png,230320_156,230320,test,good,NHBE,4+_days,1,NHBE,4+_days,True,True,True,1814188,2056,1542,L,8ac64024da82a0edb26aeb5b977204af2310d357214c5e854ce62f234a05dfab,59075987598759cc59c4d6ced44ed50cd60ed70cc64cd28dde8edc4cdd4cdd0c
data/raw/ooc/OOC_image_dataset/test/good/cell_type_NHBE/4+_days/230320_162.png,230320_162,230320,test,good,NHBE,4+_days,1,NHBE,4+_days,True,True,True,1925860,2056,1542,L,0c33213ae741d20f14b2012c555f5a17d0312de3a3b7ae3e496d8a0e95934dd4,fc30d6348e30cc3ccd36d938f038923cb334e834c632e631b231f330f93afb33
data/raw/ooc/OOC_image_dataset/test/good/cell_type_NHBE/4+_days/230320_207.png,230320_207,230320,test,good,NHBE,4+_days,1,NHBE,4+_days,True,True,True,1894577,2056,1542,L,cb9f495bb50f33fd47827cf8af3c7f33543ae9374fa4ed59836cc83b4dc0e62a,19c31b839b031b0313031383130313839b831b831b431b831b071a835a07cb07
data/raw/ooc/OOC_image_dataset/test/good/cell_type_NHBE/4+_days/230320_217.png,230320_217,230320,test,good,NHBE,4+_days,1,NHBE,4+_days,True,True,True,2053870,2056,1542,L,2df58aed05f67566ef5e8e08f90da8f18c62eb50f4bf662bd79d96b0304afff1,2b8229422cc22a022c832e032f0329032ea32c032c132c032c032c2324033c23
data/raw/ooc/OOC_image_dataset/test/good/cell_type_NHBE/4+_days/230320_219.png,230320_219,230320,test,good,NHBE,4+_days,1,NHBE,4+_days,True,True,True,1857238,2056,1542,L,9c75d757ef45259123d892f1a6fbebfdbb5d9c86e90f3e3d6dbff570f29dc5d4,6f036f076bc76b276b8369836a836a03698369c368c36cc36cc369036a836903
data/raw/ooc/OOC_image_dataset/test/good/cell_type_NHBE/4+_days/230320_220.png,230320_220,230320,test,good,NHBE,4+_days,1,NHBE,4+_days,True,True,True,1869290,2056,1542,L,51ebaa5de82eae4ac3c89fe60bc4c5ff9906aeb1b2a3f8f12980ea81fcb19617,2d862c862b2729c769e32d836f036c836f836e836e136e036f036e036e036e03
data/raw/ooc/OOC_image_dataset/test/good/cell_type_NHBE/4+_days/230320_226.png,230320_226,230320,test,good,NHBE,4+_days,1,NHBE,4+_days,True,True,True,1845759,2056,1542,L,6150e595c1f0657e8f4e3abdbbdb5f3d789aefa46b60108f0f598d4d5d384bf8,609879187958711c5c1e491f6c1c7818709c529c4f1d6519751d751d7e19fd1b
data/raw/ooc/OOC_image_dataset/test/good/cell_type_NHBE/4+_days/230320_229.png,230320_229,230320,test,good,NHBE,4+_days,1,NHBE,4+_days,True,True,True,1786585,2056,1542,L,e52739e444a7102f4d73c430de009a3cba39e8613f6cd5ff0157a668f5632963,75307438323816181e1c1c1a641864984c1c181a38192e1c2c18641c74187818
data/raw/ooc/OOC_image_dataset/train/bad/cell_type_A549/0-1_days/221123_10.png,221123_10,221123,train,bad,A549,0-1_days,2,A549,0-1_days,True,True,True,2934640,2048,1536,RGB,e5f9036d9c2855b477633c15c8d18cbfb2bc75c3da32a99bfcea5f64cc7f1571,fbcbedcd68b89400c23042b0d082898adbf843b86772b3536b206b4677172b17
data/raw/ooc/OOC_image_dataset/train/bad/cell_type_A549/0-1_days/221123_11.png,221123_11,221123,train,bad,A549,0-1_days,2,A549,0-1_days,True,True,True,3051091,2048,1536,RGB,a243a206878edef59e5fad6e1d4d5bb788c52560d06f60ad3fc0fbc2fe6d0d4a,0960cae08ca99931ec55b624da40c91881445251124800f410983210331a9712
data/raw/ooc/OOC_image_dataset/train/bad/cell_type_A549/0-1_days/221123_12.png,221123_12,221123,train,bad,A549,0-1_days,2,A549,0-1_days,True,True,True,2838196,2048,1536,RGB,741b6399fe3b63ae118d20ebd37dee85a821ede9ab5a2588598b80ce9f9bcc85,acc48c80040050010bef6f5c613c7164687236fc24fc18f418d4a4edcad58ad5
data/raw/ooc/OOC_image_dataset/train/bad/cell_type_A549/0-1_days/221123_5.png,221123_5,221123,train,bad,A549,0-1_days,2,A549,0-1_days,True,True,True,2936776,2048,1536,RGB,a128c5fb46263a458ce48288b15de49a7d86e2ec1674c011267c69062b0776e8,ce43c533d923944714879b121a328cdac4c920e45249814d4969a191c8dd2163
data/raw/ooc/OOC_image_dataset/train/bad/cell_type_A549/0-1_days/221123_6.png,221123_6,221123,train,bad,A549,0-1_days,2,A549,0-1_days,True,True,True,2888407,2048,1536,RGB,a09b10833fa60b4ab3712ab3174fef0ea56ad26931f65d2bb9f0100c36a727e8,0208621f37fdf3c9618d7335b02f9c2a0424a103a4078264512450393d1fb865
data/raw/ooc/OOC_image_dataset/train/bad/cell_type_A549/0-1_days/221123_8.png,221123_8,221123,train,bad,A549,0-1_days,2,A549,0-1_days,True,True,True,2966217,2048,1536,RGB,c4529aa40729889cf8c132fa46bf5f0f6f227cd6629e5bb3a922e566ae8884b5,ff329873d85099311d311831d07146392a1998918111b13130b8c80008010013
data/raw/ooc/OOC_image_dataset/train/bad/cell_type_A549/0-1_days/230109_102.png,230109_102,230109,train,bad,A549,0-1_days,2,A549,0-1_days,True,True,True,2410185,2048,1536,RGB,785a2d1f26f98025c56cdd4541cd90942552036dfe4f28305d810e6405247567,8ed19fa03f003f407fccff6cfe749fb08ff003f141c340e340472007300f281f
data/raw/ooc/OOC_image_dataset/train/bad/cell_type_A549/0-1_days/230109_103.png,230109_103,230109,train,bad,A549,0-1_days,2,A549,0-1_days,True,True,True,2810262,2048,1536,RGB,ed84c943e925897467591ab7cff655ae927dc804fb8ee5711d70503d1498e741,efa1fe41df41dd43fed3f4c3d943b5a797a7b607f60770a758a61866382636b6
data/raw/ooc/OOC_image_dataset/train/bad/cell_type_A549/0-1_days/230109_104.png,230109_104,230109,train,bad,A549,0-1_days,2,A549,0-1_days,True,True,True,2516123,2048,1536,RGB,5e8089770bff2184f031ba1a44e25e85bc19e470412727cca48dda1f3f1ed68c,df19de91cdb963c9bbc9bba899209044d9149834d814c888c04ce80cc81ccc18
data/raw/ooc/OOC_image_dataset/train/bad/cell_type_A549/0-1_days/230109_105.png,230109_105,230109,train,bad,A549,0-1_days,2,A549,0-1_days,True,True,True,2723972,2048,1536,RGB,2a0e46b3eebe3f73681af3359d7b145ca804b045bc5e7d43a4252987f7961549,d1a3e3c5c7d0cf608f709fc23f917f80fec0fbf0fff0ffd11fc31fc387c7c38e
data/raw/ooc/OOC_image_dataset/train/bad/cell_type_A549/0-1_days/230109_106.png,230109_106,230109,train,bad,A549,0-1_days,2,A549,0-1_days,True,True,True,2466303,2048,1536,RGB,a3383143e0e7945a903d3a734e178dd57f98376448e86ea78db823c9f12c0d3d,7b2e7b526e336ee2664864107705770f3687362732173a033a0733063107311d
data/raw/ooc/OOC_image_dataset/train/bad/cell_type_A549/0-1_days/230109_112.png,230109_112,230109,train,bad,A549,0-1_days,2,A549,0-1_days,True,True,True,2686940,2048,1536,RGB,a952b337c2fd14d30d4a1b7b1c0f3b49d1d2cbd00a0f268f2a32c2c4b80b907f,4cdfcebfdeb79cff9c7ebe6e363c263c4e38ccb8e891f9d1fd83fb83ff477fc7
data/raw/ooc/OOC_image_dataset/train/bad/cell_type_A549/0-1_days/230109_115.png,230109_115,230109,train,bad,A549,0-1_days,2,A549,0-1_days,True,True,True,2628028,2048,1536,RGB,9f55fb78918316067a3adae82955836359cf75e73d4ef553d63e0770a7140acb,a7e38ff2cf789ffc9fec3ecc7ce4f6f4fd74fb90ffc13fc31ec30f87078eaf8f
data/raw/ooc/OOC_image_dataset/train/bad/cell_type_A549/0-1_days/230109_119.png,230109_119,230109,train,bad,A549,0-1_days,2,A549,0-1_days,True,True,True,2528970,2048,1536,RGB,640c661a419613dd1d61f8dccc21d14056753ee4a5d48f49a127e6248ef867b5,285b265b36b917f925f911b9983998599a7d924d9b199dd88c80dcc8ccd8cd00
data/raw/ooc/OOC_image_dataset/train/bad/cell_type_A549/0-1_days/230109_120.png,230109_120,230109,train,bad,A549,0-1_days,2,A549,0-1_days,True,True,True,2443738,2048,1536,RGB,144da4c1a8107f646a640c81e60ba095b7e38444b9f6c7e11fc67928d0a7e491,fae6f776bda73f337f335d7356d34db36b737b935493749b678b2f112e313851
data/raw/ooc/OOC_image_dataset/train/bad/cell_type_A549/0-1_days/230109_122.png,230109_122,230109,train,bad,A549,0-1_days,2,A549,0-1_days,True,True,True,2648415,2048,1536,RGB,07ea2a8c0ffa04525651271e2ddd68ea8e8fd2fad8caede8c4fb70b161197be0,dfd9df99d791dfe1dff1cff1ef93eff3c6f3f4d3b527f327f207a20f7c0f780f
data/raw/ooc/OOC_image_dataset/train/bad/cell_type_A549/0-1_days/230109_123.png,230109_123,230109,train,bad,A549,0-1_days,2,A549,0-1_days,True,True,True,2597611,2048,1536,RGB,9ca32b344619515dc4164e5bbfd6bf1f9cef081a6aaa09db581e0ebf0606c64b,5f1b4f194f512f912fd9bfe137b9b389bb4cbf0cbd08b5909a40d644dda4dc88
data/raw/ooc/OOC_image_dataset/train/bad/cell_type_A549/0-1_days/230109_124.png,230109_124,230109,train,bad,A549,0-1_days,2,A549,0-1_days,True,True,True,2565194,2048,1536,RGB,c7f4bfd9a87bcf462e0a9d32cbfeff2d69f985d718f95cbc4ef6c10caf793da7,db60df44df04dfa4db84d38cef8aef8a6b126f426f646de56f82268a27023681
data/raw/ooc/OOC_image_dataset/train/bad/cell_type_A549/0-1_days/230109_126.png,230109_126,230109,train,bad,A549,0-1_days,2,A549,0-1_days,True,True,True,2488784,2048,1536,RGB,10d193f2927c36c4ae4280676991e287e55c1e0ef23e3830bf4730683b655911,5c897da97f996c8934d13be1be48b008bcc8b644b228a718d318ec04c888d98e
data/raw/ooc/OOC_image_dataset/train/bad/cell_type_A549/0-1_days/230109_127.png,230109_127,230109,train,bad,A549,0-1_days,2,A549,0-1_days,True,True,True,2597329,2048,1536,RGB,5f2f7bd3b3da95555a5284741d8835c72a5ff0a7f205097b921e45f966860af6,df19cf19ef99edaccde0c6e8e758d33cb0ccb22e900cd106d426cd46cd26e886
data/raw/ooc/OOC_image_dataset/train/bad/cell_type_A549/0-1_days/230109_130.png,230109_130,230109,train,bad,A549,0-1_days,2,A549,0-1_days,True,True,True,2625156,2048,1536,RGB,a85f436a81aa08cb0dfc6efcd596204afd567278ca841310f185b2b0984ad6b9,cdb4edc4edc6efa6e7c2656667246785776877ca362332233211332a3b553b44
data/raw/ooc/OOC_image_dataset/train/bad/cell_type_A549/0-1_days/230525_111.png,230525_111,230525,train,bad,A549,0-1_days,2,A549,0-1_days,True,True,True,1404039,2056,1542,L,899f5602f9e93076a06074f7ce80e3507873d637fa38eba72387327029b6514b,1c839f939f031d831c831e039c439c039a039b231f231ee31fc39f439e639e63
data/raw/ooc/OOC_image_dataset/train/bad/cell_type_A549/0-1_days/230525_126.png,230525_126,230525,train,bad,A549,0-1_days,2,A549,0-1_days,True,True,True,1613761,2056,1542,L,2c821aedc89d24be4d99cf891160554fbea5f5b5f6a4f56cf75b02e33037ccee,9b079f069f461ec61c061c661e661f261e261e071fc71d071d271ee71d873c87
data/raw/ooc/OOC_image_dataset/train/bad/cell_type_A549/0-1_days/230525_127.png,230525_127,230525,train,bad,A549,0-1_days,2,A549,0-1_days,True,True,True,1645659,2056,1542,L,5fa493b88618a60e2c60b16510d8e3f0964278e3c588a738c47b37cfaee1399c,1e271f271f071d871d871da71ea71f471e4b1b0b3f0f3f0f3ec73e073d873f87
data/raw/ooc/OOC_image_dataset/train/bad/cell_type_A549/0-1_days/230525_128.png,230525_128,230525,train,bad,A549,0-1_days,2,A549,0-1_days,True,True,True,1670207,2056,1542,L,bd16c0f65b912f272b4300dfddba5b23f64241257b3fdcae405d029553778b74,1dcf1fcb1d4b1f4b1e0f1ec71f861f069dce1f8e1fce3b8e3dce3f0c3e0c3f0c
data/raw/ooc/OOC_image_dataset/train/bad/cell_type_A549/0-1_days/230525_183.png,230525_183,230525,train,bad,A549,0-1_days,2,A549,0-1_days,True,True,True,1967284,2056,1542,L,d392eb3bbbf86a17ce6e3a28afb8f40c1b740acb50b7fb6bf52a542e77982ddf,8e33cf63cfa3cfa3cea3cec3cf83cf03cf434e87cf87cf878e87ce87ce47ce47
data/raw/ooc/OOC_image_dataset/train/bad/cell_type_A549/0-1_days/230525_186.png,230525_186,230525,train,bad,A549,0-1_days,2,A549,0-1_days,True,True,True,1703344,2056,1542,L,141b7bbf977857d4f0ceab318331fb5299fc00bfcf904cfb5e62246ce9cd4e03,9b83cba7cf878f8787c707870f870f874f874f070f070f074f874d870e074e67
data/raw/ooc/OOC_image_dataset/train/bad/cell_type_A549/0-1_days/230525_208.png,230525_208,230525,train,bad,A549,0-1_days,2,A549,0-1_days,True,True,True,1400037,2056,1542,L,ce816f3c3eff7e3706ab2a277a1b4d6144b74fc5cb3339a10d9faed9aca052e4,cec7cec78e478dc7cdc74dc74dc78dc78da78ca78c678c438c638ce38da39d63
data/raw/ooc/OOC_image_dataset/train/bad/cell_type_A549/0-1_days/230525_210.png,230525_210,230525,train,bad,A549,0-1_days,2,A549,0-1_days,True,True,True,1660457,2056,1542,L,23acb3b3ea026b47e9c3036291bfe253fc5ffcbc7f4803afdce126727490ce28,cf074f0f4f8f8f4f8f4f8f0f8f0f8e0f8f8f8e8f8e8f0e8f8e8f8e8e8f0f8f0f
data/raw/ooc/OOC_image_dataset/train/bad/cell_type_A549/0-1_days/230525_213.png,230525_213,230525,train,bad,A549,0-1_days,2,A549,0-1_days,True,True,True,1612441,2056,1542,L,2c3ddcb34259c7845714cae8a6eac5c7e746909529c3202d76874965ea32f52e,869e869e861f071f871f861f871e879f869f869e8f1ece9e4e9e4e1ecf1e871e
data/raw/ooc/OOC_image_dataset/train/bad/cell_type_A549/0-1_days/230525_214.png,230525_214,230525,train,bad,A549,0-1_days,2,A549,0-1_days,True,True,True,1565125,2056,1542,L,9672b54ae2ab754b3f937f083fae05c5ca7ddc27681fc0f480424acaf5124c4b,c61e861e465e861e861f069f869e869e869e8e9e8e9e8e9e8e9e8e8f8e8f8e0e
data/raw/ooc/OOC_image_dataset/train/bad/cell_type_A549/0-1_days/230525_215.png,230525_215,230525,train,bad,A549,0-1_days,2,A549,0-1_days,True,True,True,1596246,2056,1542,L,7c960b505bb428f3a053dbe749f5388c6305bb5cbd0a16926084507b9f9c8dff,8e8f8e8f8e8f8e8e8e9f8e9e869f8e9e8e0e8f0e8e0e8e8e8e8f0e8f8e8f8e8f
data/raw/ooc/OOC_image_dataset/train/bad/cell_type_A549/0-1_days/230525_216.png,230525_216,230525,train,bad,A549,0-1_days,2,A549,0-1_days,True,True,True,1589335,2056,1542,L,600e4db3af8a093a3a9ddb30b4be6bf37b16239b8df018d11427acfd3c081217,8e8f8e8f8e8f8ecf0f0f0e0f8e0f8c8f8c8f8f0f8f0e0f0e0e0f8f0f8f0f0f0f
data/raw/ooc/OOC_image_dataset/train/bad/cell_type_A549/0-1_days/230525_218.png,230525_218,230525,train,bad,A549,0-1_days,2,A549,0-1_days,True,True,True,1583830,2056,1542,L,5cc87eedf202c489ba1e9e3ead764fa0245a62a649b145b2103ab5ecd33260be,0d478d478d478cc78c478c470e478c478c479c679d671c871c871cc718c719c7
data/raw/ooc/OOC_image_dataset/train/bad/cell_type_A549/0-1_days/230525_48.png,230525_48,230525,train,bad,A549,0-1_days,2,A549,0-1_days,True,True,True,1428436,2056,1542,L,f241c79bde31ebf1ed404e2085eda29ff0b6d8445986ecc9d18b8170536c7335,8ce98c698d49ac49ad69ad09ad498e498e89ae89ac89ad89ec09ee09cec9cdc9
data/raw/ooc/OOC_image_dataset/train/bad/cell_type_A549/0-1_days/230525_55.png,230525_55,230525,train,bad,A549,0-1_days,2,A549,0-1_days,True,True,True,1033180,2056,1542,L,eb6e3634e040564db78d0fb0fe5eef8e827c15e5b0cf2603d8af66d36370b817,862c864c864c864c062c846ce42c464004000205000000000000000000000400
data/raw/ooc/OOC_image_dataset/train/bad/cell_type_A549/0-1_days/230525_58.png,230525_58,230525,train,bad,A549,0-1_days,2,A549,0-1_days,True,True,True,1760245,2056,1542,L,da73480f0b210e84237ed925520176ada8fb139d4a9ba1b22129ec24a81e3170,49b34e334f332db32db32db32db30d3348234c234e3149b149b14d3369336933
data/raw/ooc/OOC_image_dataset/train/bad/cell_type_A549/0-1_days/230525_63.png,230525_63,230525,train,bad,A549,0-1_days,2,A549,0-1_days,True,True,True,1244180,2056,1542,L,b3611f8c91cddaaa5b9dbd52df4cf92231c4bc52a4136559615b12dd76a0a5cb,00000800080000000002041367bb67b967b166b16b31693168f22e332e332e3b
data/raw/ooc/OOC_image_dataset/train/bad/cell_type_A549/0-1_days/230525_64.png,230525_64,230525,train,bad,A549,0-1_days,2,A549,0-1_days,True,True,True,966541,2056,1542,L,b38b3786197467fa9bd8c9bcbf82da78e67999fd050069e510793abd5b91c723,2e332e336fb369b308bb083b00a30822088204a1000008000800000000100420
data/raw/ooc/OOC_image_dataset/train/bad/cell_type_A549/0-1_days/230525_67.png,230525_67,230525,train,bad,A549,0-1_days,2,A549,0-1_days,True,True,True,1861659,2056,1542,L,32453f55912e4b59b443689c9db1e2d99654c7367badb2e57406b913085b121a,db53db63db63db63de63dc63d863d843de439c73dc63d863d873d963da62da72
data/raw/ooc/OOC_image_dataset/train/bad/cell_type_A549/2-3_days/220606_11.png,220606_11,220606,train,bad,A549,2-3_days,2,A549,2-3_days,True,True,True,2515180,2048,1536,RGB,d3e7b1ed6065956048267cbb137ac40702971dadcd96e24538c6b934fbacefa8,93fffe97f63b31e79ccec405490d0a5b947770666647875b96f8526d66f89c03
data/raw/ooc/OOC_image_dataset/train/bad/cell_type_A549/2-3_days/220606_8.png,220606_8,220606,train,bad,A549,2-3_days,2,A549,2-3_days,True,True,True,2508266,2048,1536,RGB,17bf6a723bdebefb4f793ea77e9e7f82aa5131d86b1df63a28e0119182fb0f68,a5fffff1fc100041012104260814200420010005003500a800a0c000c0010003
data/raw/ooc/OOC_image_dataset/train/bad/cell_type_A549/2-3_days/221215_2.png,221215_2,221215,train,bad,A549,2-3_days,2,A549,2-3_days,True,True,True,2626032,2048,1536,RGB,4b76641b23777239d92f4734018bf774709364e486f46adc2833035253b3b123,0e7f0e5b0e6b0c420c420c710d530f410e450f410f400e230c310c600e408d2b
data/raw/ooc/OOC_image_dataset/train/bad/cell_type_A549/2-3_days/230110_132.png,230110_132,230110,train,bad,A549,2-3_days,2,A549,2-3_days,True,True,True,2698886,2048,1536,RGB,ae85e1708940e91810daf00722848db432a3be16652083e0617cfbb490b4cdd5,6d3164b950194819701960092049080d642dac04a804ac84f00cb806b006b00e
data/raw/ooc/OOC_image_dataset/train/bad/cell_type_A549/2-3_days/230110_140.png,230110_140,230110,train,bad,A549,2-3_days,2,A549,2-3_days,True,True,True,2743574,2048,1536,RGB,6b17a61b5040aa35f52f8514e25ed287a30f714f43376311f10d120c0770ccce,eeb2cecacec9ca854f014981498b6c2365326606640364836403241334883019
data/raw/ooc/OOC_image_dataset/train/bad/cell_type_A549/2-3_days/230110_141.png,230110_141,230110,train,bad,A549,2-3_days,2,A549,2-3_days,True,True,True,2784151,2048,1536,RGB,28f3619cbfdc67ca700c1e6bbcf8d5039dccae85f477a51ca3df91e28c4dd89d,c36cc330d970c966c947cc23ce13ca49ca0a68896c8464936401650b71037003
data/raw/ooc/OOC_image_dataset/train/bad/cell_type_A549/2-3_days/230510_44.png,230510_44,230510,train,bad,A549,2-3_days,2,A549,2-3_days,True,True,True,1661238,2056,1542,L,87a2f9eb231b2c38c81d239d1a403a36804fb8cf2f62b13ba4f17f0e0283c82e,9da399a39b439dc399839bc39b439c639923199399b3996399431d539d939cc3
data/raw/ooc/OOC_image_dataset/train/bad/cell_type_A549/2-3_days/230510_68.png,230510_68,230510,train,bad,A549,2-3_days,2,A549,2-3_days,True,True,True,1412463,2056,1542,L,2167e877e9316787c208728e1847d5d674459c98bdb9931bf59b94f5237bffea,dc26de369e06de069e469c0619a6d8e61c461e069c069c079c07180718071006
data/raw/ooc/OOC_image_dataset/train/bad/cell_type_A549/4+_days/220609_16.png,220609_16,220609,train,bad,A549,4+_days,2,A549,4+_days,True,True,True,2782897,2048,1536,RGB,4c00757614db6f3eb752d4d53c6e05b9920e83262a3e6ea78942f51da383314b,2ccf00cf10cc00c100c100c700c700cf00bf0137003700fe027c02bb06c602c9
data/raw/ooc/OOC_image_dataset/train/bad/cell_type_A549/4+_days/220610_22.png,220610_22,220610,train,bad,A549,4+_days,2,A549,4+_days,True,True,True,2882169,2048,1536,RGB,fca5c160f6d253a26de67b6e9d6db213c6c693b6e697a460def3543f89bb7bf2,184b00c500cd08e608e708e718ef00ef00bb009b043f007d06fd00fc8061f83f
data/raw/ooc/OOC_image_dataset/train/bad/cell_type_A549/4+_days/220610_23.png,220610_23,220610,train,bad,A549,4+_days,2,A549,4+_days,True,True,True,2747286,2048,1536,RGB,d3fe782c568e3cf623506cab3776d0134cedecb332af6d159ac6627df1d0022f,00cf00ce10e708e7006600ed00ee08b7003f00390038037c0f3c00df4e0900ff
data/raw/ooc/OOC_image_dataset/train/bad/cell_type_A549/4+_days/220611_17.png,220611_17,220611,train,bad,A549,4+_days,2,A549,4+_days,True,True,True,2960818,2048,1536,RGB,73870ad10d213a2f3ca3ba04ff4e32b9cbf23707cf6dd19c94071e0c00e7f12a,31076001d610cb482d431344452c87320d2a0103814e824fc9ade9f13ff7a0fe
data/raw/ooc/OOC_image_dataset/train/bad/cell_type_A549/4+_days/220611_24.png,220611_24,220611,train,bad,A549,4+_days,2,A549,4+_days,True,True,True,2542053,2048,1536,RGB,adf0bb4125bb1a8ccdc531b68afe74e3dd3dd93065b6faf622c12e254c676a2c,083f381f70074201812194e09880934c9675d47dc632672b777b3f3b8f7347cd
data/raw/ooc/OOC_image_dataset/train/bad/cell_type_A549/4+_days/220612_17.png,220612_17,220612,train,bad,A549,4+_days,2,A549,4+_days,True,True,True,2858909,2048,1536,RGB,b22cc5727bea19f2cae83049617638c2df024370966cf254171bbc24ffb149c2,000700010000090084a0095505230393059301c74ae149a9e86b3cc682f9387f
data/raw/ooc/OOC_image_dataset/train/bad/cell_type_A549/4+_days/220612_24.png,220612_24,220612,train,bad,A549,4+_days,2,A549,4+_days,True,True,True,2599023,2048,1536,RGB,403923826dc9b6a1b4c6cbd57d2d76a4ea25932937380012c45c91213afd78bc,000e00070401031002100b008201028006b48373c16be46efde5fef67ff73ffd
data/raw/ooc/OOC_image_dataset/train/bad/cell_type_A549/4+_days/220620_11.png,220620_11,220620,train,bad,A549,4+_days,2,A549,4+_days,True,True,True,2271847,2048,1536,RGB,1313d30448c7c63ff3c6ba582db2eee336a5b27557f9abd89d30e5871431b503,324d465d44934cb306c6a0932087064f160f920aa68a240b44b1853381418046
data/raw/ooc/OOC_image_dataset/train/bad/cell_type_A549/4+_days/221219_10.png,221219_10,221219,train,bad,A549,4+_days,2,A549,4+_days,True,True,True,3028909,2048,1536,RGB,478ee1f87c3fc66b3137684336aec2df0e14718d68f05e7953ff04868cfb5b96,f38cd3a0fe70ecd4ecf46cb06a706d506dc865c871ec779c371c3658367034e1
data/raw/ooc/OOC_image_dataset/train/bad/cell_type_A549/4+_days/221219_12.png,221219_12,221219,train,bad,A549,4+_days,2,A549,4+_days,True,True,True,2968625,2048,1536,RGB,a960b46bf6c10dce0135172bb0f865fb17efc064800145e7961b9131d3d8576f,dad3da739af3db9359a15a716cf16d7945994c9138713a7cf270f330b478a1f8
data/raw/ooc/OOC_image_dataset/train/bad/cell_type_A549/4+_days/221219_13.png,221219_13,221219,train,bad,A549,4+_days,2,A549,4+_days,True,True,True,3015953,2048,1536,RGB,dfe9dd07a06259df995e194d93fe3b0232e19ca2800607ff1ed2a7bd0112d6fe,7ac974c92d697f693dc83cb8bb68a874bcb8b9cc9cbc96a6d5cedb42dbc4d1de
data/raw/ooc/OOC_image_dataset/train/bad/cell_type_A549/4+_days/221219_14.png,221219_14,221219,train,bad,A549,4+_days,2,A549,4+_days,True,True,True,3032285,2048,1536,RGB,6a0ffb2b5de8d789f845196b33022d6f352f74313722031273e7072d07d09767,edb8f8f0ec58ebc8fbe4f1e4f584ff44dee6df54de74de4ced35ed35eb6beb59
data/raw/ooc/OOC_image_dataset/train/bad/cell_type_A549/4+_days/221219_15.png,221219_15,221219,train,bad,A549,4+_days,2,A549,4+_days,True,True,True,2972568,2048,1536,RGB,2df835327696bd3fe84c3f32ff66e4374bc3b5f94e2468db5dda823b7aadb86d,26c1369138a13a719e501c485e309c30dd10db94da1cca5ccbcecf5cccd8eed1
data/raw/ooc/OOC_image_dataset/train/bad/cell_type_A549/4+_days/221219_3.png,221219_3,221219,train,bad,A549,4+_days,2,A549,4+_days,True,True,True,2957762,2048,1536,RGB,3aca468d69234ef4772f4a210ba26c8882e7655333f6a9f99bf3c069ea47d201,9551d9c85ccc7ac87740b340bd509a689e4c8e2c8e4caceacc5ecc5ec55dc49c
data/raw/ooc/OOC_image_dataset/train/bad/cell_type_A549/4+_days/221219_5.png,221219_5,221219,train,bad,A549,4+_days,2,A549,4+_days,True,True,True,3031075,2048,1536,RGB,ce6d4557dda57bc4c76004afd6a6e21e38af66903a24e7b4ffde8150370b008d,54b154d896d09698db98de98cdb09e6c9e6cccc8ee8ce76ae6e8e4e8e5b8e532
data/raw/ooc/OOC_image_dataset/train/bad/cell_type_A549/4+_days/221219_6.png,221219_6,221219,train,bad,A549,4+_days,2,A549,4+_days,True,True,True,3065587,2048,1536,RGB,2ff2ac606c9f4bc48f06bcb9a70385aa77f1f5af260322df1d59db4495945e5c,2bc1325135b937f137e01b20572815e418e413ecca5ccb0cca5ceb7cae1ce638
data/raw/ooc/OOC_image_dataset/train/bad/cell_type_A549/4+_days/221219_8.png,221219_8,221219,train,bad,A549,4+_days,2,A549,4+_days,True,True,True,2976191,2048,1536,RGB,de45ca6fbead1245b616c1432414b634598454f8b838204239a85c28420ddc8b,73433613265338493a19b799b6d1ba999e5194d8d3c89ed096e495549330d318
data/raw/ooc/OOC_image_dataset/train/bad/cell_type_A549/4+_days/230320_53.png,230320_53,230320,train,bad,A549,4+_days,2,A549,4+_days,True,True,True,1479603,2056,1542,L,a229158bac5ccae3f8f4154b31ed3beadee673f45ce71147c4a8a0bfae0e2c84,9da19f899d919d991d619b211f213f213ea139a13f913e913eb13d513e413fd1
data/raw/ooc/OOC_image_dataset/train/bad/cell_type_A549/4+_days/230320_55.png,230320_55,230320,train,bad,A549,4+_days,2,A549,4+_days,True,True,True,1470512,2056,1542,L,bcb51e9a76c618c68b83cb8272348314c1e211676fc9a46b95e5b9c0e57cc01c,bfd1bfe13f613fc133c126c92ec12fc13fa139c13be12fc12fd12ef12b313fb1
data/raw/ooc/OOC_image_dataset/train/bad/cell_type_A549/4+_days/230320_61.png,230320_61,230320,train,bad,A549,4+_days,2,A549,4+_days,True,True,True,1628324,2056,1542,L,169f34002c41ce62f32838385353e4e63995052d83e621458ae4ea5dcb6b9aed,8d108c019e499e43996b98731c4b3c8b3c2b3c0b3c633ec33e0b3c833c233d43
data/raw/ooc/OOC_image_dataset/train/bad/cell_type_A549/4+_days/230425_102.png,230425_102,230425,train,bad,A549,4+_days,2,A549,4+_days,True,True,True,1592385,2056,1542,L,755199c24a637603b480ea671013802e071fe6a6e77f01a6a1b65c728e485876,fe3ef63efc38fc39fc39f839f839fc36fc34f830f834f836f832f838f879f878
data/raw/ooc/OOC_image_dataset/train/bad/cell_type_A549/4+_days/230425_103.png,230425_103,230425,train,bad,A549,4+_days,2,A549,4+_days,True,True,True,1813557,2056,1542,L,2ad3c8160e0879b21842565c5ea4a671f2945afd14a904a2e1cc9a31d7232b49,f839f87ef87df877f873e872f86af86ef871f874f87df86df96cf874fc74fd64
data/raw/ooc/OOC_image_dataset/train/bad/cell_type_A549/4+_days/230425_104.png,230425_104,230425,train,bad,A549,4+_days,2,A549,4+_days,True,True,True,1915625,2056,1542,L,fda0f6fe793705ba7b60bf5c98bf404467d48962b03c81c84a33901cafb92f05,fc70f97cf964f864ea6cf178f472ec62f86afc6ce664cb6cd974d1e6d063d06a
data/raw/ooc/OOC_image_dataset/train/bad/cell_type_A549/4+_days/230425_160.png,230425_160,230425,train,bad,A549,4+_days,2,A549,4+_days,True,True,True,2099160,2056,1542,L,d7360b01e981da76a5bc39494cb825217f26473d0579c34143d0aea18369e4b1,c70ec70ec70ec78ec78ec70fc70fc70ec78ec78ec70e878e878ec70ec70ec78e
data/raw/ooc/OOC_image_dataset/train/bad/cell_type_A549/4+_days/230425_163.png,230425_163,230425,train,bad,A549,4+_days,2,A549,4+_days,True,True,True,2070377,2056,1542,L,319db9b3250c70490647658b74de4a8449f2dfbc1ea8168bc8cd33878aec1b8a,e70ec78fc70ec70ec78ec78ec78ec78ec78ec78ec78ec78e878e878ec78ec78e
data/raw/ooc/OOC_image_dataset/train/bad/cell_type_A549/4+_days/230425_164.png,230425_164,230425,train,bad,A549,4+_days,2,A549,4+_days,True,True,True,1395619,2056,1542,L,b213da404401fb8116643bd469a89ab7e2bfc29e4e45e7230d437a213486a199,c70ec70ec78ec78ec78ec78ec78e870e870ec78ec78ec78ec78ec78e870ec70e
data/raw/ooc/OOC_image_dataset/train/bad/cell_type_A549/4+_days/230425_167.png,230425_167,230425,train,bad,A549,4+_days,2,A549,4+_days,True,True,True,1331214,2056,1542,L,693b665aa383d3a18701374e96bed0ef5d90a5466eed06fc1129d50fd6bbac07,876e87ae86ae87ee85ae85af85af85ae85ee846e856e85ae87ae87ae85be85ae
data/raw/ooc/OOC_image_dataset/train/bad/cell_type_A549/4+_days/230425_168.png,230425_168,230425,train,bad,A549,4+_days,2,A549,4+_days,True,True,True,1287892,2056,1542,L,d41d1007aa56656d93c3ee63999542f53cf41e3305c0fe0fa608029a42035607,85ee876e853e85ee85ee84ee86ee86ee854e840e843e846ec46ec66ec66ec76e
data/raw/ooc/OOC_image_dataset/train/bad/cell_type_A549/4+_days/230425_169.png,230425_169,230425,train,bad,A549,4+_days,2,A549,4+_days,True,True,True,1491586,2056,1542,L,c57d9e4e4c9fee1c9f380fc467f19f6a27555b55fa52f5ce2c9379a017465564,857e876e84ae84ee84ee84eec6ee856e840e842e846ec46ec66ec46ec76ec7ee
data/raw/ooc/OOC_image_dataset/train/bad/cell_type_A549/4+_days/230425_178.png,230425_178,230425,train,bad,A549,4+_days,2,A549,4+_days,True,True,True,1439525,2056,1542,L,fcf370731c39580bbd8825e3c86082ab38eae45f37db31f5f634720483722ae6,cf4ece0ece4ecc4ece2ccfaccdceceeeceaeceaecf2e8f0e8e0e8e6e8eacce8e
data/raw/ooc/OOC_image_dataset/train/bad/cell_type_A549/4+_days/230425_52.png,230425_52,230425,train,bad,A549,4+_days,2,A549,4+_days,True,True,True,1588340,2056,1542,L,ec5b309f5e7cb8e7d9fb62d342c097576afafc2c5dbab75ac61c6ceaebcd9c98,c664c6e04da0c5e0cdc0cdc249c0cee4ca8c49944996cb4dc9c64bc0cbc1cfc1
data/raw/ooc/OOC_image_dataset/train/bad/cell_type_A549/4+_days/230425_53.png,230425_53,230425,train,bad,A549,4+_days,2,A549,4+_days,True,True,True,1580915,2056,1542,L,15acc38f6d0d1aab8716525bb567f547b01e63738ae8ecfb37ab953f13dfbefe,cfc14fc10fc10fc14fc18fc10fc18f818f818f818fc147c1c7c14fc1c7c147c1
data/raw/ooc/OOC_image_dataset/train/bad/cell_type_A549/4+_days/230425_54.png,230425_54,230425,train,bad,A549,4+_days,2,A549,4+_days,True,True,True,1547627,2056,1542,L,458046ff1eee3e64038c21a2bcdaf86822ec23123d0052465762241277a196eb,87c1c7c147c147814781478187c107c1078187c107c1078107c187c1c7918791
data/raw/ooc/OOC_image_dataset/train/bad/cell_type_A549/4+_days/230425_56.png,230425_56,230425,train,bad,A549,4+_days,2,A549,4+_days,True,True,True,1584639,2056,1542,L,3f952a6b25650039d36d0990c0a44456a7db4b3b7ee0a410769c7e6c8b276391,8fc387c38583858387838f878bc3998b9c9b8c638c638e631e6399b39cb39c63
data/raw/ooc/OOC_image_dataset/train/bad/cell_type_A549/4+_days/230425_57.png,230425_57,230425,train,bad,A549,4+_days,2,A549,4+_days,True,True,True,1525839,2056,1542,L,ad7fbc295cbcfc752c3b176cd4020adc18cb2db2311baed6f4953bade4603744,9cb396a397339ab398b392b393939193923b933b919b979b159b95bb933b91b3
data/raw/ooc/OOC_image_dataset/train/bad/cell_type_A549/4+_days/230425_58.png,230425_58,230425,train,bad,A549,4+_days,2,A549,4+_days,True,True,True,1657128,2056,1542,L,3e345365cfde85c7cd2ac024e2d4053da51143d1b09ad6814827aa6fe0b58d3d,931b9b0b1b871b871b1f9d939c779c67984798c719c619c698679a779a779e67
data/raw/ooc/OOC_image_dataset/train/bad/cell_type_A549/4+_days/230425_60.png,230425_60,230425,train,bad,A549,4+_days,2,A549,4+_days,True,True,True,1732831,2056,1542,L,b9366ec93c9af5d0a772eef5633fa6f3ca383d3c8bed6457a9f941cbd7549d2c,93779336917693a799c79ac69e669e66966696ce1ece1d8e39cf394f285f289e
data/raw/ooc/OOC_image_dataset/train/bad/cell_type_A549/4+_days/230425_66.png,230425_66,230425,train,bad,A549,4+_days,2,A549,4+_days,True,True,True,1695652,2056,1542,L,dca15013ef5eae8031debfca0df4d655c47b5d0692f458fa4e331bef6c4af3ba,964297039703970337c337d7379738f6331634c73d473d473c472e47ac26ae87
data/raw/ooc/OOC_image_dataset/train/bad/cell_type_A549/4+_days/230425_68.png,230425_68,230425,train,bad,A549,4+_days,2,A549,4+_days,True,True,True,1577299,2056,1542,L,252a389737719b35e0313909e1afb6f3fa061da32516e27d0a1baf8b75e49406,1f8f1c8e1e8e1e8e1c8e1c8f1d8e1f0e1f8e1c8f1e8f1e0e1e0e1e8e1c8e1d0e
data/raw/ooc/OOC_image_dataset/train/bad/cell_type_A549/4+_days/230425_69.png,230425_69,230425,train,bad,A549,4+_days,2,A549,4+_days,True,True,True,1562078,2056,1542,L,7d73a2e75fe08e5932d36f21533d29dcb2d13635179b7156a0b5b8f267638828,1f0e1d1e1d1e1d1e1f1f1f1f1f1f1f1f1e1f1f1d1c1e1c1e1e3e1e3f1e3e1e3e
data/raw/ooc/OOC_image_dataset/train/bad/cell_type_A549/4+_days/230425_80.png,230425_80,230425,train,bad,A549,4+_days,2,A549,4+_days,True,True,True,1439367,2056,1542,L,019ad0e99d08caf1740b1520b53b98bb8a39932fc146cd2905e4ff5d10b4941f,245b249b241b263b265b241b246b233f269f279f261f261f270e259e249f24df
data/raw/ooc/OOC_image_dataset/train/bad/cell_type_A549/4+_days/230425_84.png,230425_84,230425,train,bad,A549,4+_days,2,A549,4+_days,True,True,True,1436802,2056,1542,L,79c2de84d8e3595e1c7719cca57fe38cf8a88a7f9507e2862595f18b2bcdc094,603e643d683d403c401e401c401c401c401c400c640e400e400c401e641e641e
data/raw/ooc/OOC_image_dataset/train/bad/cell_type_A549/4+_days/230425_85.png,230425_85,230425,train,bad,A549,4+_days,2,A549,4+_days,True,True,True,1336241,2056,1542,L,6d33a483c8be94ec9d70f603a594ca723bc42b355935b38aa390d8199ec17deb,641e641e601e601e441f4c1f441e441c641c641d661d661c641c441e661c661d
data/raw/ooc/OOC_image_dataset/train/bad/cell_type_A549/4+_days/230512_38.png,230512_38,230512,train,bad,A549,4+_days,2,A549,4+_days,True,True,True,1366690,2056,1542,L,96f3686c37aba67bae9c21cda1590ccf7d64014edbcce5b7e78897b8d633b395,cfc3cf43cf038f238c838cc38e438e438e438ec38f838f838fa39ea39f839f23
data/raw/ooc/OOC_image_dataset/train/bad/cell_type_A549/4+_days/230512_41.png,230512_41,230512,train,bad,A549,4+_days,2,A549,4+_days,True,True,True,1369690,2056,1542,L,03e6bd0cc8a231516e3f0de16405c2cb057a7953921943d105c52e9ecdd6c1f1,9f039e439c039d039f039f139f139d131f939e939e339e0399c399c391839383
data/raw/ooc/OOC_image_dataset/train/bad/cell_type_A549/4+_days/230512_46.png,230512_46,230512,train,bad,A549,4+_days,2,A549,4+_days,True,True,True,1979847,2056,1542,L,b23e3d9908d9a7d43aa09c75f0138116bbc5a35a59f883cafc6237da78baad0f,cfc2cda2cec24e128e52cf420f824d920d821d824d825d935cc65a265e665a66
data/raw/ooc/OOC_image_dataset/train/bad/cell_type_A549/4+_days/230512_47.png,230512_47,230512,train,bad,A549,4+_days,2,A549,4+_days,True,True,True,1872855,2056,1542,L,bdc8ceb49d1025d080f83f854f3892eff10362e8e52ff6f5b37112d14d589fbc,5e425ac25b425b265e865e469ce61a079ac79cc61cc61fe61de619c61d861fa6
data/raw/ooc/OOC_image_dataset/train/bad/cell_type_A549/4+_days/230512_48.png,230512_48,230512,train,bad,A549,4+_days,2,A549,4+_days,True,True,True,1884168,2056,1542,L,cf9d0a4a2d20faf23a4777e521de6e3c567ec155773d4399ff166aeed3c438be,9d32dd221cc31c939a931e921a429a729c335c3798e79ce798c79c669e269d87
data/raw/ooc/OOC_image_dataset/train/bad/cell_type_A549/4+_days/230512_49.png,230512_49,230512,train,bad,A549,4+_days,2,A549,4+_days,True,True,True,1784929,2056,1542,L,d0fb7dc453cac0fb86582dee0bc1953dd05b95c7cda72cb6a202935ca7444a8e,9cb69ca29c679ce79aa79b679b479b479b879b8793c781e78ce78c679c769e77
data/raw/ooc/OOC_image_dataset/train/bad/cell_type_A549/4+_days/230512_52.png,230512_52,230512,train,bad,A549,4+_days,2,A549,4+_days,True,True,True,1788132,2056,1542,L,fd0dd2aec6c8a494061f450aafdb0629d7c6bcbae6cedf47943f263bcde65ae2,99261d271c66936787a789e798e79cf798f798f689e683c73727be273a263d26
data/raw/ooc/OOC_image_dataset/train/bad/cell_type_A549/4+_days/230512_56.png,230512_56,230512,train,bad,A549,4+_days,2,A549,4+_days,True,True,True,1419305,2056,1542,L,eccdb1b4eedb151ba08acdacb1a8df62b3dcd9f716edfd4254a17cdb41e88449,cf83cf83cc83ccc3cde3cca34ee34e63ce63ce638ec30d838d034e038e638c62
data/raw/ooc/OOC_image_dataset/train/bad/cell_type_A549/4+_days/230512_58.png,230512_58,230512,train,bad,A549,4+_days,2,A549,4+_days,True,True,True,1458009,2056,1542,L,6ab12dcb94f95103ff6198cfd777c1ac579025b9aaaebdd906b4f2f255082f1a,c993c993c99348638f438ac3cac30f438f838e430a438b838f038e034e47db83
data/raw/ooc/OOC_image_dataset/train/bad/cell_type_A549/4+_days/230512_61.png,230512_61,230512,train,bad,A549,4+_days,2,A549,4+_days,True,True,True,1370503,2056,1542,L,355c05c71772da03327a91e876101adf8a2061517361c7fa0ddc4e10d11eb93f,5b025e0b1f0a1f269c669cc698c39d63998798879c429e1b961b1e1b1e42dd42
data/raw/ooc/OOC_image_dataset/train/bad/cell_type_A549/4+_days/230512_64.png,230512_64,230512,train,bad,A549,4+_days,2,A549,4+_days,True,True,True,1657667,2056,1542,L,be18ed1cb63a0a366dedc8a36ef5c110a436861d7571e3a9389bc5cc3b47bafa,98069807900690069026902e940e940e9807102790279107110798079c669c66
data/raw/ooc/OOC_image_dataset/train/bad/cell_type_A549/4+_days/230512_66.png,230512_66,230512,train,bad,A549,4+_days,2,A549,4+_days,True,True,True,1803503,2056,1542,L,4a962443e6ffdee0aa8ffc018baf19b7fa33160200315f098df67ebe2d445022,98c698c69ec69f861b861b871a479e471ea61d861d861c869c869ea79da69b26
data/raw/ooc/OOC_image_dataset/train/bad/cell_type_A549/4+_days/230512_67.png,230512_67,230512,train,bad,A549,4+_days,2,A549,4+_days,True,True,True,1672696,2056,1542,L,d37698a102592f43feaf97878dfc52e83acd0a328022120283673a57c74b8075,9b079b279e079d029cc399839ac39c839ec29f229f229f039b439c439c439ea3
data/raw/ooc/OOC_image_dataset/train/bad/cell_type_A549/4+_days/230512_68.png,230512_68,230512,train,bad,A549,4+_days,2,A549,4+_days,True,True,True,1719331,2056,1542,L,6cc988508128aeafdf499f62feb12ae6c67c977fec37267165a6110b46307d4b,998a9b429b829b829e8299c219221a031e021f031f431d0218821b829f071e47
data/raw/ooc/OOC_image_dataset/train/bad/cell_type_A549/4+_days/230512_69.png,230512_69,230512,train,bad,A549,4+_days,2,A549,4+_days,True,True,True,1719769,2056,1542,L,3f63ce05449d821470b3bcbb9a3a28fe3d1b339e5942b154b54804076d12eece,9e0798031cc31d831d431c0618d698c698469e469e469c169e569e569f061f06
data/raw/ooc/OOC_image_dataset/train/bad/cell_type_A549/4+_days/230512_71.png,230512_71,230512,train,bad,A549,4+_days,2,A549,4+_days,True,True,True,1730165,2056,1542,L,4e6d1690d44973ea4ec0a0fbf98201f3064f140c2151e96e319753d522d2aaf1,9bc618061806180619021b031b021c821cc21ac61b061a079b469cc61c861c86
data/raw/ooc/OOC_image_dataset/train/bad/cell_type_A549/4+_days/230517_46.png,230517_46,230517,train,bad,A549,4+_days,2,A549,4+_days,True,True,True,1786242,2056,1542,L,ddafe154c43ef2c6e5a4a638a46bef41c7acf129d75639e52046b06c33de12cc,cf83cf23cf034fb30f938fc3cf834f428fb3cbc3cf838e830ed3cf13cf024f42
data/raw/ooc/OOC_image_dataset/train/bad/cell_type_A549/4+_days/230517_56.png,230517_56,230517,train,bad,A549,4+_days,2,A549,4+_days,True,True,True,1743486,2056,1542,L,34b243769c80bafc822179e37659e10c0e5558a336df940fd61dc1a1e6806204,cd93cd9bce93cf238d338d33ccb3cd334f634f53ce23cea3cc938d93ce134e13
data/raw/ooc/OOC_image_dataset/train/bad/cell_type_A549/4+_days/230517_64.png,230517_64,230517,train,bad,A549,4+_days,2,A549,4+_days,True,True,True,1627140,2056,1542,L,5a7afc1036b713aa9a2aaf810784ae7b4271ade3ec083857d61f027ac7745057,db179796d68e568e170e9697d317d93718e798071806100690e650664006d806
data/raw/ooc/OOC_image_dataset/train/bad/cell_type_A549/4+_days/230517_67.png,230517_67,230517,train,bad,A549,4+_days,2,A549,4+_days,True,True,True,1831589,2056,1542,L,01f2ac48465805ee81d7b9e1c4779607aee8c60990b908be498f525d8f16a459,9e421a639bc29a831cc31fc39de39ca39ec39fc39fc39f039cc38f231f639ea3
data/raw/ooc/OOC_image_dataset/train/bad/cell_type_A549/4+_days/230517_68.png,230517_68,230517,train,bad,A549,4+_days,2,A549,4+_days,True,True,True,1789677,2056,1542,L,eac8d853248627d2ec8d626573c30676b63d5af9193077af9f3d08fdc19333da,8f438ba30d230fa38a8b8f0b0ecb8ec38ce38cab8f2b8f4b89cb8eeb0ec30fcb
data/raw/ooc/OOC_image_dataset/train/bad/cell_type_A549/4+_days/230517_71.png,230517_71,230517,train,bad,A549,4+_days,2,A549,4+_days,True,True,True,1766235,2056,1542,L,b7a77e9a09005e3f530bbac1ee9d23365048a5e9c435147e84e6dfe93c931533,8b1b0acb0bcb0d4b8ccb8ceb0ccb0c8b0e8b0ecb0e2b0e4b0d4b0dcb0f4b0b0b
data/raw/ooc/OOC_image_dataset/train/bad/cell_type_A549/4+_days/230529_114.png,230529_114,230529,train,bad,A549,4+_days,2,A549,4+_days,True,True,True,1722719,2056,1542,L,9d78555fcaf8513cd6e806be63535cd130c4a199becb5c99c43ee6b89da7d671,e708e788c7e0e7c8c788e7a0e790e730c770c770c770c7e0e7a0c7a0c7a0c7a0
data/raw/ooc/OOC_image_dataset/train/bad/cell_type_A549/4+_days/230529_115.png,230529_115,230529,train,bad,A549,4+_days,2,A549,4+_days,True,True,True,1749541,2056,1542,L,a384d95a9fa9cbeabf0b0e5c5af0f83ad3724acca7f68efe3a23eb417f29b093,e7c0e7b0e7b0c7f0c790e790e7c0a7c0e7c0e7d067c02790a7b8a7b0c7b0c7e0
data/raw/ooc/OOC_image_dataset/train/bad/cell_type_A549/4+_days/230529_124.png,230529_124,230529,train,bad,A549,4+_days,2,A549,4+_days,True,True,True,1628888,2056,1542,L,2bdf196f6d6feafbee0d0fdd0a73e8602f3a023c9cdc37976b9379c0ba0b49b5,c7f947d147b3470b07a30793879287a1c7e147f1c7738733c752c7d2c781c731
data/raw/ooc/OOC_image_dataset/train/bad/cell_type_A549/4+_days/230529_125.png,230529_125,230529,train,bad,A549,4+_days,2,A549,4+_days,True,True,True,1691196,2056,1542,L,81fa99419847af6507ade311e4ce9cc47ed84c567523e2da935f7e22a4507d81,c7f1a7d1e7f1e731c7d387e187d187c1cfc3cfc3cec39f639e4639a739a67cce
data/raw/ooc/OOC_image_dataset/train/bad/cell_type_A549/4+_days/230529_135.png,230529_135,230529,train,bad,A549,4+_days,2,A549,4+_days,True,True,True,1823841,2056,1542,L,7f9657d2f9b75fee60da0f5ab486035ad3f33223e2e0426876fb86b0a1e9850a,51c658c64a66562676267726726670e678e679667366736779c758c750e77627
data/raw/ooc/OOC_image_dataset/train/bad/cell_type_A549/4+_days/230529_139.png,230529_139,230529,train,bad,A549,4+_days,2,A549,4+_days,True,True,True,1856991,2056,1542,L,23679d3bed907aca134cf5cf0267afcde84c974007a8be5d6aea76c104042488,790178c179617331761177116e196e896e896e896e8d6e896e896f096cc966d9
data/raw/ooc/OOC_image_dataset/train/bad/cell_type_A549/4+_days/230529_142.png,230529_142,230529,train,bad,A549,4+_days,2,A549,4+_days,True,True,True,1855192,2056,1542,L,513f6d81a120a15168ba7e18def08c8b10ba8a87bcbb07a03b1bbbae376b9f72,3e813b8139813f113f313e513c613931393139313c6138e13ac13af139f19cf1
data/raw/ooc/OOC_image_dataset/train/bad/cell_type_A549/4+_days/230529_187.png,230529_187,230529,train,bad,A549,4+_days,2,A549,4+_days,True,True,True,1929077,2056,1542,L,5fe98fccfac7bc847887d9f43037c585a613c75df15f0578c1d64e32acf07b90,ce23cea3cf83cf83cfc3cf834fc34fc3cfe3cee34cc34de3cde34dc34d93cdc3
data/raw/ooc/OOC_image_dataset/train/bad/cell_type_A549/4+_days/230529_188.png,230529_188,230529,train,bad,A549,4+_days,2,A549,4+_days,True,True,True,1439771,2056,1542,L,f309a517b5cf2e52d7cbfe03cab7c60f9a2e58118bd28ad5004889259a98587b,cf83cfc34f43cf83cfe3cce34ce3cde34dc34d934d83cde1cfc1cfc1cf614e61
data/raw/ooc/OOC_image_dataset/train/bad/cell_type_A549/4+_days/230529_189.png,230529_189,230529,train,bad,A549,4+_days,2,A549,4+_days,True,True,True,1487176,2056,1542,L,670493e6be5ddc72a5a784411a9872adebc23ba233e45cd7dfb49b91ea1b210f,cec1cfa1cfb10f918e714f614ec18ed08e50ce58ce68c67026718661ce414f51
data/raw/ooc/OOC_image_dataset/train/bad/cell_type_A549/4+_days/230529_190.png,230529_190,230529,train,bad,A549,4+_days,2,A549,4+_days,True,True,True,1636798,2056,1542,L,b811809fc73f2e0a29b29034a6b5e5529f7c5bde3fbb625b77a5fdef37ea5832,4d670d27cf07cc078c878e478f078dc38f038d870d430ec30fc30f078ec70f07
data/raw/ooc/OOC_image_dataset/train/bad/cell_type_A549/4+_days/230529_193.png,230529_193,230529,train,bad,A549,4+_days,2,A549,4+_days,True,True,True,1622596,2056,1542,L,0929cad211de1c0ab604ebf8b1bf94ae9a8c5c499124bdfbb45251528d73f7a1,c707c707470747874787870fc78fc787868fc70f87074747c647c64fc6cfc6cf
data/raw/ooc/OOC_image_dataset/train/bad/cell_type_A549/4+_days/230529_197.png,230529_197,230529,train,bad,A549,4+_days,2,A549,4+_days,True,True,True,1728583,2056,1542,L,d82ae3a512231e8f6572fbc74b6318966fe40d549ceec437b85948068d4116b8,8725872587e54765466546c146a34683c7a347e3466186a147a1c7e18661c771
data/raw/ooc/OOC_image_dataset/train/bad/cell_type_A549/4+_days/230529_198.png,230529_198,230529,train,bad,A549,4+_days,2,A549,4+_days,True,True,True,1738203,2056,1542,L,76f6a5369c1d25cb2c885f1b1a7c5740bb1c0f671212c945b350a1e209d68451,c6d3c751c711471147d14611c6118611061186518641875986c98f318f318f13
data/raw/ooc/OOC_image_dataset/train/bad/cell_type_A549/4+_days/230529_199.png,230529_199,230529,train,bad,A549,4+_days,2,A549,4+_days,True,True,True,1552037,2056,1542,L,017d863991f51b367e98504785221d836b2ace224ba39ae578d25058f088c510,8d079f079f079c879e869cce1c8e1f0e1f4f9f4f9f0f1d8f1d8f1d871f8f1d8f
data/raw/ooc/OOC_image_dataset/train/bad/cell_type_A549/4+_days/230529_200.png,230529_200,230529,train,bad,A549,4+_days,2,A549,4+_days,True,True,True,1449717,2056,1542,L,0f4be4d19ce8e177153fd20a611fe8b184a2c682e37935e5dc1f95d74a625ee8,8c8f8d8f8f0f0e0f0e0f8f270f870f870c870f8f0f8f0d8f0e8f0f8f0d0f8d0f
data/raw/ooc/OOC_image_dataset/train/bad/cell_type_A549/4+_days/230529_201.png,230529_201,230529,train,bad,A549,4+_days,2,A549,4+_days,True,True,True,1515682,2056,1542,L,43730f8da3cc13092ef62f07429ff7da5ba4fcbfb87c9e8bb83e7c4c34960c7d,8f0f8e0f0f8f0e8f0e8e0e8e0e8e0f8f0e0f8e0f8e8e8e8f8c8f8d8f8e8f8e0f
data/raw/ooc/OOC_image_dataset/train/bad/cell_type_A549/4+_days/230529_202.png,230529_202,230529,train,bad,A549,4+_days,2,A549,4+_days,True,True,True,1587976,2056,1542,L,0878c43c737a0498132a4b32d6b487ee3544844ec17e1d677defaa55159cfc3a,8f0f8ecf8ecf87cf87cf8dcf8dcf8d8f8f8f8e0f8e0f8fcf8f0e8f0e8e0e8e8e
data/raw/ooc/OOC_image_dataset/train/bad/cell_type_A549/4+_days/230529_208.png,230529_208,230529,train,bad,A549,4+_days,2,A549,4+_days,True,True,True,1679882,2056,1542,L,01db13053583bf757ba152953d2e752affb7f56635eedf3a095ff4f25dedc20b,9d8e1e0e1f1e0e1e0f1e0d1e0e1e0f1e0f1e0f1e0d1e0e1e0f1e0e1e0e9e0f1e
data/raw/ooc/OOC_image_dataset/train/bad/cell_type_A549/4+_days/230529_209.png,230529_209,230529,train,bad,A549,4+_days,2,A549,4+_days,True,True,True,1686036,2056,1542,L,8b5e712f13fb46b1d1e2b4e39b82e2a880868f2d2692cb39b7f78ecaa4bd2d93,8e1e8e1e8e1e8f1e8f0e8c2f8c0e8e0e8e0e8f0e8f1e8f1e8e1e8c1e8e1e8c1e
data/raw/ooc/OOC_image_dataset/train/bad/cell_type_A549/4+_days/230529_211.png,230529_211,230529,train,bad,A549,4+_days,2,A549,4+_days,True,True,True,1452055,2056,1542,L,338c5e60ab458ccb462fc98d7795bf66b8f880b6578588ebf320a837889c76f3,8e1f8f1f8e1f8e1f8e1f8f1f8f1f8f1f8f1f8e1f0e1f0e1e8f1f871e8e1e8e1e
data/raw/ooc/OOC_image_dataset/train/bad/cell_type_A549/4+_days/230529_212.png,230529_212,230529,train,bad,A549,4+_days,2,A549,4+_days,True,True,True,1424102,2056,1542,L,5c04bbd226ba10030308d93f6c9d16059aec1b148863335cc07c1a8b23a0c55c,861e861f861f861e869e849e8e9e8e9e0f1e8e1e8e1e8e1e0e1e8e1e8e9e8e1e
data/raw/ooc/OOC_image_dataset/train/bad/cell_type_A549/4+_days/230529_214.png,230529_214,230529,train,bad,A549,4+_days,2,A549,4+_days,True,True,True,1458556,2056,1542,L,c4d643f06d62869490966e4d143a518ff63fd8537dc799c05e24ecb4c72c7c7b,8e0f0e0f0e0f0e0f8e0f8c8f0e0f0f0f0f0f0f0f0f0f0f0f0f0f0f0f0f0f0f8f
data/raw/ooc/OOC_image_dataset/train/bad/cell_type_A549/4+_days/230529_215.png,230529_215,230529,train,bad,A549,4+_days,2,A549,4+_days,True,True,True,1635497,2056,1542,L,57093859351510cb0411ea4b3fcc87eb3dfd5fe98bbebfeae14e8033900eb4bf,0f0f0e0f0e4f0e4f0e0f0ecf0ccf0dcf0dcf0fc70dc70fc78f478d478d478d47
data/raw/ooc/OOC_image_dataset/train/bad/cell_type_A549/4+_days/230529_54.png,230529_54,230529,train,bad,A549,4+_days,2,A549,4+_days,True,True,True,1030729,2056,1542,L,61c78f0b4fbee3ea82974eb1bede7062952354870bb883ce8caa8e75827b4e6a,1766d62ec63c96349634902c0009002080000000000004000000000004008400
data/raw/ooc/OOC_image_dataset/train/bad/cell_type_A549/4+_days/230529_55.png,230529_55,230529,train,bad,A549,4+_days,2,A549,4+_days,True,True,True,1366330,2056,1542,L,38e2303cad60886ad913395c75582b7a40ba337c12efca6e52e6d296b7392559,000000000000121037d037d036503610351826523652371237163796369c341c
data/raw/ooc/OOC_image_dataset/train/bad/cell_type_A549/4+_days/230529_63.png,230529_63,230529,train,bad,A549,4+_days,2,A549,4+_days,True,True,True,996068,2056,1542,L,a7f69370b06721f7425b2156348a54226fb5ba3c4ec3bf678023a5a5744f2ad4,259325932593251b073b00330003000100020000000024002400000000000402
data/raw/ooc/OOC_image_dataset/train/bad/cell_type_A549/4+_days/230529_64.png,230529_64,230529,train,bad,A549,4+_days,2,A549,4+_days,True,True,True,1222417,2056,1542,L,619c65020869f22b69e22cbe07888af041d12800713df3b818c2ea2219eeadec,67b967b167b167b967b167a967e967e167316739e739e73966396731e731e7a1
data/raw/ooc/OOC_image_dataset/train/bad/cell_type_A549/4+_days/230529_66.png,230529_66,230529,train,bad,A549,4+_days,2,A549,4+_days,True,True,True,1497585,2056,1542,L,82149c2b5c90bc29780efe2ad004d8c0aedd8304108fa1e39416ad3ac8147a5a,e463e473e4a3c633e573e573e4f3e373e773e573a773e773e773e633e7738563
data/raw/ooc/OOC_image_dataset/train/bad/cell_type_A549/4+_days/230529_69.png,230529_69,230529,train,bad,A549,4+_days,2,A549,4+_days,True,True,True,1231763,2056,1542,L,86a853bef966dabcd4bf44db450f3c24e97f1bd5862d8726d16b83a429e617c8,c733c733e5b3c737c737c337e777e677e737e566c566c1264086000200040002
data/raw/ooc/OOC_image_dataset/train/bad/cell_type_A549/4+_days/230529_70.png,230529_70,230529,train,bad,A549,4+_days,2,A549,4+_days,True,True,True,953318,2056,1542,L,4d524e8e8750bf2cd259355d9ff152eb5ec5ba2d28a6865916b5d6cb4d08a519,4002400220024002000400020026246ec766c766e766e367c6e7c666c766c776
data/raw/ooc/OOC_image_dataset/train/bad/cell_type_A549/4+_days/230529_71.png,230529_71,230529,train,bad,A549,4+_days,2,A549,4+_days,True,True,True,765433,2056,1542,L,e413c4553f9d4855320bf98163e84d517ea098b0b50d464e225fa1f73c2a3513,c7a6e726e72ee766c2e6002e204e0016000a4004000200020002000200040024
data/raw/ooc/OOC_image_dataset/train/bad/cell_type_A549/4_days/220608_12.png,220608_12,220608,train,bad,A549,4_days,2,A549,4_days,True,True,True,2853083,2048,1536,RGB,70cfebf24b91cae83a5a86de0b29d2b268b474ac4f5226cd5fbbc89735a49bb2,07fd7ffdddfedcee7cff75ff173d1df72aed634d2ccd44cb199b295501550043
data/raw/ooc/OOC_image_dataset/train/bad/cell_type_A549/4_days/220608_14.png,220608_14,220608,train,bad,A549,4_days,2,A549,4_days,True,True,True,2898505,2048,1536,RGB,466c2f8e469aaa265d1c7be42080d617c1da51e4be35a9261b630a8d67c11154,f9855b1599178805a804a44155c16103e1c64986cd26264736674d321d805400
data/raw/ooc/OOC_image_dataset/train/bad/cell_type_A549/4_days/220608_16.png,220608_16,220608,train,bad,A549,4_days,2,A549,4_days,True,True,True,2758473,2048,1536,RGB,0ecce573c374fc076e3a9c545b8e38b54870e5e0987f352e22b98d5caf2fd992,87de6f986fbc69f4abb84dbb05f5897f873da61e08ef006f409700674106001f
data/raw/ooc/OOC_image_dataset/train/bad/cell_type_A549/4_days/220608_17.png,220608_17,220608,train,bad,A549,4_days,2,A549,4_days,True,True,True,2814789,2048,1536,RGB,f54a19ee38ccf74c7935ea730e3f9099cf18f2c4535eb95475f9bb25db6c5425,3fc13dd2be0b57911ee519f675b24fe656328e920c52056a1543141f21ff25fe
data/raw/ooc/OOC_image_dataset/train/bad/cell_type_A549/4_days/220608_18.png,220608_18,220608,train,bad,A549,4_days,2,A549,4_days,True,True,True,2738301,2048,1536,RGB,af0fd142cbb3bb4925b2688b6963dabac2b073b33eccb3f65992a880c90946da,80700e40f412581019209094121412b805b8d5921262789048c84808202810c8
data/raw/ooc/OOC_image_dataset/train/bad/cell_type_A549/4_days/220608_19.png,220608_19,220608,train,bad,A549,4_days,2,A549,4_days,True,True,True,2749468,2048,1536,RGB,097b4a15e9f09d60a8e4fc50cb9c493b8fe5d5f7ae7cb72e81c6d67c0c14debd,0fdfffebff52bf50ee04ff805d041d457b205f909780d6e0492c0cda22571b7f
data/raw/ooc/OOC_image_dataset/train/bad/cell_type_A549/4_days/220608_20.png,220608_20,220608,train,bad,A549,4_days,2,A549,4_days,True,True,True,2988401,2048,1536,RGB,799f7a3f4be917dbf86ebf2f8efc7396918610533079251525bdad344dfa2777,bffffffa7f7f5d7e3ae32efb54eb36bbb5f735bfa6ef0ad70d472def099b0901
data/raw/ooc/OOC_image_dataset/train/bad/cell_type_A549/4_days/220608_22.png,220608_22,220608,train,bad,A549,4_days,2,A549,4_days,True,True,True,2901357,2048,1536,RGB,7d3c9930949994e6f56ed1dad339e477161abfdbb2e64e49da59c975213f8855,65066626e27e4cd44d71c6798edb8aee43a5da265afe999a893798b61b401807
data/raw/ooc/OOC_image_dataset/train/bad/cell_type_A549/4_days/220608_23.png,220608_23,220608,train,bad,A549,4_days,2,A549,4_days,True,True,True,2866409,2048,1536,RGB,c7a05832c5b0dc21e807abdbb962f97853f110d2ffbf93e58987652845fe401c,07ff3fe9fecb7fdead59fb13d65a66afa51d2555be798dfc05e98c8b08af0425
data/raw/ooc/OOC_image_dataset/train/bad/cell_type_A549/4_days/230424_101.png,230424_101,230424,train,bad,A549,4_days,2,A549,4_days,True,True,True,1410754,2056,1542,L,185849acdb7d24006f00b53853d117f0e0316e2477174c72aa53eee370674364,fc0cfc0c6d0cfc4cfe0cf60c7e0d7e0c7e0cfe4c6c4eee0fed0df40df40dfccd
data/raw/ooc/OOC_image_dataset/train/bad/cell_type_A549/4_days/230424_102.png,230424_102,230424,train,bad,A549,4_days,2,A549,4_days,True,True,True,2168917,2056,1542,L,85a8f2ea758211a8a319050ef8c4600ce652a34ad6ed10f4477d832903983c7e,fc1afc1ffe1bfe19fc9dfc5df65bf69afe1af71af799fb1cfe1efa9bfb99fd98
data/raw/ooc/OOC_image_dataset/train/bad/cell_type_A549/4_days/230424_108.png,230424_108,230424,train,bad,A549,4_days,2,A549,4_days,True,True,True,1846845,2056,1542,L,9dae42aa359dc228c64794e09d4701f9a4e1a3b3d0b2b6fcd9d5253bf3524f2a,395339d779d679d679c673ce67cd6fcd6dccf0cce0ece18ce30ce30fe32de12c
data/raw/ooc/OOC_image_dataset/train/bad/cell_type_A549/4_days/230424_55.png,230424_55,230424,train,bad,A549,4_days,2,A549,4_days,True,True,True,1915960,2056,1542,L,07c958c5652e83cdae2811f5cca190bc6aa05afe8139f11c610ec3688876594d,cb62cb928bd28bcacbc28be20bc489c48ccc8c3c8f20cf80cee8cc604c788c98
data/raw/ooc/OOC_image_dataset/train/bad/cell_type_A549/4_days/230424_56.png,230424_56,230424,train,bad,A549,4_days,2,A549,4_days,True,True,True,1454810,2056,1542,L,b99a28ee2265a548b9d75c94c742cabe47543d786d8037c17e3cb9ac762f6e9c,ddc11f811fc1df41dec19fc1dfe15cc15fc1dd81dc895e499e499f199f99de99
data/raw/ooc/OOC_image_dataset/train/bad/cell_type_A549/4_days/230424_58.png,230424_58,230424,train,bad,A549,4_days,2,A549,4_days,True,True,True,1457900,2056,1542,L,deef443dcf65599682edd080b534f296c52f2b85da4230709ba164f596041109,d9d1d8c9ddd19f119e011c815ca9dca11eb1deb99f991d999d819e819f939d93
data/raw/ooc/OOC_image_dataset/train/bad/cell_type_A549/4_days/230424_59.png,230424_59,230424,train,bad,A549,4_days,2,A549,4_days,True,True,True,1481355,2056,1542,L,272ae6e3e337e80f949c793eef700a314495b81c25bcab81a42eec672f43cc3d,9b9399939f039e839f831c031d0319839bc39bc39d039e221f221e139e139e53
data/raw/ooc/OOC_image_dataset/train/bad/cell_type_A549/4_days/230424_80.png,230424_80,230424,train,bad,A549,4_days,2,A549,4_days,True,True,True,1439552,2056,1542,L,a8ddd119f04705a03f93d0dc16c2e97381727a0e03eaa88715df39feead7dffa,138c178f1f0f1f8f1f8f1f8f1f9f1f9f1f9f1f9f1f1f1f1f1f9f1cbe343e373e
data/raw/ooc/OOC_image_dataset/train/bad/cell_type_A549/4_days/230424_81.png,230424_81,230424,train,bad,A549,4_days,2,A549,4_days,True,True,True,1457028,2056,1542,L,8bf406dee63b33a755f60921c835a0ad848e3a475f67533d06f19ead06cc3764,91c3936337333d133f133f033b0b3d0b3d8a3d4a3ccb3d4b3dc339833d033903
data/raw/ooc/OOC_image_dataset/train/bad/cell_type_A549/4_days/230424_96.png,230424_96,230424,train,bad,A549,4_days,2,A549,4_days,True,True,True,1583615,2056,1542,L,97804d4b9ccf62bb4c7a892f2d4e2d6fb958f278419f28dffe5cf02eb94c1162,3c6c3c3c3c3c3c3c3c3f3c4f1c4c4cdd0e4d3c4d2c5c3c1c0d7d1c7d3c3d3e1d
data/raw/ooc/OOC_image_dataset/train/bad/cell_type_A549/4_days/230424_99.png,230424_99,230424,train,bad,A549,4_days,2,A549,4_days,True,True,True,1768800,2056,1542,L,18766cd978ba740ee431f471d5231668944512f1bf7b84df073682c226d137a2,791e7b1c7a1872187c1c7d1e7c1dfa197b187c1b7c1f7b3dfe3cee3cf630f630
data/raw/ooc/OOC_image_dataset/train/bad/cell_type_CACO/2-3_days/220506_13.png,220506_13,220506,train,bad,CACO,2-3_days,2,CACO,2-3_days,True,True,True,2831901,2048,1536,RGB,98f1995f160f63e090bb63e4da552b8867bf7ce1d744fe833acf9c37ed569c7b,30770036103a8068807a805e601c407ca03cc00c8009908e8007280709050c04
data/raw/ooc/OOC_image_dataset/train/bad/cell_type_CACO/2-3_days/220506_14.png,220506_14,220506,train,bad,CACO,2-3_days,2,CACO,2-3_days,True,True,True,3221455,2048,1536,RGB,94492545cd74a4037a22c903aab400ea3d7a43a147f3155de75b666cf0d614a6,003b8069c03940bb00d8807c801cc01c441cc81d819c801ec2169037802338b7
data/raw/ooc/OOC_image_dataset/train/bad/cell_type_CACO/2-3_days/220506_9.png,220506_9,220506,train,bad,CACO,2-3_days,2,CACO,2-3_days,True,True,True,3008958,2048,1536,RGB,407f1162b86ef2da5230ea7605b4d52e8f2266d77ccb5a60fbc69b6cae42bff7,e8730c370f3387378237818f818341b3c1a780e7c0e740f500ff00fc107b03f5
data/raw/ooc/OOC_image_dataset/train/bad/cell_type_CACO/2-3_days/220606_16.png,220606_16,220606,train,bad,CACO,2-3_days,2,CACO,2-3_days,True,True,True,2436415,2048,1536,RGB,1ec445f08e76cd3f461bf4601abd2f7ded47d8bdd38bbfad9964bf135a93de9d,45376f7e4a1a0a0a4e0a481b3053a41704160027004991149107406101644180
data/raw/ooc/OOC_image_dataset/train/bad/cell_type_CACO/2-3_days/220606_18.png,220606_18,220606,train,bad,CACO,2-3_days,2,CACO,2-3_days,True,True,True,2409088,2048,1536,RGB,a1cfc9bd9a4d65e52163b97398324bba6cd205e3e3b614b2f13fa42ffe641857,c4327e77783758339c233927813791068313001100458051828401803003200f
data/raw/ooc/OOC_image_dataset/train/bad/cell_type_CACO/2-3_days/220606_21.png,220606_21,220606,train,bad,CACO,2-3_days,2,CACO,2-3_days,True,True,True,2428397,2048,1536,RGB,e51cdf649200b23c62f395bcf14ccd686f5aa7c0c3372c6f093a14665901cfd4,0e4f0e5d0e4f06270e4f0e090417054306030625029102b10201000020100050
data/raw/ooc/OOC_image_dataset/train/bad/cell_type_CACO/2-3_days/220606_22.png,220606_22,220606,train,bad,CACO,2-3_days,2,CACO,2-3_days,True,True,True,2414978,2048,1536,RGB,3ee8d10162461727b901d4727fce8e17b8840d108bd67caa81ad2cd046d7b680,68e17a8700872e07080744071007000f00070007000f201f2004000000101001
data/raw/ooc/OOC_image_dataset/train/bad/cell_type_CACO/2-3_days/230329_12.png,230329_12,230329,train,bad,CACO,2-3_days,2,CACO,2-3_days,True,True,True,3868877,1536,2048,RGB,5c9e141b231bd9b96b311dca8dd9ead1d1e72b2633764c4af3d297672422f568,9298a118a208a28894488408c250e090d0b890a8906086308cb489b089b4c38c
data/raw/ooc/OOC_image_dataset/train/bad/cell_type_CACO/2-3_days/230405_100.png,230405_100,230405,train,bad,CACO,2-3_days,2,CACO,2-3_days,True,True,True,1834347,2056,1542,L,3538c187b23de658c6bc0fdb0452c54430ba6466fd8d73335906ca9da1927e2d,8ca7cec6cf06cd87cda6cdc4cf66ccc6cee68ea68ea6cce6cf26ce64ce27ce0e
data/raw/ooc/OOC_image_dataset/train/bad/cell_type_CACO/2-3_days/230405_101.png,230405_101,230405,train,bad,CACO,2-3_days,2,CACO,2-3_days,True,True,True,1949354,2056,1542,L,d8a8ef22bc336ddd96bfeea2e02dc524823cfb92a7bba1b14d1929dcb3afe16f,cce6cf26ce66ce26ce8ecec7cd4fcdaf8cef8dcecf4e8f8f8e8ecf4ecf6e8dae
data/raw/ooc/OOC_image_dataset/train/bad/cell_type_CACO/2-3_days/230405_102.png,230405_102,230405,train,bad,CACO,2-3_days,2,CACO,2-3_days,True,True,True,1945913,2056,1542,L,eb907bb8d81aacf508d11d7e55a8aadf4af4caa4850dee341c78f3eba5997719,cce6cf26ce66ce26ce8ecec7cd4fcdaf8cef8dcecf4e8f8f8e8ecf4ecf6e8dae
data/raw/ooc/OOC_image_dataset/train/bad/cell_type_CACO/2-3_days/230405_104.png,230405_104,230405,train,bad,CACO,2-3_days,2,CACO,2-3_days,True,True,True,1826469,2056,1542,L,beca2cd890279ae8f1e01fad75db4cb790a2c791ef656e6801cafbd73746f145,8e66cda6cdae8e6d8fcc8fce8e4f8bcc898e8f8e8ccf8cef8dcc8faecfce8c8e
data/raw/ooc/OOC_image_dataset/train/bad/cell_type_CACO/2-3_days/230405_106.png,230405_106,230405,train,bad,CACO,2-3_days,2,CACO,2-3_days,True,True,True,1976199,2056,1542,L,79c706d93f578e9606fe03cca986780f9602c69df56629d54949207556d0836a,8e8f8d4ecdcccd0ccf2f8bec8fac8e8c8e4e8f6e8d2c8f0cce6e8eeeccae8cae
data/raw/ooc/OOC_image_dataset/train/bad/cell_type_CACO/2-3_days/230405_107.png,230405_107,230405,train,bad,CACO,2-3_days,2,CACO,2-3_days,True,True,True,2034866,2056,1542,L,ae02703d24e0c592f6ca942c3f3e02123e445adfccd87a7d700c32d60fb421a5,8f2ece6c8ceeceae8cae8fee8dae8d6e8c4c8d2e8dac8f0c8f2c8f2e0e8e8f8c
data/raw/ooc/OOC_image_dataset/train/bad/cell_type_CACO/2-3_days/230405_108.png,230405_108,230405,train,bad,CACO,2-3_days,2,CACO,2-3_days,True,True,True,1905916,2056,1542,L,15d1b9e2921a20c3e5b7c753d3fabaa6d48c8d7dc2c031aef5ab4677f84debf2,8f2e8f2e8eae8e8c8f8c8d0c8e4e8b4c8b8c8fac8c8c8ecc8bcc8bce8a0e8b8c
data/raw/ooc/OOC_image_dataset/train/bad/cell_type_CACO/2-3_days/230405_110.png,230405_110,230405,train,bad,CACO,2-3_days,2,CACO,2-3_days,True,True,True,1793493,2056,1542,L,05ead1b7e969ab3b324d991a0f83ddcc529953043e631c625aa75e9e5fd03235,c86cc9ac8fac8cac8d8e8ccc8e8c8f8c8c8c8c8c8e8e8cae89ac0dcc0cec8e4c
data/raw/ooc/OOC_image_dataset/train/bad/cell_type_CACO/2-3_days/230405_111.png,230405_111,230405,train,bad,CACO,2-3_days,2,CACO,2-3_days,True,True,True,1830415,2056,1542,L,2c9ab257d4b491f127c7ba4ee28bcd277c31e219b61a008d8884b5fefe2234a0,88ae89cc0c8e8d6ccd8c8d4e0d2c8dcc0ccc89cc08ec08cc09cc0d8c0b0c0a0e
data/raw/ooc/OOC_image_dataset/train/bad/cell_type_CACO/2-3_days/230405_112.png,230405_112,230405,train,bad,CACO,2-3_days,2,CACO,2-3_days,True,True,True,1747007,2056,1542,L,b39225348ccad98e47353cd088f4fd24f77e5252bd1c99d133b07d03e6128764,08ec89ec0d8c0b0c8b4c8d4c0e4c8e4e8c8c8e6e8a0c8cac8bac884c8c4c89ec
data/raw/ooc/OOC_image_dataset/train/bad/cell_type_CACO/2-3_days/230405_114.png,230405_114,230405,train,bad,CACO,2-3_days,2,CACO,2-3_days,True,True,True,2087692,2056,1542,L,25a9f1e6c1b4ccb29104f8c570eb2675abe6b10a53d4ccf098233674c28dfadf,cc4ccd8ecd0ece8ecececececc8ecccec98cce8cc98ecc6ece4eca4c8cce8c4c
data/raw/ooc/OOC_image_dataset/train/bad/cell_type_CACO/2-3_days/230405_115.png,230405_115,230405,train,bad,CACO,2-3_days,2,CACO,2-3_days,True,True,True,2064227,2056,1542,L,e1f5bb23b3e33aa2a774b38c09a1c8a5e5b9f355f4afc44cba2e45073c3bffe3,cc6ece4cca4e8ccecd0eca4e8e0c8f8e8d4e8cce8d4ecf4cc90e8c8ece8e8e0e
data/raw/ooc/OOC_image_dataset/train/bad/cell_type_CACO/2-3_days/230405_117.png,230405_117,230405,train,bad,CACO,2-3_days,2,CACO,2-3_days,True,True,True,2029904,2056,1542,L,95bb55dcb90a5565c84c2e780047206281d67ba1cabd4e2ec0b3994a9be7b295,ca0ccd0c8c0ccc4ece0e8c6ecccecccc8eccce0ccacececccb4cda4c9cccdccc
data/raw/ooc/OOC_image_dataset/train/bad/cell_type_CACO/2-3_days/230405_118.png,230405_118,230405,train,bad,CACO,2-3_days,2,CACO,2-3_days,True,True,True,1947677,2056,1542,L,e5d9bca197a9628a925985594c63a2b113c824f9fdfd3fb2e86359fff245bc1c,ce0ccb4eca4c8ccc8ccc8c4cce4ccd4c8d4c89ce994e8f0c8d0c9f0c9d8c9d8c
data/raw/ooc/OOC_image_dataset/train/bad/cell_type_CACO/2-3_days/230405_119.png,230405_119,230405,train,bad,CACO,2-3_days,2,CACO,2-3_days,True,True,True,1946912,2056,1542,L,1ff1a636f455565166fad7ec3d9fb7a1a2039c369683eecc68909d5d29683dce,ce0ccb4eca4c8ccc8ccc8c4cce4ccd4c8d4c89ce994e8f0c8d0c9d0c9d8c9d8c
data/raw/ooc/OOC_image_dataset/train/bad/cell_type_CACO/2-3_days/230405_121.png,230405_121,230405,train,bad,CACO,2-3_days,2,CACO,2-3_days,True,True,True,1861709,2056,1542,L,371dc078b94d1427004b8cdc2b9135be64a054c1f625c163b1ed257faec7aac9,d94c98ccda0cde0cdf0e9e0e1c0c1c0c9ccc9ecc9e8c9e8c9f0c1d4c0d8c0ccc
data/raw/ooc/OOC_image_dataset/train/bad/cell_type_CACO/2-3_days/230405_122.png,230405_122,230405,train,bad,CACO,2-3_days,2,CACO,2-3_days,True,True,True,1937466,2056,1542,L,5dedb16028dda7df24ac9b88261a56fd04f77e5d22d067c7bb0b9b7ca698bec1,9a8c9f4c0d8c0c8c1ccc9ecc9ecc9e4c9f8c9a8c9e8c9f8c99cc994c9b8c988c
data/raw/ooc/OOC_image_dataset/train/bad/cell_type_CACO/2-3_days/230405_124.png,230405_124,230405,train,bad,CACO,2-3_days,2,CACO,2-3_days,True,True,True,2004441,2056,1542,L,db6126f94bd27007848042de274e0c6d0354ee850cb6d22afa61284ca3697920,9b8c99cc994c190c194c190c9bcc9ccc9b4c9e4c9d0c9d0c9d8c9d8c9d8c9c88
data/raw/ooc/OOC_image_dataset/train/bad/cell_type_CACO/2-3_days/230405_125.png,230405_125,230405,train,bad,CACO,2-3_days,2,CACO,2-3_days,True,True,True,1858119,2056,1542,L,e729721f91cf8677b4e290633fcbbd0261eb330b2f6242daeb39890a9ecf2443,9f8c9d8c9d8c9f8c9e8c9ccc18cc9ccc1ccc1e0c9f0c9e8c9e0c9f8c1b0c1b0c
data/raw/ooc/OOC_image_dataset/train/bad/cell_type_CACO/2-3_days/230405_126.png,230405_126,230405,train,bad,CACO,2-3_days,2,CACO,2-3_days,True,True,True,1729069,2056,1542,L,8deaa84d56be85fd64826d2e18d17f33748bd1490e9d9e4900df7a10ddcc57db,8f0ccf2c8f0ecf0c8f0e8f0ecf0e4f0bdf0b9f0e9e0e9e0e9f0c9b0e9f4e9b0e
data/raw/ooc/OOC_image_dataset/train/bad/cell_type_CACO/2-3_days/230405_127.png,230405_127,230405,train,bad,CACO,2-3_days,2,CACO,2-3_days,True,True,True,1752141,2056,1542,L,c6265f703f93b30f91aec4a19d4595298099b3064208fdea4475ab6df7fd4f45,9e8c8d0ccf0e8f0e9b0e9b0e9e0e9f0ede0e9b0e9b0c9f0c1e4c1f4e9f0c9f0c
data/raw/ooc/OOC_image_dataset/train/bad/cell_type_CACO/2-3_days/230405_128.png,230405_128,230405,train,bad,CACO,2-3_days,2,CACO,2-3_days,True,True,True,1783107,2056,1542,L,1ef7bd958b9673d7641b2cb4972314ecd3f3fffb70cb5b2ef3fbf3dce0cae292,ce4c9e4c9f0e9f0c9d4e994c9b0c1a0c9c4c990c990c99cc998c188c18cc98cc
data/raw/ooc/OOC_image_dataset/train/bad/cell_type_CACO/2-3_days/230405_131.png,230405_131,230405,train,bad,CACO,2-3_days,2,CACO,2-3_days,True,True,True,1997652,2056,1542,L,0fea38c98161e8848e41811bc7093545bfabaee095b1bac790f6f7a965f3aeb1,9b0c9b0c9d0c9dcc99cc19cc1c4c1b8c1b8c1e8c1f8c9b0c9f8c9d8e1e8c9f4a
data/raw/ooc/OOC_image_dataset/train/bad/cell_type_CACO/2-3_days/230405_132.png,230405_132,230405,train,bad,CACO,2-3_days,2,CACO,2-3_days,True,True,True,1891856,2056,1542,L,21cf6ed825d2c3e30fbbd2590da0b27c35e31b98c3c1eede3276c456c6bdd7e3,9b8c9f8e9c8c1f0e9f0e1fcc9ccc9ecc1dcc9c8c9c8c1b0c9b0c994c9b8c998c
data/raw/ooc/OOC_image_dataset/train/bad/cell_type_CACO/2-3_days/230405_133.png,230405_133,230405,train,bad,CACO,2-3_days,2,CACO,2-3_days,True,True,True,1883210,2056,1542,L,b0edb7da8242b8a0a79acf616d68038bcaa659f4a0f1bcf25213589985228708,1b0c9b0c998c998c9d0c9d0c998c9b0c9a8c9ecc9e4c9e8c9a4c9b4c1e0c9f4c
data/raw/ooc/OOC_image_dataset/train/bad/cell_type_CACO/2-3_days/230405_134.png,230405_134,230405,train,bad,CACO,2-3_days,2,CACO,2-3_days,True,True,True,1854570,2056,1542,L,2468ff5edbd81dc3f37038c3105dee683542a4be53e062add8a45a804c5b7670,9ecc9a4c9a0c9e0c9f4c9d0c1f0c9f0c1e0c1c8c9e8c9f8c9a4c9d4c9d0c9d0c
data/raw/ooc/OOC_image_dataset/train/bad/cell_type_CACO/2-3_days/230405_136.png,230405_136,230405,train,bad,CACO,2-3_days,2,CACO,2-3_days,True,True,True,1913912,2056,1542,L,91711a0d862dbb05502e607348fd7551f9bcf8bae6119ee4fa2aa1cbcf9b1517,9d4c9ccc994c19cc1f0c1b0c1b0c998c18cc984c1c4c18cc18cc99cc97581cc8
data/raw/ooc/OOC_image_dataset/train/bad/cell_type_CACO/2-3_days/230405_138.png,230405_138,230405,train,bad,CACO,2-3_days,2,CACO,2-3_days,True,True,True,1787215,2056,1542,L,1a9e225e1b282cd5dc85f2996ab9f32b0f9b04cf9f3347dea1dd40e7537c6cd9,9e0c9e0c9e0c9e1c1e1c9e5c9e5c9e1c1a089e089e189e189e1c1e1c161c1a1e
data/raw/ooc/OOC_image_dataset/train/bad/cell_type_CACO/2-3_days/230405_88.png,230405_88,230405,train,bad,CACO,2-3_days,2,CACO,2-3_days,True,True,True,1940390,2056,1542,L,e719bd3831c15bbb3492a7b3ca6eb330c983d5fb8eb8e0ac1cb78477b2a8bdd9,cf46cd25cdc7cec6cfe68ec5ae97ae86cee6cea6ce86cd66cc46cc86cf278a67
data/raw/ooc/OOC_image_dataset/train/bad/cell_type_CACO/2-3_days/230405_89.png,230405_89,230405,train,bad,CACO,2-3_days,2,CACO,2-3_days,True,True,True,1913606,2056,1542,L,cb3210825e41b38f6e2ba980d953292e244c89283f0eb470d6c6559c079ddeda,cc66cd86ce26ae258e66ce26ce26ce27cca68ea6caa6cae7cf67ce67cee5cec4
data/raw/ooc/OOC_image_dataset/train/bad/cell_type_CACO/2-3_days/230405_90.png,230405_90,230405,train,bad,CACO,2-3_days,2,CACO,2-3_days,True,True,True,1862433,2056,1542,L,e2acc7af7d3415e2101b91715b4bd33d5d30e17956d0d5b94dde451f77b83566,ce67cf67ce66cee5cec6cba68da6cf27cf26cce6ccc6cd67cd67cd66cce6cc27
data/raw/ooc/OOC_image_dataset/train/bad/cell_type_CACO/2-3_days/230405_91.png,230405_91,230405,train,bad,CACO,2-3_days,2,CACO,2-3_days,True,True,True,2003358,2056,1542,L,723ef96fbe233827ef100841fbf7eafccc6d993354665ff97c96b280b49f20a7,cd27cd66cc66cc27cc87ccc68d678d478e068e06cd66cda6cec6ccc6ce86cd06
data/raw/ooc/OOC_image_dataset/train/bad/cell_type_CACO/2-3_days/230405_92.png,230405_92,230405,train,bad,CACO,2-3_days,2,CACO,2-3_days,True,True,True,2046087,2056,1542,L,ee6fd959cca12fb45afa91252ef42f3561a0a5564a506ad5bfce18f0b2adc880,cfa6cda6cec68f068f878f868f06ce478e468c66ce26ce26cf668f668f468e46
data/raw/ooc/OOC_image_dataset/train/bad/cell_type_CACO/2-3_days/230405_93.png,230405_93,230405,train,bad,CACO,2-3_days,2,CACO,2-3_days,True,True,True,1989747,2056,1542,L,8a8f008cc1431f42bc81bbe4266fd38fe6e45cae0dde1bc8a09574a26cd81f64,ce26cf668f668f46cd67cdc6cdc6cc66cd66cd668da68dc6ce26cd268da68dc6
data/raw/ooc/OOC_image_dataset/train/bad/cell_type_CACO/2-3_days/230405_94.png,230405_94,230405,train,bad,CACO,2-3_days,2,CACO,2-3_days,True,True,True,1940284,2056,1542,L,4687eeb72b0d8064918722b1e0b2b0cc67adc3f7a7012c2b8c173b09de9bec17,cd46cc26cc268da68fc68f86cd86cd84cdc68dc4cfc68ce6cc668c6588e48a6c
data/raw/ooc/OOC_image_dataset/train/bad/cell_type_CACO/2-3_days/230405_95.png,230405_95,230405,train,bad,CACO,2-3_days,2,CACO,2-3_days,True,True,True,1883331,2056,1542,L,27ede2c7d54b8590c867911d9a39ea3cf069d8bfceda7d79da238f76419274e7,8ce6cc6588648a668a768ad6c95e8c2c8d8e8d8e8dae8e2eccacce8c8e8c8e6e
data/raw/ooc/OOC_image_dataset/train/bad/cell_type_CACO/2-3_days/230405_97.png,230405_97,230405,train,bad,CACO,2-3_days,2,CACO,2-3_days,True,True,True,1715369,2056,1542,L,337b3f0fa7210b2fe759b802a0ceec936e3b9adbca2d2f9d7cbacfdbd2fa1666,8cce8e4ecd4ece4c8ccc8c8e8eee8e8e8ecc8e4e8f4c8e4e8e8c8c4e8c4c8e4c
data/raw/ooc/OOC_image_dataset/train/bad/cell_type_CACO/2-3_days/230405_98.png,230405_98,230405,train,bad,CACO,2-3_days,2,CACO,2-3_days,True,True,True,1814826,2056,1542,L,f545904885bafcaab85c797109a964b7b3b13527b53fdf803e2a47f20ded7e91,8ecece6c8d4c8e0c8e4e8c6e8c4c8d0c8cac8dae8d8e8f4c8f4c8ecc8e4c8c8c
data/raw/ooc/OOC_image_dataset/train/bad/cell_type_CACO/2-3_days/230405_99.png,230405_99,230405,train,bad,CACO,2-3_days,2,CACO,2-3_days,True,True,True,1721282,2056,1542,L,87e3091d290104d1bee062f50da346a408f47b429a45253a0a9674f69858b9f5,8f4e8e4c8e4c8ccc8c8c88cc8cac8d4c8d8c8dae8f0e8f0c8f8e8e8c8e8c4eac
data/raw/ooc/OOC_image_dataset/train/bad/cell_type_CACO/2-3_days/230419_100.png,230419_100,230419,train,bad,CACO,2-3_days,2,CACO,2-3_days,True,True,True,2142810,2056,1542,L,482d01645b935314fb4b2fb0e1af18c07beb28a506231fb5a117497d227685d4,cf278de7ce67ce6fcccdcecd8fcecf0dce4fcf6ecf4e8d4ead2eee0d8f0e8cad
data/raw/ooc/OOC_image_dataset/train/bad/cell_type_CACO/2-3_days/230419_101.png,230419_101,230419,train,bad,CACO,2-3_days,2,CACO,2-3_days,True,True,True,2134840,2056,1542,L,b6d329e57ede48f9b037e08426fbeac574b3ab0af4160ae1fd7efbe9fe8c09c7,cdcfce2fce4dce2dceaf8f8fce8ecececeefcceec94f894d89cd89cecccd8ccc
data/raw/ooc/OOC_image_dataset/train/bad/cell_type_CACO/2-3_days/230419_105.png,230419_105,230419,train,bad,CACO,2-3_days,2,CACO,2-3_days,True,True,True,2269821,2056,1542,L,6f922e796ce969aadc154348a6467983f73019760c6c758f69a48a10e2955734,8e4ccd4cc94c1bcc1ccc9e8c9e8c1e8c1e8c1e8c1e8c9a8c9c4c9dcc9e4c1e1c
data/raw/ooc/OOC_image_dataset/train/bad/cell_type_CACO/2-3_days/230419_106.png,230419_106,230419,train,bad,CACO,2-3_days,2,CACO,2-3_days,True,True,True,2268560,2056,1542,L,7605ed4086f3117bc407c1309e759afaef57ba7de1ee286f184487e619403347,de4c9f4c98cc9e8c1f0c9d4c9d0c9d5899d899dc9d9c9c9c9e981b18199c9d9c
data/raw/ooc/OOC_image_dataset/train/bad/cell_type_CACO/2-3_days/230419_107.png,230419_107,230419,train,bad,CACO,2-3_days,2,CACO,2-3_days,True,True,True,2256626,2056,1542,L,5d3362da523f1894755c9a3869e20a87d465b8d04376f1665fc436422d150892,9e5c9a9c9a9c9c9c989c989c9cdc9d9c1e9e999c9b1c9b1c9a1c191c991c991c
data/raw/ooc/OOC_image_dataset/train/bad/cell_type_CACO/2-3_days/230419_109.png,230419_109,230419,train,bad,CACO,2-3_days,2,CACO,2-3_days,True,True,True,2259199,2056,1542,L,f6a35584dab6f89cc11e7c32e9f7f79e82fc118d31be7514248ba5f803ccb219,8e0f8e4fcfcfcacf8b8f8e8fceaf8f0d8f0fcd6fcd0f8c4d8ecd8f0c8f0cc94e
data/raw/ooc/OOC_image_dataset/train/bad/cell_type_CACO/2-3_days/230419_110.png,230419_110,230419,train,bad,CACO,2-3_days,2,CACO,2-3_days,True,True,True,2297191,2056,1542,L,82856288f2630a5338a845c68a16842a26a8da94bd11b9d09931c5f014e4c888,c94ecd0ecb8c8b0c8f0c8b4ccececa8c0b8e4a4e8a4cce6ecf4c4f0c8d0c0d0c
data/raw/ooc/OOC_image_dataset/train/bad/cell_type_CACO/2-3_days/230419_111.png,230419_111,230419,train,bad,CACO,2-3_days,2,CACO,2-3_days,True,True,True,2308481,2056,1542,L,23770b39cb8bcb4b4d4efed3478ba63a05fb91aeb4311b4686b6de5a9c1a62ae,ce8ccecccd4c9d0cdd8c4d8c4dcc9a4cdeccdf0e5c4c5e6c9a2c9c8c1dcc5ccc
data/raw/ooc/OOC_image_dataset/train/bad/cell_type_CACO/2-3_days/230419_112.png,230419_112,230419,train,bad,CACO,2-3_days,2,CACO,2-3_days,True,True,True,2286725,2056,1542,L,b0d7b2cbf9036d562756c31a123394998f32577434efb98a4e9e4aa8be1741cf,9a8cdb8c990cdc8cddcc1f4c194a18cc98cc9ecc9ece18cc1ccc9c985c9cda8c
data/raw/ooc/OOC_image_dataset/train/bad/cell_type_CACO/2-3_days/230419_115.png,230419_115,230419,train,bad,CACO,2-3_days,2,CACO,2-3_days,True,True,True,2280960,2056,1542,L,8cb1d1ef0274e4e9378c7809c12adf6d3e82bcf5918e1bc57499a79cc04cb682,9c9c991c9d9c989c9d9c971c9a5c9a5c199c161c16dc10d81e9c1f9c95989898
data/raw/ooc/OOC_image_dataset/train/bad/cell_type_CACO/2-3_days/230419_116.png,230419_116,230419,train,bad,CACO,2-3_days,2,CACO,2-3_days,True,True,True,1868144,2056,1542,L,5c015eec4c0a1382860841e1cbe935c7b52b7d119eab09b7dfc0ea33ff6d1dbb,0d0f0d0f890f886fc86ecc4cef2c6f0cce8e4e0e0e8f8e2fc94fc8cfce8cce6c
data/raw/ooc/OOC_image_dataset/train/bad/cell_type_CACO/2-3_days/230419_89.png,230419_89,230419,train,bad,CACO,2-3_days,2,CACO,2-3_days,True,True,True,1916496,2056,1542,L,5b8d1fd8048f445618562aa093796473ca46f056d79aec3ca11f8a90b37a0861,849fc477c4d6ee56ef06cf06cf868d278f478f27ce67cf468f068e86cd668de7
data/raw/ooc/OOC_image_dataset/train/bad/cell_type_CACO/2-3_days/230419_90.png,230419_90,230419,train,bad,CACO,2-3_days,2,CACO,2-3_days,True,True,True,2022371,2056,1542,L,d2b573b5af1fb8867bcc4d9334b311422887d98644c221b30f52f02f5b06702b,cd67ce66ce6ecca68ea68d8ecc4ecd2dcf2e8d0e8f6dcd4ece0ece0cce2ece8e
data/raw/ooc/OOC_image_dataset/train/bad/cell_type_CACO/2-3_days/230419_92.png,230419_92,230419,train,bad,CACO,2-3_days,2,CACO,2-3_days,True,True,True,2097570,2056,1542,L,208e472789aaed9b66fb09740f75bc5892bd0de2779663f002307ca6c4e02c63,ce4fcd2fccaecacfcb0ccdcecd4e8d6ecc6e8ecc8e8e8e2f8e4fcf4d8e8e8b8e
data/raw/ooc/OOC_image_dataset/train/bad/cell_type_CACO/2-3_days/230419_95.png,230419_95,230419,train,bad,CACO,2-3_days,2,CACO,2-3_days,True,True,True,2172328,2056,1542,L,b27c21210cda72f2c9d6b5b1ead7f9953496c2aba53a20589538a78a8a3f2470,8f4c8a0c8a8c8e0c8a0e0c0e4e8e0f8e8d8e89cc8d4c090e898e0d8c0c8c0e8c
data/raw/ooc/OOC_image_dataset/train/bad/cell_type_CACO/2-3_days/230419_97.png,230419_97,230419,train,bad,CACO,2-3_days,2,CACO,2-3_days,True,True,True,2063194,2056,1542,L,0b8446ac4cc92c15a45dff344d4662b6496b3200e18e5ebaa65235758e4930c9,8e1c863a027c90fc98dc99dc191c999c1a5a1a589bdc9ddc1d5c9f1c9d9c985c
data/raw/ooc/OOC_image_dataset/train/bad/cell_type_CACO/2-3_days/230419_98.png,230419_98,230419,train,bad,CACO,2-3_days,2,CACO,2-3_days,True,True,True,1867220,2056,1542,L,43f9366dee8185cbfa4a21439337781296cd3331b7b02ea624c18cb8e4838dba,9ddc99dc91dc8278863c8e3c0e3c0e3c0e380e380e3c0e388e3c8e380e388e38
data/raw/ooc/OOC_image_dataset/train/bad/cell_type_CACO/4+_days/220512_10.png,220512_10,220512,train,bad,CACO,4+_days,2,CACO,4+_days,True,True,True,2745070,2048,1536,RGB,b4f4fff19d7b9d854d5157948bc59de4fed527d8d337ade1f5b46eba79b85170,807f009f019f029f001e000ec00ec007e307410f8243021303078307000b801a
data/raw/ooc/OOC_image_dataset/train/bad/cell_type_CACO/4+_days/220512_13.png,220512_13,220512,train,bad,CACO,4+_days,2,CACO,4+_days,True,True,True,2847083,2048,1536,RGB,07c09bbd3fef73b8cf400d8f589c200f3d1cd3e06a5dc1390a72c91143270fba,67bda61d001e111f040f280f100718070e030601080301030007005500660063
data/raw/ooc/OOC_image_dataset/train/bad/cell_type_CACO/4+_days/220515_5.png,220515_5,220515,train,bad,CACO,4+_days,2,CACO,4+_days,True,True,True,2878362,2048,1536,RGB,36bd7135c0d45c74c363793fefeb16491d39bda3cd6b6122f9030c5afd502cb3,0687000388038c03cc03ac03cc03e803a4078007c01f001b200e100f1d130803
data/raw/ooc/OOC_image_dataset/train/bad/cell_type_CACO/4+_days/220609_2.png,220609_2,220609,train,bad,CACO,4+_days,2,CACO,4+_days,True,True,True,2713903,2048,1536,RGB,df41392b74e21f1a23265c4ba88bb95b25f34c6883aaae43e3356dd1f200ed24,111b005900db02c3138b20e320cb08cb09b781b72913041ea52e072f291f3bc3
data/raw/ooc/OOC_image_dataset/train/bad/cell_type_CACO/4+_days/220609_3.png,220609_3,220609,train,bad,CACO,4+_days,2,CACO,4+_days,True,True,True,2833725,2048,1536,RGB,b8f14fa55d7549f04ea01b8b81b5dd2920d4081d389d53e11e36b710dab9bf3c,00be41b441b380e101f501ed10f550f6017c00fc063b061b2437247308730961
data/raw/ooc/OOC_image_dataset/train/bad/cell_type_CACO/4+_days/220609_8.png,220609_8,220609,train,bad,CACO,4+_days,2,CACO,4+_days,True,True,True,2713868,2048,1536,RGB,89b2d37cf8cb5f890931c2a25239366e67d48ba9d100205972b964d2cca206f5,046304e50ac50b61076302e302c706664a6784c7046d0c7f0c7c00ef21d71495
data/raw/ooc/OOC_image_dataset/train/bad/cell_type_CACO/4+_days/220610_1.png,220610_1,220610,train,bad,CACO,4+_days,2,CACO,4+_days,True,True,True,2599436,2048,1536,RGB,2db27243c188060241134e25fdfce7dee00777840c3c0c3718861b2dbafdd462,08e3006700e308d5004f04d700c300c100e118de043e2cbb0276025f01e643d3
data/raw/ooc/OOC_image_dataset/train/bad/cell_type_CACO/4+_days/220610_3.png,220610_3,220610,train,bad,CACO,4+_days,2,CACO,4+_days,True,True,True,2588631,2048,1536,RGB,bb9077c8b6c4c81c734cd6ab406c5be1fdbc09514001381bc1abbdc0818e8b3e,006d8474844ec86cc044804c986880e108f2203200310931007380718000004b
data/raw/ooc/OOC_image_dataset/train/bad/cell_type_CACO/4+_days/220610_4.png,220610_4,220610,train,bad,CACO,4+_days,2,CACO,4+_days,True,True,True,2931738,2048,1536,RGB,2bae5a93c770d1b2f631c3513435a12b2121052f7660ba2db3c48e3609161adf,9c39146f186d28ed004d016b006f103d006f007700bf04a68d1c095c001c4258
data/raw/ooc/OOC_image_dataset/train/bad/cell_type_CACO/4+_days/220611_11.png,220611_11,220611,train,bad,CACO,4+_days,2,CACO,4+_days,True,True,True,2863115,2048,1536,RGB,63576322a3b64e3d763e27ac4434969ffffe95a9b162d44030b7ee2771391f23,070181f040fd0979003c257226e5187419d141b405c293d38bd109f025d6658c
data/raw/ooc/OOC_image_dataset/train/bad/cell_type_CACO/4+_days/220611_12.png,220611_12,220611,train,bad,CACO,4+_days,2,CACO,4+_days,True,True,True,2671686,2048,1536,RGB,96de4a7fb156f16a1ef04c47ce3cbfd6a5f93b2a547b8928f56c931da1db382d,0027180c394c321d028d018d01c100c300a301ee00dc109c2a1d203f002f0a2f
data/raw/ooc/OOC_image_dataset/train/bad/cell_type_CACO/4+_days/220612_3.png,220612_3,220612,train,bad,CACO,4+_days,2,CACO,4+_days,True,True,True,2460467,2048,1536,RGB,e2b97c5738761fbd5062145e62173ea760e0b169411fc6a178492c37e1830654,809f408f21872083040901208082208e008fc0cd401d300c125c08dc84d9c6d9
data/raw/ooc/OOC_image_dataset/train/bad/cell_type_CACO/4+_days/230403_10.png,230403_10,230403,train,bad,CACO,4+_days,2,CACO,4+_days,True,True,True,4006593,2048,1536,RGB,66129320c8555d40691d01b3ac3aface892b01a21c7be71070237f67448c4168,bffffffb9abb9b3f2623a665abaf68cec64f634711d711de198f132f42000000
data/raw/ooc/OOC_image_dataset/train/bad/cell_type_CACO/4+_days/230403_11.png,230403_11,230403,train,bad,CACO,4+_days,2,CACO,4+_days,True,True,True,4262299,2048,1536,RGB,4cf5fcd87dd7af21ade865f78531dfe79cbc8330a124eb86551d227255eb1339,ff9ddddfdedfb3bef3db737f6cf744fe24ff8fe5ff2ddd7e8d7a843b00000001
data/raw/ooc/OOC_image_dataset/train/bad/cell_type_CACO/4+_days/230403_2.png,230403_2,230403,train,bad,CACO,4+_days,2,CACO,4+_days,True,True,True,5952468,2048,1536,RGB,c0856893fd8cb7f639fa019fe569c38e7c2283cd9a930158c93a837526ae0ccb,2ffffeefe6554f4bc67fc9e799d799d6c3facbf9cafdaefb0ee75b79dd90c800
data/raw/ooc/OOC_image_dataset/train/bad/cell_type_CACO/4+_days/230403_5.png,230403_5,230403,train,bad,CACO,4+_days,2,CACO,4+_days,True,True,True,4073777,2048,1536,RGB,26a1da94803a5e950e97ca2d7184fa1a53d3a1662f928a146a44f39ca4bfaec9,217f7fffdfe5a9ea39f950e554ec75c8c9ee4b7979ab2ba617382736267d8c70
data/raw/ooc/OOC_image_dataset/train/bad/cell_type_CACO/4+_days/230403_8.png,230403_8,230403,train,bad,CACO,4+_days,2,CACO,4+_days,True,True,True,4618001,2048,1536,RGB,aa3e95b7fbd41d36f3d2fc1d774b0e63f71dbffbd5f261e0db1087b9791bff7e,ff73ba77e9977dcf355331f9989a9d12cdaaba2dab4d89cc62c66ad79200c001
data/raw/ooc/OOC_image_dataset/train/bad/cell_type_CACO/4+_days/230405_1.png,230405_1,230405,train,bad,CACO,4+_days,2,CACO,4+_days,True,True,True,2064229,2056,1542,L,de895e278ae5444af11941ed05fe6b7fc727e109bca135ccc3112b5077433d87,cec34ec3cfc34dc34fc34fc3cec3ce43cf13cba3cbc7cf87cec6ce078c078f87
data/raw/ooc/OOC_image_dataset/train/bad/cell_type_CACO/4+_days/230405_10.png,230405_10,230405,train,bad,CACO,4+_days,2,CACO,4+_days,True,True,True,1978129,2056,1542,L,35433bc68b785f3a405fb32c53e9ad18584adc6154e73d890c97b9265e6d3820,9c0f9e4f1cce1c4e180f188e1e0e1b0e160e1c0e1e4f1c8f1d8e1d8e198e1d8e
data/raw/ooc/OOC_image_dataset/train/bad/cell_type_CACO/4+_days/230405_11.png,230405_11,230405,train,bad,CACO,4+_days,2,CACO,4+_days,True,True,True,2016730,2056,1542,L,6ab952120aed40d358048d5fd2ac158a065375ae44138725c2ead82d412d0ba0,9e8e9a8e9a8e188e180e184f994f98cf188f988f98ce92ce194e918f900e924e
data/raw/ooc/OOC_image_dataset/train/bad/cell_type_CACO/4+_days/230405_12.png,230405_12,230405,train,bad,CACO,4+_days,2,CACO,4+_days,True,True,True,2003847,2056,1542,L,28c67e45e52a6ea9884497dcca6248e21b89acd35c54a21a56fd614fc9fdeec3,984e984e9cce94ce998e198e980e9c4e18ce1c8e9d8e9cce98ce994e984e954f
data/raw/ooc/OOC_image_dataset/train/bad/cell_type_CACO/4+_days/230405_13.png,230405_13,230405,train,bad,CACO,4+_days,2,CACO,4+_days,True,True,True,2036517,2056,1542,L,db9f8a28acd00588af92e131d101d6f8ce7f9f4c8eddeef69b0a6f233707da31,9c4f984f980f9c8f9cce9ece158f1dcf19cf18871b061b0e994e9b069a469d46
data/raw/ooc/OOC_image_dataset/train/bad/cell_type_CACO/4+_days/230405_14.png,230405_14,230405,train,bad,CACO,4+_days,2,CACO,4+_days,True,True,True,2051285,2056,1542,L,8294e00b8b30573a2a21df3b5ae43fcf7367a274468deae80bae085d7d3b029b,99c799869a079906990e9d261e0e19469906988e990e190e9b0f988f98cf18cf
data/raw/ooc/OOC_image_dataset/train/bad/cell_type_CACO/4+_days/230405_15.png,230405_15,230405,train,bad,CACO,4+_days,2,CACO,4+_days,True,True,True,1989294,2056,1542,L,7fd81b4ec0ae10ade8d837617be2b3a033e37281b2067e7976db3f1e5d46f8a7,9cc79a879b87990f9e079e479f479b47188798879f071d079d879e079c069e87
data/raw/ooc/OOC_image_dataset/train/bad/cell_type_CACO/4+_days/230405_17.png,230405_17,230405,train,bad,CACO,4+_days,2,CACO,4+_days,True,True,True,2058284,2056,1542,L,2a2a6f904cb42535c726a6ddf8e1f27080feb0cf0ec2c4850515f537c8ea6141,dd865e865f86db875b26dc269ac6dbc6db46de46da469c469f869d865d06dc86
data/raw/ooc/OOC_image_dataset/train/bad/cell_type_CACO/4+_days/230405_18.png,230405_18,230405,train,bad,CACO,4+_days,2,CACO,4+_days,True,True,True,1937409,2056,1542,L,701868435e005e70d516d359757b691a6db4eedde999d9de3654be0b59bf00e6,dea7dea7de275e46dce79fc7db87dfa6df26dfa71e46ce479e4f9e4f1d0d150d
data/raw/ooc/OOC_image_dataset/train/bad/cell_type_CACO/4+_days/230405_19.png,230405_19,230405,train,bad,CACO,4+_days,2,CACO,4+_days,True,True,True,1987372,2056,1542,L,1d3cc4f4538ce5c70fa3ae0e7f62453d1ca10114405e2c5436a5fdb61e37826b,8703c783cf034f87cf878f878f870f870e070e078e679d274f079ea71ec79ac7
data/raw/ooc/OOC_image_dataset/train/bad/cell_type_CACO/4+_days/230405_2.png,230405_2,230405,train,bad,CACO,4+_days,2,CACO,4+_days,True,True,True,2066719,2056,1542,L,9369a7daa52f2e4d75da8597bd69836cc3618122d1c86a8ee7bbf266a02c872f,cea7ce47ce07cc87cd87cda7c927c967cda7cd478b87cf43ce438f474f874fa7
data/raw/ooc/OOC_image_dataset/train/bad/cell_type_CACO/4+_days/230405_20.png,230405_20,230405,train,bad,CACO,4+_days,2,CACO,4+_days,True,True,True,2056294,2056,1542,L,7df0466e912fc04e0984dd2dfc97392552822808647500f21cfe7bfe14500641,9cc7d9c79ca798879cc79cc71cc718e719a79d871d879f079f079d079c679d86
data/raw/ooc/OOC_image_dataset/train/bad/cell_type_CACO/4+_days/230405_23.png,230405_23,230405,train,bad,CACO,4+_days,2,CACO,4+_days,True,True,True,1975210,2056,1542,L,e8d1c0cc7eeb79e5dbf94be819d2467cbdd7795eb811240d0396af9826ccf6c3,998619861cce164e958e9c8e988e120e130e194e1dce39ce39ce39ce398e388e
data/raw/ooc/OOC_image_dataset/train/bad/cell_type_CACO/4+_days/230405_24.png,230405_24,230405,train,bad,CACO,4+_days,2,CACO,4+_days,True,True,True,1959608,2056,1542,L,79eba45f5f5437355a2801f5261293c7f51608aeef0ee3ddb2b929313238ebf6,ba4eb40e344e364e360e344e324e320d320e36ce3c0e3a4e330e370e340e340c
data/raw/ooc/OOC_image_dataset/train/bad/cell_type_CACO/4+_days/230405_26.png,230405_26,230405,train,bad,CACO,4+_days,2,CACO,4+_days,True,True,True,1783753,2056,1542,L,c87be7ca98666d092b12c51331e775d10696ad4eca2b8da931a7144d4392fa73,379c2f5c3d9c2e9e3ddc395c3f1d3d9c1c9c1d9d1f1c0e1c0e1c271c271c631c
data/raw/ooc/OOC_image_dataset/train/bad/cell_type_CACO/4+_days/230405_29.png,230405_29,230405,train,bad,CACO,4+_days,2,CACO,4+_days,True,True,True,1918450,2056,1542,L,431dcc8ada9197555871a984ef62fc6329cb6857b4f0c7648cbd117cf9fcaa93,9e0f9c0e980f984f9c4e9c0f180f180f380f380f380f380f310f3c0f380f300f
data/raw/ooc/OOC_image_dataset/train/bad/cell_type_CACO/4+_days/230405_30.png,230405_30,230405,train,bad,CACO,4+_days,2,CACO,4+_days,True,True,True,1781156,2056,1542,L,ca0cb58ac46d3b1dc4f7117f55229da253ca714fafb0e7950c3c40ecf86a0d9c,3c4e388e388f3a4e3a4f338e328e3a0e3f0e3c0f3c8e3c8f3b0e3b0e370f370f
data/raw/ooc/OOC_image_dataset/train/bad/cell_type_CACO/4+_days/230405_33.png,230405_33,230405,train,bad,CACO,4+_days,2,CACO,4+_days,True,True,True,1702101,2056,1542,L,6c22c82672808c20e7e3a7b6a4db076230937a8cdd642456d1014746a3fa97ef,390e380f310e330d321c3e1c389c7c1c7c187898791870197418721a723a7c30
data/raw/ooc/OOC_image_dataset/train/bad/cell_type_CACO/4+_days/230405_34.png,230405_34,230405,train,bad,CACO,4+_days,2,CACO,4+_days,True,True,True,1679261,2056,1542,L,a6c6c25aec7433b9f21a52a4bd077fb415068c830d46ca3bd2e20f3852994897,7a3a7b3279337339723362336a326e32663276327a3372336a336a336e336c33
data/raw/ooc/OOC_image_dataset/train/bad/cell_type_CACO/4+_days/230405_35.png,230405_35,230405,train,bad,CACO,4+_days,2,CACO,4+_days,True,True,True,1671971,2056,1542,L,6cbaf336b3be04f6e02c6038b8135181f2836442adec9ba4d1f2cbfda56bab05,6a3168327c306e307a307e3177317e317a316d316a326339603866386638763a
data/raw/ooc/OOC_image_dataset/train/bad/cell_type_CACO/4+_days/230405_4.png,230405_4,230405,train,bad,CACO,4+_days,2,CACO,4+_days,True,True,True,2032018,2056,1542,L,99c51302dd5798bf1c9358c71942692d34c460532c559cc3e10b47cc22c3258d,8ba78a678e678c678ac70b078b86098789868cc78cc78cc788678e678ce78e46
data/raw/ooc/OOC_image_dataset/train/bad/cell_type_CACO/4+_days/230405_5.png,230405_5,230405,train,bad,CACO,4+_days,2,CACO,4+_days,True,True,True,2061436,2056,1542,L,b0af5e873b27d016802222e80a8bd98136d89386932f964a23b53d0cda327506,8e078e0789270b070e470e078b078f070d871f871ec7998689871a879a069f87
data/raw/ooc/OOC_image_dataset/train/bad/cell_type_CACO/4+_days/230405_6.png,230405_6,230405,train,bad,CACO,4+_days,2,CACO,4+_days,True,True,True,2122444,2056,1542,L,0a80347db06871619932f21d55fc0d17832c15b432847976741a41c74cdcf70a,8c078c078f078ec78ac68c878cc78f870f078f078f878b478f478b078a479e47
data/raw/ooc/OOC_image_dataset/train/bad/cell_type_CACO/4+_days/230405_7.png,230405_7,230405,train,bad,CACO,4+_days,2,CACO,4+_days,True,True,True,2171483,2056,1542,L,a97377e25395eee0779e784d336957fa524697258733751dec38fbcf929602e8,8d061c071c879e069c069c0718879986990698071806194798478ac78c878c07
data/raw/ooc/OOC_image_dataset/train/bad/cell_type_CACO/4+_days/230405_8.png,230405_8,230405,train,bad,CACO,4+_days,2,CACO,4+_days,True,True,True,2166792,2056,1542,L,d6abd30f6bcf08f7b2ac64e71b87c610394f98b414596c1edc3bab83858a978c,8e878e070cc70c479c4799079886988799079e079a479a079806984618461e46
data/raw/ooc/OOC_image_dataset/train/bad/cell_type_CACO/4+_days/230411_40.png,230411_40,230411,train,bad,CACO,4+_days,2,CACO,4+_days,True,True,True,1978614,2056,1542,L,59428503176b7d120c7094bbf32066693a703eb045a0609d15b77799db799bba,ce06ce078f248c678d0f8dcf8f8ecf0ecf2ecf0ecf0c8c4f8c8e868fce2ccbae
data/raw/ooc/OOC_image_dataset/train/bad/cell_type_CACO/4+_days/230411_41.png,230411_41,230411,train,bad,CACO,4+_days,2,CACO,4+_days,True,True,True,1967580,2056,1542,L,7c043045cacfd755ee0889400694d4be6b90a7c1f4e556af444f9482964a37d8,cfc6cee6ce6fcd25cd658ea5cdac8e8d8eafae8fceccceeece8ecb8c894ccd8c
data/raw/ooc/OOC_image_dataset/train/bad/cell_type_CACO/4+_days/230411_42.png,230411_42,230411,train,bad,CACO,4+_days,2,CACO,4+_days,True,True,True,2130636,2056,1542,L,a643afb720fff5077c5e55882db1c2fe239eb9ade0e560823a6c847c5ea93c08,8f2f8f0ccf0ecf0ece0ecf8e8f8e8e8ece8ccd4fcd8ecd4ccf4d8f4c8b4ccf0c
data/raw/ooc/OOC_image_dataset/train/bad/cell_type_CACO/4+_days/230411_43.png,230411_43,230411,train,bad,CACO,4+_days,2,CACO,4+_days,True,True,True,1953277,2056,1542,L,651bdbca1218c7d12cd43cc0e2f1eadda40a6b0c988371e8bc510d4b2c161b37,cf0ece0e8e8c8ccec94ecb4e8d4e8c8ecc8e8f8cce0e8e0c0e0c8c0e8d0c8bce
data/raw/ooc/OOC_image_dataset/train/bad/cell_type_CACO/4+_days/230411_44.png,230411_44,230411,train,bad,CACO,4+_days,2,CACO,4+_days,True,True,True,2102515,2056,1542,L,ce467b2ac7420d4f5840ce16fd5d8031e68ce0b2486b7864f06bb57c96c3a27f,cf2ccf6ecd0c8f2e4b0e8f8e0bce8b4e8bccc9ccce4e4a8e4b0e88ce896c896c
data/raw/ooc/OOC_image_dataset/train/bad/cell_type_CACO/4+_days/230411_45.png,230411_45,230411,train,bad,CACO,4+_days,2,CACO,4+_days,True,True,True,2022440,2056,1542,L,db1106f8230c73cb5f815a7dffd087a3b9ed0b7875f0390f905fac329104689a,cd6ecccc8d8c0f0c4d0c8d0e8a8e8a8c8d0c8c6c8f8c0f8c8b8e8d8ccf4c8e0c
data/raw/ooc/OOC_image_dataset/train/bad/cell_type_CACO/4+_days/230411_47.png,230411_47,230411,train,bad,CACO,4+_days,2,CACO,4+_days,True,True,True,1935403,2056,1542,L,bd0a2e5b7481d376494efa88bfe352b92a8f0bba4abae1d209e71d387253b8b8,8e8c1c0e9a0c9e0c992c998c1e8c198c9c8c9d8c9e0c9b0c9acc9ccc994c9f4c
data/raw/ooc/OOC_image_dataset/train/bad/cell_type_CACO/4+_days/230411_48.png,230411_48,230411,train,bad,CACO,4+_days,2,CACO,4+_days,True,True,True,2114930,2056,1542,L,47d0621f8073d9d3b869613758e8ec28b9546c20c8e6098ff30fa507b6cb4c3d,9c8e9dcc8e8c1ccc1c8c1c4c9ecc1ccc9e4c9c4c9c4c194c980c9c0c9d0c1e0c
data/raw/ooc/OOC_image_dataset/train/bad/cell_type_CACO/4+_days/230411_49.png,230411_49,230411,train,bad,CACO,4+_days,2,CACO,4+_days,True,True,True,2010199,2056,1542,L,0018acb3a97b5be59efee3ea51c8258d884a04c1c6c6a88105fb705df7180dce,9f0c9e0c9bcc9dcc9e0c1c8c1c0c1e0c9d0c1f0c9f4c1e4c1f0c1d0c1f0c4dd8
data/raw/ooc/OOC_image_dataset/train/bad/cell_type_CACO/4+_days/230411_50.png,230411_50,230411,train,bad,CACO,4+_days,2,CACO,4+_days,True,True,True,1849539,2056,1542,L,2dba71d44c9c664842fae69d66f6a25dca0ba7547413d80b3a52edde9fa8ce9a,8fcc8f848d878dafce0fca4ecf4ecd4ecccfc8eeca6f8aeecdef8dae8d8e8d0e
data/raw/ooc/OOC_image_dataset/train/bad/cell_type_CACO/4+_days/230411_52.png,230411_52,230411,train,bad,CACO,4+_days,2,CACO,4+_days,True,True,True,2005915,2056,1542,L,5fb1a346707eab380a67031f1b416adcc24b756fb0c46264cbe80307cba8959a,cc6fce4ece8ccc4fce4f8dce8d8d8f4e8d0e8f8f8e4ccc4cc84e884e8ccecf4c
data/raw/ooc/OOC_image_dataset/train/bad/cell_type_CACO/4+_days/230411_53.png,230411_53,230411,train,bad,CACO,4+_days,2,CACO,4+_days,True,True,True,1925705,2056,1542,L,6280e65644597ba8ce5a042b6adf2f44f183a5dcccd4f969bb4199133239b66d,cc8ccccccc8d8d8c8d8e8f8e8f4e8ccc8e4c0c8c8d0c0e8e898c0b8e8e8e8cce
data/raw/ooc/OOC_image_dataset/train/bad/cell_type_CACO/4+_days/230411_54.png,230411_54,230411,train,bad,CACO,4+_days,2,CACO,4+_days,True,True,True,2205536,2056,1542,L,d02eb61c0351d8361f1e3c8be81bc9cba382b0f5ac28a476ae47af540271f389,8ccccd4ccf0c8f0c8e8ccd2ccd0c4d0ccd8c0f8c0e8e0e8e890e0b4ccb4cde2c
data/raw/ooc/OOC_image_dataset/train/bad/cell_type_CACO/4+_days/230411_55.png,230411_55,230411,train,bad,CACO,4+_days,2,CACO,4+_days,True,True,True,2016623,2056,1542,L,81f96fae6b72c90d86c93ab610d69768bdd9e5555731915035ca01a68e88b462,0b4c89cc898c8f0c8e0e0b0e0d0e8c4c8acc9c8c9ccc19ce9d8c9d8c9dcc9ccc
data/raw/ooc/OOC_image_dataset/train/bad/cell_type_CACO/4+_days/230411_56.png,230411_56,230411,train,bad,CACO,4+_days,2,CACO,4+_days,True,True,True,2125405,2056,1542,L,4424b2ab4f2c8446631506c132d61ac4203352d886086b4634f9f583bb671b7f,8d8c1dcc1ecc1c8c5e0e1e8e9f0c9d0c9e8e1e8e9f0c1d0c9c8c9d8c1dcc9f8c
data/raw/ooc/OOC_image_dataset/train/bad/cell_type_CACO/4+_days/230411_57.png,230411_57,230411,train,bad,CACO,4+_days,2,CACO,4+_days,True,True,True,1990088,2056,1542,L,124e2528ca9d1b775626d8892a46193817d8bed909ee8a5352d57d229f3ea9ed,9ace9a4e9b0c9c8e9d8c998e9b0e99cc9bcc1acc9acc9b8c1f8c1d0c99cc1d8c
data/raw/ooc/OOC_image_dataset/train/bad/cell_type_CACO/4+_days/230411_58.png,230411_58,230411,train,bad,CACO,4+_days,2,CACO,4+_days,True,True,True,1986364,2056,1542,L,0244a9c518e052c0a29e77205a9797a46e58c8e59c4ae09941ec94fa7f536c5f,9d889d4c994c1b8c198c9e8c184c1ccc9c4c9b0c9b0c994c984c984c19881bc8
data/raw/ooc/OOC_image_dataset/train/bad/cell_type_CACO/4+_days/230411_59.png,230411_59,230411,train,bad,CACO,4+_days,2,CACO,4+_days,True,True,True,2083036,2056,1542,L,4e958a32ba22998c74727fba980e18af5269ad4f577b37aa3c9d924b8fc45c27,1a489c4c1f481a881b8c9e4c1ccc1acc9d4c98cc198899c89988184898cc13dc
data/raw/ooc/OOC_image_dataset/train/bad/cell_type_CACO/4+_days/230411_61.png,230411_61,230411,train,bad,CACO,4+_days,2,CACO,4+_days,True,True,True,2062115,2056,1542,L,9db39c4556a132f0dd5672bf43c44ceb9f06a3613a456136f752a13e44952eb8,cececccecc4ecd8ec98cd94cd90c8c4cda8c988cdd0c9d4c9ece9b8c5b8cddce
data/raw/ooc/OOC_image_dataset/train/bad/cell_type_CACO/4+_days/230411_62.png,230411_62,230411,train,bad,CACO,4+_days,2,CACO,4+_days,True,True,True,2109122,2056,1542,L,263550b13b732a53d58efb87dbc1b5e6d424609d5e1cbd583b9bb9eeea36a594,d98ed98ccace9e8e9c8e99ce998c9bcc990cd90e990c990c998c998c9a8c9e8c
data/raw/ooc/OOC_image_dataset/train/bad/cell_type_CACO/4+_days/230411_63.png,230411_63,230411,train,bad,CACO,4+_days,2,CACO,4+_days,True,True,True,2052401,2056,1542,L,e0e69e7ef563c70a32081aadaadb0c57ab3569804a0778c06e6f4c2a90db4747,9dcc99cc8e4c984e9d4c9a4c9cdc9cdc9cdc9c8c988c9d8c9e4c9a4e9b5e1b1c
data/raw/ooc/OOC_image_dataset/train/bad/cell_type_CACO/4+_days/230411_64.png,230411_64,230411,train,bad,CACO,4+_days,2,CACO,4+_days,True,True,True,2062674,2056,1542,L,9f9a0dd54cbdb88bee9e59af83dcb216d2f167b1a6186bd328f3b2b8f469dc30,183c9a3c9f3c991e995c984c1c4c9d4c9d0c9d8c9c8c9e9c9e1c9a1c9e5c9e5c
data/raw/ooc/OOC_image_dataset/train/bad/cell_type_CACO/4+_days/230411_65.png,230411_65,230411,train,bad,CACO,4+_days,2,CACO,4+_days,True,True,True,2007869,2056,1542,L,f6b7ec73bee19585bb0b4cd2ed01c611e5ae07e7e2c4e793a6ea6d5c79bb3043,9c8c9f9c9e1c9a0c9e4c9d8c9c9c1e9c9b9c1f1c1f1c9b9c1a9c9d1c9c9c9d1c
data/raw/ooc/OOC_image_dataset/train/bad/cell_type_CACO/4+_days/230411_66.png,230411_66,230411,train,bad,CACO,4+_days,2,CACO,4+_days,True,True,True,2025523,2056,1542,L,721c1f6307c7884ea12aac15b0f81ae623a3919e0b894f78f545ace27bbf4571,9f589f1c9e9c9f9c9d5c9e5c9cdc9c5c9d189f1c1c181a181f1c1c9c9e1c9e1c
data/raw/ooc/OOC_image_dataset/train/bad/cell_type_CACO/4+_days/230411_69.png,230411_69,230411,train,bad,CACO,4+_days,2,CACO,4+_days,True,True,True,2021735,2056,1542,L,04cf241d3d543beac67db53f757fe59abf61a0b7da404b1de5233ca8d747d6a1,98181a9c1f181d181d181d18131c131c1b1c199c1a1c13181f181f181b1c175c
data/raw/ooc/OOC_image_dataset/train/bad/cell_type_CACO/4+_days/230411_70.png,230411_70,230411,train,bad,CACO,4+_days,2,CACO,4+_days,True,True,True,1724527,2056,1542,L,3863b2f9ce391618994e1fd97370c329fce990279e2907d469e4b1a57854bf54,de0cdf0c9e0f8f0f1b3e1b1edf1ede0c9c0c9e0e9f0e9e0c9e0e1e0c1e0c9e0c
data/raw/ooc/OOC_image_dataset/train/bad/cell_type_CACO/4+_days/230411_74.png,230411_74,230411,train,bad,CACO,4+_days,2,CACO,4+_days,True,True,True,1930415,2056,1542,L,d174d4a63832f687f7564a8a6c4749d47e2333256365242f75a7f8756958b5b3,9b1c9a1c1a9c1b9c1b5c1b5c9bdc9adc9a5c9c5c99dc945c1a5c9a5c1e5c9c5c
data/raw/ooc/OOC_image_dataset/train/bad/cell_type_CACO/4+_days/230411_75.png,230411_75,230411,train,bad,CACO,4+_days,2,CACO,4+_days,True,True,True,2013151,2056,1542,L,7425916d8a72066694a630226ed83b0a96861ed8903a3ccb96f450d84724d1ed,98dc999c1cdc969c16dc1f1c9f1c1e1c1d1c175c1d5c1e5c1e9c159c9d1c9d1c
data/raw/ooc/OOC_image_dataset/train/bad/cell_type_CACO/4+_days/230411_77.png,230411_77,230411,train,bad,CACO,4+_days,2,CACO,4+_days,True,True,True,1930561,2056,1542,L,0551f0d26efe7dfe4735761986508b7563e071b663686be449534941b24fb5ce,1a5c1adc19581b181a581a1c1298169c165c1d9c1918129c191819181a181c98
data/raw/ooc/OOC_image_dataset/train/bad/cell_type_CACO/4+_days/230411_78.png,230411_78,230411,train,bad,CACO,4+_days,2,CACO,4+_days,True,True,True,1917339,2056,1542,L,9dd70417901217136f94c029a5a095aeeb452d5cd597d2a53a46be9e2d9b7693,189c18d8131c121c1a581e9c1a9818981d9c1c1c1e181e1c1e5c1e1812d813d8
data/raw/ooc/OOC_image_dataset/train/bad/cell_type_CACO/4+_days/230411_79.png,230411_79,230411,train,bad,CACO,4+_days,2,CACO,4+_days,True,True,True,1802948,2056,1542,L,b44a2dbfa1fc5721556887e4a203ce70c6e6275d08dd9a77c3475358fa1abd02,16d8131c131813581998185819181f183c183c981e983e983e9c361c36183618
data/raw/ooc/OOC_image_dataset/train/bad/cell_type_CACO/4+_days/230425_180.png,230425_180,230425,train,bad,CACO,4+_days,2,CACO,4+_days,True,True,True,1910508,2056,1542,L,293abaedd0f575228de95f6ce5fbc304655f8f96dfd14d40b6fcb866ed3d976c,8c4f8c6fcc6ecc24ce04ee04ce858cc58cc58ec78ec78f26cd848f04cf04cf26
data/raw/ooc/OOC_image_dataset/train/bad/cell_type_CACO/4+_days/230425_181.png,230425_181,230425,train,bad,CACO,4+_days,2,CACO,4+_days,True,True,True,2034038,2056,1542,L,92ed303dde107adb302966cc2512cb3922fb88526882455047e6d3c0e189f4ab,8f868ec58da7cda6cfc6cfa4cf24cf26cf248fa6cee6ce87cdc78d468d868d24
data/raw/ooc/OOC_image_dataset/train/bad/cell_type_CACO/4+_days/230425_184.png,230425_184,230425,train,bad,CACO,4+_days,2,CACO,4+_days,True,True,True,2068316,2056,1542,L,2d64d0f6b1f8d6d80af567627e5ad6b9796d6e2966fdda9be1b1cdf040b690e5,c526c706c646c686c786c606e7a6e7a6e486c6e6c6c6e6c6c5c7c587c7e6c626
data/raw/ooc/OOC_image_dataset/train/bad/cell_type_CACO/4+_days/230425_185.png,230425_185,230425,train,bad,CACO,4+_days,2,CACO,4+_days,True,True,True,2045876,2056,1542,L,2a9ffe81fb52cef849d9f7b1fd578dd0d3715af58033f945286c2d4e2331a8a7,c7c5c747c707c787e5a7c4a7e6a5c6c6c6c6c6c6c697e547a7478767c667c667
data/raw/ooc/OOC_image_dataset/train/bad/cell_type_CACO/4+_days/230425_187.png,230425_187,230425,train,bad,CACO,4+_days,2,CACO,4+_days,True,True,True,2067633,2056,1542,L,15e38f3da78406ee576c7865946763533f0bfd0e05c189bf84b7034c6f052d16,c607c6c7c617e6b7c6b7c6c7c6c6c666c747c777c716c7c6c596c726c6c6c6c7
data/raw/ooc/OOC_image_dataset/train/bad/cell_type_CACO/4+_days/230425_190.png,230425_190,230425,train,bad,CACO,4+_days,2,CACO,4+_days,True,True,True,1510064,2056,1542,L,a12f8ec6bf84fab967cabe232833c001fed4e0d6fec1a54a92f42abf167af3ef,cd26cd67ce668fc6cdc78dc5c946cf06aec68fc6cf05cf06cfa4cfa6cca6cc66
data/raw/ooc/OOC_image_dataset/train/bad/cell_type_CACO/4+_days/230425_192.png,230425_192,230425,train,bad,CACO,4+_days,2,CACO,4+_days,True,True,True,2180586,2056,1542,L,55728dede33c17139490345b21b189a4fa0b6e009965737dc7b494766d1b6482,cd86ccc7cce78e478d47ccc6cd46cf46cdc4cdc5ce85cf85cfe5cd64cf84ae26
data/raw/ooc/OOC_image_dataset/train/bad/cell_type_CACO/4+_days/230425_193.png,230425_193,230425,train,bad,CACO,4+_days,2,CACO,4+_days,True,True,True,2226424,2056,1542,L,a8cd5cbe71a9d2877b778241299e941ddbdfba2241dccfe139fae825e1edb1ad,afa7ac878e86cf86cd868f868dc68d86cf068ee7cce7c6a7ce06ce06ee66ee46
data/raw/ooc/OOC_image_dataset/train/bad/cell_type_CACO/4+_days/230425_194.png,230425_194,230425,train,bad,CACO,4+_days,2,CACO,4+_days,True,True,True,2248684,2056,1542,L,44d1de18abc6716e003663758955e98f986d78617681fedbd7df890175b64cc0,ee66e646c54684c6c487c786c787c746c627c6a6c606e646e726c766c746c626
data/raw/ooc/OOC_image_dataset/train/bad/cell_type_CACO/4+_days/230425_196.png,230425_196,230425,train,bad,CACO,4+_days,2,CACO,4+_days,True,True,True,2240261,2056,1542,L,a949510901b78e0cd2875984bd80ccd01194384cc9214aa478dbdbb3648c1b7c,e666c646c646c786c586e5c7e667e6c6e706e786e727c6e6c546c7a6c746c727
data/raw/ooc/OOC_image_dataset/train/bad/cell_type_CACO/4+_days/230425_200.png,230425_200,230425,train,bad,CACO,4+_days,2,CACO,4+_days,True,True,True,2165506,2056,1542,L,26355a98b76390e5c9b21f6071e833f4b87c0f359522d8f31ecf2333d0ea3820,4f4d0cae0c6e0c6d08cc8d2c8d8c8d2c8c4c8b4e898f8d8e8c0e8e0e4e0e4f0d
data/raw/ooc/OOC_image_dataset/train/bad/cell_type_CACO/4+_days/230425_201.png,230425_201,230425,train,bad,CACO,4+_days,2,CACO,4+_days,True,True,True,2126161,2056,1542,L,639e87b0afdd5bb936076d3dc0f8827876aa992ae418b7073a0431407ecd32f6,8e8ccececceec92ccb1c8a1eca9e8b1e8b2cc8ee8acecf2c8d2ecd4ecd8ecdac
data/raw/ooc/OOC_image_dataset/train/bad/cell_type_CACO/4+_days/230425_202.png,230425_202,230425,train,bad,CACO,4+_days,2,CACO,4+_days,True,True,True,2230473,2056,1542,L,74393a621bec553540b040d7d8ae9daa566a2d26b86aaa5953a02fab51d48c6d,cd2ecf0ecdcecdaeccaece8ecd8e8dcecc6ecd4ecf8ecf0ece0c8d6ececcce2d
data/raw/ooc/OOC_image_dataset/train/bad/cell_type_CACO/4+_days/230425_206.png,230425_206,230425,train,bad,CACO,4+_days,2,CACO,4+_days,True,True,True,2106334,2056,1542,L,7424db14a6a96c3b1afad502a2cc266afe8eb0824b92716905b9484986164a71,8f348fc6cfe4c7c686e584e5a3c6cf47cfc6ccc78cc78ea78c36ccdecc8ccc8c
data/raw/ooc/OOC_image_dataset/train/bad/cell_type_CACO/4+_days/230425_207.png,230425_207,230425,train,bad,CACO,4+_days,2,CACO,4+_days,True,True,True,1913691,2056,1542,L,8a034d62f2108a33da104db5dd967f860c8b3cacdf093bf2ba159fe581cd747b,c4aed72cdb4cd8cc9c0cdd8c0c8e1b0e0e8e0ace8a8ccc0e4a4e0a0e894c8ccc
data/raw/ooc/OOC_image_dataset/train/bad/cell_type_CACO/4+_days/230425_208.png,230425_208,230425,train,bad,CACO,4+_days,2,CACO,4+_days,True,True,True,2101226,2056,1542,L,685c618b9f97f6027d42d65a716c32dd80c6fe392869748c24770b763cbc7d13,4acc8cce494ecb8e4ace494e4d2eca4eccce4b4c49cc4ccccc8ccecc4e8c4d4c
data/raw/ooc/OOC_image_dataset/train/bad/cell_type_CACO/4+_days/230425_210.png,230425_210,230425,train,bad,CACO,4+_days,2,CACO,4+_days,True,True,True,2184222,2056,1542,L,f1c9788e13d20b278007d893e261f492bb12c8733f65510d6e6a1f165eb176ea,cb0c490c4d2c8e4e8e4c8e4c0ace8e4e4ecc4d8eceae4d0ecd4ecd4ecd4ccd0c
data/raw/ooc/OOC_image_dataset/train/bad/cell_type_CACO/4+_days/230425_212.png,230425_212,230425,train,bad,CACO,4+_days,2,CACO,4+_days,True,True,True,2072783,2056,1542,L,a7a9bd73f11d0f89bf80681bd7a45d72fba1354d9271c7c57e94d4075e9ba86a,4c0ece2ccc4e4c8ece8ccd0ccd2eceaece0ece0e8d0e8c0dce0e8e2e8cce4cce
data/raw/ooc/OOC_image_dataset/train/bad/cell_type_CACO/4+_days/230425_214.png,230425_214,230425,train,bad,CACO,4+_days,2,CACO,4+_days,True,True,True,1943013,2056,1542,L,b61a2c3bb20b5862b7355f14508d7ff66106b8585160806eeaa9546eb0c5bda3,0cc7cf47ce068e478e668d268da6cf0ece068c878d678e07c7868de78de7c9c7
data/raw/ooc/OOC_image_dataset/train/bad/cell_type_CACO/4+_days/230425_215.png,230425_215,230425,train,bad,CACO,4+_days,2,CACO,4+_days,True,True,True,1996662,2056,1542,L,ad2d26e7155f5628bedd108bdd6ee6e29677b9dc37f7b3d5b5b4eb4c5f00223b,c767c3e786e78e678e678c678466c3e7c7e6cde7ccc6cce6cee6cee6ce66ce46
data/raw/ooc/OOC_image_dataset/train/bad/cell_type_CACO/4_days/220608_1.png,220608_1,220608,train,bad,CACO,4_days,2,CACO,4_days,True,True,True,2694465,2048,1536,RGB,b8eaa0d25cd407a7e2885d2e711a2279afc6e34dfdf35d07846052c6ffb676cc,08fe1ff6ffdc8f6c1eee96fe8bfb4ffb4bfd49fb19ff09b74bb7447f443f420b
data/raw/ooc/OOC_image_dataset/train/bad/cell_type_CACO/4_days/220608_11.png,220608_11,220608,train,bad,CACO,4_days,2,CACO,4_days,True,True,True,2622913,2048,1536,RGB,870b6621c1a1536aee77020d33fadb2965ac58490aca384a65fa7bc971cf85ac,0a172056b1d3acf5d877517b562a12361c764e6644e4e3c088c1e1616172b133
data/raw/ooc/OOC_image_dataset/train/bad/cell_type_CACO/4_days/220608_2.png,220608_2,220608,train,bad,CACO,4_days,2,CACO,4_days,True,True,True,2615990,2048,1536,RGB,be872a827fc6f61a5f855ea948a84e84f11cd531009ae6704edf0c2687d77240,1e7c5afc0ffc0ffc0ffc19fe35fe01fc03bc05fb10fb047f40774077316739bf
data/raw/ooc/OOC_image_dataset/train/bad/cell_type_CACO/4_days/220608_3.png,220608_3,220608,train,bad,CACO,4_days,2,CACO,4_days,True,True,True,2580317,2048,1536,RGB,f93a54dbf79eb20bd1cd07c841235f910bda96b28ec8ee2572bdecdb64c73cf5,0ffe50fc42fe86fe45fe46ff0eea4fe805e62562334b219be1c3a1f3e92aa1e5
data/raw/ooc/OOC_image_dataset/train/bad/cell_type_CACO/4_days/220608_4.png,220608_4,220608,train,bad,CACO,4_days,2,CACO,4_days,True,True,True,2750486,2048,1536,RGB,2400a0bfed30f57d918685b6ea885d0784062853cec95b258aa8ea9e408019b5,0d579b161ed09eccbf823480a481894182a1032906c625664cdf4cdf46f80600
data/raw/ooc/OOC_image_dataset/train/bad/cell_type_CACO/4_days/220608_5.png,220608_5,220608,train,bad,CACO,4_days,2,CACO,4_days,True,True,True,2816049,2048,1536,RGB,ed5879d33a4b81a4ba29f952af0ad515308bd4bc2c9fb6ff7650b78b1776b696,baae3bfe957cb3fc9ef90df85ae453c94995913724cb246f206f5052003f647b
data/raw/ooc/OOC_image_dataset/train/bad/cell_type_CACO/4_days/220608_6.png,220608_6,220608,train,bad,CACO,4_days,2,CACO,4_days,True,True,True,2740910,2048,1536,RGB,e93c6499d537f81f6bceb097d59cf0a30d17dd664811b1fddd3622adf5418875,7ffe3dfe70ff20ff687f4d7e711ee19de939d665d2678d270d8705930e1704fb
data/raw/ooc/OOC_image_dataset/train/bad/cell_type_HPMEC/0-1_days/220429_04.png,220429_04,220429,train,bad,HPMEC,0-1_days,2,HPMEC,0-1_days,True,True,True,2400052,2048,1536,RGB,a76eb5b973abaf6af9330efdf9ea4a469912d380971e53405615045892ea61b9,80d7007704330063006308630073003f002f005f003f021f028f060f0629063d
data/raw/ooc/OOC_image_dataset/train/bad/cell_type_HPMEC/0-1_days/220429_07.png,220429_07,220429,train,bad,HPMEC,0-1_days,2,HPMEC,0-1_days,True,True,True,2427441,2048,1536,RGB,a49ed8adb2108ccbb22a372811899fe451b1e287556a1f4f24ebee8b105fc598,d09d805d005d206d006d017d101f001f001f009f00df035f030f070f050f0011
data/raw/ooc/OOC_image_dataset/train/bad/cell_type_HPMEC/0-1_days/220429_08.png,220429_08,220429,train,bad,HPMEC,0-1_days,2,HPMEC,0-1_days,True,True,True,2430325,2048,1536,RGB,e314735fa3ff78ab47efb9ecd087cd564ecd12c71f9ba6713833cd0e8c8d18c5,2315001f001f001f001f301f101f101f011f011f015f03bf030f070f07071e45
data/raw/ooc/OOC_image_dataset/train/bad/cell_type_HPMEC/0-1_days/220429_13.png,220429_13,220429,train,bad,HPMEC,0-1_days,2,HPMEC,0-1_days,True,True,True,2202169,2048,1536,RGB,8844d69ea32d9cb27e369cecc236da94fd93ddf7543873f6460e80b9a70d97e7,619b009b000f009700b7901b1017001f101f2047010f010f001f001f001f0237
data/raw/ooc/OOC_image_dataset/train/bad/cell_type_HPMEC/0-1_days/220429_16.png,220429_16,220429,train,bad,HPMEC,0-1_days,2,HPMEC,0-1_days,True,True,True,2238850,2048,1536,RGB,33259ffed64533ac18793bb5389865b57fbd6ee8f4222208999f066ec8b97fdd,119e00160005001100650063002b002b104d104f008f009f001f101f0319c11f
data/raw/ooc/OOC_image_dataset/train/bad/cell_type_HPMEC/0-1_days/220708_1.png,220708_1,220708,train,bad,HPMEC,0-1_days,2,HPMEC,0-1_days,True,True,True,2475309,2048,1536,RGB,4b48a11e9846d0ed527cef265b61c1469ee219db22bfeefad68d395ac1fac943,3ecfb87f07fffffafe7b06dd67728d7688ac089c812e016d1967091c830f20ff
data/raw/ooc/OOC_image_dataset/train/bad/cell_type_HPMEC/0-1_days/220708_2.png,220708_2,220708,train,bad,HPMEC,0-1_days,2,HPMEC,0-1_days,True,True,True,2362553,2048,1536,RGB,a198347197d5fbb195bd3a9d553a737d3b62a1cf0b31df456bf04b3c30ee4006,a287a1ff5fffffc6e2c5a0a611b151116118403c003c001d00230005001f039f
data/raw/ooc/OOC_image_dataset/train/bad/cell_type_HPMEC/0-1_days/220715_7.png,220715_7,220715,train,bad,HPMEC,0-1_days,2,HPMEC,0-1_days,True,True,True,2559165,2048,1536,RGB,ca546c8b762f9cdbc32ee7f39a4bcb32706d7ac84b5ec03d53b96d15eff8c70d,000febdd63742364e6df8c59907b906341e6434683e383e703878d1988000031
data/raw/ooc/OOC_image_dataset/train/bad/cell_type_HPMEC/0-1_days/220715_8.png,220715_8,220715,train,bad,HPMEC,0-1_days,2,HPMEC,0-1_days,True,True,True,2489332,2048,1536,RGB,7d08642374fc3a902be67236b8660858ff6620fe709d054f04fd842d7f4f937a,01ff1fffff3ef1369073105f067f042b34d32253839b81db90b084000001020f
data/raw/ooc/OOC_image_dataset/train/bad/cell_type_HPMEC/0-1_days/220715_9.png,220715_9,220715,train,bad,HPMEC,0-1_days,2,HPMEC,0-1_days,True,True,True,2540621,2048,1536,RGB,6ab1b90c1d9e0d44ef00239f20afc228647f5e2d04362a62d0e2840ade989fc3,009ff69fe6fecfe76a7928f901cc854c067c861e12fb80fb4683062711281120
data/raw/ooc/OOC_image_dataset/train/bad/cell_type_HPMEC/0-1_days/221010_30.png,221010_30,221010,train,bad,HPMEC,0-1_days,2,HPMEC,0-1_days,True,True,True,2724826,2048,1536,RGB,462b6a99412f503837c9ef7b0285a8a027657ae231e5a0bb49c29a8b0ce0f50d,000600068006c006800680068007800782078017e017e017e317a017a097e017
data/raw/ooc/OOC_image_dataset/train/bad/cell_type_HPMEC/0-1_days/221010_31.png,221010_31,221010,train,bad,HPMEC,0-1_days,2,HPMEC,0-1_days,True,True,True,2797990,2048,1536,RGB,dcbb3623a787a8aa8971412b49bb70388f45ff71316d28f4fe566b1c7434026e,4007c00740074003c0038003a103e003c903c003e003e003c083d003b003e083
data/raw/ooc/OOC_image_dataset/train/bad/cell_type_HPMEC/0-1_days/221010_32.png,221010_32,221010,train,bad,HPMEC,0-1_days,2,HPMEC,0-1_days,True,True,True,2667782,2048,1536,RGB,ff2a4d4111322f926142b078dc0b85a09339179323b430634373d32c5e3c6078,f001f041f041f001e081f8c1f0c1f041f481f180f080f0a0f440f840f840f840
data/raw/ooc/OOC_image_dataset/train/bad/cell_type_HPMEC/0-1_days/221010_34.png,221010_34,221010,train,bad,HPMEC,0-1_days,2,HPMEC,0-1_days,True,True,True,2545220,2048,1536,RGB,b5aa46e30732c360e31b46f22bdc61aa71efd164b5c9d49454bf31e4c309cdbd,e041f0a1e0a1e0e1e1e1e9e1f8e1f0e1e8e1f8e1f9e1e9e1f1e1e2c1ea81e1c1
data/raw/ooc/OOC_image_dataset/train/bad/cell_type_HPMEC/0-1_days/221010_35.png,221010_35,221010,train,bad,HPMEC,0-1_days,2,HPMEC,0-1_days,True,True,True,2562992,2048,1536,RGB,906a9596618839c265a8bbc892e7a32dd98f9b4187fd19df76da8651ae23117d,fc30fc70fcf0fc707c607d707fd07fe07fd07dd07de07f407e907cf87d707c60
data/raw/ooc/OOC_image_dataset/train/bad/cell_type_HPMEC/0-1_days/221010_36.png,221010_36,221010,train,bad,HPMEC,0-1_days,2,HPMEC,0-1_days,True,True,True,2561544,2048,1536,RGB,6d85a39cc2c1778e624bffa41d54623969d9f2689d71969aa88a528641bd583f,f010f030f070f870f870f8e0fcf0f8e0f8e0f870f870f830f838f818f880f200
data/raw/ooc/OOC_image_dataset/train/bad/cell_type_HPMEC/0-1_days/221010_37.png,221010_37,221010,train,bad,HPMEC,0-1_days,2,HPMEC,0-1_days,True,True,True,2546872,2048,1536,RGB,44103d679ddb0b0844d7f016b98da8938990433c7ea10c8abe53f6496453a108,f040f050f040f840f0c2f4c2fc92fc82fc22f142fd82fc42f8e2f2e2f0c2f8e2
data/raw/ooc/OOC_image_dataset/train/bad/cell_type_HPMEC/0-1_days/221010_38.png,221010_38,221010,train,bad,HPMEC,0-1_days,2,HPMEC,0-1_days,True,True,True,2635059,2048,1536,RGB,6c6aee67649ef64be7c4012910d62b8c4d776e332475f0b46a85387b5d64e191,f084f404e440ecc4fd40f1c0f8c0fce0fc60fce0f860fc60fcc2fc40fc60f9e0
data/raw/ooc/OOC_image_dataset/train/bad/cell_type_HPMEC/0-1_days/221010_39.png,221010_39,221010,train,bad,HPMEC,0-1_days,2,HPMEC,0-1_days,True,True,True,2615727,2048,1536,RGB,bfe7d901aa17699b64b976c076091ec3afba834c9cfe2f72b2de09b75dc1fe64,f401f101f541f501f101f181f340fa40f940f8c0fbc0fa40fe80f980f9e0f8e6
data/raw/ooc/OOC_image_dataset/train/bad/cell_type_HPMEC/0-1_days/221010_43.png,221010_43,221010,train,bad,HPMEC,0-1_days,2,HPMEC,0-1_days,True,True,True,2360495,2048,1536,RGB,ec9841cbd575870f2649f9b05ea2b984b971678d29080d576d8c2d414de68630,b00fb90dd907d983d983d983d987d985d985d985dc85cc85cc45ccc5ccc5ecc5
data/raw/ooc/OOC_image_dataset/train/bad/cell_type_HPMEC/0-1_days/230206_5.png,230206_5,230206,train,bad,HPMEC,0-1_days,2,HPMEC,0-1_days,True,True,True,2588213,2048,1536,RGB,ccbafaa8df22c15a462653dd104d453d906934da0977a252ee5e03ccfec30c0e,986710c7c147c167b4e3ecc3cc439c439723b523e5b1e9b97b396dc96fa16c08
data/raw/ooc/OOC_image_dataset/train/bad/cell_type_HPMEC/0-1_days/230206_7.png,230206_7,230206,train,bad,HPMEC,0-1_days,2,HPMEC,0-1_days,True,True,True,2351748,2048,1536,RGB,5ea556a36f7aa890185b9cd2001f25f2d0a568d223be6cb10c3c5241f16d4c8c,6b8744c34603d7b386b3ccd3c8d1e0e9c8d9dc99d239cc18d968f314f214e84c
data/raw/ooc/OOC_image_dataset/train/bad/cell_type_HPMEC/0-1_days/230206_8.png,230206_8,230206,train,bad,HPMEC,0-1_days,2,HPMEC,0-1_days,True,True,True,2341018,2048,1536,RGB,4ebbddd60015df5ad9ecbfd03dfbeb3d735c0a98f566e708328751900a917ea1,df43e223f363f953f1c3f1c3e501f611f431f311f1717e317631732176a07d50
data/raw/ooc/OOC_image_dataset/train/bad/cell_type_HPMEC/0-1_days/230214_12.png,230214_12,230214,train,bad,HPMEC,0-1_days,2,HPMEC,0-1_days,True,True,True,589182,640,480,RGB,a4d0c20fa99ad7d242c3e4d34c64b3ba3499f966d4905292008aa55a3ba9c5d3,3ac73a5b1b591b591b871add1c751e751f351e7d1c7d1d7c1b6c1aec1cbc1c7e
data/raw/ooc/OOC_image_dataset/train/bad/cell_type_HPMEC/0-1_days/230214_46.png,230214_46,230214,train,bad,HPMEC,0-1_days,2,HPMEC,0-1_days,True,True,True,445944,640,480,RGB,5f6555f72429182b39dbc97f7d4d313e4f1e441ccbc8bfe58206ca88b0181bb5,e5a3c363d243e153f453f4d3f093e053f953e943f8417a617a5979d17b717959
data/raw/ooc/OOC_image_dataset/train/bad/cell_type_HPMEC/0-1_days/230215_19.png,230215_19,230215,train,bad,HPMEC,0-1_days,2,HPMEC,0-1_days,True,True,True,4414789,2048,1536,RGB,6ea8238d8be9013c84aedb7b52f6be2c09985d4c225d00744944204eabaa84f5,279e799df9ddf0ddf0cef0cef0cff0cfe0ccf0cef1ce33cf178e07c603c70266
data/raw/ooc/OOC_image_dataset/train/bad/cell_type_HPMEC/0-1_days/230215_24.png,230215_24,230215,train,bad,HPMEC,0-1_days,2,HPMEC,0-1_days,True,True,True,4463323,2048,1536,RGB,dcb119fd4895681a70edf2c88c78a8c266cefb3aed4f8ab113d2e41d38d5a629,69e06bf07cf07d807d487e607b807b9872d875e07ae039a039983650356c3c38
data/raw/ooc/OOC_image_dataset/train/bad/cell_type_HPMEC/0-1_days/230215_5.png,230215_5,230215,train,bad,HPMEC,0-1_days,2,HPMEC,0-1_days,True,True,True,465181,640,480,RGB,1093350470e16c65910cb67dd0ad3981d469b83dde52043609fc558593366559,6e632ec32e333e233883b551a551a8a1b851bd09bc89b4c9b101b7099e489520
data/raw/ooc/OOC_image_dataset/train/bad/cell_type_HPMEC/0-1_days/230215_6.png,230215_6,230215,train,bad,HPMEC,0-1_days,2,HPMEC,0-1_days,True,True,True,467739,640,480,RGB,34a5c6115a47ae8d8502828fb18f75414abd94c516c1023c7585ad27dc636774,e60dce8c460c0e0c0d8e298e914ec14cc5868986aa46a306c086b18682c68746
data/raw/ooc/OOC_image_dataset/train/bad/cell_type_HPMEC/0-1_days/230215_8.png,230215_8,230215,train,bad,HPMEC,0-1_days,2,HPMEC,0-1_days,True,True,True,4444629,2048,1536,RGB,ec5ceca85fc711f10eb7a4da73ddfb5fa68a53b7a7c7453568174aada7b71846,c151eb81edc1ebc1ebe1e9b1e0e0f67862d072c07340736863d871d071d075e8
data/raw/ooc/OOC_image_dataset/train/bad/cell_type_HPMEC/0-1_days/230314_11.png,230314_11,230314,train,bad,HPMEC,0-1_days,2,HPMEC,0-1_days,True,True,True,1906958,2056,1542,L,9922f4609ee5d569720e8a55015dc55de1c45d8ccb88f789901a011e168b97e1,7a0b7c0b7c037c037c43794378837c037c037d2379437a437e427e037e037c43
data/raw/ooc/OOC_image_dataset/train/bad/cell_type_HPMEC/0-1_days/230314_13.png,230314_13,230314,train,bad,HPMEC,0-1_days,2,HPMEC,0-1_days,True,True,True,1981647,2056,1542,L,5e12346729ef2c55c0bd90807d7193de7b284585e481170e06a742f954ad108f,7c06780678067c867c167c177a067e067c067c066606760676067a067a067a06
data/raw/ooc/OOC_image_dataset/train/bad/cell_type_HPMEC/0-1_days/230314_15.png,230314_15,230314,train,bad,HPMEC,0-1_days,2,HPMEC,0-1_days,True,True,True,1942715,2056,1542,L,2616519494cad200c66f75cca0fe817290a83ea413457c973615b8c4dc95d5d9,f40cfa0cfa0ce20cf30cfb0cf20cfa0cf60cf60cf60ce80ce80cf80cf40cf20c
data/raw/ooc/OOC_image_dataset/train/bad/cell_type_HPMEC/0-1_days/230314_16.png,230314_16,230314,train,bad,HPMEC,0-1_days,2,HPMEC,0-1_days,True,True,True,1847059,2056,1542,L,c7f6aa308f616f824a4d1f5e563f5546dd703a6a1b91acb5a4456f163514248b,f18cf008f90cf80efc0af808f409fc88fe89e348e518cd98cd98e398f698fc18
data/raw/ooc/OOC_image_dataset/train/bad/cell_type_HPMEC/0-1_days/230314_17.png,230314_17,230314,train,bad,HPMEC,0-1_days,2,HPMEC,0-1_days,True,True,True,1907752,2056,1542,L,91ff57d253cb36bf0ea6ad24509b07c63bfdd1ee30c115f0151ac4279c842c10,ec18ea1aea18e618e798cd9bc99bc999c999c319d219cd99cc98cc9acd98dc18
data/raw/ooc/OOC_image_dataset/train/bad/cell_type_HPMEC/0-1_days/230314_18.png,230314_18,230314,train,bad,HPMEC,0-1_days,2,HPMEC,0-1_days,True,True,True,1852830,2056,1542,L,952849ac20d5e21d17706e62ba1e817298e33ea649c06a1d7759ceb141b0b767,4c281ca998e99839b13b31033186718670d670767026700378037c037cc378c3
data/raw/ooc/OOC_image_dataset/train/bad/cell_type_HPMEC/0-1_days/230314_19.png,230314_19,230314,train,bad,HPMEC,0-1_days,2,HPMEC,0-1_days,True,True,True,1792620,2056,1542,L,131f0ad02e3ec85805c86eecdd8cdf2a0e521ee88ceab43d9433c4bc328b6cec,736373237323796378c378037a237e037e037f037e037f437f037f437e627ec2
data/raw/ooc/OOC_image_dataset/train/bad/cell_type_HPMEC/0-1_days/230314_20.png,230314_20,230314,train,bad,HPMEC,0-1_days,2,HPMEC,0-1_days,True,True,True,1733473,2056,1542,L,3492cb842341207cb07f9a51d817d0f979b9ab0ca28136aeebd55c23bfa66805,7f027f037f037fc37cc37cc37e637e227fa27d827f867f2677067f067f667f46
data/raw/ooc/OOC_image_dataset/train/bad/cell_type_HPMEC/0-1_days/230314_22.png,230314_22,230314,train,bad,HPMEC,0-1_days,2,HPMEC,0-1_days,True,True,True,1714697,2056,1542,L,469d0205ec3008bd27500d9613f10d48087ccedccf9b3cde432c16a5871a56af,ffe6f7c7efc6cfc6efc6ff46f9c4fec4fe86fe0eff0efe0efc0efe47fe45fe0f
data/raw/ooc/OOC_image_dataset/train/bad/cell_type_HPMEC/0-1_days/230314_25.png,230314_25,230314,train,bad,HPMEC,0-1_days,2,HPMEC,0-1_days,True,True,True,1829621,2056,1542,L,dd505e41d8c7ef6f5b510a62d9aff99ecc26741b86c4be043431ea5778aa5ffe,fe8cfd8efc8cfe08fe08fc09fe0cfe19fe19fd1bfc19fc19fc18f819f81bfc1d
data/raw/ooc/OOC_image_dataset/train/bad/cell_type_HPMEC/0-1_days/230314_28.png,230314_28,230314,train,bad,HPMEC,0-1_days,2,HPMEC,0-1_days,True,True,True,1433952,2056,1542,L,167b000a369218d1cbda264fb30ee0c335fe357e737617b8503c31176b1b588f,f007f807f8077c077c077e075e075e2753e7d1e7d1e7d0e6d0e6f0e6fb26f726
data/raw/ooc/OOC_image_dataset/train/bad/cell_type_HPMEC/0-1_days/230314_29.png,230314_29,230314,train,bad,HPMEC,0-1_days,2,HPMEC,0-1_days,True,True,True,1631801,2056,1542,L,e81a9b6f3af0162940efa19bb878a3871b19c523c8b50f46bddffd1a847baca6,d3e7f7e6f666f1e6f1e6f0c6f926f206f326f726be06bf07be07bc07bf07bf07
data/raw/ooc/OOC_image_dataset/train/bad/cell_type_HPMEC/0-1_days/230314_30.png,230314_30,230314,train,bad,HPMEC,0-1_days,2,HPMEC,0-1_days,True,True,True,1563345,2056,1542,L,42f9838871a8a06e0abbfaa33aacfbea20fca44a3495436a61aeb64cafa63b98,be06be06be07bd06be07bd87a74fa3cfa6cfa64fa66ff26ff06ff84fbe0fbe0f
data/raw/ooc/OOC_image_dataset/train/bad/cell_type_HPMEC/0-1_days/230314_31.png,230314_31,230314,train,bad,HPMEC,0-1_days,2,HPMEC,0-1_days,True,True,True,1619465,2056,1542,L,f8255f3cda31b7332c39d2de64877bb74fbf09d997b535d538b98839de3ae93c,b58fb90fba0dbe0dbe0fbc0fbc0fbc0fbe0fae0fbe0fbc3fbc1db91cb98cbd8d
data/raw/ooc/OOC_image_dataset/train/bad/cell_type_HPMEC/0-1_days/230314_32.png,230314_32,230314,train,bad,HPMEC,0-1_days,2,HPMEC,0-1_days,True,True,True,1710888,2056,1542,L,c668abebf6ff86f235cfdb20500d6b8f4e72de02d9499a089acc7e853dc24e94,be0dbc0dbe0dbe0dbe0dbe0dbe4cbe4cbe48aec8b788afd8afd8afd8afd88ed8
data/raw/ooc/OOC_image_dataset/train/bad/cell_type_HPMEC/0-1_days/230314_33.png,230314_33,230314,train,bad,HPMEC,0-1_days,2,HPMEC,0-1_days,True,True,True,1694291,2056,1542,L,45a9ee7fcf43c9d6f6237d2e0303cdbea8ac6c9e41cde5761ff63e60dd1f0f9d,be58be58bf98bf98afd88fd987d907d903d803d821d82198229821da01db00fb
data/raw/ooc/OOC_image_dataset/train/bad/cell_type_HPMEC/0-1_days/230314_34.png,230314_34,230314,train,bad,HPMEC,0-1_days,2,HPMEC,0-1_days,True,True,True,1501164,2056,1542,L,f1427f1fde86e0549c9afad3d8606446cae264f2b7d175478f8a3936e8e5826b,00d8007c0e1c1e1f1e0f3f0f3d073e071f071fa71fb747374337403e40be60bd
data/raw/ooc/OOC_image_dataset/train/bad/cell_type_HPMEC/0-1_days/230314_35.png,230314_35,230314,train,bad,HPMEC,0-1_days,2,HPMEC,0-1_days,True,True,True,1638162,2056,1542,L,57de15df15526bb2032a99e91638670fdd71a0684a40cb92393ed8aabc6549c5,60bb61bb44bb4733333621b661b761b321bb3139573d4f3d63be473f4f3e4f3e
data/raw/ooc/OOC_image_dataset/train/bad/cell_type_HPMEC/0-1_days/230314_8.png,230314_8,230314,train,bad,HPMEC,0-1_days,2,HPMEC,0-1_days,True,True,True,2168440,2056,1542,L,8898946af3df5468d3d52d43f6b152348b621789fa19c74d1adaffb6af34a8b6,630c638c64cc6ccc6ccc64cd638d7308730a79987b9c739c73d8691878986c18
data/raw/ooc/OOC_image_dataset/train/bad/cell_type_HPMEC/0-1_days/230314_9.png,230314_9,230314,train,bad,HPMEC,0-1_days,2,HPMEC,0-1_days,True,True,True,1899977,2056,1542,L,7a4f40d5d33249751c7a4b3006b9f7cece41c594e72281129407c310048a2342,9d8c9c8d9bc1194139633a6339c33a833d833dc37b037d0b7d4b7f0b7b0b7d43
data/raw/ooc/OOC_image_dataset/train/bad/cell_type_HPMEC/0-1_days/230523_10.png,230523_10,230523,train,bad,HPMEC,0-1_days,2,HPMEC,0-1_days,True,True,True,1436284,2056,1542,L,110b3970ef1cf199f63e30390402de26a70b3ceba29d7b3c0455fe8ad59814ec,c78ec70ec706c706c702e700c6b0c7d2039a0280850002000000000000000100
data/raw/ooc/OOC_image_dataset/train/bad/cell_type_HPMEC/0-1_days/230523_101.png,230523_101,230523,train,bad,HPMEC,0-1_days,2,HPMEC,0-1_days,True,True,True,1723232,2056,1542,L,4ee569967e0a951bc37ac49e35db69b9b8b71dc36c5ddbbbbb7409505cf6345a,8cc78e878e470e670c670d670d478f478f478f438d438e478cc78ec78e078d07
data/raw/ooc/OOC_image_dataset/train/bad/cell_type_HPMEC/0-1_days/230523_102.png,230523_102,230523,train,bad,HPMEC,0-1_days,2,HPMEC,0-1_days,True,True,True,1724024,2056,1542,L,a1cf8026fbc30be6a5565d7c73844d5074ae7b57bb80c2cb3f6630406eabc6f5,cdc74dc70d838da38d638c438cc30ce38d638d038d639c639ce39ec39ae39b42
data/raw/ooc/OOC_image_dataset/train/bad/cell_type_HPMEC/0-1_days/230523_103.png,230523_103,230523,train,bad,HPMEC,0-1_days,2,HPMEC,0-1_days,True,True,True,1920702,2056,1542,L,b94c79c108e1c100567d37d1d439f609138d32a29a474a29f8a2ee4997f926da,0e8f8f8f8f8f0f0f8f8f8f8f0e8f0f8f0e8f0e8f078f0e8f0e8f8e8f8f0f8f8f
data/raw/ooc/OOC_image_dataset/train/bad/cell_type_HPMEC/0-1_days/230523_104.png,230523_104,230523,train,bad,HPMEC,0-1_days,2,HPMEC,0-1_days,True,True,True,1945335,2056,1542,L,1a59080a091645298ec596d8e5dca785cd36586d4b93b6da293a18f5eaaa2248,870f860f860f860f86078617861786178607860f8607860f870f060f869f861f
data/raw/ooc/OOC_image_dataset/train/bad/cell_type_HPMEC/0-1_days/230523_105.png,230523_105,230523,train,bad,HPMEC,0-1_days,2,HPMEC,0-1_days,True,True,True,1836633,2056,1542,L,685a0922a1e12084a80e8145e41441b81f9cb5b5876c7e6a0c4836150bcefd77,860f860f860f068f068f860f868f869f061f069f869f869f069f069f069f869f
data/raw/ooc/OOC_image_dataset/train/bad/cell_type_HPMEC/0-1_days/230523_106.png,230523_106,230523,train,bad,HPMEC,0-1_days,2,HPMEC,0-1_days,True,True,True,1723222,2056,1542,L,eb43f5101cccca69884a91cf2da0a2ca5e6b05e0fb51e4bae0d2a9f7c4fa99c6,878f879f869f069f861f861f069f869f869f879f0f9e0f9f071f071f871e879e
data/raw/ooc/OOC_image_dataset/train/bad/cell_type_HPMEC/0-1_days/230523_108.png,230523_108,230523,train,bad,HPMEC,0-1_days,2,HPMEC,0-1_days,True,True,True,1781125,2056,1542,L,24759b8ac576e2ac046a9ab6a811e80c6a4943db0cd11660a6d105a06d22cd26,468e468f468f468f460f069f868f860f860f860f860f868f068f868f868f8e8f
data/raw/ooc/OOC_image_dataset/train/bad/cell_type_HPMEC/0-1_days/230523_109.png,230523_109,230523,train,bad,HPMEC,0-1_days,2,HPMEC,0-1_days,True,True,True,1744268,2056,1542,L,cb78e053e0451d774591e06bad26958c7c90a9c7f3fd1bcdc1ff57f162601936,868f8e8f8ecf0ccf0ccf0f8f8d8f0d8f8f8f8f8f0f0e0f8f0f0f8f4f0f0f8f0f
data/raw/ooc/OOC_image_dataset/train/bad/cell_type_HPMEC/0-1_days/230523_111.png,230523_111,230523,train,bad,HPMEC,0-1_days,2,HPMEC,0-1_days,True,True,True,1351782,2056,1542,L,c29c66606f71ccd9f9837849d13263783592645257a995383291f4440a4824f5,0e4f0e4f0fcf0fcf0dcf0dc70dc70dc70dc7ccc78cc78ca78cc78cc78ce78c67
data/raw/ooc/OOC_image_dataset/train/bad/cell_type_HPMEC/0-1_days/230523_12.png,230523_12,230523,train,bad,HPMEC,0-1_days,2,HPMEC,0-1_days,True,True,True,2134863,2056,1542,L,513b161719e2190b5827e5f2f5e4e9b9a3ca19aa7204b67bb6c7a20d9d5866bb,ca66cec6c2068346e306e3068e36c306c306c236c636ee14e614e734c794c614
data/raw/ooc/OOC_image_dataset/train/bad/cell_type_HPMEC/0-1_days/230523_14.png,230523_14,230523,train,bad,HPMEC,0-1_days,2,HPMEC,0-1_days,True,True,True,2101613,2056,1542,L,824c8761f15ac032a7f71ad674963c5f49a22ed64ae243418f37453465663041,6f96678463c462c666c4664436643e64363436343604364436643624362426a6
data/raw/ooc/OOC_image_dataset/train/bad/cell_type_HPMEC/0-1_days/230523_18.png,230523_18,230523,train,bad,HPMEC,0-1_days,2,HPMEC,0-1_days,True,True,True,1218426,2056,1542,L,9d5a5dcb9f6209b946cff5753c9a153a07b15c2a6d521db4ce7799d1f6234822,8204020483080224020000000100020404000214173417248764c6c4c646c7b6
data/raw/ooc/OOC_image_dataset/train/bad/cell_type_HPMEC/0-1_days/230523_19.png,230523_19,230523,train,bad,HPMEC,0-1_days,2,HPMEC,0-1_days,True,True,True,1482570,2056,1542,L,efe85e924a9f3a3e43ae78e429dfedacd2dd4116620f94ac02527c14f86a0eb8,c606c7b4c714c614c624c624c624160656343304020004000044000000000000
data/raw/ooc/OOC_image_dataset/train/bad/cell_type_HPMEC/0-1_days/230523_20.png,230523_20,230523,train,bad,HPMEC,0-1_days,2,HPMEC,0-1_days,True,True,True,1322016,2056,1542,L,1cbb15dc8419bcddb9e39ddbf2fd4a46a239ee7ddd28baac5bc25b79c4d38303,13080208020802080208120812001640726836689668866887c897ca978a978a
data/raw/ooc/OOC_image_dataset/train/bad/cell_type_HPMEC/0-1_days/230523_23.png,230523_23,230523,train,bad,HPMEC,0-1_days,2,HPMEC,0-1_days,True,True,True,2130896,2056,1542,L,c3d01782047b48f5376d1c02f0c21a6ea04028fff6c2f9ea5b58f490e5d77841,b61cb6c8365c36483698b61c375c35d83758375834dc365c36183658b55c3598
data/raw/ooc/OOC_image_dataset/train/bad/cell_type_HPMEC/0-1_days/230523_24.png,230523_24,230523,train,bad,HPMEC,0-1_days,2,HPMEC,0-1_days,True,True,True,1507645,2056,1542,L,c2e94b84f49a0358ef33fe2f3348693a029454d073faa170ef1f16b663560b87,b59cb51cb6dc36dcb758b518351837183718361037103652b653b61336133712
data/raw/ooc/OOC_image_dataset/train/bad/cell_type_HPMEC/0-1_days/230523_25.png,230523_25,230523,train,bad,HPMEC,0-1_days,2,HPMEC,0-1_days,True,True,True,2088485,2056,1542,L,644a076d33a661a680ea4c31715a0c5ed6700055d1521d7bf84989ff10ce062e,b59cb75cb6dc375cb558b518371837183718361037123652b653b61336133792
data/raw/ooc/OOC_image_dataset/train/bad/cell_type_HPMEC/0-1_days/230523_26.png,230523_26,230523,train,bad,HPMEC,0-1_days,2,HPMEC,0-1_days,True,True,True,2122279,2056,1542,L,4084614b38f16529fd4d443572b6669e4cf3525d9c9f5de1dc25b82aef1ad342,369237923691b691b791369836d837d837d83658375837d837d836d836983598
data/raw/ooc/OOC_image_dataset/train/bad/cell_type_HPMEC/0-1_days/230523_27.png,230523_27,230523,train,bad,HPMEC,0-1_days,2,HPMEC,0-1_days,True,True,True,1997349,2056,1542,L,c8f084ec7eaa54640dfa074f8584d79c310c028dbe15b16b61ec0ca4541411c0,b6d8b658b658b658b619b799b6919691161114913615375725532553a5933411
data/raw/ooc/OOC_image_dataset/train/bad/cell_type_HPMEC/0-1_days/230523_28.png,230523_28,230523,train,bad,HPMEC,0-1_days,2,HPMEC,0-1_days,True,True,True,1132164,2056,1542,L,070658f43e1d7c8b6ce43d5f8c5003b4b223da7a8441b8e14a15c13121336f93,3611160096100400020000000000010014001601375937193718259824592759
data/raw/ooc/OOC_image_dataset/train/bad/cell_type_HPMEC/0-1_days/230523_30.png,230523_30,230523,train,bad,HPMEC,0-1_days,2,HPMEC,0-1_days,True,True,True,1913183,2056,1542,L,946c14ba0258914acb3f90a16d32ae7b3d272922b9fd45d399cbd3ca9eb761a4,75d07590659867986718673867b067986798659c65bc65386730673066b067b0
data/raw/ooc/OOC_image_dataset/train/bad/cell_type_HPMEC/0-1_days/230523_31.png,230523_31,230523,train,bad,HPMEC,0-1_days,2,HPMEC,0-1_days,True,True,True,2041829,2056,1542,L,6faa2270d877f629e96a8824cf66b6244e962e162acebb91bd34b0d0a8084b80,65b047b406b407bc07b826b866b466b4e6b0e730e534e5b1e5b9e739e631e639
data/raw/ooc/OOC_image_dataset/train/bad/cell_type_HPMEC/0-1_days/230523_32.png,230523_32,230523,train,bad,HPMEC,0-1_days,2,HPMEC,0-1_days,True,True,True,2110399,2056,1542,L,26db4ddf3705f360eaa8b4216678c52663da1deadb837f1172e19d7ea82367d7,e531e731e639e639e6b9e6b9e6b96e3966b974b164b964396431643965b9e5b9
data/raw/ooc/OOC_image_dataset/train/bad/cell_type_HPMEC/0-1_days/230523_33.png,230523_33,230523,train,bad,HPMEC,0-1_days,2,HPMEC,0-1_days,True,True,True,2058577,2056,1542,L,060a6cde7227bca85091cf8a988923daa854bd436e0b6cc164d4512ed6a52031,64b96539e479e679e431ed39ed39ed31e639e539cf33ef31ef39ef39ed31ed31
data/raw/ooc/OOC_image_dataset/train/bad/cell_type_HPMEC/0-1_days/230523_34.png,230523_34,230523,train,bad,HPMEC,0-1_days,2,HPMEC,0-1_days,True,True,True,2087857,2056,1542,L,0ba09b2b349bec3b115745da4aa06e5ff114382695ffc4f992df7fd8f3d73b8e,6e31e731e731e7b1edb1e5b9e4b9ecb3ee31ecb1ecb1ecb9ecb1ee31ec39e629
data/raw/ooc/OOC_image_dataset/train/bad/cell_type_HPMEC/0-1_days/230523_37.png,230523_37,230523,train,bad,HPMEC,0-1_days,2,HPMEC,0-1_days,True,True,True,1326472,2056,1542,L,a2038f7b3c96610d45388d2f6bbd8a4aeec41c435b15df22f0722a45654233fa,6633672367236733ed23e507e523e53365b245a2022200100409000000200220
data/raw/ooc/OOC_image_dataset/train/bad/cell_type_HPMEC/0-1_days/230523_41.png,230523_41,230523,train,bad,HPMEC,0-1_days,2,HPMEC,0-1_days,True,True,True,1868545,2056,1542,L,2bac4e5eb0f0d2cef901c6a0d988af8f121d3e1d0d252bb6025a2c85be5e70d3,cf81cdc1cfc1cf49ce418e618e618f618f418e618e218ec10dc1cfc18f818fa3
data/raw/ooc/OOC_image_dataset/train/bad/cell_type_HPMEC/0-1_days/230523_42.png,230523_42,230523,train,bad,HPMEC,0-1_days,2,HPMEC,0-1_days,True,True,True,1871903,2056,1542,L,37f5bace7c4f070e0452cd57c0dbc486a51c5c38997d21df0cfc864bd344a4c1,8ee18ec18f018e918e118fa18fa18f218f218f811f419d819fc19d819da19f81
data/raw/ooc/OOC_image_dataset/train/bad/cell_type_HPMEC/0-1_days/230523_45.png,230523_45,230523,train,bad,HPMEC,0-1_days,2,HPMEC,0-1_days,True,True,True,866960,2056,1542,L,e6926ad4d73fcaeb3f3444c482ee99d3822f60e3c9d93d8f2b5884fd4a59edb4,0ee10cf38cd38fc38e418e418f418f818f619e639f419ec19e419e419f019f81
data/raw/ooc/OOC_image_dataset/train/bad/cell_type_HPMEC/0-1_days/230523_6.png,230523_6,230523,train,bad,HPMEC,0-1_days,2,HPMEC,0-1_days,True,True,True,2226227,2056,1542,L,f6b8fbc3bf4e49bc75595c8cb9e197181af229f1c2fa029f1a096acd0ac38b6e,c642c64ac60ac632c782c7c2c74ac65ac6d8c6d0c660c610e780c702c742e740
data/raw/ooc/OOC_image_dataset/train/bad/cell_type_HPMEC/0-1_days/230523_60.png,230523_60,230523,train,bad,HPMEC,0-1_days,2,HPMEC,0-1_days,True,True,True,1832142,2056,1542,L,c4444d826c0549c3fe0a5437d11b80db3802c04d0e11e94bab5a7acb44dd0f35,f60efc0efc0efa8e7ece760c7d0c790e730e770e790e7c0e7e0e7e0e768c7e0f
data/raw/ooc/OOC_image_dataset/train/bad/cell_type_HPMEC/0-1_days/230523_7.png,230523_7,230523,train,bad,HPMEC,0-1_days,2,HPMEC,0-1_days,True,True,True,2218987,2056,1542,L,5c6db7b630cf7173d84313bf8c586ce852b07ffc9428e938154c5139adaee647,e662e710e700c640c670c6b0e611c611c701a701c703c78396438642c692c602
data/raw/ooc/OOC_image_dataset/train/bad/cell_type_HPMEC/0-1_days/230523_71.png,230523_71,230523,train,bad,HPMEC,0-1_days,2,HPMEC,0-1_days,True,True,True,1809340,2056,1542,L,3ee51df02743c9ff6cb1b6c5ac961e342f02cf3a1bde1042cee38be2bf2ba9ee,e886e9c6f1c6e0c6e0c6e0c6f0c6f0c6f8c6f846ee06ff06f8c6f0c6f8c6f8c6
data/raw/ooc/OOC_image_dataset/train/bad/cell_type_HPMEC/0-1_days/230523_79.png,230523_79,230523,train,bad,HPMEC,0-1_days,2,HPMEC,0-1_days,True,True,True,1786571,2056,1542,L,fc935aba3eb8912858ee58c6acb9ffa59d10adc9baa520876c0b6c5ce96bc825,c9c3cf83cb878b8787878f478f870f87ccc7cce7cce7ccc78cc78cc78ce7cdc7
data/raw/ooc/OOC_image_dataset/train/bad/cell_type_HPMEC/0-1_days/230523_81.png,230523_81,230523,train,bad,HPMEC,0-1_days,2,HPMEC,0-1_days,True,True,True,1412393,2056,1542,L,1516df51b5c0a014fcec01122d82098e39a277aa176eb3d0938fc61fffde15ca,cce3cde34fa34de3cdc38fc38fc1cfa1cf214e714cb1cd91c9c9c909c909cdc9
data/raw/ooc/OOC_image_dataset/train/bad/cell_type_HPMEC/0-1_days/230523_89.png,230523_89,230523,train,bad,HPMEC,0-1_days,2,HPMEC,0-1_days,True,True,True,1665054,2056,1542,L,3c341b987548c1c8bcd8f3318304fc8438425a45990f53fd812886e0d902c341,8743c783c68346c7c6c7c6c7c6c7c7c707634723472307030703070787478643
data/raw/ooc/OOC_image_dataset/train/bad/cell_type_HPMEC/0-1_days/230523_9.png,230523_9,230523,train,bad,HPMEC,0-1_days,2,HPMEC,0-1_days,True,True,True,1211551,2056,1542,L,b13a3abea3bf45cb50be3db5c47d756f1a681e0c3a9d6aaf742eea87768ebb0d,87404600820022000100000000008200040006020682a782e70ec70ec70ec70e
data/raw/ooc/OOC_image_dataset/train/bad/cell_type_HPMEC/0-1_days/230523_90.png,230523_90,230523,train,bad,HPMEC,0-1_days,2,HPMEC,0-1_days,True,True,True,1559400,2056,1542,L,be36777f9d20637a8da2447ebb435cc80889a96939858c2fd1ed90317845b6f1,866386438643864787070707072307230e234fa34f834fc34ec74e67ce07ce87
data/raw/ooc/OOC_image_dataset/train/bad/cell_type_HPMEC/0-1_days/230523_91.png,230523_91,230523,train,bad,HPMEC,0-1_days,2,HPMEC,0-1_days,True,True,True,1697675,2056,1542,L,3f9ba588458f02fbb4e8b21589d90d100b840b79510f0a55125b4b50f462739c,4605462546254f254f25cf67cf434ea30ea30f330e534e33ce238e438e638e63
data/raw/ooc/OOC_image_dataset/train/bad/cell_type_HPMEC/0-1_days/230523_93.png,230523_93,230523,train,bad,HPMEC,0-1_days,2,HPMEC,0-1_days,True,True,True,1780622,2056,1542,L,a4182f6830b239be4e0a088d9a71154ae710a486e8da9b1790fc7df227b6335d,ce83ce83cf834e47ce87cf478e470f070ec78f478f878f878d878fc70f478f07
data/raw/ooc/OOC_image_dataset/train/bad/cell_type_HPMEC/0-1_days/230523_94.png,230523_94,230523,train,bad,HPMEC,0-1_days,2,HPMEC,0-1_days,True,True,True,1359721,2056,1542,L,dc7442a1882ed2e4c77fee8fdb8243f6428326743394cd8d1d64b20d50c8395c,8d878fc78fc70f878fc78ec78e478e070f078e970e970e978e878e878e878ec7
data/raw/ooc/OOC_image_dataset/train/bad/cell_type_HPMEC/0-1_days/230523_95.png,230523_95,230523,train,bad,HPMEC,0-1_days,2,HPMEC,0-1_days,True,True,True,1717747,2056,1542,L,6b7f568b00e79f48215a1078d7adf8bf39d7d9b491630909dc5b0bade492f20d,8f47cfc78e078e878f870f970e978e978e870e87ce878e474e4f0e4f0ecf8f87
data/raw/ooc/OOC_image_dataset/train/bad/cell_type_HPMEC/0-1_days/230523_97.png,230523_97,230523,train,bad,HPMEC,0-1_days,2,HPMEC,0-1_days,True,True,True,1691104,2056,1542,L,e509485828c015d0e96e3eeee1d6efe6971fed8e5f5444d9c3b5ac224cbb774c,c787878f4dabcc6f4e4fce0fce8fcecf8f87cfc78f8f8f8fce8fce0f8e0f8e0f
data/raw/ooc/OOC_image_dataset/train/bad/cell_type_HPMEC/0-1_days/230523_98.png,230523_98,230523,train,bad,HPMEC,0-1_days,2,HPMEC,0-1_days,True,True,True,1711626,2056,1542,L,77611f5fc699cb566e6264e7c0ee2ef47e6db1ad778dccbb1bc4df25fe581f05,8e478e47cf478f878f87ce87cec7cec7cf87cf87cf07cf07cf47cf07cf8fcf8f
data/raw/ooc/OOC_image_dataset/train/bad/cell_type_HPMEC/2-3_days/230315_1.png,230315_1,230315,train,bad,HPMEC,2-3_days,2,HPMEC,2-3_days,True,True,True,2116168,2056,1542,L,fdd5a992e9c425a19e3406f0df60247d12dc8625a2cef012831d89ea193a1a1f,df439fc39d831fc31f935fc31e435e439f03cf434e73ce638c73c83b889b998f
data/raw/ooc/OOC_image_dataset/train/bad/cell_type_HPMEC/2-3_days/230315_19.png,230315_19,230315,train,bad,HPMEC,2-3_days,2,HPMEC,2-3_days,True,True,True,1971242,2056,1542,L,6f04fa40973739c87692660ab57ececd56c158837dd2591731bf55b5adb133ea,c70a864e8e46ce18cc314c319d149d0c1e881d801e901fd09f889fe89fe09dc4
data/raw/ooc/OOC_image_dataset/train/bad/cell_type_HPMEC/2-3_days/230315_24.png,230315_24,230315,train,bad,HPMEC,2-3_days,2,HPMEC,2-3_days,True,True,True,2057392,2056,1542,L,0cda797eaf8dce4f639f1e19b2a18ca04312646c9f84bcff760d28e2f722fa7b,bf093e413e493e6d3e653f433f833d833f933f933f933f933b833b833f033f03
data/raw/ooc/OOC_image_dataset/train/bad/cell_type_HPMEC/2-3_days/230315_25.png,230315_25,230315,train,bad,HPMEC,2-3_days,2,HPMEC,2-3_days,True,True,True,2061705,2056,1542,L,21649b46b9f5eefc95795b58e26859bcfaa002ca1b30f3ebac7490e5e8494ada,3e033ec33f833f833f833f833d833f833f833e833f033f033f233f933f933f03
data/raw/ooc/OOC_image_dataset/train/bad/cell_type_HPMEC/2-3_days/230315_27.png,230315_27,230315,train,bad,HPMEC,2-3_days,2,HPMEC,2-3_days,True,True,True,1929653,2056,1542,L,2b6b3f6f27c47be06cff5ad12096cb9a15b484d07040cfd6e3f5f7c93274ce85,6f066e066d266f066f066f066f066f066ca66c6668e669e669e669c668a66ba6
data/raw/ooc/OOC_image_dataset/train/bad/cell_type_HPMEC/2-3_days/230315_28.png,230315_28,230315,train,bad,HPMEC,2-3_days,2,HPMEC,2-3_days,True,True,True,1901955,2056,1542,L,70b8e20d318f787a3c88ae58c927d04bf7c20d5dafbe2867328862fd9fc78b71,6c676c076c166d166d0669066b266b066f066f066b166f176f166f066c866e86
data/raw/ooc/OOC_image_dataset/train/bad/cell_type_HPMEC/2-3_days/230315_30.png,230315_30,230315,train,bad,HPMEC,2-3_days,2,HPMEC,2-3_days,True,True,True,1895474,2056,1542,L,38ec9294c727a5f9fb87767be900ceac251b2b95a53afcae1bfc17a6e9cf0aac,2ec32fc33f832f8b271b2b132db32ce328c328f3233327932593659b659b6593
data/raw/ooc/OOC_image_dataset/train/bad/cell_type_HPMEC/2-3_days/230315_31.png,230315_31,230315,train,bad,HPMEC,2-3_days,2,HPMEC,2-3_days,True,True,True,1965927,2056,1542,L,9eb8350ed37697c76692b9791973d3ef57975deb7591ecb09be9a0e352cd263d,378137c1378137813d9334c337c33f8b2f932f232e632cc32d832fc32ea32c83
data/raw/ooc/OOC_image_dataset/train/bad/cell_type_HPMEC/2-3_days/230315_32.png,230315_32,230315,train,bad,HPMEC,2-3_days,2,HPMEC,2-3_days,True,True,True,1908986,2056,1542,L,4b2ab2acfe006250238fea777029567e1b60479bd99b49a94cb60576d24fc8cf,3f313f813f812fc129e129f129b13d993c9938593e313f613dc13dc93fc135a1
data/raw/ooc/OOC_image_dataset/train/bad/cell_type_HPMEC/2-3_days/230315_34.png,230315_34,230315,train,bad,HPMEC,2-3_days,2,HPMEC,2-3_days,True,True,True,1887575,2056,1542,L,fc9ad7d9729e83ced618d5103ad10a603bbc36864017fda05591850bd23a2903,96c997219729950194a1159195b195a11709368134a13ec13dc13d913dc13dc1
data/raw/ooc/OOC_image_dataset/train/bad/cell_type_HPMEC/2-3_days/230315_35.png,230315_35,230315,train,bad,HPMEC,2-3_days,2,HPMEC,2-3_days,True,True,True,1909263,2056,1542,L,c848a6cc380bcdf97423ac6175c1c763be4458d698a371c0d1d05949aabaf776,870acedace40cf25cde18d699c519c199c199e5996091611160197c196e19661
data/raw/ooc/OOC_image_dataset/train/bad/cell_type_HPMEC/2-3_days/230315_36.png,230315_36,230315,train,bad,HPMEC,2-3_days,2,HPMEC,2-3_days,True,True,True,2260331,2056,1542,L,7190dc02753feb555b2704cd8e2b8d59ba925ad25fc6ace8fae85c8fe7b089fb,8f868f868f868fc60fc68dc689e68ce60d720e428e338e938e438f038e038e83
data/raw/ooc/OOC_image_dataset/train/bad/cell_type_HPMEC/2-3_days/230315_40.png,230315_40,230315,train,bad,HPMEC,2-3_days,2,HPMEC,2-3_days,True,True,True,2229041,2056,1542,L,a479c2d0317c20bb211b3e0122aea69f16d26503333337648b11d33c51416390,9b869d869b4699669ca69c2699e696e6b66694269c269c269c369e969c169c16
data/raw/ooc/OOC_image_dataset/train/bad/cell_type_HPMEC/2-3_days/230315_57.png,230315_57,230315,train,bad,HPMEC,2-3_days,2,HPMEC,2-3_days,True,True,True,1638122,2056,1542,L,c1180829a21aa771ed23e92c48f2af7033ed7c410e5fce8dc7162b2bdb2a5177,b239c839c8399839b132b3329b39db39b739d63cdc34d636d234d736d632ce36
data/raw/ooc/OOC_image_dataset/train/bad/cell_type_HPMEC/2-3_days/230315_58.png,230315_58,230315,train,bad,HPMEC,2-3_days,2,HPMEC,2-3_days,True,True,True,1600436,2056,1542,L,b9411fe0dd4d9dcab9eaa66438e53bea472732c1d86bba0b83e1328b679c5c8d,f631f636b53aed33f53b9b3ae9382c38bd379937b938ff38e538653dd43d943c
data/raw/ooc/OOC_image_dataset/train/bad/cell_type_HPMEC/2-3_days/230315_59.png,230315_59,230315,train,bad,HPMEC,2-3_days,2,HPMEC,2-3_days,True,True,True,1617924,2056,1542,L,5de9cee65e30516310f5d7aa1e5ecf985f8d5c352074cf87abc5f3592ba52f62,da34d33ad832f232f13bd33bc633e43af539b132b132d934fc3cbc34b436fc36
data/raw/ooc/OOC_image_dataset/train/bad/cell_type_HPMEC/2-3_days/230315_61.png,230315_61,230315,train,bad,HPMEC,2-3_days,2,HPMEC,2-3_days,True,True,True,1603026,2056,1542,L,4f0a07a0c11d2235616f8dfa89e4dbc7915f960ba243307a3e924ae9a234048c,f9304c38df3a933ab2381238b23ed23cda3c0636303130309a3ad83b7c317a30
data/raw/ooc/OOC_image_dataset/train/bad/cell_type_HPMEC/2-3_days/230315_62.png,230315_62,230315,train,bad,HPMEC,2-3_days,2,HPMEC,2-3_days,True,True,True,1606414,2056,1542,L,1ff939cfdd28484e3788f4f9d2396853d901b0488aa3c9b0843986f341be629a,f4326c323c363434e63cee35ee30c634de34cd34c837cc36f236f430b630e630
data/raw/ooc/OOC_image_dataset/train/bad/cell_type_HPMEC/2-3_days/230315_63.png,230315_63,230315,train,bad,HPMEC,2-3_days,2,HPMEC,2-3_days,True,True,True,1607627,2056,1542,L,b9fd629f79a7843125b3ba43a5671d6a071a49399211835761b6383661cd99ad,d232c23ed234d832903292333433a23126343834cc31c831f032a031ec39dc39
data/raw/ooc/OOC_image_dataset/train/bad/cell_type_HPMEC/2-3_days/230315_73.png,230315_73,230315,train,bad,HPMEC,2-3_days,2,HPMEC,2-3_days,True,True,True,1789390,2056,1542,L,36ccf13152b8e9a73f01086d596fc70163e53276ae7eeba2cdaa6bba7416b62d,cf83cdc7cdc7cda7cc279e079c079dc699679627963696179697961697569697
data/raw/ooc/OOC_image_dataset/train/bad/cell_type_HPMEC/2-3_days/230315_74.png,230315_74,230315,train,bad,HPMEC,2-3_days,2,HPMEC,2-3_days,True,True,True,1749580,2056,1542,L,efba3183ec66509cf9570addac5980085c920ee4ed835bbe06dc6a96bd6c27e8,d712d6139613969396129633922390e39dc292c2964396631662966291c29cc3
data/raw/ooc/OOC_image_dataset/train/bad/cell_type_HPMEC/2-3_days/230315_76.png,230315_76,230315,train,bad,HPMEC,2-3_days,2,HPMEC,2-3_days,True,True,True,1780098,2056,1542,L,f8665c534f45fb4e8e218ebdbe53b47b6640717a5eb9ffe724f2cf16f700a727,3483b603b643b7433703368334c3360336033e0336433643348334c334223022
data/raw/ooc/OOC_image_dataset/train/bad/cell_type_HPMEC/2-3_days/230315_78.png,230315_78,230315,train,bad,HPMEC,2-3_days,2,HPMEC,2-3_days,True,True,True,1836717,2056,1542,L,465270cedf284e5fade57310b61779cd35689cd551dbd58f0b8dd2caca784ab0,be033603b603b70337033d033e033e033e033f03364336433f033d833e033c03
data/raw/ooc/OOC_image_dataset/train/bad/cell_type_HPMEC/2-3_days/230315_79.png,230315_79,230315,train,bad,HPMEC,2-3_days,2,HPMEC,2-3_days,True,True,True,1804301,2056,1542,L,6a0dc7360d21bc9840da2e55bea5cc2a2fa196db4138dfb71ed7aa8d5036384a,b6833f033443360337033e033f033f0333833383348339833d033c133e033d83
data/raw/ooc/OOC_image_dataset/train/bad/cell_type_HPMEC/2-3_days/230315_81.png,230315_81,230315,train,bad,HPMEC,2-3_days,2,HPMEC,2-3_days,True,True,True,1786113,2056,1542,L,72b7caa57ed8364a45b68492ed04e69f9b22c011c85b5716b786653691521468,b703b613b6c33fc33f633e03bf133f23bf03bd83be03be23bcc33c8334a33623
data/raw/ooc/OOC_image_dataset/train/bad/cell_type_HPMEC/2-3_days/230315_93.png,230315_93,230315,train,bad,HPMEC,2-3_days,2,HPMEC,2-3_days,True,True,True,1949423,2056,1542,L,9a424ccead71f0627d320f664191a4f807afeef39542ae51e34ccd9c5272909e,e032c933c136c936c93bd93bd839d031f134a6349e32ee30ec31d835f230e438
data/raw/ooc/OOC_image_dataset/train/bad/cell_type_HPMEC/2-3_days/230419_1.png,230419_1,230419,train,bad,HPMEC,2-3_days,2,HPMEC,2-3_days,True,True,True,1956806,2056,1542,L,4312f5cc645de1799d3b033bd6703a54db0701139f101cc3363b0b2a8eac7e22,34c3388338a33f033f033f033f033b13370337033f233f233f033f033a433b63
data/raw/ooc/OOC_image_dataset/train/bad/cell_type_HPMEC/2-3_days/230419_10.png,230419_10,230419,train,bad,HPMEC,2-3_days,2,HPMEC,2-3_days,True,True,True,2033158,2056,1542,L,2d7216879d59c0d7519acd9c1ae4de65ef71aa1229aef682134e7c04b9b9b7dc,37433ac338c739863d473f167fc67b067b177a26772777867f267f067f067e06
data/raw/ooc/OOC_image_dataset/train/bad/cell_type_HPMEC/2-3_days/230419_11.png,230419_11,230419,train,bad,HPMEC,2-3_days,2,HPMEC,2-3_days,True,True,True,2093859,2056,1542,L,6299c77986924ebb3b2bc2664cfa49dc1d673ffcbafcb60cc769fb20a4d79fbb,7e067e867e067d2679267b877d867cc67e067b867b267e467d467f067b067b07
data/raw/ooc/OOC_image_dataset/train/bad/cell_type_HPMEC/2-3_days/230419_12.png,230419_12,230419,train,bad,HPMEC,2-3_days,2,HPMEC,2-3_days,True,True,True,2055523,2056,1542,L,13801d381a6c8c27cdc5cd30a5e6e64d2193cc583e4c27c9ae084d580f8c501c,7207720677867e86760676067206726776467646766676667a6776677c447c06
data/raw/ooc/OOC_image_dataset/train/bad/cell_type_HPMEC/2-3_days/230419_14.png,230419_14,230419,train,bad,HPMEC,2-3_days,2,HPMEC,2-3_days,True,True,True,2023392,2056,1542,L,801d164228fe00bde78e21cafdccf32968e987a94b3f49c9d91e92ee2786542f,6a8c698c748c772c7dae74ac7d8c7f8c7ecf7c8c764c7cce7acc704c714c790d
data/raw/ooc/OOC_image_dataset/train/bad/cell_type_HPMEC/2-3_days/230419_17.png,230419_17,230419,train,bad,HPMEC,2-3_days,2,HPMEC,2-3_days,True,True,True,2092536,2056,1542,L,af23ae4bf33cd8326a445ef7a2346a4ad697ef1a2032a14dec2efdbf7d6ff3cd,729d629d739d739c719c759c759c799c6b9e679e659b6e1b689d7f1c751c793c
data/raw/ooc/OOC_image_dataset/train/bad/cell_type_HPMEC/2-3_days/230419_18.png,230419_18,230419,train,bad,HPMEC,2-3_days,2,HPMEC,2-3_days,True,True,True,1987400,2056,1542,L,74daab789f06a7bc4dfff9d6721dea7feba293282a4fbdeed8889170d57fb46f,671c731c733c733c763c663c673c633d6e3c633d6b3d6e3d4e79077e737e737c
data/raw/ooc/OOC_image_dataset/train/bad/cell_type_HPMEC/2-3_days/230419_2.png,230419_2,230419,train,bad,HPMEC,2-3_days,2,HPMEC,2-3_days,True,True,True,1946425,2056,1542,L,8e651522ceac04f2be628a871ab0450c5a99552b1b95ee93d252a9c3f79f2ff2,3a233a833f833f033f033f033e133e133c5339933f033f233ea33ce33d633ce3
data/raw/ooc/OOC_image_dataset/train/bad/cell_type_HPMEC/2-3_days/230419_20.png,230419_20,230419,train,bad,HPMEC,2-3_days,2,HPMEC,2-3_days,True,True,True,1844559,2056,1542,L,ddb82f21a05bd76a4e3c626d6cf19cd30a74af43f0bddb2e5a406999dbbbe2e4,668653c673865b26732667867e066e066e6673e477846f846e64766576247744
data/raw/ooc/OOC_image_dataset/train/bad/cell_type_HPMEC/2-3_days/230419_21.png,230419_21,230419,train,bad,HPMEC,2-3_days,2,HPMEC,2-3_days,True,True,True,1832762,2056,1542,L,244ced10d12e7799508bb4d38c149c1120316ce7e2b59416bc074c0ecab4371e,7d6479247a257e05724572c672447aae7aac7f8c798c7ccc7e4c7ecc728e728c
data/raw/ooc/OOC_image_dataset/train/bad/cell_type_HPMEC/2-3_days/230419_22.png,230419_22,230419,train,bad,HPMEC,2-3_days,2,HPMEC,2-3_days,True,True,True,1874031,2056,1542,L,b72f968c38bf8ed82a0630eb87b150dcf38e62656297fa4a3a93008c784e1b83,728c738c718c718c798c718c718c798d788d7a8c7a0c738c714c750c744e650e
data/raw/ooc/OOC_image_dataset/train/bad/cell_type_HPMEC/2-3_days/230419_23.png,230419_23,230419,train,bad,HPMEC,2-3_days,2,HPMEC,2-3_days,True,True,True,1807339,2056,1542,L,51950f05138dada262db330d5e458b2b73d1e7bc883631ec34e845e92785f3c9,690e69ce7d8c7d8c5ecf5f8f7e0d7e0c640c6c48604c64cb66ce67ce664b76c8
data/raw/ooc/OOC_image_dataset/train/bad/cell_type_HPMEC/2-3_days/230419_24.png,230419_24,230419,train,bad,HPMEC,2-3_days,2,HPMEC,2-3_days,True,True,True,1892624,2056,1542,L,7dc041d7d19c7180e0b7ddb998ff332c1d816ccf2239afd6dc963b215a57a7fb,7c487c8c7488f508f918f4c8e4c9fdd8e558e718e598fd98fd98f998fb9efb9a
data/raw/ooc/OOC_image_dataset/train/bad/cell_type_HPMEC/2-3_days/230419_25.png,230419_25,230419,train,bad,HPMEC,2-3_days,2,HPMEC,2-3_days,True,True,True,1963541,2056,1542,L,a9ae08f5876e00a3828f80e64cc9189a84705ca5f8a41b855f9d84cb1e59fed5,739cf298f618f618fc98f818f918fc98ff18fa18fe18fc1ce719ef10e8947b94
data/raw/ooc/OOC_image_dataset/train/bad/cell_type_HPMEC/2-3_days/230419_27.png,230419_27,230419,train,bad,HPMEC,2-3_days,2,HPMEC,2-3_days,True,True,True,1985061,2056,1542,L,85bb52161d95a4b658f72258c9d11ba0d1319880c4f09808efb7087c75fe650b,7138733977324f376f346f3c7f397c397d3c767876737e7b76787e7a787becdb
data/raw/ooc/OOC_image_dataset/train/bad/cell_type_HPMEC/2-3_days/230419_28.png,230419_28,230419,train,bad,HPMEC,2-3_days,2,HPMEC,2-3_days,True,True,True,1807267,2056,1542,L,2415cd78a14c1ada5f5db61e07feaf25f14594cf55ae92276e8c2cd4a95c547e,4f0f670f613d60ed60cdf08df28df40fec4cfa0cf60df74ff90ff4cdf78cfb0c
data/raw/ooc/OOC_image_dataset/train/bad/cell_type_HPMEC/2-3_days/230419_29.png,230419_29,230419,train,bad,HPMEC,2-3_days,2,HPMEC,2-3_days,True,True,True,1843112,2056,1542,L,b1489783e6e1616c21d141bab9fbd88519c1699204f1e3a93d53751820aa9248,fa08fc08fc08f10ad61aee18ec1afc18fc98fd98da98d998f998e198ec18db1c
data/raw/ooc/OOC_image_dataset/train/bad/cell_type_HPMEC/2-3_days/230419_3.png,230419_3,230419,train,bad,HPMEC,2-3_days,2,HPMEC,2-3_days,True,True,True,2023909,2056,1542,L,7970f8a64dd32cd62432d73530a902d2f931f63351be84ef094e28b986042c8d,3cc33e233e033f033f033f033f033d833f033b023f023f023f023f033f023f06
data/raw/ooc/OOC_image_dataset/train/bad/cell_type_HPMEC/2-3_days/230419_30.png,230419_30,230419,train,bad,HPMEC,2-3_days,2,HPMEC,2-3_days,True,True,True,1922275,2056,1542,L,446103e25962abe287be53fcd4f06247fa43b76a5a3fe3892a11f1906a3f49fe,fc18fe98f298fd98fe18c619e41bfc1bfa9bea19f119f819f198f19cf918ec18
data/raw/ooc/OOC_image_dataset/train/bad/cell_type_HPMEC/2-3_days/230419_36.png,230419_36,230419,train,bad,HPMEC,2-3_days,2,HPMEC,2-3_days,True,True,True,2082659,2056,1542,L,489ec101519125e0735c03df0b5fdbed63b8b0fbed8c20b27ba24373bae955c2,fb3cfa34fe36c83490379830d838e83aec30b9319931d931f031d43cc43ec838
data/raw/ooc/OOC_image_dataset/train/bad/cell_type_HPMEC/2-3_days/230419_37.png,230419_37,230419,train,bad,HPMEC,2-3_days,2,HPMEC,2-3_days,True,True,True,2145557,2056,1542,L,655802ad5c0a5de3499fdec734639cea8cf2c11d4fab92bd98d37405f9d3e150,d233d233f233f731c831ec30ec30cc31fa33f031d335f835fa35fa30ce38c634
data/raw/ooc/OOC_image_dataset/train/bad/cell_type_HPMEC/2-3_days/230419_38.png,230419_38,230419,train,bad,HPMEC,2-3_days,2,HPMEC,2-3_days,True,True,True,2192063,2056,1542,L,01bd34f0c77b6cb509be3baea38d8a323a4bfa31df7e54c59f7338b66eca8efa,f61cfb1cf318f39bf39bf31ad818cc12e613e612f812f012f830f932cb36da33
data/raw/ooc/OOC_image_dataset/train/bad/cell_type_HPMEC/2-3_days/230419_4.png,230419_4,230419,train,bad,HPMEC,2-3_days,2,HPMEC,2-3_days,True,True,True,2021381,2056,1542,L,bd0014d1c0c22d778acf664a7b5e1243d5e46d0c9233ad0429f2c5df7691b6cd,3b123b163f063f263b163b073f073e063f063e063f26364737063d263f067f06
data/raw/ooc/OOC_image_dataset/train/bad/cell_type_HPMEC/2-3_days/230419_40.png,230419_40,230419,train,bad,HPMEC,2-3_days,2,HPMEC,2-3_days,True,True,True,2159026,2056,1542,L,b1d3d1c2bef4589a0e423b0ccbaee3f044b2fa7e85162353d670719e12d35da7,fa18fe18c21bc319f319fb18e51be99be498ec98ea98ca98ca98fa19f919f119
data/raw/ooc/OOC_image_dataset/train/bad/cell_type_HPMEC/2-3_days/230419_41.png,230419_41,230419,train,bad,HPMEC,2-3_days,2,HPMEC,2-3_days,True,True,True,2116229,2056,1542,L,ccd7ef3c260c4ca33b8b3ff72875000c45fd39f69fbef52fd422a8d5c516a3b7,fb08e609ec8bfc8fed8dec09fc89f988fc1cfa1cfe98fe98e49ef51bff19fc18
data/raw/ooc/OOC_image_dataset/train/bad/cell_type_HPMEC/2-3_days/230419_43.png,230419_43,230419,train,bad,HPMEC,2-3_days,2,HPMEC,2-3_days,True,True,True,1916307,2056,1542,L,8d250ed72523dea576e7ae405bab0b72f7d9cea009449f0da97447224c7c45c1,fd8df58ceb8ce68cf40df28dfc0dd00dda8fd88ef70dea0dfc0cfe8df80dda0c
data/raw/ooc/OOC_image_dataset/train/bad/cell_type_HPMEC/2-3_days/230419_45.png,230419_45,230419,train,bad,HPMEC,2-3_days,2,HPMEC,2-3_days,True,True,True,2053377,2056,1542,L,c6c8f429c1000fef5078467739e074a1e6d4537472c2e997ea7216ab75c6ebb0,b919e499f499d21df31be81aed1aed5ae8dab09ab09ba019e819b011b211f810
data/raw/ooc/OOC_image_dataset/train/bad/cell_type_HPMEC/2-3_days/230419_47.png,230419_47,230419,train,bad,HPMEC,2-3_days,2,HPMEC,2-3_days,True,True,True,2098293,2056,1542,L,3c463c3e35fa54011e1f1a8aa43b905a8c66c329885b5ac25312ea914d795aa0,f830b930f838f432b931fa3af928fa22f820da21fc29ed78e970e86ce462a06a
data/raw/ooc/OOC_image_dataset/train/bad/cell_type_HPMEC/2-3_days/230419_48.png,230419_48,230419,train,bad,HPMEC,2-3_days,2,HPMEC,2-3_days,True,True,True,1979138,2056,1542,L,d4e5239ae71db24f374f6ef854697d560f7378c9b45a57a0f05d73e0634462ad,bc60f466bc6cb369e165f96dcc6ce86df860b272b078906bf25bf054f674e051
data/raw/ooc/OOC_image_dataset/train/bad/cell_type_HPMEC/2-3_days/230419_49.png,230419_49,230419,train,bad,HPMEC,2-3_days,2,HPMEC,2-3_days,True,True,True,1899979,2056,1542,L,507578007f8baecb416b64a960618232fb06599b39599fbe1a38e13b86e87b4f,b07cb078d049d4d6d4c894cdb0c9a0d8e0d9e4c8e0cef0f4f4e4f0ece4ece0fa
data/raw/ooc/OOC_image_dataset/train/bad/cell_type_HPMEC/2-3_days/230419_5.png,230419_5,230419,train,bad,HPMEC,2-3_days,2,HPMEC,2-3_days,True,True,True,2001428,2056,1542,L,edc7667c7c688d710c7ecbdd3287931b25bfb318a668988b243ddd49361b1b4b,3c4638662d463f0678c6316633263326396638c63b463b467b0676067e067f06
data/raw/ooc/OOC_image_dataset/train/bad/cell_type_HPMEC/2-3_days/230419_50.png,230419_50,230419,train,bad,HPMEC,2-3_days,2,HPMEC,2-3_days,True,True,True,1850307,2056,1542,L,c169cf733165e3b8c46a04f830152c9c2c4f119a17960e266fdab50adb9a9359,f0dce4dce4dcf0d570cdf0daf0e970ece4d6e4d6e0d2e0d2e0d274e3e0e960eb
data/raw/ooc/OOC_image_dataset/train/bad/cell_type_HPMEC/2-3_days/230419_51.png,230419_51,230419,train,bad,HPMEC,2-3_days,2,HPMEC,2-3_days,True,True,True,1833758,2056,1542,L,086b5223f49b7270f6b42c1f40b17edf45aa9e059c980e81485e09ec2a691975,e4d8e0cae0d8f0d2d0da90f6f0f3e0f9e0d9ccdd8cde9cdcccdc8cf99cf39cd3
data/raw/ooc/OOC_image_dataset/train/bad/cell_type_HPMEC/2-3_days/230419_52.png,230419_52,230419,train,bad,HPMEC,2-3_days,2,HPMEC,2-3_days,True,True,True,1916612,2056,1542,L,fa2e9557a36e86e4403d0512e7ebb787a6fa8645352977a753fbda38658b3adb,ccc6d4ce68cc28f0b0e234fb2cdf9ccf9cc7ccd59cd9dcd9c6e9e2f1e0d1e0c9
data/raw/ooc/OOC_image_dataset/train/bad/cell_type_HPMEC/2-3_days/230419_55.png,230419_55,230419,train,bad,HPMEC,2-3_days,2,HPMEC,2-3_days,True,True,True,2009969,2056,1542,L,5442a9e702b8e0da83a1b3172767da62d4050ecf81abb27de6e52ce1d60d03c4,e64376536603662367e366a366e377837763e6c3e753e793e7b3f7a3e6b3f613
data/raw/ooc/OOC_image_dataset/train/bad/cell_type_HPMEC/2-3_days/230419_56.png,230419_56,230419,train,bad,HPMEC,2-3_days,2,HPMEC,2-3_days,True,True,True,2065754,2056,1542,L,b2ec60f34dd08f8436ee1c726913307688fc6fd089aa2fc5a617ef7a0138bad3,e793e753e743f723e613e763e763e623e6a3e693e6a3e6a3e6a3e6e3e663e743
data/raw/ooc/OOC_image_dataset/train/bad/cell_type_HPMEC/2-3_days/230419_57.png,230419_57,230419,train,bad,HPMEC,2-3_days,2,HPMEC,2-3_days,True,True,True,2066516,2056,1542,L,ce5c2d04219c2a239fa2888c116662ee40e3778df324a692c661907102a0e80e,e723f6c3e6c3e783e723e7f3e6b3c6c3c763c663e6e3e673e653e793e683e6d2
data/raw/ooc/OOC_image_dataset/train/bad/cell_type_HPMEC/2-3_days/230419_58.png,230419_58,230419,train,bad,HPMEC,2-3_days,2,HPMEC,2-3_days,True,True,True,2089921,2056,1542,L,38e099fc0cad9b7e0f5b8042b4143731c41429f192bcbc920a0dd7f05cb094fb,e653e6c2e6f3e643e683e703e763e643e6a7e6a7e617e6d6c756c776e6d6e656
data/raw/ooc/OOC_image_dataset/train/bad/cell_type_HPMEC/2-3_days/230419_59.png,230419_59,230419,train,bad,HPMEC,2-3_days,2,HPMEC,2-3_days,True,True,True,2090817,2056,1542,L,e008152afe76af690f28eac64e7c9f82aaab4af6b7a7ea265c56df4771f03e2d,e656c687c6c7c6a6c6a6e6e6e756c717e586c6c6e7b6c686c626c6a6c686c686
data/raw/ooc/OOC_image_dataset/train/bad/cell_type_HPMEC/2-3_days/230419_6.png,230419_6,230419,train,bad,HPMEC,2-3_days,2,HPMEC,2-3_days,True,True,True,1954600,2056,1542,L,17b9a7377f22f6c0fe61b5a7cf667b6e21937e930cc4027dc7e262a29b81bc53,7e467e067c06720772267c467d457c857c867f267d047d05770472046e0c7c8c
data/raw/ooc/OOC_image_dataset/train/bad/cell_type_HPMEC/2-3_days/230419_60.png,230419_60,230419,train,bad,HPMEC,2-3_days,2,HPMEC,2-3_days,True,True,True,2091179,2056,1542,L,8249829443b48ad6a4e96768df1d502a9b86c72cde2efdacb4565b9043f6f33b,c746c766c756c776c4a6c646c646c6c6c5a6c566c6c6c466c466c546c506c626
data/raw/ooc/OOC_image_dataset/train/bad/cell_type_HPMEC/2-3_days/230419_61.png,230419_61,230419,train,bad,HPMEC,2-3_days,2,HPMEC,2-3_days,True,True,True,1947255,2056,1542,L,7681656de2cbccba2ee9590af3fdc356425b7323cf0ed1cf42a71953c8c9649d,c696c686c786c486c466c476c0bec39fc38ec38ec38ec38ec38ec38ec39ec19e
data/raw/ooc/OOC_image_dataset/train/bad/cell_type_HPMEC/2-3_days/230419_62.png,230419_62,230419,train,bad,HPMEC,2-3_days,2,HPMEC,2-3_days,True,True,True,1995750,2056,1542,L,7a50e122ea7b922e5b14519c04e21683bf5502e151c04dde0f7af516068548bd,76637363637363f363a366136633661b77137733776366736673e0b3e1b3e1b7
data/raw/ooc/OOC_image_dataset/train/bad/cell_type_HPMEC/2-3_days/230419_64.png,230419_64,230419,train,bad,HPMEC,2-3_days,2,HPMEC,2-3_days,True,True,True,1948409,2056,1542,L,2e4f3e6ddce95930bf7930f8681154b01916db66b600c8e2881c67d290fc1106,f6d3f6d3f683e6c3f643e6c3e783e693e6a3e6a3e683e683e6c3e78367c3e743
data/raw/ooc/OOC_image_dataset/train/bad/cell_type_HPMEC/2-3_days/230419_66.png,230419_66,230419,train,bad,HPMEC,2-3_days,2,HPMEC,2-3_days,True,True,True,2015716,2056,1542,L,e52c5e0918f9a4cfa1a3a924f2da379185c4d868adf1638581f7340606eacb7b,e712e733e7b3e723e643e613e612e642e7c2e746e666e756e712c797e753e647
data/raw/ooc/OOC_image_dataset/train/bad/cell_type_HPMEC/2-3_days/230419_67.png,230419_67,230419,train,bad,HPMEC,2-3_days,2,HPMEC,2-3_days,True,True,True,2028151,2056,1542,L,e9e3c65ce5379aa1ab387032c63fda0526fc97c2c68415b06ee0ab25750bd6c6,e663e663e722e667e6c3c666e766e6a7e6c6e647e727e597e427e627e606e646
data/raw/ooc/OOC_image_dataset/train/bad/cell_type_HPMEC/2-3_days/230419_68.png,230419_68,230419,train,bad,HPMEC,2-3_days,2,HPMEC,2-3_days,True,True,True,2027021,2056,1542,L,8550f60453d933909b8d902a3d84b2211dd081627faa012744a8c24e7ac5b2f5,e727e617e6c7e6a6e666e747e686e6c6c706c627c4a7c627c666c406c467c566
data/raw/ooc/OOC_image_dataset/train/bad/cell_type_HPMEC/2-3_days/230419_69.png,230419_69,230419,train,bad,HPMEC,2-3_days,2,HPMEC,2-3_days,True,True,True,2049635,2056,1542,L,a50d5cde011639761481c5b1ff69ca1179778cdca70b2013740ff8d5e240e638,c6c6c567c586c5c7c4a7c6c7c4a6c4a6c426c426c626c707c587c587c687c687
data/raw/ooc/OOC_image_dataset/train/bad/cell_type_HPMEC/2-3_days/230419_7.png,230419_7,230419,train,bad,HPMEC,2-3_days,2,HPMEC,2-3_days,True,True,True,2024156,2056,1542,L,ed0fcb96d380af48d416e802c174cf69c7866b4b67c90b3eccd3737d2fc34dcb,7a0c7e0c7f0c7f0c7c0c7e0d7d0e7c0e7e0e7c0c7d0c7d0c7c4c7c8c7c8c7c0c
data/raw/ooc/OOC_image_dataset/train/bad/cell_type_HPMEC/2-3_days/230419_70.png,230419_70,230419,train,bad,HPMEC,2-3_days,2,HPMEC,2-3_days,True,True,True,2112485,2056,1542,L,ad2615f2ab4fc76c76508ceeb5f81916636950ed96c47350f254fa17a9a95fe6,c6a7c4a7c426c4c6c446c586c4a7c627c447cc86cd26cc66cc86cce6cce7cd06
data/raw/ooc/OOC_image_dataset/train/bad/cell_type_HPMEC/2-3_days/230419_71.png,230419_71,230419,train,bad,HPMEC,2-3_days,2,HPMEC,2-3_days,True,True,True,2190424,2056,1542,L,0ceb2ba8f4bc65f491edbabf28878bbf0ee68d41b503294494dbd88816c2e8d1,76c277c377c3470346476613678367c3668366d3e6c3e6e7e697e693e6f3e753
data/raw/ooc/OOC_image_dataset/train/bad/cell_type_HPMEC/2-3_days/230419_76.png,230419_76,230419,train,bad,HPMEC,2-3_days,2,HPMEC,2-3_days,True,True,True,1946922,2056,1542,L,2dec49080a30ccbe530faccf2c0b9d250ee1d85327ec2129a03c8cbcdfce0130,cc46cc86cf46cf26cee6cce6cda6cea6cf46cec6ccc6af86cf06cec6cfa6ce86
data/raw/ooc/OOC_image_dataset/train/bad/cell_type_HPMEC/2-3_days/230419_77.png,230419_77,230419,train,bad,HPMEC,2-3_days,2,HPMEC,2-3_days,True,True,True,2066063,2056,1542,L,3417875d31143e4c44497a9bb2bcf0121740e3920680ed291eb9b4fa73d1c629,cce6c686c6c6cb86cccecc36cea6ef26cd26cf46ce46ce86cc46cea68f46ccc6
data/raw/ooc/OOC_image_dataset/train/bad/cell_type_HPMEC/2-3_days/230419_78.png,230419_78,230419,train,bad,HPMEC,2-3_days,2,HPMEC,2-3_days,True,True,True,2208345,2056,1542,L,58f921bfff7969615dd81a153abbea0bec6188d5c1d1aed09afed2ab70aac9d7,cf668ce68da68ee6ce868c878e868e8ece4ece6e8e6eac2eaf2e8d2ecd2e8d4e
data/raw/ooc/OOC_image_dataset/train/bad/cell_type_HPMEC/2-3_days/230419_8.png,230419_8,230419,train,bad,HPMEC,2-3_days,2,HPMEC,2-3_days,True,True,True,2013019,2056,1542,L,d556818ad8c1f526ecd080e98a717b9a43d245f07f896d29fc231160be01615f,758c720c720c790c7c0c748c748e7d0c788c798c788c708c760c790e718a76c8
data/raw/ooc/OOC_image_dataset/train/bad/cell_type_HPMEC/2-3_days/230419_80.png,230419_80,230419,train,bad,HPMEC,2-3_days,2,HPMEC,2-3_days,True,True,True,1727079,2056,1542,L,1012421f2db82fe847b083be021c4d9cf7399bb68d363729be785eb9126303ab,e627768377a3c7a3c6b7e7b7e437e477e03fe19fe38fe38fe387e387e387e38f
data/raw/ooc/OOC_image_dataset/train/bad/cell_type_HPMEC/2-3_days/230419_82.png,230419_82,230419,train,bad,HPMEC,2-3_days,2,HPMEC,2-3_days,True,True,True,2258214,2056,1542,L,c6bd123ae721c5a408480924d90cde55203875796a468a90634eecae2646d7da,e6c7e6c7e657c747e6a7e626c527c527c727c727c446c646c656e746c466c546
data/raw/ooc/OOC_image_dataset/train/bad/cell_type_HPMEC/2-3_days/230419_84.png,230419_84,230419,train,bad,HPMEC,2-3_days,2,HPMEC,2-3_days,True,True,True,2249589,2056,1542,L,94626f94a3d57b81f24eb7197aa07e29093a799d9cf051b379117c5e0a9193ea,cf46ce66ccc7c6e6cdc6cd26cf06ce46cee6cca6ce868f64cc26cca6cf24cd26
data/raw/ooc/OOC_image_dataset/train/bad/cell_type_HPMEC/2-3_days/230419_85.png,230419_85,230419,train,bad,HPMEC,2-3_days,2,HPMEC,2-3_days,True,True,True,2278157,2056,1542,L,7b618089aa77d3514ea081aca1354b9994f4bf7926316682d5f9e1aa2e7ac6a1,cc27cf26cd47cd06cd26ce86ce84cca6cc26cf46cf86cc86cda6ccc6cd04cf24
data/raw/ooc/OOC_image_dataset/train/bad/cell_type_HPMEC/2-3_days/230419_86.png,230419_86,230419,train,bad,HPMEC,2-3_days,2,HPMEC,2-3_days,True,True,True,2244356,2056,1542,L,8324b93cea80eda5b949154b5c8203dbc77b960bd9680b00efac533a4f943a4b,cd468d06cd27cccecc46cd66cc4eccc6ccc6cdc4cd06ce26c9a6c2ecce6dcd2d
data/raw/ooc/OOC_image_dataset/train/bad/cell_type_HPMEC/2-3_days/230419_87.png,230419_87,230419,train,bad,HPMEC,2-3_days,2,HPMEC,2-3_days,True,True,True,2152845,2056,1542,L,294920e27dac2c26291548feaeb644d7d9797291eb9eb1b171884812bc000727,cda7cd26cc26cd26c666c9c6ccc6cf4fcdcc8cccceccccac8cae88ecc07c833c
data/raw/ooc/OOC_image_dataset/train/bad/cell_type_HPMEC/2-3_days/230419_88.png,230419_88,230419,train,bad,HPMEC,2-3_days,2,HPMEC,2-3_days,True,True,True,2045304,2056,1542,L,5e7820bd134c178b0d768c5a01d6e38834f1ad32529d85ecf67b8a34f43094a7,871e871c871c871e871c871c871c831c823e886c88ec8acc8ecc8e2c8ccc8cec
data/raw/ooc/OOC_image_dataset/train/bad/cell_type_HPMEC/2-3_days/230419_9.png,230419_9,230419,train,bad,HPMEC,2-3_days,2,HPMEC,2-3_days,True,True,True,2097502,2056,1542,L,9530c29251062263f254a37d6dd56c2b1a8b480dc9c4f8779688ea31ec77595f,768c718c710c74cd704d70c9709872987b987b987e1c7f1fff3cf73cff3cfe6c
data/raw/ooc/OOC_image_dataset/train/bad/cell_type_HPMEC/2-3_days/230510_12.png,230510_12,230510,train,bad,HPMEC,2-3_days,2,HPMEC,2-3_days,True,True,True,1715570,2056,1542,L,1d3d7db4109ec489a787b64b83fb5a763765dfab9b934d35cf98f3265e196b6f,ef32ef12ef13671306138af389f3cdd3ce33cf33ce03cf83cd83cf93cf13cc23
data/raw/ooc/OOC_image_dataset/train/bad/cell_type_HPMEC/2-3_days/230510_13.png,230510_13,230510,train,bad,HPMEC,2-3_days,2,HPMEC,2-3_days,True,True,True,1790466,2056,1542,L,cef830982021341b951cbeb70f91b42401100cb5b5e66355c39b04cb11d9e17c,cfa3cd83cf03ce63cd23cdc38dc24e424c6249324b12cb924b128b1649364ce6
data/raw/ooc/OOC_image_dataset/train/bad/cell_type_HPMEC/2-3_days/230510_24.png,230510_24,230510,train,bad,HPMEC,2-3_days,2,HPMEC,2-3_days,True,True,True,1829820,2056,1542,L,9e8097aaaedaea4d4c6a8706480ca033b89a7dc6cbb75dff75441f723cf10f10,cec24e425ee28e439e239c22d9a259a21de69ce69cc697c6dbc69dc69d861996
data/raw/ooc/OOC_image_dataset/train/bad/cell_type_HPMEC/2-3_days/230510_26.png,230510_26,230510,train,bad,HPMEC,2-3_days,2,HPMEC,2-3_days,True,True,True,1798910,2056,1542,L,72501e91313d7df30e491d7fb9756d3e6cbe362062d537645c27aad635b945d7,9d269e269a26932795a69cc79cc6988798869c07992797079f079d879f879e86
data/raw/ooc/OOC_image_dataset/train/bad/cell_type_HPMEC/2-3_days/230510_27.png,230510_27,230510,train,bad,HPMEC,2-3_days,2,HPMEC,2-3_days,True,True,True,1776197,2056,1542,L,2662d40fd70df68c2ec0b799ea06b3c89ca8d5b5f68069b114bedb419f0b142e,9f261f261aa614c711c6198795169797978797079f0696a696049ec498c531c5
data/raw/ooc/OOC_image_dataset/train/bad/cell_type_HPMEC/2-3_days/230510_28.png,230510_28,230510,train,bad,HPMEC,2-3_days,2,HPMEC,2-3_days,True,True,True,1792830,2056,1542,L,3568e1d9ff026cb3b54f6208d51d657e3bd2ab32692dcd4cafbb636110dc2c02,91c593c7918791c698469c169e16b7169f069b06138613c793c697069586b0c6
data/raw/ooc/OOC_image_dataset/train/bad/cell_type_HPMEC/2-3_days/230510_29.png,230510_29,230510,train,bad,HPMEC,2-3_days,2,HPMEC,2-3_days,True,True,True,1818569,2056,1542,L,e7f5f220a423a8765afb23a372f685a9e06f3a2526f029e1ce033c076d244891,93069346960612069f969c879406940691469b8693869fd696d69ed6948694c7
data/raw/ooc/OOC_image_dataset/train/bad/cell_type_HPMEC/2-3_days/230510_32.png,230510_32,230510,train,bad,HPMEC,2-3_days,2,HPMEC,2-3_days,True,True,True,1448194,2056,1542,L,a7db27993ab116c52ae46ce881444cd2b4a1b0ba9902a3b52b3047d7689641d3,d807d827d007d20799079867136713a7d78517c615e61de793e793069b069907
data/raw/ooc/OOC_image_dataset/train/bad/cell_type_HPMEC/2-3_days/230510_34.png,230510_34,230510,train,bad,HPMEC,2-3_days,2,HPMEC,2-3_days,True,True,True,1793315,2056,1542,L,dca429262d4a96908c4d338b8c6d4671dc67c1e0d7953be066695aacf38d1574,915691c613c711879fc797c6978793c793c6b3c7b2473246b8c73cc61cc61e46
data/raw/ooc/OOC_image_dataset/train/bad/cell_type_HPMEC/2-3_days/230510_38.png,230510_38,230510,train,bad,HPMEC,2-3_days,2,HPMEC,2-3_days,True,True,True,1526065,2056,1542,L,ac04fd30a230b3021abd4e937cc7fe2d4604b6bc126c7dbeab1a1d3d53fcfcf1,318c318c368c360e3b0c390c310c3bae33ac302c300c330c130e3b0e390c3bac
data/raw/ooc/OOC_image_dataset/train/bad/cell_type_HPMEC/2-3_days/230510_5.png,230510_5,230510,train,bad,HPMEC,2-3_days,2,HPMEC,2-3_days,True,True,True,1466954,2056,1542,L,0b58aeb9ae5818434605496b417996a125355ddd0b94c55c2ed730cde9c6b1a7,8e539e639ce39db38e939e239f639fc21d831d331d2319e31ae399c39dd39dd2
data/raw/ooc/OOC_image_dataset/train/bad/cell_type_HPMEC/2-3_days/230510_78.png,230510_78,230510,train,bad,HPMEC,2-3_days,2,HPMEC,2-3_days,True,True,True,2281400,2056,1542,L,abdda1df6b57d4cbef92ac1c96557c19362e649827301de27d6d142cefc81ea8,d98bd9cbd94bd94bda5bd8dbd85b98dbd84bda4bd91bd9cbdf8b9b9b9bcb1f8b
data/raw/ooc/OOC_image_dataset/train/bad/cell_type_HPMEC/2-3_days/230510_79.png,230510_79,230510,train,bad,HPMEC,2-3_days,2,HPMEC,2-3_days,True,True,True,2208361,2056,1542,L,faed7e19257047395af9945e534c979a1712c04ac3b61b0ee0e33266b34ead60,0fcb0b4b1dcb0f0b0f0b0f1b0f1b8e6b8e4b8e7b4b7bc85bcbd9c9c9dc79cc5b
data/raw/ooc/OOC_image_dataset/train/bad/cell_type_HPMEC/2-3_days/230510_81.png,230510_81,230510,train,bad,HPMEC,2-3_days,2,HPMEC,2-3_days,True,True,True,1466912,2056,1542,L,68faf0fc2d93bfe8a59dfb9b0c605fe3d03fe9a46f4e8cde287a56666af65ae7,8f398a39c969ca49ce4bcc4b4a494ac9cdcbcdcbcbcbcbcb4bcb8fcbcbcbc9cb
data/raw/ooc/OOC_image_dataset/train/bad/cell_type_HPMEC/2-3_days/230510_82.png,230510_82,230510,train,bad,HPMEC,2-3_days,2,HPMEC,2-3_days,True,True,True,2228573,2056,1542,L,cc5dced26db99004a4c9c2fbd58b2a1476e7e859c5242e9aa9b4989b7ce67911,cbc9cbc9cac9cad98c99cf89cb99c999cb398d098d99cdb98cb9ce99c999cd99
data/raw/ooc/OOC_image_dataset/train/bad/cell_type_HPMEC/2-3_days/230510_83.png,230510_83,230510,train,bad,HPMEC,2-3_days,2,HPMEC,2-3_days,True,True,True,2225614,2056,1542,L,9810c19ba644fff5d0c99ca18d3bd643333e88662506fd0540e247aef9af2b42,cbc9cbc9cac9cad98c99cf89cb99c999cb398d09cd99cdb98cb9ce99c999cd99
data/raw/ooc/OOC_image_dataset/train/bad/cell_type_HPMEC/2-3_days/230510_84.png,230510_84,230510,train,bad,HPMEC,2-3_days,2,HPMEC,2-3_days,True,True,True,1445712,2056,1542,L,99c54e65aa9d8946b1b931833a87d74d8e4340291fcf87d937a249b30e1e904e,ccc9ccc9cc89ccc9ccd9ccc9ccc9cc89cc89ccd9ccc9cdc9cdc9cd998f898f89
data/raw/ooc/OOC_image_dataset/train/bad/cell_type_HPMEC/2-3_days/230524_1.png,230524_1,230524,train,bad,HPMEC,2-3_days,2,HPMEC,2-3_days,True,True,True,1611679,2056,1542,L,c4d735b4c02039e81be45fab36a16659fd21d05a82282bc63104d622a3c3b7f7,08000400080010010921d9e3d9e3dce3dee3dbc39b23dea3de03df03de03de03
data/raw/ooc/OOC_image_dataset/train/bad/cell_type_HPMEC/2-3_days/230524_10.png,230524_10,230524,train,bad,HPMEC,2-3_days,2,HPMEC,2-3_days,True,True,True,1632490,2056,1542,L,fc688ee5ef4b06d5c52493c7eeaddc18e348238baa459577fb069f700da02740,0408040808000c812fc1af89ad89ad898cc92e49ac49ac49acc9ac892d198d99
data/raw/ooc/OOC_image_dataset/train/bad/cell_type_HPMEC/2-3_days/230524_100.png,230524_100,230524,train,bad,HPMEC,2-3_days,2,HPMEC,2-3_days,True,True,True,1786901,2056,1542,L,12baa3e26dd6f9ef9424d93cd166bc33b8d349cc8c91acce1445c1721eb39afa,8f0e8f8e8f8e8e9e0e9f8e970f1f8f170f170e968e8f0e0f8e8e879e8f1e8f9e
data/raw/ooc/OOC_image_dataset/train/bad/cell_type_HPMEC/2-3_days/230524_101.png,230524_101,230524,train,bad,HPMEC,2-3_days,2,HPMEC,2-3_days,True,True,True,1724659,2056,1542,L,a232ddbf7ca2ab264f5cda8d19cb399e65a698ced208cf07760c177c0eca2fb7,869f061f069e869e8e9e8e9e869f869e869e861e871f8f1f8e1f8f1f8f1e8e1e
data/raw/ooc/OOC_image_dataset/train/bad/cell_type_HPMEC/2-3_days/230524_105.png,230524_105,230524,train,bad,HPMEC,2-3_days,2,HPMEC,2-3_days,True,True,True,1773598,2056,1542,L,ecb8c3cfab59143ed963fa6cf81f3da9afd8621bebc572e018e697a9f905f4be,8f1e0e9e0e9e0e9e8e1e8e1e8e9e8e9f8e9e8e1e8e1f8f1e8e1e8e9e0c9e8f9e
data/raw/ooc/OOC_image_dataset/train/bad/cell_type_HPMEC/2-3_days/230524_107.png,230524_107,230524,train,bad,HPMEC,2-3_days,2,HPMEC,2-3_days,True,True,True,1943063,2056,1542,L,8d18e0b99639cbecea4b807ea56840cfb16b29cf442029c2dd4609f93f78f66a,8e0e0e0e8f0f0d0e0d4e8ece8e0e0c0f0c8f0d8f0c8f0d8f0c8f0d8e0f8f0f4f
data/raw/ooc/OOC_image_dataset/train/bad/cell_type_HPMEC/2-3_days/230524_108.png,230524_108,230524,train,bad,HPMEC,2-3_days,2,HPMEC,2-3_days,True,True,True,1971103,2056,1542,L,2a29205f67f66d5346bbb790a5f507333b09b523ca0ddc09422920a12c9c62e9,1c4f8d4f9d079d079cc79d479c479c471c4799479847994799871cc71cc73487
data/raw/ooc/OOC_image_dataset/train/bad/cell_type_HPMEC/2-3_days/230524_12.png,230524_12,230524,train,bad,HPMEC,2-3_days,2,HPMEC,2-3_days,True,True,True,1575217,2056,1542,L,b0317f3de94ccf7f33dbe20d1970077dd407a08d99f3b73f5fd133d8281ba952,ee09ee09ec99ec19ec196d196d196c896cc96cc96ec96e4def4c6dc86d48ee08
data/raw/ooc/OOC_image_dataset/train/bad/cell_type_HPMEC/2-3_days/230524_14.png,230524_14,230524,train,bad,HPMEC,2-3_days,2,HPMEC,2-3_days,True,True,True,2048984,2056,1542,L,f38c7ebee263e2ebc6e070b74fb88088815b19a61851f8e1972b689aedb1544a,cc8cccc8cc8cceccceccceccceccccc88ca8ccc8cec8ce488e4c8c888c088d28
data/raw/ooc/OOC_image_dataset/train/bad/cell_type_HPMEC/2-3_days/230524_15.png,230524_15,230524,train,bad,HPMEC,2-3_days,2,HPMEC,2-3_days,True,True,True,1718670,2056,1542,L,a40e24af575bc4ebf063db4593ec22a02f68c224b5759555948194073c05753f,8c48872c866c84ec856c852c852c066c064c062c04e806088608860884000100
data/raw/ooc/OOC_image_dataset/train/bad/cell_type_HPMEC/2-3_days/230524_16.png,230524_16,230524,train,bad,HPMEC,2-3_days,2,HPMEC,2-3_days,True,True,True,1533124,2056,1542,L,9f38efe3c55b97372b4827767b8154490a3bdb37514836644234d576efadaf40,040884008400000002000408176c26ec074c870c870c876c864c846c848c84ec
data/raw/ooc/OOC_image_dataset/train/bad/cell_type_HPMEC/2-3_days/230524_17.png,230524_17,230524,train,bad,HPMEC,2-3_days,2,HPMEC,2-3_days,True,True,True,1271369,2056,1542,L,714c4b3703e776a2853062576c28ba36026b843bcc4ed4c3072b0c7ada14f570,1400800000000608276c27ec074c870c870c876c866c864c868c86cc864c876c
data/raw/ooc/OOC_image_dataset/train/bad/cell_type_HPMEC/2-3_days/230524_20.png,230524_20,230524,train,bad,HPMEC,2-3_days,2,HPMEC,2-3_days,True,True,True,1924688,2056,1542,L,d25121f2f73eb07ab51119fd62ddd7334726160e58ea3770f8045927494761a5,4f334d3369b169b36db36db16db349334c334c314eb949b149b969b94939693b
data/raw/ooc/OOC_image_dataset/train/bad/cell_type_HPMEC/2-3_days/230524_24.png,230524_24,230524,train,bad,HPMEC,2-3_days,2,HPMEC,2-3_days,True,True,True,1641983,2056,1542,L,7e4bbf88fd268429c2bbac6f31825387e82b3c03253cdcb8f7532b5081b66d33,6db16cb16cb16cb16c316d316cb16eb36833683368336c202c20282004004000
data/raw/ooc/OOC_image_dataset/train/bad/cell_type_HPMEC/2-3_days/230524_25.png,230524_25,230524,train,bad,HPMEC,2-3_days,2,HPMEC,2-3_days,True,True,True,1575946,2056,1542,L,798b67fc926830c353721ac6749609ba6aa322c593315f39c11ac75a1ae68de5,2c0028002000010002132eb36fb16cb16c316cb06c326a324e3b6e336c336cb3
data/raw/ooc/OOC_image_dataset/train/bad/cell_type_HPMEC/2-3_days/230524_27.png,230524_27,230524,train,bad,HPMEC,2-3_days,2,HPMEC,2-3_days,True,True,True,1809117,2056,1542,L,2f0ab3c1a00aceb2f29e00ac13242e1f23848075cb2650b1d6f2f65cea251aff,402004215d63df63de6bdc6bdd63dd63dd73de5bde5b9c535c735c73dd73d973
data/raw/ooc/OOC_image_dataset/train/bad/cell_type_HPMEC/2-3_days/230524_28.png,230524_28,230524,train,bad,HPMEC,2-3_days,2,HPMEC,2-3_days,True,True,True,2076339,2056,1542,L,42bc0304632d48f779691d3452d426292742e98426ab2d9d0afb33e0352cec83,d873dc739c73de63de63de73dc73dc73da63da639a63de6bde42de42de63da73
data/raw/ooc/OOC_image_dataset/train/bad/cell_type_HPMEC/2-3_days/230524_29.png,230524_29,230524,train,bad,HPMEC,2-3_days,2,HPMEC,2-3_days,True,True,True,2133487,2056,1542,L,ace3661305120be20f3856db077ea45f88df43850402755836549b77edf0000f,de63dc63de73de73dc43d8639a639a639c63dc63d8639e735c635863d862db62
data/raw/ooc/OOC_image_dataset/train/bad/cell_type_HPMEC/2-3_days/230524_3.png,230524_3,230524,train,bad,HPMEC,2-3_days,2,HPMEC,2-3_days,True,True,True,2106793,2056,1542,L,2a12c2fc2ea0754d059127c3b3d9fad8146ea2fcc8884353f3d6207ae6729218,cf21cd418d41ce419e455ac55ac5dcd51c851d051da50da54d454ee58ec58cc5
data/raw/ooc/OOC_image_dataset/train/bad/cell_type_HPMEC/2-3_days/230524_33.png,230524_33,230524,train,bad,HPMEC,2-3_days,2,HPMEC,2-3_days,True,True,True,2143413,2056,1542,L,7a9c44cad9b59b9d4ec7cbd4345301b7d2158f571f582394d7a657db10184d5b,db72d972dd72db72db62d962d962d9629962dd62cd62ce62ce62c966cd66df66
data/raw/ooc/OOC_image_dataset/train/bad/cell_type_HPMEC/2-3_days/230524_34.png,230524_34,230524,train,bad,HPMEC,2-3_days,2,HPMEC,2-3_days,True,True,True,1635160,2056,1542,L,7d996b58922f1f30d88293d17f167506032f0d8308e98b04b019f6c746ae3147,c962cb62cb62cb62c962c966cd62c962cb62cf62cda24d204a60820048002800
data/raw/ooc/OOC_image_dataset/train/bad/cell_type_HPMEC/2-3_days/230524_35.png,230524_35,230524,train,bad,HPMEC,2-3_days,2,HPMEC,2-3_days,True,True,True,1685034,2056,1542,L,d4c81966b06dd6c0d977e949e2b1072550ba7d56d8b0a261df7d869ed2b572b9,0400040248000200ce76ef72cf62cf62ce62ce72ce72ce62ce62ce62ce62cb62
data/raw/ooc/OOC_image_dataset/train/bad/cell_type_HPMEC/2-3_days/230524_36.png,230524_36,230524,train,bad,HPMEC,2-3_days,2,HPMEC,2-3_days,True,True,True,1090232,2056,1542,L,2f1e7b69288d07fb70b73a20a287c7e09ed02473f01a36fe4ecf023bceaa813e,cb62cb72cf62cf604d608e6008200824052500010000000004008804cc26c926
data/raw/ooc/OOC_image_dataset/train/bad/cell_type_HPMEC/2-3_days/230524_40.png,230524_40,230524,train,bad,HPMEC,2-3_days,2,HPMEC,2-3_days,True,True,True,1983533,2056,1542,L,b0028c071d00a7d629b93d9f0ab3c883e1abefe8cdf2b740ed3a171185955796,9e839d839f831f839f839ec31ec39ec39fc31ee31fc31ec31e631ea31fc31f83
data/raw/ooc/OOC_image_dataset/train/bad/cell_type_HPMEC/2-3_days/230524_41.png,230524_41,230524,train,bad,HPMEC,2-3_days,2,HPMEC,2-3_days,True,True,True,1975018,2056,1542,L,df382d8ae18b3960fe49ccfaecd54c67b406abedcb1f4a96e2dc3add4a1e8f3a,1fc31fc31dc31f831f031d331d031da31fa31e431e431e031fc31f831f831ec3
data/raw/ooc/OOC_image_dataset/train/bad/cell_type_HPMEC/2-3_days/230524_42.png,230524_42,230524,train,bad,HPMEC,2-3_days,2,HPMEC,2-3_days,True,True,True,1926552,2056,1542,L,9102780ea329267206d7d7a791fcc3ef8c8dae8e2c76f82b4d7668ffefb6d00f,1e439f431f431f431f831cc31c431ec31d131e1b1e1b1f1b1f931f939e131d93
data/raw/ooc/OOC_image_dataset/train/bad/cell_type_HPMEC/2-3_days/230524_43.png,230524_43,230524,train,bad,HPMEC,2-3_days,2,HPMEC,2-3_days,True,True,True,1818585,2056,1542,L,69962449aa14a4610f66ec5fc1bd083f992fb0bb3b08092f73411169105337ce,9f939cc39ce39ca39ea39fa31f239e639e639ca31c631c631cc31dc39cc39ec3
data/raw/ooc/OOC_image_dataset/train/bad/cell_type_HPMEC/2-3_days/230524_5.png,230524_5,230524,train,bad,HPMEC,2-3_days,2,HPMEC,2-3_days,True,True,True,2236795,2056,1542,L,99c973947af81cb71ff0bce3876e60a2fec8237d8dfa1a60b50a4f133d7d0833,8db58cd5cec50e944eb48e240ef40c450d250d858dc58c658ce18ce18d618df1
data/raw/ooc/OOC_image_dataset/train/bad/cell_type_HPMEC/2-3_days/230524_55.png,230524_55,230524,train,bad,HPMEC,2-3_days,2,HPMEC,2-3_days,True,True,True,1790771,2056,1542,L,a8b2e2ba9328e454180f36577337adf70b94840c1c6aab93c804ee1d31ae5efc,7d0c640d630d790cf90cfb0ffd0ff90df34f640eec8c680d6dcd7d8c7e8c784c
data/raw/ooc/OOC_image_dataset/train/bad/cell_type_HPMEC/2-3_days/230524_56.png,230524_56,230524,train,bad,HPMEC,2-3_days,2,HPMEC,2-3_days,True,True,True,1861243,2056,1542,L,0982dcc638999cca3af11102894f59de365755bc7a7dd623ebc6955067387442,670c770c778e770e7ccc7c4c740c668e678c6d8c770c758c7d8c740c7e0c784c
data/raw/ooc/OOC_image_dataset/train/bad/cell_type_HPMEC/2-3_days/230524_57.png,230524_57,230524,train,bad,HPMEC,2-3_days,2,HPMEC,2-3_days,True,True,True,1937266,2056,1542,L,d2f97a507da143cc654d23234ede88e0ce86c6f84d7f392b34d50cb87efbbb66,76cc668c708e6a8e68ce68ce6d8e650e780f71cd63ce77cefe4efe0cfc0efa0e
data/raw/ooc/OOC_image_dataset/train/bad/cell_type_HPMEC/2-3_days/230524_58.png,230524_58,230524,train,bad,HPMEC,2-3_days,2,HPMEC,2-3_days,True,True,True,1923639,2056,1542,L,b383d770344152bdb5e364c3dfc5651456c471962933b55b7ceab6c4e1d2f307,f88ef80e7e0c7c0c790e730e7f0e660f744e760e7e0e770e768f6e0e7b0e6bce
data/raw/ooc/OOC_image_dataset/train/bad/cell_type_HPMEC/2-3_days/230524_6.png,230524_6,230524,train,bad,HPMEC,2-3_days,2,HPMEC,2-3_days,True,True,True,2221022,2056,1542,L,ef4adffc7e9e6ec6bccc8e34948726792e75a319693188ca38757830a9a07ec5,8cf18cf18c31cc718ce38ee38e630dc38dc7ccc60cc48cc48cc48cc4ccc48de4
data/raw/ooc/OOC_image_dataset/train/bad/cell_type_HPMEC/2-3_days/230524_60.png,230524_60,230524,train,bad,HPMEC,2-3_days,2,HPMEC,2-3_days,True,True,True,1994983,2056,1542,L,6210a82e7e34c33c7ea99ee2e215e78fd84ca17464b98d8851f1126109ecf46f,fd86fe06ef06ee06ee46ee46fb06fb06fb06fa46e646ec46ee46e446e446e446
data/raw/ooc/OOC_image_dataset/train/bad/cell_type_HPMEC/2-3_days/230524_61.png,230524_61,230524,train,bad,HPMEC,2-3_days,2,HPMEC,2-3_days,True,True,True,2084309,2056,1542,L,dc4b350d17f3e060f2a671fd02eb84c926eec48d9bc75edcb98590fe4de88e35,e986f586ed86ed86ed86ee86ae06ee46e706e506e586e546e646e606e606e646
data/raw/ooc/OOC_image_dataset/train/bad/cell_type_HPMEC/2-3_days/230524_63.png,230524_63,230524,train,bad,HPMEC,2-3_days,2,HPMEC,2-3_days,True,True,True,2160020,2056,1542,L,c82d8314c7669cd85aa65ff5a99fa508cac4756b74e57296c845f23d018da238,fc86f206f0c6f8c6f886f086f8c7f947f906f846f246e64ee50ee38eef0ce70d
data/raw/ooc/OOC_image_dataset/train/bad/cell_type_HPMEC/2-3_days/230524_64.png,230524_64,230524,train,bad,HPMEC,2-3_days,2,HPMEC,2-3_days,True,True,True,2149100,2056,1542,L,39756b39df0156ca6b4ba7e046ce9558f5b35aa5b8c3aa1c1d727120cb1877b9,ce4efe0ef90ee10eea8ef88ee98ee90eae0ee60ee48efc8edd8eed0ee30ee30e
data/raw/ooc/OOC_image_dataset/train/bad/cell_type_HPMEC/2-3_days/230524_65.png,230524_65,230524,train,bad,HPMEC,2-3_days,2,HPMEC,2-3_days,True,True,True,1444734,2056,1542,L,816f39b0a70834c72f0d1f2e560e7733c1d28ff8a30947bd1f1d1be576162bf6,e50ee60ee70eed0ee94efc0ee48ef24ef44ef40ef50ef14eeb4ee40efd0ebd0e
data/raw/ooc/OOC_image_dataset/train/bad/cell_type_HPMEC/2-3_days/230524_7.png,230524_7,230524,train,bad,HPMEC,2-3_days,2,HPMEC,2-3_days,True,True,True,1882901,2056,1542,L,59c4296f1084e2fcd68f9ce912e96853fea18e5de23cab41614eaaa6478f43b0,cc64cce4cce48ce48cc4cce48ce48da48f348f348cf00cf00c4006c00c004400
data/raw/ooc/OOC_image_dataset/train/bad/cell_type_HPMEC/2-3_days/230524_70.png,230524_70,230524,train,bad,HPMEC,2-3_days,2,HPMEC,2-3_days,True,True,True,1350918,2056,1542,L,1954d9bffe5c6250ddd957dd02586316f060aa1715020e140dab30e7bdc71098,f107fd07ed06f087fa87fe87f487f1c7e1e7e6676637c637e636e636e266e0e6
data/raw/ooc/OOC_image_dataset/train/bad/cell_type_HPMEC/2-3_days/230524_71.png,230524_71,230524,train,bad,HPMEC,2-3_days,2,HPMEC,2-3_days,True,True,True,1685641,2056,1542,L,f3bb9306882ccb473103d12ba82a71b7c7c6ad568b6c4410415919132677f060,e0c7e267e6774637e636e636e666e0e6e1c7e187f487f406fa06f9067c46fcc6
data/raw/ooc/OOC_image_dataset/train/bad/cell_type_HPMEC/2-3_days/230524_78.png,230524_78,230524,train,bad,HPMEC,2-3_days,2,HPMEC,2-3_days,True,True,True,1983432,2056,1542,L,d2664b52bd8f477c19cfaed0f99576ca57b9282ace6c65104bbc5107b5068178,8e678c678d278d870f878f038b6389c38fc38fc309c399c39dc39fa31ba39fc3
data/raw/ooc/OOC_image_dataset/train/bad/cell_type_HPMEC/2-3_days/230524_79.png,230524_79,230524,train,bad,HPMEC,2-3_days,2,HPMEC,2-3_days,True,True,True,2123879,2056,1542,L,d6c13fa2d764a84c9e2c14c4231a63e6b6cc0f5577a48559a424b0667b033998,cd838d838f838f838f631f431f039f831ec31e639e839f839f839d839f839f03
data/raw/ooc/OOC_image_dataset/train/bad/cell_type_HPMEC/2-3_days/230524_81.png,230524_81,230524,train,bad,HPMEC,2-3_days,2,HPMEC,2-3_days,True,True,True,2020844,2056,1542,L,d18b8d8de694a24ab23d3a1f937fbe1c52461613098d5c174150a18b2fcb0f67,e783e783cf238f038f43cf474f67cf830f834f834f830f83cf834f83cf83ce83
data/raw/ooc/OOC_image_dataset/train/bad/cell_type_HPMEC/2-3_days/230524_83.png,230524_83,230524,train,bad,HPMEC,2-3_days,2,HPMEC,2-3_days,True,True,True,1957445,2056,1542,L,582f729cfd47a7699b48ff30d9a0b70f2d58f6928614c77e96147aba3e6e4568,c7c386c3c6c3868306a346a34683c783c70347834783c7c3078307478703c703
data/raw/ooc/OOC_image_dataset/train/bad/cell_type_HPMEC/2-3_days/230524_86.png,230524_86,230524,train,bad,HPMEC,2-3_days,2,HPMEC,2-3_days,True,True,True,1955972,2056,1542,L,a4e360d435677c245e606d889b334f8615c6cf025972b226653c22b3a8015953,478b47c347c3c783478786478643c643c7434f874f87cf87cf878ea78e878ec7
data/raw/ooc/OOC_image_dataset/train/bad/cell_type_HPMEC/2-3_days/230524_87.png,230524_87,230524,train,bad,HPMEC,2-3_days,2,HPMEC,2-3_days,True,True,True,1961078,2056,1542,L,a763992a6dedcab6484b6a08d75b1b70bffbbb2f4029fbd50640feccf782845f,8e478f870f070e078e870f870f470f470f870f874f874ec74ec74f674f27cf07
data/raw/ooc/OOC_image_dataset/train/bad/cell_type_HPMEC/2-3_days/230524_88.png,230524_88,230524,train,bad,HPMEC,2-3_days,2,HPMEC,2-3_days,True,True,True,1990738,2056,1542,L,e6e81753d4716e0ece4bbbff89fbf6063f1876a5461177e12ea358b03cb93ff4,4f074f074f074fc54fc54f87cf87cf27cf27ce070f830dc30dc3cd838dc38dc3
data/raw/ooc/OOC_image_dataset/train/bad/cell_type_HPMEC/2-3_days/230524_89.png,230524_89,230524,train,bad,HPMEC,2-3_days,2,HPMEC,2-3_days,True,True,True,1897878,2056,1542,L,85f312f906833cd48364c3e8eee893a8154cc191b099d7f3c149b1900042aa6a,8d838fa38f330f334c53cc538c338e838cc38e438ca38cc38d030c130e134e63
data/raw/ooc/OOC_image_dataset/train/bad/cell_type_HPMEC/2-3_days/230524_9.png,230524_9,230524,train,bad,HPMEC,2-3_days,2,HPMEC,2-3_days,True,True,True,1291043,2056,1542,L,1a79216900e6b87710656311710cfb67c2132b1946ce4d16c3ec6fac6827bc71,e444c525c420852145a147b40521050005010401000100000400040000002400
data/raw/ooc/OOC_image_dataset/train/bad/cell_type_HPMEC/2-3_days/230524_90.png,230524_90,230524,train,bad,HPMEC,2-3_days,2,HPMEC,2-3_days,True,True,True,1951137,2056,1542,L,8291de3ac6b2c7cebbacdcc4a623e6a2d8cee5613b04ed83dd6d8e3ab47a86e6,cec3ce83ce83cf07cfc74e47cf878e478e470e478e478f078f878f878d878fc7
data/raw/ooc/OOC_image_dataset/train/bad/cell_type_HPMEC/2-3_days/230524_91.png,230524_91,230524,train,bad,HPMEC,2-3_days,2,HPMEC,2-3_days,True,True,True,1876871,2056,1542,L,84fa42833e705e6028b3c2c0b78a49e4a99fac6b816c6844e5a1a660566f28ee,8d878d878c8f8e878e078e878e878e078f970e978e878f878e878f870f4f8f4f
data/raw/ooc/OOC_image_dataset/train/bad/cell_type_HPMEC/2-3_days/230524_93.png,230524_93,230524,train,bad,HPMEC,2-3_days,2,HPMEC,2-3_days,True,True,True,1913322,2056,1542,L,6c2b7ee800e93980828b26de69e13b50c75ca600f68c89a8aab22b4cc06cad48,8fcf8f8f8f0f8f0f8e0f8e8f0e0f4ecf4ecf8f8f8f8f8fcf8dcf8ccf8ecf8e4f
data/raw/ooc/OOC_image_dataset/train/bad/cell_type_HPMEC/2-3_days/230524_94.png,230524_94,230524,train,bad,HPMEC,2-3_days,2,HPMEC,2-3_days,True,True,True,1858148,2056,1542,L,a985ccab6ba3371cc1339842ce79c8f5ebfbcab722df48cd620db82a141f3b61,8e4ece4f8e4e8f0e8f078f0f8e0fcecfce8fce8fce8fcf8fce0fcf0fcf0fcf0f
data/raw/ooc/OOC_image_dataset/train/bad/cell_type_HPMEC/2-3_days/230524_95.png,230524_95,230524,train,bad,HPMEC,2-3_days,2,HPMEC,2-3_days,True,True,True,1906389,2056,1542,L,6e0fa147c891e4847307f9909a5128e24f0d4d263fed7da0a8d35ee0eebec588,ce0fcf0f8e0f8e0f0f0f0f878f8f8e8f8f0f8f8f0f8f8d8f8d8f0e8f8e0f8e8f
data/raw/ooc/OOC_image_dataset/train/bad/cell_type_HPMEC/2-3_days/230524_96.png,230524_96,230524,train,bad,HPMEC,2-3_days,2,HPMEC,2-3_days,True,True,True,1935266,2056,1542,L,274b1a4b0050b66a9f6cf8206830ea535bf737ea83079fc4fab741f2d5ef3f7b,ce8f8e8f8e0f8e8b8e8b0e8b0e8b0f8b8d8b8e8b8ccb0f8f0f0f8d8f0dcf8ccf
data/raw/ooc/OOC_image_dataset/train/bad/cell_type_HPMEC/2-3_days/230524_97.png,230524_97,230524,train,bad,HPMEC,2-3_days,2,HPMEC,2-3_days,True,True,True,1934812,2056,1542,L,234859a7131b6953d347c318f2624f4a37550cba205a90d0deab936741ae349a,8d6f8b2f0b2f8b2f8d4f8ccf8d678d678e478e478f838fc39fc79ec79c8799c7
data/raw/ooc/OOC_image_dataset/train/bad/cell_type_HPMEC/2-3_days/230524_99.png,230524_99,230524,train,bad,HPMEC,2-3_days,2,HPMEC,2-3_days,True,True,True,1763942,2056,1542,L,7391d3fd82c032c0d443eb2f55a3af833a4577788b2d72f28031e87ada2ae51d,ce078ecf0ccf8ccf8e4f0f0f0f0f8e8f8e8f8f0f8f0e0f0e0f0f8e8f8e8e8e0e
data/raw/ooc/OOC_image_dataset/train/bad/cell_type_HPMEC/2-3_days/230525_10.png,230525_10,230525,train,bad,HPMEC,2-3_days,2,HPMEC,2-3_days,True,True,True,1638918,2056,1542,L,b1a1ee939f5bae25006326182002c9284dd7ff825ebcc32c47c2069cba5fbc5c,04000400040808000c080fc9afc9adc9ec49ad49ae498f49ad488d08ad0cad0c
data/raw/ooc/OOC_image_dataset/train/bad/cell_type_HPMEC/2-3_days/230525_108.png,230525_108,230525,train,bad,HPMEC,2-3_days,2,HPMEC,2-3_days,True,True,True,1916012,2056,1542,L,00af4058aa649eb0b09e04a4ea20f49f4f95abea3e200fa0db145eea2f9a608a,d80cea0ce10cf90ef90ce908ed09f40bcc0fd30be198e81cca1eca1fe819f818
data/raw/ooc/OOC_image_dataset/train/bad/cell_type_HPMEC/2-3_days/230525_11.png,230525_11,230525,train,bad,HPMEC,2-3_days,2,HPMEC,2-3_days,True,True,True,2106047,2056,1542,L,112b7c2fa30eb044107a110aaaa7381f57dfcfad3fd51b98e571c7ad3b0a0bff,ae8cce8cce088e88ac898c898ce98ce98d29ac49ae49af49ad49af498ea98e89
data/raw/ooc/OOC_image_dataset/train/bad/cell_type_HPMEC/2-3_days/230525_12.png,230525_12,230525,train,bad,HPMEC,2-3_days,2,HPMEC,2-3_days,True,True,True,2102199,2056,1542,L,4ee51a30438ad203adfeba834c74939bc3eae9ca9103b09064ab8225770634f0,ac89ac89ef89ee09ce09eea9cda9cda8ccc8ec48cc6ccc6ccc68ef68ee49ee4d
data/raw/ooc/OOC_image_dataset/train/bad/cell_type_HPMEC/2-3_days/230525_13.png,230525_13,230525,train,bad,HPMEC,2-3_days,2,HPMEC,2-3_days,True,True,True,2054153,2056,1542,L,f75715ace02bbf88c16df3dfd734ce4ccfc18a4010b0086f2f0597ac5c7b81a6,edccef4cef49ee096e096c0977096609750974c974c96e896e2c6f0c6d48dd28
data/raw/ooc/OOC_image_dataset/train/bad/cell_type_HPMEC/2-3_days/230525_14.png,230525_14,230525,train,bad,HPMEC,2-3_days,2,HPMEC,2-3_days,True,True,True,2083778,2056,1542,L,1e3597ee4dc5216cd2110440b60db0054c99318b4d1d524df5df99984a5383f8,5768572c348c2c4c7c6c752c670c670cd72cd50cd58cc78cc5acc4ccd4ccd58c
data/raw/ooc/OOC_image_dataset/train/bad/cell_type_HPMEC/2-3_days/230525_147.png,230525_147,230525,train,bad,HPMEC,2-3_days,2,HPMEC,2-3_days,True,True,True,1928886,2056,1542,L,1ce6eb1d1270a1413995e03e47bba357026539fd82e954a217bf799b5db42265,4e634ef34e33ce43ce23cd634c634c734cc3cdc7cbc74bc74ba70b870d878c83
data/raw/ooc/OOC_image_dataset/train/bad/cell_type_HPMEC/2-3_days/230525_148.png,230525_148,230525,train,bad,HPMEC,2-3_days,2,HPMEC,2-3_days,True,True,True,1904800,2056,1542,L,c563ec45dcb7f7a7a8dfe8357dec7dbfe4349075b8460fc55b1ced86278e0bfe,8c73cf63cde3cfa3cea3ce83cf87cf07cf07cf878f878e878e878f078e078ec7
data/raw/ooc/OOC_image_dataset/train/bad/cell_type_HPMEC/2-3_days/230525_15.png,230525_15,230525,train,bad,HPMEC,2-3_days,2,HPMEC,2-3_days,True,True,True,2051535,2056,1542,L,d99daebebb748ee552ff3e9e029875a234a6d74f457336833fb48d121cf4029a,d4acd4acd42c54ec550c56cc56ccc7ecc52cd50cd7cc56ec568cd54cc54cc48c
data/raw/ooc/OOC_image_dataset/train/bad/cell_type_HPMEC/2-3_days/230525_150.png,230525_150,230525,train,bad,HPMEC,2-3_days,2,HPMEC,2-3_days,True,True,True,1845589,2056,1542,L,0050f1b08314ae11d8d3bc5b4b25245339178f6e9f802ab188d5cea217a6336f,8e87cf874dc74cc7cdc78f870f03cf03cf434fc70fc60f86078717c71b079b07
data/raw/ooc/OOC_image_dataset/train/bad/cell_type_HPMEC/2-3_days/230525_151.png,230525_151,230525,train,bad,HPMEC,2-3_days,2,HPMEC,2-3_days,True,True,True,1339276,2056,1542,L,dd4673d15a8c226e6087beb7098511ee4202ef9bb947d37d43cb587614af00cd,8f870f074f074f874e478e678f678d878f870f050f058f878e870f870d070d07
data/raw/ooc/OOC_image_dataset/train/bad/cell_type_HPMEC/2-3_days/230525_152.png,230525_152,230525,train,bad,HPMEC,2-3_days,2,HPMEC,2-3_days,True,True,True,1983642,2056,1542,L,c7242445033ac4c0829caa92bc3d86c208aef48933d66eca37b77306b8d12f64,8ee78d278f078f878f078f078f038f439dc39d839dc39fc39f839b239b439d83
data/raw/ooc/OOC_image_dataset/train/bad/cell_type_HPMEC/2-3_days/230525_159.png,230525_159,230525,train,bad,HPMEC,2-3_days,2,HPMEC,2-3_days,True,True,True,1871683,2056,1542,L,ab18b95a902b207a2f13a657a973c76c9e944eb4b11237445251aa4d7882f6d1,878b078b070bc70bc60bc78b0f8b4f8b4f8bcf8bcecbce4bce4b4e8b4f8b4f0b
data/raw/ooc/OOC_image_dataset/train/bad/cell_type_HPMEC/2-3_days/230525_17.png,230525_17,230525,train,bad,HPMEC,2-3_days,2,HPMEC,2-3_days,True,True,True,1361286,2056,1542,L,76605886fff5bef1331c84a0ff1ee001983f72d271ca9e3551f8cbc3ff8ee611,4200020000000000000002040604176c176c9744970c960c8604970c960c860c
data/raw/ooc/OOC_image_dataset/train/bad/cell_type_HPMEC/2-3_days/230525_175.png,230525_175,230525,train,bad,HPMEC,2-3_days,2,HPMEC,2-3_days,True,True,True,1773164,2056,1542,L,3cdfe521c8ad30aaa77a947d74838972aa899932b7a220fb73aac8af87d7e5ff,8e1e8e1e8e9f8e9e8f9e0c9f8e9f0e9e0f1e0f1e0f1e0f1e0f1e0e1e0e1e8c9e
data/raw/ooc/OOC_image_dataset/train/bad/cell_type_HPMEC/2-3_days/230525_176.png,230525_176,230525,train,bad,HPMEC,2-3_days,2,HPMEC,2-3_days,True,True,True,1737614,2056,1542,L,2cd7b3d21f8115121d2440d5eeeeb93c250251aff64587334dbd62f6882d1cf5,0e1f8c9e8e1e8f1e8f1f8f1f8e1e8f1e8e1e8e1e8f1e8d1e8d1e0c1e8f1e8f1e
data/raw/ooc/OOC_image_dataset/train/bad/cell_type_HPMEC/2-3_days/230525_177.png,230525_177,230525,train,bad,HPMEC,2-3_days,2,HPMEC,2-3_days,True,True,True,1687281,2056,1542,L,c82ab2b54f09cca607f1c397ba49fc6e9b176d15bdf94acf1c0e7368573ec374,8f1e8c9e0c9e8c9e0c9e0c1e8c1e0c9e0c9e0d9e8d9e8c1e8c1e8d1e8d1e8c1e
data/raw/ooc/OOC_image_dataset/train/bad/cell_type_HPMEC/2-3_days/230525_178.png,230525_178,230525,train,bad,HPMEC,2-3_days,2,HPMEC,2-3_days,True,True,True,1737963,2056,1542,L,993863ffbe281aff2c43fd0c72c0225f8541c76b59062e7d9eaa0207cffe8c60,8d1f8c1e0c9e0d9e8d1e8d1e8f9e8c9e8c1e8d1e8d1e8c1e8c9e0d9e0d9e0d1e
data/raw/ooc/OOC_image_dataset/train/bad/cell_type_HPMEC/2-3_days/230525_179.png,230525_179,230525,train,bad,HPMEC,2-3_days,2,HPMEC,2-3_days,True,True,True,1738900,2056,1542,L,923c10247e801573736911ad186673c1a642b9bd8d2a298c2502917f7c7c7c79,8d9e0c9e8c9e8c9e0d1e1c1e9c1e1c9e9c9e0e1e0f0e0f0e8e0e8e0e0c1e0e1e
data/raw/ooc/OOC_image_dataset/train/bad/cell_type_HPMEC/2-3_days/230525_18.png,230525_18,230525,train,bad,HPMEC,2-3_days,2,HPMEC,2-3_days,True,True,True,1151126,2056,1542,L,dd11c9fd1ff230ed1bbffb838a22e90dae78d3594ccc17f6e22c81f37b4dfddd,d62c974cc64cc64c872cd66cf62c460004000204000000000000000000000400
data/raw/ooc/OOC_image_dataset/train/bad/cell_type_HPMEC/2-3_days/230525_181.png,230525_181,230525,train,bad,HPMEC,2-3_days,2,HPMEC,2-3_days,True,True,True,1662710,2056,1542,L,1b0c51a06e84c48cdf564a715a51055faeeb32ea1f73f1390bdb8f63d548e3e4,194e1b4e9b4e19ce188f1cc71cc71c4618c69847994719ce198e3dce318f318d
data/raw/ooc/OOC_image_dataset/train/bad/cell_type_HPMEC/2-3_days/230525_19.png,230525_19,230525,train,bad,HPMEC,2-3_days,2,HPMEC,2-3_days,True,True,True,1672526,2056,1542,L,742ec0499db1e738f633ea5d9bb32ea41982426849b5d5df5c51de922e7f1fce,0000021028004c214ca1eca16cb168b10cb14fb56f256f056a2d6cad6d896c89
data/raw/ooc/OOC_image_dataset/train/bad/cell_type_HPMEC/2-3_days/230525_20.png,230525_20,230525,train,bad,HPMEC,2-3_days,2,HPMEC,2-3_days,True,True,True,1879809,2056,1542,L,6f04da6824bb6f9d154088e4eee6bd78b0d87b2518bbb78fbeb3ca61e12f8287,6f896c196e996e996c896cad6da54da56da56da56ca56da34ca368a369b36f33
data/raw/ooc/OOC_image_dataset/train/bad/cell_type_HPMEC/2-3_days/230525_29.png,230525_29,230525,train,bad,HPMEC,2-3_days,2,HPMEC,2-3_days,True,True,True,1381100,2056,1542,L,c24e9b3204b82405fc16267cdf17116729aacce20aef0fba23f4427ca5ba1ae7,db63d963ce63c863c963d86bdb6bcb63cb63cb63c96bc963c873d873d87bd87b
data/raw/ooc/OOC_image_dataset/train/bad/cell_type_HPMEC/2-3_days/230525_31.png,230525_31,230525,train,bad,HPMEC,2-3_days,2,HPMEC,2-3_days,True,True,True,2021873,2056,1542,L,68c3c879d71523e72c65e256a9896d4a8d3a83f265643e1d29708446a6364378,c963cb63c963c963ce63cc63ca63c863ce53ce73c863c873c873c973c963cb62
data/raw/ooc/OOC_image_dataset/train/bad/cell_type_HPMEC/2-3_days/230525_37.png,230525_37,230525,train,bad,HPMEC,2-3_days,2,HPMEC,2-3_days,True,True,True,995320,2056,1542,L,0f7076791afef5b71bf4768c355d5d0fd20272568a10beeffe87e3900570a584,cf22ef32ed2aedaae4a20920082280084000040004002800000000002420c426
data/raw/ooc/OOC_image_dataset/train/bad/cell_type_HPMEC/2-3_days/230525_79.png,230525_79,230525,train,bad,HPMEC,2-3_days,2,HPMEC,2-3_days,True,True,True,1934472,2056,1542,L,6c01c3cd67fab44ffcbf8a76af85f1d1a08ef10f42f94234ea12c8d2f196d75d,9c439c439e839e239e079e079e039cc31c63196319c31e831e839e831c831c03
data/raw/ooc/OOC_image_dataset/train/bad/cell_type_HPMEC/2-3_days/230525_88.png,230525_88,230525,train,bad,HPMEC,2-3_days,2,HPMEC,2-3_days,True,True,True,1735145,2056,1542,L,33bc806a2d903875af0d61efd95f2db68562e69b5242c505c06c5af16a743229,388e388c388c308c360c3d0c390e3d8e3d8e39cf334d334d324d70cc730d730d
data/raw/ooc/OOC_image_dataset/train/bad/cell_type_HPMEC/2-3_days/230525_91.png,230525_91,230525,train,bad,HPMEC,2-3_days,2,HPMEC,2-3_days,True,True,True,1880924,2056,1542,L,b2dfc8eb767daf80423386f4c6a538366a118cf601ecc1cc1471c18326307344,7a0e721e7f1e771c7f1c753e7c3f7c1d7b1c7f1c7e1e7f1c7f1a7f187d187d18
data/raw/ooc/OOC_image_dataset/train/bad/cell_type_HPMEC/4+_days/230320_125.png,230320_125,230320,train,bad,HPMEC,4+_days,2,HPMEC,4+_days,True,True,True,1549193,2056,1542,L,8870c4db9afbab20835bc6d8a39b3b3eafe34ef07cae8fd242ce32247c948a8e,7a4c764d750c641ae11af898d89cf098f218e619f619fc18fc19f619f61bfa1e
data/raw/ooc/OOC_image_dataset/train/bad/cell_type_HPMEC/4+_days/230320_126.png,230320_126,230320,train,bad,HPMEC,4+_days,2,HPMEC,4+_days,True,True,True,1561786,2056,1542,L,f61b05b522ade64a7ad5b579a1b13a27cab87986a6ad92b34708f6a88d347db5,ea1cfa1cfe18fe19fc19dc19d899d198d11be51bc51eeb18eb1cfe1bca1af81a
data/raw/ooc/OOC_image_dataset/train/bad/cell_type_HPMEC/4+_days/230320_127.png,230320_127,230320,train,bad,HPMEC,4+_days,2,HPMEC,4+_days,True,True,True,1559129,2056,1542,L,d398d86dcc114b02c4d82613e8de9d3b911c0580fb18988180ad34237c7ee3f0,f31acf1aeb1aeb1bef1bee1bce19d71ff71dfa19da18cc9bcc9aea1a771af71a
data/raw/ooc/OOC_image_dataset/train/bad/cell_type_HPMEC/4+_days/230320_128.png,230320_128,230320,train,bad,HPMEC,4+_days,2,HPMEC,4+_days,True,True,True,1579445,2056,1542,L,74093abef62c01184b5b25ba5fbbdf4a2c6957ba0618215af906711467e74509,7a98f21aea18ce1adc1cfa1ad81ac899f899f819f61f9e1db61dc21be81afa1a
data/raw/ooc/OOC_image_dataset/train/bad/cell_type_HPMEC/4+_days/230320_130.png,230320_130,230320,train,bad,HPMEC,4+_days,2,HPMEC,4+_days,True,True,True,1576855,2056,1542,L,c2916ad837cf18a1356d720524d48e2f7ee5ac5d5f5096034a7b04c28ce93ae8,7e317e38fe32ca31ce386d32c938f938f838d834d136ea34e232b2313231f932
data/raw/ooc/OOC_image_dataset/train/bad/cell_type_HPMEC/4+_days/230320_131.png,230320_131,230320,train,bad,HPMEC,4+_days,2,HPMEC,4+_days,True,True,True,1627127,2056,1542,L,24b837158c03c56c173644695c4a9971fbd443c379c218e9e4c00f565b2bf6d9,7d3bff30d934d832f631f633f632e636e636c630e632e636e730e632f633f232
data/raw/ooc/OOC_image_dataset/train/bad/cell_type_HPMEC/4+_days/230320_132.png,230320_132,230320,train,bad,HPMEC,4+_days,2,HPMEC,4+_days,True,True,True,1642748,2056,1542,L,31717cadf1d5f4460d6633340a91cf70417b87745683454e2ea6d5526132986d,f232f230f238fb36f335f234d232f033f233f231f034f034f430f830e830f830
data/raw/ooc/OOC_image_dataset/train/bad/cell_type_HPMEC/4+_days/230320_169.png,230320_169,230320,train,bad,HPMEC,4+_days,2,HPMEC,4+_days,True,True,True,2161077,2056,1542,L,b5004159e27cd3b95a99a440d87317e491f3ef9baab50d07f46c948fe3f93451,5e315e615f015f215f015e815cc15cc14cc14d414f814e214e314c318f318f19
data/raw/ooc/OOC_image_dataset/train/bad/cell_type_HPMEC/4+_days/230320_17.png,230320_17,230320,train,bad,HPMEC,4+_days,2,HPMEC,4+_days,True,True,True,2036001,2056,1542,L,7b687fa72b1d91aa5bc883d5b79a76236a16e74da79a0967fd5b478225375aa0,2d362f362d962c162e362e26262630d639963c063c06390639063f063b063b86
data/raw/ooc/OOC_image_dataset/train/bad/cell_type_HPMEC/4+_days/230320_170.png,230320_170,230320,train,bad,HPMEC,4+_days,2,HPMEC,4+_days,True,True,True,2167545,2056,1542,L,2b523a9317cb749e158c00ad175f50907dc637d8565deda9b4582e42065561f0,1e691f711b311ea19e819ed19f819e319e311cb19cc19e811fa11f219e711c31
data/raw/ooc/OOC_image_dataset/train/bad/cell_type_HPMEC/4+_days/230320_173.png,230320_173,230320,train,bad,HPMEC,4+_days,2,HPMEC,4+_days,True,True,True,2125804,2056,1542,L,95187cd9cbce97a6f8cda973c899e5c42b80b45390af19ed20c7587efaf71a58,2e032e032d032f032f832f032d032dc32f432f432f032f032f03af83af832e83
data/raw/ooc/OOC_image_dataset/train/bad/cell_type_HPMEC/4+_days/230320_174.png,230320_174,230320,train,bad,HPMEC,4+_days,2,HPMEC,4+_days,True,True,True,1793780,2056,1542,L,819223e279ff7e040591a2e61569ce4d42593863525bcdeb3d7d012de6d868f8,2d0729272e232f2306330fe38ec38ec38c431c631ae39e63ae63ac63ac632c43
data/raw/ooc/OOC_image_dataset/train/bad/cell_type_HPMEC/4+_days/230320_176.png,230320_176,230320,train,bad,HPMEC,4+_days,2,HPMEC,4+_days,True,True,True,2106010,2056,1542,L,e87b0aeef6351f8870ffe9f9328559720fc64289cbab690235b655d6facd5c4e,d60bd64a96031503158315031603160316039623162316039603950397039783
data/raw/ooc/OOC_image_dataset/train/bad/cell_type_HPMEC/4+_days/230320_177.png,230320_177,230320,train,bad,HPMEC,4+_days,2,HPMEC,4+_days,True,True,True,2202179,2056,1542,L,5505309f6274dc1a85b51b9789e84829127f334a86a3884e5d1d90cf3c46c2d0,37833703370737073707370336033703370a378a36c3170a160b170b960b960b
data/raw/ooc/OOC_image_dataset/train/bad/cell_type_HPMEC/4+_days/230320_178.png,230320_178,230320,train,bad,HPMEC,4+_days,2,HPMEC,4+_days,True,True,True,2194815,2056,1542,L,7e950371592bbfaae82ffd44139d402f8f88288402d22aac7db68c8a93000d3d,26032603248324832683264326032603270334433403350b264b2603378b3583
data/raw/ooc/OOC_image_dataset/train/bad/cell_type_HPMEC/4+_days/230320_179.png,230320_179,230320,train,bad,HPMEC,4+_days,2,HPMEC,4+_days,True,True,True,2181899,2056,1542,L,64a509aeda82be87e37d8dd194024878b10c949537b33b99bf623fed59fac0c7,24833d8325232723270327432743270327832783270327032743264324032623
data/raw/ooc/OOC_image_dataset/train/bad/cell_type_HPMEC/4+_days/230320_180.png,230320_180,230320,train,bad,HPMEC,4+_days,2,HPMEC,4+_days,True,True,True,2219501,2056,1542,L,b98dd768c492090e57db39ada18dcb5cebc22b8825f1e5e2ed41f7bdf4552453,2e032e032f432c83264327433d432f0326032e432e0326032463244327232703
data/raw/ooc/OOC_image_dataset/train/bad/cell_type_HPMEC/4+_days/230320_182.png,230320_182,230320,train,bad,HPMEC,4+_days,2,HPMEC,4+_days,True,True,True,1742466,2056,1542,L,ed43b8ba4d857789fe133b4d9ecba1b45e943d00da01c3f8760d8be7e08a4b46,6e232e436e436e636ce366e36ec36e436b836b036333ea53e883ef032e032703
data/raw/ooc/OOC_image_dataset/train/bad/cell_type_HPMEC/4+_days/230320_183.png,230320_183,230320,train,bad,HPMEC,4+_days,2,HPMEC,4+_days,True,True,True,2033606,2056,1542,L,c43440f824e7c21af69ff06ab5691d0b6a1adebca22cb12f096b7cb4b4dd3e63,6806680728132c332c632c232d2329832d832d032c436f136f036e036e836723
data/raw/ooc/OOC_image_dataset/train/bad/cell_type_HPMEC/4+_days/230320_184.png,230320_184,230320,train,bad,HPMEC,4+_days,2,HPMEC,4+_days,True,True,True,1820937,2056,1542,L,e9557b8560192017704a6dd460d35f8890461018ed028ecda7406fa2176fb448,32069426948614c61586144614c61c879e079d079c479ed68d668d678e678f23
data/raw/ooc/OOC_image_dataset/train/bad/cell_type_HPMEC/4+_days/230320_201.png,230320_201,230320,train,bad,HPMEC,4+_days,2,HPMEC,4+_days,True,True,True,1706041,2056,1542,L,e599b3a180d97c148abfdc147f5920312220778ff7e3a270dffea2b41b4fef37,7530f430b2383e381e1c1c1a6c18e498dc1c381a38192e1ca81868186c18781c
data/raw/ooc/OOC_image_dataset/train/bad/cell_type_HPMEC/4+_days/230320_24.png,230320_24,230320,train,bad,HPMEC,4+_days,2,HPMEC,4+_days,True,True,True,1527037,2056,1542,L,8f8fa5cccfbd1432dedd37c7fae10785fa657f36d23fd2681a9cedbc0935e275,8d108c019e099e43996b98739cd33c8b3c2b3c03346336c33e8b3c833c633d43
data/raw/ooc/OOC_image_dataset/train/bad/cell_type_HPMEC/4+_days/230320_25.png,230320_25,230320,train,bad,HPMEC,4+_days,2,HPMEC,4+_days,True,True,True,1544095,2056,1542,L,c617789c98e6f2103e9667653e8d4fdfd3ed26bbb19941dae65bcfe8f4ccb4f9,373b3e733c432c0b2d633f333d233f032d132dd32ec32ec32ea32d832d932983
data/raw/ooc/OOC_image_dataset/train/bad/cell_type_HPMEC/4+_days/230320_26.png,230320_26,230320,train,bad,HPMEC,4+_days,2,HPMEC,4+_days,True,True,True,1530189,2056,1542,L,aa18ed41ab9d9af022c814782b78b7e2aa87fb8b42fe978818bec07cc16e6d9f,29d328e329332933293329332ce329c32e432f532e232eb32f032f132a532f43
data/raw/ooc/OOC_image_dataset/train/bad/cell_type_HPMEC/4+_days/230320_27.png,230320_27,230320,train,bad,HPMEC,4+_days,2,HPMEC,4+_days,True,True,True,1511193,2056,1542,L,248ac995e05101f5a7dd973bb481976a18517445551717fc2a66a4eafb117a83,2f432e432fb32ba32bc32b4329d32933333367232e233c232c236cb36e236f33
data/raw/ooc/OOC_image_dataset/train/bad/cell_type_HPMEC/4+_days/230320_28.png,230320_28,230320,train,bad,HPMEC,4+_days,2,HPMEC,4+_days,True,True,True,1522102,2056,1542,L,2f3d385c9c3c9eca3e6dafd960a6c845c05aa581f79cf1b2e84acc7f75d27e44,6f336f336e7368e32bc36fc36f136b336a6268c269d26b136fa36da36b876f86
data/raw/ooc/OOC_image_dataset/train/bad/cell_type_HPMEC/4+_days/230320_29.png,230320_29,230320,train,bad,HPMEC,4+_days,2,HPMEC,4+_days,True,True,True,1533187,2056,1542,L,585f0bbdf8a206d3924d00d67923e4d022d7d2e6f4a659bd2e1cb45368c7512e,6f836d866f066d166a36697669c66ac66dc66d666d666d36691669964b067b27
data/raw/ooc/OOC_image_dataset/train/bad/cell_type_HPMEC/4+_days/230320_31.png,230320_31,230320,train,bad,HPMEC,4+_days,2,HPMEC,4+_days,True,True,True,1538969,2056,1542,L,2df68aedfad299c0d71d0cb117d1a4f45d1e2049dcc221298774a77e5f9d007e,49964a865aa65a867bc66b466f646f246f456f254f044e444c844f04490c494c
data/raw/ooc/OOC_image_dataset/train/bad/cell_type_HPMEC/4+_days/230320_70.png,230320_70,230320,train,bad,HPMEC,4+_days,2,HPMEC,4+_days,True,True,True,2028398,2056,1542,L,1c45b0227525618f9357cfec6032616af55893ec2130ed2323f79206e1bba5bf,cfc3cf438c430d138c130c738e338f330f330e734c738e638a638af38ce388e3
data/raw/ooc/OOC_image_dataset/train/bad/cell_type_HPMEC/4+_days/230320_74.png,230320_74,230320,train,bad,HPMEC,4+_days,2,HPMEC,4+_days,True,True,True,2145913,2056,1542,L,8592141188665bd56f491ff6a18c0bc09fac3b80586540e9e7299ce18fcef316,9e639f639a639c739e63df43dfc396e396d31ad33d53338623262f2725e765cd
data/raw/ooc/OOC_image_dataset/train/bad/cell_type_HPMEC/4+_days/230424_1.png,230424_1,230424,train,bad,HPMEC,4+_days,2,HPMEC,4+_days,True,True,True,2004848,2056,1542,L,d8d1e9552e465027a984a0293a929e413dfd095d7ffff813e7774d7105f48dc1,cd20cc30cc58cccccdc449e4cdc44dc44ccc0c580c58cccc49c44bc4cbc2ca82
data/raw/ooc/OOC_image_dataset/train/bad/cell_type_HPMEC/4+_days/230424_10.png,230424_10,230424,train,bad,HPMEC,4+_days,2,HPMEC,4+_days,True,True,True,2050496,2056,1542,L,6ea1326563baeada5d60cb931c1d0875acf93c245d19739c05a15cc0b3451e02,8fc80fc90fe90fe91ce95fe9d5c9d7c917c916c913c9130d9b0d1b099b099ba5
data/raw/ooc/OOC_image_dataset/train/bad/cell_type_HPMEC/4+_days/230424_11.png,230424_11,230424,train,bad,HPMEC,4+_days,2,HPMEC,4+_days,True,True,True,1947999,2056,1542,L,45cbb224db16d3cbd9f1fb556ba636c1294fe3045e4d45dc17de22feac02a2aa,9b819b819ac19ae19a9192e19d61194119f118e118e198e119e111e199e119e1
data/raw/ooc/OOC_image_dataset/train/bad/cell_type_HPMEC/4+_days/230424_13.png,230424_13,230424,train,bad,HPMEC,4+_days,2,HPMEC,4+_days,True,True,True,1790220,2056,1542,L,51254456a443d92c602e3f89f332f696d9c751925e9d4857d5c461fef35572c4,19839b839ac319c399639b7313c313e390e391e391c390db919f90179097119f
data/raw/ooc/OOC_image_dataset/train/bad/cell_type_HPMEC/4+_days/230424_14.png,230424_14,230424,train,bad,HPMEC,4+_days,2,HPMEC,4+_days,True,True,True,1743200,2056,1542,L,3aa5c696d1277c647d92a976c5c092165af65a3d05ffa9f596487717cbd36f21,918f938b930b97471703172317871fc71fc71e079f8f9e8e9e8e9e061e471e47
data/raw/ooc/OOC_image_dataset/train/bad/cell_type_HPMEC/4+_days/230424_15.png,230424_15,230424,train,bad,HPMEC,4+_days,2,HPMEC,4+_days,True,True,True,1864785,2056,1542,L,caa8f6bf98877bf97780202cdf6f767b1a6debacb6e02b88c20fa9f4bcf070a9,9607948f95c715d715d61ec73c469f46bd863d463f462e462ec72ee72ca62da7
data/raw/ooc/OOC_image_dataset/train/bad/cell_type_HPMEC/4+_days/230424_16.png,230424_16,230424,train,bad,HPMEC,4+_days,2,HPMEC,4+_days,True,True,True,1649384,2056,1542,L,fb39898e438c1a5530980134ef7f607ecf0ef404132b42818c44d82e3107363c,2d863d873ce738c738e7226727360f1e0f0e0e0f0e0e0e0f0e0f0e0e071f2636
data/raw/ooc/OOC_image_dataset/train/bad/cell_type_HPMEC/4+_days/230424_18.png,230424_18,230424,train,bad,HPMEC,4+_days,2,HPMEC,4+_days,True,True,True,1774171,2056,1542,L,50962f61faf0798ffbada3e7c7bbdf98ac54afb17fa1de23097fd40fc49cb81b,1d8e1f0f1f0d1f0f1f0f1f1f1f1f0e1c0e1d063e12ce11df199e399e3c9f3f1f
data/raw/ooc/OOC_image_dataset/train/bad/cell_type_HPMEC/4+_days/230424_19.png,230424_19,230424,train,bad,HPMEC,4+_days,2,HPMEC,4+_days,True,True,True,1966598,2056,1542,L,c676c324e11985ec9491b7d3c1c759f5c39bf9cb86729899103c6c77f3996931,ccc3cc839c939e139f839f039f839f83968397c315931d839ce39cf39cd39cc3
data/raw/ooc/OOC_image_dataset/train/bad/cell_type_HPMEC/4+_days/230424_2.png,230424_2,230424,train,bad,HPMEC,4+_days,2,HPMEC,4+_days,True,True,True,1479497,2056,1542,L,69b8b8d9f5013137361e9ec904c1723ff021f5c6b0318cb8a2455ca146656528,8c5c8e78cc60cce8cce8cc888c908e984dc80d804f804f815f815f81db81df81
data/raw/ooc/OOC_image_dataset/train/bad/cell_type_HPMEC/4+_days/230424_21.png,230424_21,230424,train,bad,HPMEC,4+_days,2,HPMEC,4+_days,True,True,True,1434846,2056,1542,L,102a81f0bb589748d7f2ddf3b41d37c574d60e8ae25b4e0cf82fbe457e27538c,96c39fd39d939e839e039f839c839ed39ec39fa31f039f439c83168b13bb1c63
data/raw/ooc/OOC_image_dataset/train/bad/cell_type_HPMEC/4+_days/230424_24.png,230424_24,230424,train,bad,HPMEC,4+_days,2,HPMEC,4+_days,True,True,True,1848524,2056,1542,L,86f79c8958e74d0e3f2a8b66ab370d9b5ef27d60bd00669f315cf6b1d258524e,34962fc62d462f862e063c26392639c639473b063b063b0c3b0c3b053fa53f86
data/raw/ooc/OOC_image_dataset/train/bad/cell_type_HPMEC/4+_days/230424_25.png,230424_25,230424,train,bad,HPMEC,4+_days,2,HPMEC,4+_days,True,True,True,1485980,2056,1542,L,b6734d354598ebe3dc3abc78704ce0ad0846937fdaa4310f65cbdfb756ab4f14,3c962fc62d0e2f062e263d26392639c639463b063b063b0c3b0c3b853fa53fa6
data/raw/ooc/OOC_image_dataset/train/bad/cell_type_HPMEC/4+_days/230424_26.png,230424_26,230424,train,bad,HPMEC,4+_days,2,HPMEC,4+_days,True,True,True,1424793,2056,1542,L,ca22da88f9690141544dd1bb29158bbc07978ce0a06210d3e5e449807c113ae4,3f8e3f8e3e2c1e2c1e4d3a0d390c3b0e1e0f1f0f1f4f1fcf1dce1fcd1e8d1e8f
data/raw/ooc/OOC_image_dataset/train/bad/cell_type_HPMEC/4+_days/230424_27.png,230424_27,230424,train,bad,HPMEC,4+_days,2,HPMEC,4+_days,True,True,True,1727546,2056,1542,L,61465ea6be47008688f45c85b4b1dee36051881050bb681ed4c40bddc931087d,1e6c1a4d3b0d390c1f0e1d0f1f0f1f4f1fce1dcd1ecd1e0f1e8f1e0c164d13cd
data/raw/ooc/OOC_image_dataset/train/bad/cell_type_HPMEC/4+_days/230424_28.png,230424_28,230424,train,bad,HPMEC,4+_days,2,HPMEC,4+_days,True,True,True,1914243,2056,1542,L,b3d9550e612ef6d90f9c513a2111a14a81b0106c65b6f44909472f290e5782e3,9ce319c311c3326337333d133f133f033f033c0b3d8a39ca3c8b3d8339c33d83
data/raw/ooc/OOC_image_dataset/train/bad/cell_type_HPMEC/4+_days/230424_3.png,230424_3,230424,train,bad,HPMEC,4+_days,2,HPMEC,4+_days,True,True,True,1981247,2056,1542,L,354bc97a0110d0bea73e8cf7f831a78a34e5d97f70b8af968038622d155c6f9f,df815cc11ec1dda1dc495c491e499f199b99db99dfc99f919f999fc99bc19b61
data/raw/ooc/OOC_image_dataset/train/bad/cell_type_HPMEC/4+_days/230424_37.png,230424_37,230424,train,bad,HPMEC,4+_days,2,HPMEC,4+_days,True,True,True,1890879,2056,1542,L,747cbedf0885c755b4a9e2c55de9e84e71696031aca21bc41942b79f303d3271,3d1a3c0e3c26346630663e663a0e3f1e3e0e3c073827382739073d0e3e463c47
data/raw/ooc/OOC_image_dataset/train/bad/cell_type_HPMEC/4+_days/230424_38.png,230424_38,230424,train,bad,HPMEC,4+_days,2,HPMEC,4+_days,True,True,True,1426175,2056,1542,L,5bd37e77ba70d1b1a20d43db2a367737f9dba142e7401f690e192a5eaf0e973b,7f077f477f467b467f0677867dc779c771c7788778467546714778167a067a07
data/raw/ooc/OOC_image_dataset/train/bad/cell_type_HPMEC/4+_days/230424_4.png,230424_4,230424,train,bad,HPMEC,4+_days,2,HPMEC,4+_days,True,True,True,1463587,2056,1542,L,a3199dc016a95f882f4f7dbe502659f6f0c476f2fab6cb7ad195a7fba553e75c,1ec11f81dd09dc495e499e499f19db99df89de819f919f099bc19fe19be199f1
data/raw/ooc/OOC_image_dataset/train/bad/cell_type_HPMEC/4+_days/230424_42.png,230424_42,230424,train,bad,HPMEC,4+_days,2,HPMEC,4+_days,True,True,True,1601874,2056,1542,L,1a33b037f15b7bcc3a13edd495577da0e954ec73d3cec4991a1d005dd05efe7d,1c4c3c6c3c7c3c3c3c3f3c3f3c4c1c4d18fc0edd3e5c3c5c3e5d0e3d1a7d1c3d
data/raw/ooc/OOC_image_dataset/train/bad/cell_type_HPMEC/4+_days/230424_43.png,230424_43,230424,train,bad,HPMEC,4+_days,2,HPMEC,4+_days,True,True,True,1954587,2056,1542,L,3ecc82971b86d213f1d8833b5ecdafffff68c6ecae376a24eb6e94bd09c60395,3e3c3c1c7c1c749c7b1c7f1f790d791c7d1c7f1c721cf81cf818fb1af39aec9a
data/raw/ooc/OOC_image_dataset/train/bad/cell_type_HPMEC/4+_days/230424_44.png,230424_44,230424,train,bad,HPMEC,4+_days,2,HPMEC,4+_days,True,True,True,1795360,2056,1542,L,a1cdf763cf64743a6b8678f0bec50f7eca0d636eba67a50993a739bf707e64fc,7d1a7d1b7a1b7e1c7d187c19fe1cfa1ef81cfe18fe18fe1876187e187c1e7b1c
data/raw/ooc/OOC_image_dataset/train/bad/cell_type_HPMEC/4+_days/230424_5.png,230424_5,230424,train,bad,HPMEC,4+_days,2,HPMEC,4+_days,True,True,True,1498947,2056,1542,L,977b523bd28eb6bd7dae481c8cba08daada86f9d317a4ee61ea78a83c3f63e01,9d919d919f899f8b9f839f939f339da39dc31d239d239f039f839e939b939b83
data/raw/ooc/OOC_image_dataset/train/bad/cell_type_HPMEC/4+_days/230424_53.png,230424_53,230424,train,bad,HPMEC,4+_days,2,HPMEC,4+_days,True,True,True,1861437,2056,1542,L,1be6ef026327fab511ce3ce7dc7d3e13943cc0876fc374fd7bdd74b727a04584,c32e873c273a6738e338e33af32fe32767260f369f34f325f321d131f93be86b
data/raw/ooc/OOC_image_dataset/train/bad/cell_type_HPMEC/4+_days/230424_7.png,230424_7,230424,train,bad,HPMEC,4+_days,2,HPMEC,4+_days,True,True,True,1445171,2056,1542,L,210a38411399a169e5c7b6656a473ce0d124059cc4836606cc5a2dd3960ab4c6,99839f231f229f439f531f131e131e731e539f831f831b021bb21bb218e61cc6
data/raw/ooc/OOC_image_dataset/train/bad/cell_type_HPMEC/4+_days/230424_8.png,230424_8,230424,train,bad,HPMEC,4+_days,2,HPMEC,4+_days,True,True,True,2162440,2056,1542,L,acce6bdaa02d93df05d80cc411f4e40275af7b1a469e9420730edc6b09661492,9e439c539e831fc31bb21bb2198218861cc61cd618d659c699969f061f161bb6
data/raw/ooc/OOC_image_dataset/train/bad/cell_type_HPMEC/4+_days/230425_1.png,230425_1,230425,train,bad,HPMEC,4+_days,2,HPMEC,4+_days,True,True,True,1628688,2056,1542,L,ea117dbb1aebb345e04eefef697e98be669b44503f8b64111b4f70d1d5a31dde,c364c4e044e0c5e0cbc0ccc04ae48a4c4a5849c84bc6cac9ca2949c5cbc5cbc1
data/raw/ooc/OOC_image_dataset/train/bad/cell_type_HPMEC/4+_days/230425_106.png,230425_106,230425,train,bad,HPMEC,4+_days,2,HPMEC,4+_days,True,True,True,2048139,2056,1542,L,c071c3181c9a733e7a944ec2713ae0c064c9d883b71bf19748b6c22bcb2560cd,c466c666e566c566e636e656e6c6c4d7e637ee27eec6cec6cee6cce7ece6eda6
data/raw/ooc/OOC_image_dataset/train/bad/cell_type_HPMEC/4+_days/230425_11.png,230425_11,230425,train,bad,HPMEC,4+_days,2,HPMEC,4+_days,True,True,True,2093116,2056,1542,L,dfabe134a0f9d36a8b386471786be3e58c0bf37484e4ce5092651981490d1cc9,9f819f991fc99e419fc19e519e399cd99cd99ed916311e699e61976195e999c1
data/raw/ooc/OOC_image_dataset/train/bad/cell_type_HPMEC/4+_days/230425_12.png,230425_12,230425,train,bad,HPMEC,4+_days,2,HPMEC,4+_days,True,True,True,2062616,2056,1542,L,8c31a90b69368b5be616acd19c812e39111e7e8a65b071adc72cdc0ab5d4dc2a,9ef198c99cf19e719e711eb114b194b19c619761974995599731957316e31723
data/raw/ooc/OOC_image_dataset/train/bad/cell_type_HPMEC/4+_days/230425_125.png,230425_125,230425,train,bad,HPMEC,4+_days,2,HPMEC,4+_days,True,True,True,1425412,2056,1542,L,6f457f0e0127be78ccc97322a6612d0b7ba4d94d0f5fea9c92cfd7ffbc86d657,c78ec78ec78ec78fc70fc70fc70ec70ec70ec78ec78ec78ec78ec78ec78ec70e
data/raw/ooc/OOC_image_dataset/train/bad/cell_type_HPMEC/4+_days/230425_129.png,230425_129,230425,train,bad,HPMEC,4+_days,2,HPMEC,4+_days,True,True,True,1953596,2056,1542,L,60569c6ce5dfa93ff18138810a590c482d8ebd468358d1b19fcf8201e469e9db,ce8e8e0eceae8eaecdaecf8ecdee8dee85eecceecd6ecd6e874e8eee8fae8d8e
data/raw/ooc/OOC_image_dataset/train/bad/cell_type_HPMEC/4+_days/230425_13.png,230425_13,230425,train,bad,HPMEC,4+_days,2,HPMEC,4+_days,True,True,True,1431020,2056,1542,L,f1663029c72e979c266b4b2a3e6f45661c122e03ba8ba532eae3bc19d523982f,9f539693978396a396e396c31d531a539a539a439a631a639a6318e319831d82
data/raw/ooc/OOC_image_dataset/train/bad/cell_type_HPMEC/4+_days/230425_132.png,230425_132,230425,train,bad,HPMEC,4+_days,2,HPMEC,4+_days,True,True,True,1838634,2056,1542,L,cf022f45803a7ccf107ce693fa7f1d4c9cf03eb780611389981134441e6aaccf,877e856e85ae85ee84ee84ee86ee856e842e842e846ec46ec46ec66ec76ec7ee
data/raw/ooc/OOC_image_dataset/train/bad/cell_type_HPMEC/4+_days/230425_14.png,230425_14,230425,train,bad,HPMEC,4+_days,2,HPMEC,4+_days,True,True,True,1984515,2056,1542,L,3e27a3141523214737a3a1dc8be52c7a4c615bb3d01c2d3a84afa4a7bef49179,96539f439a539c539a431a639a631ae318c31d83198299939b929b8216223603
data/raw/ooc/OOC_image_dataset/train/bad/cell_type_HPMEC/4+_days/230425_16.png,230425_16,230425,train,bad,HPMEC,4+_days,2,HPMEC,4+_days,True,True,True,1516737,2056,1542,L,df86c20987af9a4d0ce826df7ee762572b1fd475e2af3b9ff577aaa69925a47e,1c8e1c8e1e8e1c8e1e8e1c8f1d8d170c1d8c1c8e1e8f1e0e1e0e1c8e1c8e1d1e
data/raw/ooc/OOC_image_dataset/train/bad/cell_type_HPMEC/4+_days/230425_3.png,230425_3,230425,train,bad,HPMEC,4+_days,2,HPMEC,4+_days,True,True,True,1579471,2056,1542,L,729bdfd757cf8adfa32e2098ccbfb95d6efdbc26fd636cf257581bd55330f055,cfc1cfc14f814f814f818f8107c1078187818fc10781078107c18781c7b18731
data/raw/ooc/OOC_image_dataset/train/bad/cell_type_HPMEC/4+_days/230425_4.png,230425_4,230425,train,bad,HPMEC,4+_days,2,HPMEC,4+_days,True,True,True,1604261,2056,1542,L,98246a804d70356a9d73a8edd10c294d71db199e6fef9775b03ef34bebc346e2,8731c78147c14783c7838783878347c38783878b878b8743870387c387c387c3
data/raw/ooc/OOC_image_dataset/train/bad/cell_type_HPMEC/4+_days/230425_5.png,230425_5,230425,train,bad,HPMEC,4+_days,2,HPMEC,4+_days,True,True,True,1665390,2056,1542,L,3ab48746c4f0b71d3972f4208b633a74c04c1b7e82571db3c2757df3769d6801,8fc38fc38d838d838f838f8387c397839f839b83898b1c9b9e739f839d039f03
data/raw/ooc/OOC_image_dataset/train/bad/cell_type_HPMEC/4+_days/230425_7.png,230425_7,230425,train,bad,HPMEC,4+_days,2,HPMEC,4+_days,True,True,True,1734627,2056,1542,L,98814a2b13838d01e7f7c02b2d1ba174da0319efe6f99cc2ec72f75112222b7d,94b393b311bf139f9b1b9b4f9b8f9b8e9b9719971a3619b69a679a779e771c67
data/raw/ooc/OOC_image_dataset/train/bad/cell_type_HPMEC/4+_days/230425_9.png,230425_9,230425,train,bad,HPMEC,4+_days,2,HPMEC,4+_days,True,True,True,2000653,2056,1542,L,49db10123f10561eaf3e6788ba10a3d18106301ec9bb2112d189b42d4dbe8a57,17779336937611a792c79ac69e679e47164696cf1fcf3f8e3bcf3acf289f6996
data/raw/ooc/OOC_image_dataset/train/bad/cell_type_HPMEC/4+_days/230517_28.png,230517_28,230517,train,bad,HPMEC,4+_days,2,HPMEC,4+_days,True,True,True,1686316,2056,1542,L,a1199a05099b7114962a17d071e747dc35b5f0a8b6a6736d1bcc7d7e9b282718,db179697d68e568e168e960f9217db37586718875806100690e690e64006d806
data/raw/ooc/OOC_image_dataset/train/bad/cell_type_HPMEC/4+_days/230517_30.png,230517_30,230517,train,bad,HPMEC,4+_days,2,HPMEC,4+_days,True,True,True,1774356,2056,1542,L,bcaf385865b3789a1fe272c78f1db9da22391acf4ad3839ca5f56e8a3b6c1542,8ce65f275b8759871e271b065a261b671b471e4618e61b6619861d869de61e67
data/raw/ooc/OOC_image_dataset/train/bad/cell_type_HPMEC/4+_days/230517_31.png,230517_31,230517,train,bad,HPMEC,4+_days,2,HPMEC,4+_days,True,True,True,2085556,2056,1542,L,851135f015a973fa8b8258fd7627c9f2c4ca0dc8171478441d861e6e4633ebee,9e461e421b629a821cc21ec39dc39ca39ec39ec39ec39f439e038f231f039ee3
data/raw/ooc/OOC_image_dataset/train/bad/cell_type_HPMEC/4+_days/230517_34.png,230517_34,230517,train,bad,HPMEC,4+_days,2,HPMEC,4+_days,True,True,True,2083530,2056,1542,L,b24dc0b3fa88a65c4f19c9735d070eb0829c6078a4a1a4b8f5b55801cb15b99a,8b4a8aea8cea8caa8c2a1d6b4b6b5b22192a182b0caa0d6a0eea0f4a9d038d8b
data/raw/ooc/OOC_image_dataset/train/bad/cell_type_HPMEC/4+_days/230517_35.png,230517_35,230517,train,bad,HPMEC,4+_days,2,HPMEC,4+_days,True,True,True,2055297,2056,1542,L,36d2073b4a72dfb7ee1d18c9bd92238f7b5f2503f36173f41aaf15113f216ad0,8b2b0a8a0bcb0e8b8ccb8ceb0ccb8c8b8e8b0ecb0e6b0e4b0d4a0d8b0f4b8b0a
data/raw/ooc/OOC_image_dataset/train/bad/cell_type_HPMEC/4+_days/230517_36.png,230517_36,230517,train,bad,HPMEC,4+_days,2,HPMEC,4+_days,True,True,True,2029937,2056,1542,L,1bb3dcbedd59056fabf6895a9c078e1f1d89039f976e214a5d81230c339fd227,8b6a8aea8cab8f2b0f2bcc6b8c4b0c6b0e6b0acb894a0b428acb89038f238ba3
data/raw/ooc/OOC_image_dataset/train/bad/cell_type_HPMEC/4+_days/230517_74.png,230517_74,230517,train,bad,HPMEC,4+_days,2,HPMEC,4+_days,True,True,True,1487891,2056,1542,L,fa7ccf27e7d94bd87b36ea640d573a93577f15c75343c76af80adf8b5215f9e7,cfebcfebcfebcbebcbebcfebcfcb8beb8feb8feb8f8b8f8b0fcb0fcb0f8b0f8b
data/raw/ooc/OOC_image_dataset/train/bad/cell_type_HPMEC/4+_days/230517_75.png,230517_75,230517,train,bad,HPMEC,4+_days,2,HPMEC,4+_days,True,True,True,1470068,2056,1542,L,c1070e20f69e8ef688dbaa26adc6c73f80de28c8cb1ffd3ecad12d899c7a33fe,8f8b8f8b0f8b0f9b8f9b8feb0e6b8f7b4b7bcbfb8fdb8fc38fcbcfc3cfc34fc3
data/raw/ooc/OOC_image_dataset/train/bad/cell_type_HPMEC/4+_days/230517_77.png,230517_77,230517,train,bad,HPMEC,4+_days,2,HPMEC,4+_days,True,True,True,1646159,2056,1542,L,9557b23e68bbb6b679986a8682076301988bbb3961dd2a46ded312b2dcd70657,4fcb8fc3cfc3cfc30fc38fc38fc3cfc3cfd3cfd3cfd38fd34fd34fd3cfd30fd3
data/raw/ooc/OOC_image_dataset/train/bad/cell_type_HPMEC/4+_days/230517_78.png,230517_78,230517,train,bad,HPMEC,4+_days,2,HPMEC,4+_days,True,True,True,1693446,2056,1542,L,46949e1bdbe855593215f3806391c103370d2960980399cdc304e7873cd45b8d,cfc3cfc38f838f93cf934bd30fd38fd38fd38fd38fd38fd3cbd38fd38fd38fd3
data/raw/ooc/OOC_image_dataset/train/bad/cell_type_HPMEC/4+_days/230517_79.png,230517_79,230517,train,bad,HPMEC,4+_days,2,HPMEC,4+_days,True,True,True,1760945,2056,1542,L,485d9120392e5932413a7a8d4e48c2bee8b9e0d903553b6eb11d967f188ac570,8fd38fd38fc30f530fc30fc38fc38fd38fd38fd38fd38fd38dd38dd38dd39dd3
data/raw/ooc/OOC_image_dataset/train/bad/cell_type_HPMEC/4+_days/230517_80.png,230517_80,230517,train,bad,HPMEC,4+_days,2,HPMEC,4+_days,True,True,True,1692340,2056,1542,L,2c59ed837c45a35f7a83ad969fab9faf73fe4935620b925b178fd6c8a96a8246,8dd38dd38fd38f938f938f138f939f931f939fd39f938f939fd39fd39f938fc3
data/raw/ooc/OOC_image_dataset/train/bad/cell_type_HPMEC/4+_days/230529_101.png,230529_101,230529,train,bad,HPMEC,4+_days,2,HPMEC,4+_days,True,True,True,1999309,2056,1542,L,19a267267b1ba0d0108d80f90e3f8db71d041758592d39376b1cd396b0a2df56,ee67e6c7f1c7ec06e607f206fd07ec87ec06ea06fa06fe06fc86e886fc46ece6
data/raw/ooc/OOC_image_dataset/train/bad/cell_type_HPMEC/4+_days/230529_105.png,230529_105,230529,train,bad,HPMEC,4+_days,2,HPMEC,4+_days,True,True,True,1960649,2056,1542,L,8cab776fff64e55ffdc007b09bdd1803480f1334ebd5f4e146f1b67615f44c0d,f2c3f783f703fe03fe83fe83fd03fd03fe03fc03fc83fc83bc03fd23f503f503
data/raw/ooc/OOC_image_dataset/train/bad/cell_type_HPMEC/4+_days/230529_106.png,230529_106,230529,train,bad,HPMEC,4+_days,2,HPMEC,4+_days,True,True,True,1885691,2056,1542,L,4a3a8d91703b084d0a15751797c9b24f5754f878927f9cd14d314e127f8d8ec0,f4c3f903f843f843fa03fb03ff03f603fe43fc43fd03f1a3f6c3f643f643f2c3
data/raw/ooc/OOC_image_dataset/train/bad/cell_type_HPMEC/4+_days/230529_107.png,230529_107,230529,train,bad,HPMEC,4+_days,2,HPMEC,4+_days,True,True,True,1949691,2056,1542,L,fbbdc02fed3a851417fd474a411af52af55fc98c786ea2712aa0eb8e8471b462,f38363836d8363c373c774e66ec66ec674c771c7d3c7c5cdcc8fcc8bed99e319
data/raw/ooc/OOC_image_dataset/train/bad/cell_type_HPMEC/4+_days/230529_13.png,230529_13,230529,train,bad,HPMEC,4+_days,2,HPMEC,4+_days,True,True,True,1376277,2056,1542,L,76ac41728e80baa442acdbfb01263ea156f93b789f432df57080cd0cfc947682,122c123e122c136013e013ec13ec13a45434522c52ac52ec13ac139c538cd34c
data/raw/ooc/OOC_image_dataset/train/bad/cell_type_HPMEC/4+_days/230529_144.png,230529_144,230529,train,bad,HPMEC,4+_days,2,HPMEC,4+_days,True,True,True,2046460,2056,1542,L,cdb7015470be1568100570dc92c5cc2fcf3953b4dfeaa35575c1e1905919440c,ce73ce73ceb34c438e438c638c630c630da38d638de70dc70c478ec78de30da3
data/raw/ooc/OOC_image_dataset/train/bad/cell_type_HPMEC/4+_days/230529_146.png,230529_146,230529,train,bad,HPMEC,4+_days,2,HPMEC,4+_days,True,True,True,2004674,2056,1542,L,e82b10efafc0070579148209a1e4c5e812cb58df6cd673ff128afaed5c47650c,8f078f47cf47cf27cf478f470f070f87cec7cfc7cf87cfc7cd87cf07cf87cf87
data/raw/ooc/OOC_image_dataset/train/bad/cell_type_HPMEC/4+_days/230529_147.png,230529_147,230529,train,bad,HPMEC,4+_days,2,HPMEC,4+_days,True,True,True,1888878,2056,1542,L,77dbb955c2c58334191353d162a2e79deaa8c51376610dd9af53a0dbb77279ae,cfc7cec7cfc74ec3cec3cfc3cf03cf03cf03cf030fc70fc70fc787c39b839b83
data/raw/ooc/OOC_image_dataset/train/bad/cell_type_HPMEC/4+_days/230529_148.png,230529_148,230529,train,bad,HPMEC,4+_days,2,HPMEC,4+_days,True,True,True,1873471,2056,1542,L,6e721805890bbd9789e3e83e5516cb14e4dbc526327fdab893b3dabe78f22bb9,8ba3cba3cb87cf878f8787878f878f234f838f878f87cf874fc74ec70f078f07
data/raw/ooc/OOC_image_dataset/train/bad/cell_type_HPMEC/4+_days/230529_149.png,230529_149,230529,train,bad,HPMEC,4+_days,2,HPMEC,4+_days,True,True,True,1929256,2056,1542,L,c246bfb974f43b43db7d9a19bf6c55605cd635d5b8718c3a68729be9c0803a77,cf03cf07cf23ce87cfc34f834f838f838f838f838f838f834f838ec3ce23cea3
data/raw/ooc/OOC_image_dataset/train/bad/cell_type_HPMEC/4+_days/230529_150.png,230529_150,230529,train,bad,HPMEC,4+_days,2,HPMEC,4+_days,True,True,True,1944313,2056,1542,L,e456eb4ee829f535c1fc38d38d34e76c6545d4619e486a9f84bbae79f192c8ad,ce23cfa3cf83cfc3cfc3cfc34fc34fc3cfe3cec34ce34de3cdc34d934d93cdc1
data/raw/ooc/OOC_image_dataset/train/bad/cell_type_HPMEC/4+_days/230529_151.png,230529_151,230529,train,bad,HPMEC,4+_days,2,HPMEC,4+_days,True,True,True,1996303,2056,1542,L,f470b832dca06311a531c50a3c022afa8770059483ff8516b1783a89baa00d15,cde1cfc1cfc14f81cf010f614f418f410f418fa1cfa1cfe10ec1cfc18fc18f81
data/raw/ooc/OOC_image_dataset/train/bad/cell_type_HPMEC/4+_days/230529_152.png,230529_152,230529,train,bad,HPMEC,4+_days,2,HPMEC,4+_days,True,True,True,2181158,2056,1542,L,996faed5793fd29bd20ddf4a63f083e59247f745623d30d7a16a1a8acb8fda25,cfa1cfb10f910e714f614ec10ed08e50ce588e68c630265186610ec14fd1cba9
data/raw/ooc/OOC_image_dataset/train/bad/cell_type_HPMEC/4+_days/230529_153.png,230529_153,230529,train,bad,HPMEC,4+_days,2,HPMEC,4+_days,True,True,True,2013317,2056,1542,L,004e53e8542e45821b259f4b3296394a32c9110117be86d19c70a4e2847ff4aa,0d674f074d07cc878c478e478d878d438f838d830f438ec30fc38f878f870f07
data/raw/ooc/OOC_image_dataset/train/bad/cell_type_HPMEC/4+_days/230529_154.png,230529_154,230529,train,bad,HPMEC,4+_days,2,HPMEC,4+_days,True,True,True,2013520,2056,1542,L,d361fd5a2f51c0e8b3f3af2a7494e66998112ce72efee79b25d7686cda2678ac,cf238f038f878d83cdc3cdc3cec34e434f474fc34fa38fa38ee34f83cf834ec3
data/raw/ooc/OOC_image_dataset/train/bad/cell_type_HPMEC/4+_days/230529_155.png,230529_155,230529,train,bad,HPMEC,4+_days,2,HPMEC,4+_days,True,True,True,1881129,2056,1542,L,88e8c0037cad8e7bcbca52c1dd2bc68d6404020c35969f56a121cdcaa16e82e3,ce83c6c387e38663c6e3c783c703c703c703cf43cf83870306074703c707c707
data/raw/ooc/OOC_image_dataset/train/bad/cell_type_HPMEC/4+_days/230529_156.png,230529_156,230529,train,bad,HPMEC,4+_days,2,HPMEC,4+_days,True,True,True,1841161,2056,1542,L,d8849bc7fddfeef0372c53cb32258fcaddce60ce628ded929b33c85fcc80da66,c787470747874687c7878707c787c787c787c70707074747c647c647c6cdc7cf
data/raw/ooc/OOC_image_dataset/train/bad/cell_type_HPMEC/4+_days/230529_158.png,230529_158,230529,train,bad,HPMEC,4+_days,2,HPMEC,4+_days,True,True,True,1844920,2056,1542,L,7538ee9b005dbf8d3480f056366300dc2b97b2305887afd69d9629fb18feec09,c783c783c74306470627c6c7c6c7c74747274727472747c7c7c7c7c7c787c687
data/raw/ooc/OOC_image_dataset/train/bad/cell_type_HPMEC/4+_days/230529_16.png,230529_16,230529,train,bad,HPMEC,4+_days,2,HPMEC,4+_days,True,True,True,948002,2056,1542,L,797bb2ade02430a422ba1efbca276b6a30021c913174d647b1b51234276435e1,c00880084000400000008000800002000000022417249724d784960486248706
data/raw/ooc/OOC_image_dataset/train/bad/cell_type_HPMEC/4+_days/230529_160.png,230529_160,230529,train,bad,HPMEC,4+_days,2,HPMEC,4+_days,True,True,True,1414708,2056,1542,L,4186a3fbe498c68cfc939dc52d5c892938a42f0b85d5f5377e6658e555befd98,87a727a727a727a7262727676765666746670625872527e507e50765466146e3
data/raw/ooc/OOC_image_dataset/train/bad/cell_type_HPMEC/4+_days/230529_161.png,230529_161,230529,train,bad,HPMEC,4+_days,2,HPMEC,4+_days,True,True,True,1964146,2056,1542,L,409085720229ecfd5be34a1894c8a31f43d410ce9550ace6c08bfe28fa4121a4,a725a7e587e50725466146e346c34623c7a34761c6e186a1c7818761c761c771
data/raw/ooc/OOC_image_dataset/train/bad/cell_type_HPMEC/4+_days/230529_162.png,230529_162,230529,train,bad,HPMEC,4+_days,2,HPMEC,4+_days,True,True,True,2150738,2056,1542,L,980a9090624a7a36150747e6ab15e13ad09f8133388996875586417406db7a75,c6d34751471147114611463146310611861186518641874987a18f318f138d93
data/raw/ooc/OOC_image_dataset/train/bad/cell_type_HPMEC/4+_days/230529_163.png,230529_163,230529,train,bad,HPMEC,4+_days,2,HPMEC,4+_days,True,True,True,1796621,2056,1542,L,2a7c2755ed0fe82d65c54a724bad365ce4bf684f4dc8a7af7c8f3f9e6a4e9d1a,8e878f078f870e078ec79ec71f861f4f1f4f9f0f9f8f1d8f1d870f870f8f0d8f
data/raw/ooc/OOC_image_dataset/train/bad/cell_type_HPMEC/4+_days/230529_164.png,230529_164,230529,train,bad,HPMEC,4+_days,2,HPMEC,4+_days,True,True,True,1603967,2056,1542,L,fba02a527f4962b7ce5f3568b55ed4fb71f6ecb5be08e07f170dbeae6363a514,8c8f8d878e070e070e078f070f870e870c870f8f0f8f0e8f0e8f0f8f0d0f8f0f
data/raw/ooc/OOC_image_dataset/train/bad/cell_type_HPMEC/4+_days/230529_165.png,230529_165,230529,train,bad,HPMEC,4+_days,2,HPMEC,4+_days,True,True,True,1715311,2056,1542,L,d86f1842122666c3db1be343d797bd8bd44cc22a931353890fe79f8eba067ebe,8e0f8f070e8f0e4f0e8f8e8e4f8f0f8f0e0f8e8f8e4f8e8f8c8f8e8f8e8f8e0f
data/raw/ooc/OOC_image_dataset/train/bad/cell_type_HPMEC/4+_days/230529_166.png,230529_166,230529,train,bad,HPMEC,4+_days,2,HPMEC,4+_days,True,True,True,1755226,2056,1542,L,d67f1263875522f3e6cdd530851e7f8db08268a558e65c3db5b8b1c19dbba05e,8e0f8ecf87cf87cf85cf8dcf8dcf8dcf8e0f8e0fcf8fcf8f8f0f8f0e8e0e8ece
data/raw/ooc/OOC_image_dataset/train/bad/cell_type_HPMEC/4+_days/230529_172.png,230529_172,230529,train,bad,HPMEC,4+_days,2,HPMEC,4+_days,True,True,True,1824268,2056,1542,L,c178ddaca749f3f1245ece193ebda50316f39a9697d212766283fb423b6e1ffd,9c8e1e0e1f0e0e0e0f0e0f1e0f1e0f1e0f1e0f1f0d1e0f1e0f1e0f1e0e9e0f1e
data/raw/ooc/OOC_image_dataset/train/bad/cell_type_HPMEC/4+_days/230529_174.png,230529_174,230529,train,bad,HPMEC,4+_days,2,HPMEC,4+_days,True,True,True,1752176,2056,1542,L,09f8afe3ae9129a15d552cdeb0b7895af21686eb6ba683bc9647c0b02ca56fca,8e9e8e9e8e9e8e9e869e861e8f1e8e1e8e1e8e1e8f1e8f1e8f1e8e1e8e9e8e1f
data/raw/ooc/OOC_image_dataset/train/bad/cell_type_HPMEC/4+_days/230529_175.png,230529_175,230529,train,bad,HPMEC,4+_days,2,HPMEC,4+_days,True,True,True,1583419,2056,1542,L,684fbea8ffb6f6fc3bb3e07846d12cd5bbfb73377600766e1d1d45b6e033f79b,8e1f8f1f8e1f861e8f1e871f871f8f1f8f1f8e1f0e1f0e1f871f071e861e861e
data/raw/ooc/OOC_image_dataset/train/bad/cell_type_HPMEC/4+_days/230529_176.png,230529_176,230529,train,bad,HPMEC,4+_days,2,HPMEC,4+_days,True,True,True,1534228,2056,1542,L,a34e85ecbb554d5abced94626c676ddf84b2a12a9b710abf97c66976688dac8d,861e861f861f869e869e869e869e8f9e0e1e8e1e8e1e8e1e0e1e8e9e8e9e8e1f
data/raw/ooc/OOC_image_dataset/train/bad/cell_type_HPMEC/4+_days/230529_19.png,230529_19,230529,train,bad,HPMEC,4+_days,2,HPMEC,4+_days,True,True,True,1729028,2056,1542,L,dc04a2ec052be8ca4449476a04615cf62cf2b16c3ca376911e0f209c271634ec,351c371c341c345c341c341c349c3416341534d1349925112591349124912691
data/raw/ooc/OOC_image_dataset/train/bad/cell_type_HPMEC/4+_days/230529_20.png,230529_20,230529,train,bad,HPMEC,4+_days,2,HPMEC,4+_days,True,True,True,1769411,2056,1542,L,99cb6cd1846893023f7c8687a9e5ebf7fa45b65b73913ee1187ca9186a4eb8fb,3695361136113450345134d536193619341526112611259d259d259d341d241d
data/raw/ooc/OOC_image_dataset/train/bad/cell_type_HPMEC/4+_days/230529_21.png,230529_21,230529,train,bad,HPMEC,4+_days,2,HPMEC,4+_days,True,True,True,1812620,2056,1542,L,5a18b8d2106ca0cdc2cb60d12dcbfbca5b8418079a93d09ebdcf0a0a2390c131,361d361d341d351d341534113511341134192491249124993499349934993511
data/raw/ooc/OOC_image_dataset/train/bad/cell_type_HPMEC/4+_days/230529_23.png,230529_23,230529,train,bad,HPMEC,4+_days,2,HPMEC,4+_days,True,True,True,1943109,2056,1542,L,94e737440abf54ff54f136826aa63c224b8bd801d7df2296c27919153bc7d1a1,3511351124102591259134913491265126d125d12711a6112591251125112511
data/raw/ooc/OOC_image_dataset/train/bad/cell_type_HPMEC/4+_days/230529_24.png,230529_24,230529,train,bad,HPMEC,4+_days,2,HPMEC,4+_days,True,True,True,1571313,2056,1542,L,2708102b92206d7051bb815a9313245e2b2c121d01ed86ff915d3786648093dc,365124d12491249124d324932513241b2713251324132419340d200120010001
data/raw/ooc/OOC_image_dataset/train/bad/cell_type_HPMEC/4+_days/230529_25.png,230529_25,230529,train,bad,HPMEC,4+_days,2,HPMEC,4+_days,True,True,True,1378094,2056,1542,L,c71b285630b3b2460fea594de2d31bd8a1c7530d4e2da444108e2f3a6a9bb1bf,000000000000000000012001251b259b2511243325b326b325b325931f930f9b
data/raw/ooc/OOC_image_dataset/train/bad/cell_type_HPMEC/4+_days/230529_26.png,230529_26,230529,train,bad,HPMEC,4+_days,2,HPMEC,4+_days,True,True,True,1069703,2056,1542,L,089adf3db17ac2307e939c275044d46bb7c41e0cf0c195034b0dc25c6ccb223a,2593259327b3233b213b013b0013200220130001000000000000000000910810
data/raw/ooc/OOC_image_dataset/train/bad/cell_type_HPMEC/4+_days/230529_27.png,230529_27,230529,train,bad,HPMEC,4+_days,2,HPMEC,4+_days,True,True,True,1233600,2056,1542,L,0f1a4fbae0232ce32b183a93aa0422731d3c3a407d1188dc313fa9e048d7910b,40000011000000000421473147b965b167b167b167b167b167b967b1673167b1
data/raw/ooc/OOC_image_dataset/train/bad/cell_type_HPMEC/4+_days/230529_28.png,230529_28,230529,train,bad,HPMEC,4+_days,2,HPMEC,4+_days,True,True,True,1491014,2056,1542,L,bba2c7596826b29ed5bb564d9248236717713c06652ce3c81cd74d81aee908a4,673967b166b1672967e9672167b167b96739673967b16731e7b1e7a1e7a1e5a1
data/raw/ooc/OOC_image_dataset/train/bad/cell_type_HPMEC/4+_days/230529_29.png,230529_29,230529,train,bad,HPMEC,4+_days,2,HPMEC,4+_days,True,True,True,1540918,2056,1542,L,53f3be6e11ea99fcb2ae68a4c42c69df9b7eb85372259f2ac6215b29faf67b1f,67a1e7a9e7b9e7b1e7b1e7bbc6b3c6b3e7b3e773e7a3e763e563e563e763e663
data/raw/ooc/OOC_image_dataset/train/bad/cell_type_HPMEC/4+_days/230529_30.png,230529_30,230529,train,bad,HPMEC,4+_days,2,HPMEC,4+_days,True,True,True,1278823,2056,1542,L,176831777133e266d07ed7b4bbd45568151ed92f5fa5f75cf2cb0771a2f5d695,e733e573e773e773e733e633e5638563c563e66be36be773e773a573e773e763
data/raw/ooc/OOC_image_dataset/train/bad/cell_type_HPMEC/4+_days/230529_33.png,230529_33,230529,train,bad,HPMEC,4+_days,2,HPMEC,4+_days,True,True,True,781864,2056,1542,L,c2077c03bfa8b9b8f9e5adefdf61f5bfff4301ba395b056f540c4ea1c07374d0,e777e566e566c726c026408240024000000000000000000000020006612e666e
data/raw/ooc/OOC_image_dataset/train/bad/cell_type_HPMEC/4+_days/230529_34.png,230529_34,230529,train,bad,HPMEC,4+_days,2,HPMEC,4+_days,True,True,True,925521,2056,1542,L,e393768237457f001cf41d5df17fb16516dd25301569e46c576877c1ce703709,c7a6e726e726e766c5ee806e001e404e4026000a000440044002000400200044
data/raw/ooc/OOC_image_dataset/train/bad/cell_type_HPMEC/4+_days/230529_7.png,230529_7,230529,train,bad,HPMEC,4+_days,2,HPMEC,4+_days,True,True,True,1323087,2056,1542,L,49c9b5d6b5c9f960adc8e3200bce5f0bac4f7597eca1c8e30a1cb8a87b90e535,c706c706c706c706c646c646c646c646c706c706862287028592850284020402
data/raw/ooc/OOC_image_dataset/train/bad/cell_type_HPMEC/4+_days/230529_76.png,230529_76,230529,train,bad,HPMEC,4+_days,2,HPMEC,4+_days,True,True,True,1813178,2056,1542,L,7f2ae1b3790293a14742f4976aa7d968e3b3ea3e683b7483718668dd968f7e31,c7e1c7a1c780c7c8c790c7d0c7f0c7f0c7d087b087f0c7c0c7c0c7a0c790c7c0
data/raw/ooc/OOC_image_dataset/train/bad/cell_type_HPMEC/4+_days/230529_77.png,230529_77,230529,train,bad,HPMEC,4+_days,2,HPMEC,4+_days,True,True,True,1817792,2056,1542,L,829f300ece5ca12b15f44e0811fea2a2a61a677743e0c452d23046643489aa4e,c7d0c7c0c7e0c7a0c780c780c7c0c7c0c760c760c7e0c7a0c760c760c748e798
data/raw/ooc/OOC_image_dataset/train/bad/cell_type_HPMEC/4+_days/230529_78.png,230529_78,230529,train,bad,HPMEC,4+_days,2,HPMEC,4+_days,True,True,True,1722001,2056,1542,L,8b50a24c4941a35754e42ff26d9a91ce6afd7b647ceb0ae9d83bb156a60bf435,e708e798c7e0e7c8e788e7a0e7b0e730c7708770c770c7e0e7a0e7a0c780c7e0
data/raw/ooc/OOC_image_dataset/train/bad/cell_type_HPMEC/4+_days/230529_79.png,230529_79,230529,train,bad,HPMEC,4+_days,2,HPMEC,4+_days,True,True,True,1787079,2056,1542,L,ba1cad0374a3ea07b5f767674c2990b2fc32905cc525163c21daf855687ebfec,e7c0e7b0e7b0c7e0e790e7d0c7c087c0c7e0a7d067c02790a7b8a7b0c7b0c7e0
data/raw/ooc/OOC_image_dataset/train/bad/cell_type_HPMEC/4+_days/230529_80.png,230529_80,230529,train,bad,HPMEC,4+_days,2,HPMEC,4+_days,True,True,True,1859761,2056,1542,L,62810f2fc78a78f29a4afa41e2ffac6a9b0ac93686eae5faad8711116f1aee67,c7d0e7b0e7b0c7e0e7f0a7b0c7e0e7e0c7d0e7d0c3b8e3cce74cc71cc71406c4
data/raw/ooc/OOC_image_dataset/train/bad/cell_type_HPMEC/4+_days/230529_9.png,230529_9,230529,train,bad,HPMEC,4+_days,2,HPMEC,4+_days,True,True,True,1031614,2056,1542,L,60ae682dd0c5462a2dde6ba10c085977f4dbf88625754656f374642fe16c0ba8,661ec70ec70e870e278e038e020e440a24000000000000000000000024000504
data/raw/ooc/OOC_image_dataset/train/bad/cell_type_HPMEC/4+_days/230529_90.png,230529_90,230529,train,bad,HPMEC,4+_days,2,HPMEC,4+_days,True,True,True,1986418,2056,1542,L,4351b366c665f482d0c51aaed4b2f6c583175ecc85fbe961b7d1a98ad6acd782,7d0d7c0d7a0e700f760d760e760f76ce764e7c4e7c0e7a867a8672c772c77006
data/raw/ooc/OOC_image_dataset/train/bad/cell_type_HPMEC/4+_days/230529_91.png,230529_91,230529,train,bad,HPMEC,4+_days,2,HPMEC,4+_days,True,True,True,1403032,2056,1542,L,5d4e5b97adc22b498cedfdb7bc7e75ccfaf2f794d59b85874aa6599a4ffe3ef5,3c063c063406330633c63a4634463046306634c636c67206380631c632c67a46
data/raw/ooc/OOC_image_dataset/train/bad/cell_type_HPMEC/4+_days/230529_92.png,230529_92,230529,train,bad,HPMEC,4+_days,2,HPMEC,4+_days,True,True,True,2072266,2056,1542,L,7f7adbb6d9332c6f8585aa93b4432a3495c56a5f8c89d1dbb53d9db3b8a09107,38063087328670463bc73ac77a677c667c067d067c8678c67a46788638463907
data/raw/ooc/OOC_image_dataset/train/bad/cell_type_HPMEC/4+_days/230529_99.png,230529_99,230529,train,bad,HPMEC,4+_days,2,HPMEC,4+_days,True,True,True,1924787,2056,1542,L,ada0868e40b50ffd2862f86a4911d9e1e6074f2d01b4d5e0c3cae2acd9e4b000,f94de84fe9cdf2cdf2cdf2cdf18fd6cfe64fec4fee4fe64fe2cff9cff2cfe64f
data/raw/ooc/OOC_image_dataset/train/bad/cell_type_HPMEC/4_days/230317_1.png,230317_1,230317,train,bad,HPMEC,4_days,2,HPMEC,4_days,True,True,True,1964422,2056,1542,L,2d6fcea3809619cfc3c21ca35543259fbfd7ecd909d822e21ce785c6b72fe9d4,1e431f431e833e871d871f872f07671b633b70fb786b7e4b7a0b7a0b760b764b
data/raw/ooc/OOC_image_dataset/train/bad/cell_type_HPMEC/4_days/230317_10.png,230317_10,230317,train,bad,HPMEC,4_days,2,HPMEC,4_days,True,True,True,2003935,2056,1542,L,ad89b994c6ec14b0468b0dcc461c182b53a5546084c66e30dc181f118184341e,0e39267b32fb31e331c376477c86740664166a977c17f816e1f7c676de361e1e
data/raw/ooc/OOC_image_dataset/train/bad/cell_type_HPMEC/4_days/230317_19.png,230317_19,230317,train,bad,HPMEC,4_days,2,HPMEC,4_days,True,True,True,1928255,2056,1542,L,83e610c1327578639847bd3a6d3272498d019d245cda71d2917510c115133543,b7d333c733c7318e783e70667986f986e986f806f406fe06fc46fa46ff06f846
data/raw/ooc/OOC_image_dataset/train/bad/cell_type_HPMEC/4_days/230317_32.png,230317_32,230317,train,bad,HPMEC,4_days,2,HPMEC,4_days,True,True,True,1889292,2056,1542,L,078bca4ee6c55cff96a4e0a69e92527843fc260c6f9c5294709412159457886b,d888d8c95c895ccb789d7199639a7e1a7e187c9a7d9b691b671b6d1e489e7e9e
data/raw/ooc/OOC_image_dataset/train/bad/cell_type_HPMEC/4_days/230317_33.png,230317_33,230317,train,bad,HPMEC,4_days,2,HPMEC,4_days,True,True,True,1914391,2056,1542,L,3e458ccd25c34b575d5cb73659b0f1faa0b4796bdd0b7a1f3412ef55f26937e9,599c799c7c197e197c197c19781970996d996f1b461a5659707974b9647a6459
data/raw/ooc/OOC_image_dataset/train/bad/cell_type_HPMEC/4_days/230317_37.png,230317_37,230317,train,bad,HPMEC,4_days,2,HPMEC,4_days,True,True,True,2089104,2056,1542,L,c70a1eb5116da540124043c27d1061ef92ae4699bcd17eef542befd95ec947d4,c703c703cfb3cf838f838d838dc38dc38cf38cb38c338d338d230e238cc38d93
data/raw/ooc/OOC_image_dataset/train/bad/cell_type_HPMEC/4_days/230317_38.png,230317_38,230317,train,bad,HPMEC,4_days,2,HPMEC,4_days,True,True,True,1989707,2056,1542,L,d4fa4ec73280735269ecf3afa3e86a058e489ba4de4e0d4a10441a58e2b761fe,8d938f338e038e438f138f638e638ec31f031f039f239f231f031f831f039f83
data/raw/ooc/OOC_image_dataset/train/bad/cell_type_HPMEC/4_days/230317_40.png,230317_40,230317,train,bad,HPMEC,4_days,2,HPMEC,4_days,True,True,True,2043292,2056,1542,L,5f3718c574a6f184540381302bc3eb6f07f82c25ee60c2340e63cb41ea1e86de,0f034f034f435e435f035f035f235f239dc39f639ac39ac39b239b239d239b83
data/raw/ooc/OOC_image_dataset/train/bad/cell_type_HPMEC/4_days/230317_41.png,230317_41,230317,train,bad,HPMEC,4_days,2,HPMEC,4_days,True,True,True,2055849,2056,1542,L,7e5d451f67dea53211875f1e6851c8ae54df50bee3d945af8fc90805228bea70,9f839fc39b839fa39f839f839f839f839f839e839e839e839ec39f239b439953
data/raw/ooc/OOC_image_dataset/train/bad/cell_type_HPMEC/4_days/230317_44.png,230317_44,230317,train,bad,HPMEC,4_days,2,HPMEC,4_days,True,True,True,2050816,2056,1542,L,d87af28378da48ec94c77dbc6c86af2c1e9d6812cd1e3d58494fdd69eea81d62,97031f23be03be033f033e433e033c833e833f833f433f033f033f833b833d03
data/raw/ooc/OOC_image_dataset/train/bad/cell_type_HPMEC/4_days/230317_46.png,230317_46,230317,train,bad,HPMEC,4_days,2,HPMEC,4_days,True,True,True,2164217,2056,1542,L,ce4f421f5f47950567196ee22e3e962a7326837a65b0aee17982cae3731f34a6,8f33cd16ce168f0e9b1e9d171d279e269c269e26968614071c269c669cc61547
data/raw/ooc/OOC_image_dataset/train/bad/cell_type_HPMEC/4_days/230317_48.png,230317_48,230317,train,bad,HPMEC,4_days,2,HPMEC,4_days,True,True,True,2170082,2056,1542,L,b4a0a936045148e00134775cb946cf2bb55370653d4e8c568e52c55034d4ce7d,34473c473d4635863d063c062d862d862c862f863f062e072e072e872e872e07
data/raw/ooc/OOC_image_dataset/train/bad/cell_type_HPMEC/4_days/230317_49.png,230317_49,230317,train,bad,HPMEC,4_days,2,HPMEC,4_days,True,True,True,2202313,2056,1542,L,910fb8aaa70abc6ca2564cb8980525c13a1ed7e86973c0fc21bdfabca4d5a4e9,2b072b0629862d062c062a072e87688668866c866e066c8668866cc669c66986
data/raw/ooc/OOC_image_dataset/train/bad/cell_type_HPMEC/4_days/230317_50.png,230317_50,230317,train,bad,HPMEC,4_days,2,HPMEC,4_days,True,True,True,2185848,2056,1542,L,2ffa6141edad1b74d43dfecd9b3e7f64c4c4e8bca5ab627bf2c52da778be9561,69c769466b46690669066d0663866e6669066d066fa66b866aa76f276d866886
data/raw/ooc/OOC_image_dataset/train/bad/cell_type_HPMEC/4_days/230317_51.png,230317_51,230317,train,bad,HPMEC,4_days,2,HPMEC,4_days,True,True,True,2182873,2056,1542,L,cea1426a8bd0f6a605c012f29b8e5d73387c747766c4bdcf80363ecd12f20f03,69866b066f07696668466a466aa66ae67aa66c866f067b066a876c8768077a47
data/raw/ooc/OOC_image_dataset/train/bad/cell_type_HPMEC/4_days/230317_52.png,230317_52,230317,train,bad,HPMEC,4_days,2,HPMEC,4_days,True,True,True,2154448,2056,1542,L,bcbab8664f5d527c8f8b6058d708e565d0aeb4143ca9a27fd1616daaa097c1e6,69466d466cc66b866b876c866cc66c866706662676067bc65f065a265a2654e6
data/raw/ooc/OOC_image_dataset/train/bad/cell_type_HPMEC/4_days/230317_53.png,230317_53,230317,train,bad,HPMEC,4_days,2,HPMEC,4_days,True,True,True,2156498,2056,1542,L,d024aee394283cea5e39a23a51bad3c75ea97baf7edb21c75feefd6c6fa44a7d,572667076f277b267b265b075b075d875cc646465b465f46570659075cc74ee6
data/raw/ooc/OOC_image_dataset/train/bad/cell_type_HPMEC/4_days/230317_55.png,230317_55,230317,train,bad,HPMEC,4_days,2,HPMEC,4_days,True,True,True,1939324,2056,1542,L,c4f44b0bb2102e470f3c72fff519fe2d52ec86f9b3c9e6a21e6a9eb70e12c2a1,0e270ee70e469f669e461ccc1ccc9d8c1e0c3b0c3b4e3bcf3d8d3c8e398e3a8c
data/raw/ooc/OOC_image_dataset/train/bad/cell_type_HPMEC/4_days/230317_9.png,230317_9,230317,train,bad,HPMEC,4_days,2,HPMEC,4_days,True,True,True,2083915,2056,1542,L,05633a6d5b3fafa1e6201a2cd1a041ce47c05790ddcdd7d80c30cf250c41b3fb,fc1afc98fc9cfe1df31ce199ec1dfa19ec1eec18d699f59ff318e319c319cd18
data/raw/ooc/OOC_image_dataset/train/bad/cell_type_HPMEC/4_days/230512_10.png,230512_10,230512,train,bad,HPMEC,4_days,2,HPMEC,4_days,True,True,True,1753474,2056,1542,L,f8832ec85a4805350c034d54e7a45a5555dbf9df6ad05bad773725f1b2728897,cf82cd82cf864e064e464f464f864d864d865d865da65da75e865a865ea65a66
data/raw/ooc/OOC_image_dataset/train/bad/cell_type_HPMEC/4_days/230512_11.png,230512_11,230512,train,bad,HPMEC,4_days,2,HPMEC,4_days,True,True,True,1765472,2056,1542,L,2042fec4ed983be2b4bf7a2220e652b05536be67402f23858640561b12de5e8d,5e465ac65a465b065f865ec65cc61e479ac79cc61ec61de61de619c69d861f26
data/raw/ooc/OOC_image_dataset/train/bad/cell_type_HPMEC/4_days/230512_26.png,230512_26,230512,train,bad,HPMEC,4_days,2,HPMEC,4_days,True,True,True,1729232,2056,1542,L,ff183e29a219e78f20e30f291f9043b16ea0478906d4473b8e88d224eb0d87b9,cf0bcb0bc80b0d6b094b8bcbcb2b4f0b0ecbce4bcecb8e8b4e2bcf0bcf0bcf0b
data/raw/ooc/OOC_image_dataset/train/bad/cell_type_HPMEC/4_days/230512_27.png,230512_27,230512,train,bad,HPMEC,4_days,2,HPMEC,4_days,True,True,True,1710902,2056,1542,L,b727936d8e46addc8bcb666a19a42e12c07113c721c77540545f50033d203239,132794e79c479c471c471e079e471e461b869b061f061c069e07180718271827
data/raw/ooc/OOC_image_dataset/train/bad/cell_type_HPMEC/4_days/230512_28.png,230512_28,230512,train,bad,HPMEC,4_days,2,HPMEC,4_days,True,True,True,1389605,2056,1542,L,4d4d53b9ad46d931b57092a7b8c6b13e4071bdc8bf4b3f67ce0bda8524ceccd4,9c479c479c479e079ec71e469b069b061d061c061c0718071827180710071006
data/raw/ooc/OOC_image_dataset/train/bad/cell_type_HPMEC/4_days/230512_30.png,230512_30,230512,train,bad,HPMEC,4_days,2,HPMEC,4_days,True,True,True,1722351,2056,1542,L,19e83ec8a2deafe346022a566ab3328104fb837f660435550ba4b007d543a1ab,90c698c698c69e861b861b871a079e479e861d869d869c869c869bc79f879f86
data/raw/ooc/OOC_image_dataset/train/bad/cell_type_HPMEC/4_days/230512_31.png,230512_31,230512,train,bad,HPMEC,4_days,2,HPMEC,4_days,True,True,True,1426538,2056,1542,L,0c6bb29cca5474d628ea1af7c7ef6337a7fd71ae35463bf04f792f5874c1955f,9d869d869c861c879e879fc79f871b879b079b0799879cc798c69ac69ec69ec6
data/raw/ooc/OOC_image_dataset/train/bad/cell_type_HPMEC/4_days/230512_32.png,230512_32,230512,train,bad,HPMEC,4_days,2,HPMEC,4_days,True,True,True,1755655,2056,1542,L,389798b58027e64299f4fc049ff6d297e744d1de33d8680c46f29c0582ae155d,99829b429b869b869f869dc619461e061e061f071f471f4618c61a969f061e17
data/raw/ooc/OOC_image_dataset/train/bad/cell_type_HPMEC/4_days/230512_33.png,230512_33,230512,train,bad,HPMEC,4_days,2,HPMEC,4_days,True,True,True,1757724,2056,1542,L,899de180a8c13dc3616de950ebaee760f094a5156db57eda1c066b88e92f3fc1,9f8798071d871d831d471c0718d698d698569c569c579c169cd69e169f569f56
data/raw/ooc/OOC_image_dataset/train/bad/cell_type_HPMEC/4_days/230512_35.png,230512_35,230512,train,bad,HPMEC,4_days,2,HPMEC,4_days,True,True,True,1710054,2056,1542,L,c050b2152625900f40323b46a78898167354c50504fbdeed97881afa33925be0,9fd7191619061b0619c61b471b079c861cc618c61b069b079b4698c618c69cc6
data/raw/ooc/OOC_image_dataset/train/bad/cell_type_HPMEC/4_days/230512_4.png,230512_4,230512,train,bad,HPMEC,4_days,2,HPMEC,4_days,True,True,True,1412598,2056,1542,L,8f3c8e20c029a7574a03557013a25a88cd110cde060c05c1aca958245ab75edf,8da39f439f4397439f239e839c839d839da39fa39fa39f839e439f4399c39d23
data/raw/ooc/OOC_image_dataset/train/bad/cell_type_HPMEC/4_days/230512_72.png,230512_72,230512,train,bad,HPMEC,4_days,2,HPMEC,4_days,True,True,True,2148706,2056,1542,L,fa7333ecdebaed4c30b01b8c0e4f637ab4bbeec9b685debc3a38c519794896d9,4bc109e52c6d6ce56ce56e6ded6dcccdcc8d4dedabcdeeedef6dcfa9efc9eee9
data/raw/ooc/OOC_image_dataset/train/bad/cell_type_HPMEC/4_days/230512_74.png,230512_74,230512,train,bad,HPMEC,4_days,2,HPMEC,4_days,True,True,True,2168548,2056,1542,L,64480bd3eb7930a972cb0e6d6d311a485848aa14797fcfbea73145182e82bd4b,8dad0fcd8f8d0f8d0f8d8f898f0dcf6dcf2d49294869c8e9cce9cce9ce29eced
data/raw/ooc/OOC_image_dataset/train/bad/cell_type_HPMEC/4_days/230512_76.png,230512_76,230512,train,bad,HPMEC,4_days,2,HPMEC,4_days,True,True,True,2200929,2056,1542,L,2a0cbee776c8ca8e059a9613d75d9c174a64284762ad4be421729d466b27bc0e,efa9cbe9cec9ecc9ade9ede9cda9c9c9cf29cee9cd09cdc94dc9ca494b494fc9
data/raw/ooc/OOC_image_dataset/train/bad/cell_type_HPMEC/4_days/230512_77.png,230512_77,230512,train,bad,HPMEC,4_days,2,HPMEC,4_days,True,True,True,2194618,2056,1542,L,55e38369d8f8468c18d1ebaab54b8a85a5f4f2bb783a13af21232dd6f843569a,adc9cfc9c9c9c889ce89ce89c9c929098d49cc49cc89cca98c294929cca9ca29
data/raw/ooc/OOC_image_dataset/train/bad/cell_type_HPMEC/4_days/230512_78.png,230512_78,230512,train,bad,HPMEC,4_days,2,HPMEC,4_days,True,True,True,2181764,2056,1542,L,79f50c71cf47a171a5a577c5d7c5b09bc500bbbc2a2bb67112825a77b2d9a508,cb29cb898d09cba98b298f69ce494c494c69cc69c9c9c949c9c9ccc9ccc9ccc9
data/raw/ooc/OOC_image_dataset/train/bad/cell_type_HPMEC/4_days/230512_79.png,230512_79,230512,train,bad,HPMEC,4_days,2,HPMEC,4_days,True,True,True,2133657,2056,1542,L,94da58c9af779da52bb7787aa1c11df285dd2c071d3267503e0e8ec5fb297f2c,cce9ccc9cc89cc89ccc94cc9cce9cd89cd89c9898ba9cdc9c9c9cac9ce89ce89
data/raw/ooc/OOC_image_dataset/train/bad/cell_type_HSAEC/0-1_days/220708_10.png,220708_10,220708,train,bad,HSAEC,0-1_days,2,HSAEC,0-1_days,True,True,True,2444111,2048,1536,RGB,7d14459c7a372e5e013c4d30bfd310d167fac2d8d8967495b3432562ce721d98,283f03ff7fbefadf87578fb90dbe0d950f990ff95fdb0fab0ecb0f570f430d87
data/raw/ooc/OOC_image_dataset/train/bad/cell_type_HSAEC/0-1_days/220708_13.png,220708_13,220708,train,bad,HSAEC,0-1_days,2,HSAEC,0-1_days,True,True,True,2523751,2048,1536,RGB,c257c5cb6713c930e7cf9a5cee6765af37e23174b0bb39622f34b4c27dfecd2a,0eff0bdf09ff5b1f523f3bb719ef4c6f34d933e113e916f8a67b3342b05f07f0
data/raw/ooc/OOC_image_dataset/train/bad/cell_type_HSAEC/0-1_days/221010_17.png,221010_17,221010,train,bad,HSAEC,0-1_days,2,HSAEC,0-1_days,True,True,True,2917252,2048,1536,RGB,51e0eff41b401152e5f3d8ac2b206aed690b473db0631d1cbb5ef7558b4145db,403c403c403c403c601c407c40bc40bc406c50bc40dc606c403c403e609e402e
data/raw/ooc/OOC_image_dataset/train/bad/cell_type_HSAEC/0-1_days/221010_18.png,221010_18,221010,train,bad,HSAEC,0-1_days,2,HSAEC,0-1_days,True,True,True,2976456,2048,1536,RGB,7e1da23153228886999a5fd457de67cc77714561b7756e81a75108f79568837a,600e604e40ae604e705660e6407e602e603e60b6602e60ae603e601e6016609e
data/raw/ooc/OOC_image_dataset/train/bad/cell_type_HSAEC/0-1_days/221010_19.png,221010_19,221010,train,bad,HSAEC,0-1_days,2,HSAEC,0-1_days,True,True,True,2951134,2048,1536,RGB,0fb0300c290501abc18c2be52cfbd87d0302374b73d885e8675e738b63b848b0,00722072007200720072017210fa107b007b00fb807b80bb207b013980394039
data/raw/ooc/OOC_image_dataset/train/bad/cell_type_HSAEC/0-1_days/221010_57.png,221010_57,221010,train,bad,HSAEC,0-1_days,2,HSAEC,0-1_days,True,True,True,3087216,2048,1536,RGB,a0093aa3f4c4fd9d21a77e88b6ac29daf82a509afe606222c49860ac54e6f572,001e001e001f801f801e811e810e801e801e801e801e801e901e981e8a1e8a1e
data/raw/ooc/OOC_image_dataset/train/bad/cell_type_HSAEC/2-3_days/220506_1.png,220506_1,220506,train,bad,HSAEC,2-3_days,2,HSAEC,2-3_days,True,True,True,3260997,2048,1536,RGB,27a659c635dac6c7a8a0515194e5e99a9248df041f36a6666a6e17b46c1af949,029f86d0359155d16cb45ca00db61b5693d2cba18fa303318d69086a00c2fff7
data/raw/ooc/OOC_image_dataset/train/bad/cell_type_HSAEC/2-3_days/220506_2.png,220506_2,220506,train,bad,HSAEC,2-3_days,2,HSAEC,2-3_days,True,True,True,3105324,2048,1536,RGB,f28a519cea9bc52851f03ab52f52bcb4a64ead8fdc3eb1a6a3185e64051616eb,000404dd9c174033011300329047103700c1046b050f0d25024d028a020601ff
data/raw/ooc/OOC_image_dataset/train/bad/cell_type_HSAEC/2-3_days/220506_3.png,220506_3,220506,train,bad,HSAEC,2-3_days,2,HSAEC,2-3_days,True,True,True,2920568,2048,1536,RGB,5265b925083d4f8519cc2913bcbe75016b3cbac522f30aab6e173cac4e4b5731,016f9a07004300d1800908232a0302830309830303c3094701ad21850400003f
data/raw/ooc/OOC_image_dataset/train/bad/cell_type_HSAEC/2-3_days/220506_8.png,220506_8,220506,train,bad,HSAEC,2-3_days,2,HSAEC,2-3_days,True,True,True,3168960,2048,1536,RGB,b8282d6d001c75416581e47ce3f2cfb9ce46f40b2606ebc647764864e60c716c,001f00570515811184012c2164212631151521562365326430dc007d000f400e
data/raw/ooc/OOC_image_dataset/train/bad/cell_type_HSAEC/2-3_days/220718_1.png,220718_1,220718,train,bad,HSAEC,2-3_days,2,HSAEC,2-3_days,True,True,True,2576437,2048,1536,RGB,d90731dc20df4061a36f6e9713e056497cd14a14dcce1b670e5cbd7891aca5d5,395e406e00de017e037e021e0016804e809a830f86ad0399838c831d8311000d
data/raw/ooc/OOC_image_dataset/train/bad/cell_type_HSAEC/2-3_days/220718_5.png,220718_5,220718,train,bad,HSAEC,2-3_days,2,HSAEC,2-3_days,True,True,True,2472076,2048,1536,RGB,e26ef98c955cc6d41039f73789a35b57b207cecbd07fc04c3409d7dfe2ce50af,a00f3007300730073007300730077007580fc00f034f03bf01fc0769076807c0
data/raw/ooc/OOC_image_dataset/train/bad/cell_type_HSAEC/2-3_days/220718_7.png,220718_7,220718,train,bad,HSAEC,2-3_days,2,HSAEC,2-3_days,True,True,True,2714060,2048,1536,RGB,2dc73793c65baa1a21ec4783b2ada8c14094e0706cc97e6b7709d1e4e759f5f2,f386f006b0071007300758075887200b104301070167016701ec04c805480f58
data/raw/ooc/OOC_image_dataset/train/bad/cell_type_HSAEC/2-3_days/220718_8.png,220718_8,220718,train,bad,HSAEC,2-3_days,2,HSAEC,2-3_days,True,True,True,2796684,2048,1536,RGB,3046fdd1d383314476b1a1e9a336eb39767891e7adf5743ff203eb7b45e77c65,b189208b30032003f003d003b1034101809c80d400f800e4016409e0083b01e0
data/raw/ooc/OOC_image_dataset/train/bad/cell_type_HSAEC/2-3_days/220718_9.png,220718_9,220718,train,bad,HSAEC,2-3_days,2,HSAEC,2-3_days,True,True,True,2579093,2048,1536,RGB,edfed79a598c264214c13747795ac049f28ca4739b69aba3346541f6642c3e17,e806ee03db07f907718771d738c738ef18ff107f1a7e0efe0e7f12ff03f007c3
data/raw/ooc/OOC_image_dataset/train/bad/cell_type_HSAEC/4+_days/220503_4.png,220503_4,220503,train,bad,HSAEC,4+_days,2,HSAEC,4+_days,True,True,True,3096609,2048,1536,RGB,2316d9835496424d77e6aeeb88716e88e78178af7bba043337f2cc72379a9c7b,47fe0c3b487b446731f72993098f0b670ab10dcd074d03450ced04361467c012
data/raw/ooc/OOC_image_dataset/train/bad/cell_type_HSAEC/4+_days/220512_1.png,220512_1,220512,train,bad,HSAEC,4+_days,2,HSAEC,4+_days,True,True,True,2675980,2048,1536,RGB,c9b5647f506d705c8aad55bd22458d83283b02818c73e5523cf806b8402f7e5a,001e00c7005f000e000f400e400f41064106010600020007800100010003003f
data/raw/ooc/OOC_image_dataset/train/bad/cell_type_HSAEC/4+_days/220512_3.png,220512_3,220512,train,bad,HSAEC,4+_days,2,HSAEC,4+_days,True,True,True,2821766,2048,1536,RGB,08cc0af8236acf824365279b1c95c1728a7b16335ee75e749b17c168f6168e56,044f027d835f020f020f000f42070307820681130303830b4183a08be02202bb
data/raw/ooc/OOC_image_dataset/train/bad/cell_type_HSAEC/4+_days/220512_5.png,220512_5,220512,train,bad,HSAEC,4+_days,2,HSAEC,4+_days,True,True,True,2595531,2048,1536,RGB,8dcac23d072b711ef16b236192388742dfd6c22e287fb99e7d1d04f96d508dfa,4a18e41808201014281318151c050c031e030601021300062200820900030097
data/raw/ooc/OOC_image_dataset/train/bad/cell_type_HSAEC/4+_days/220515_12.png,220515_12,220515,train,bad,HSAEC,4+_days,2,HSAEC,4+_days,True,True,True,3323817,2048,1536,RGB,718ad15e89e696f9dcd293d508fc2cfdd6e00f43dedb1c742a8e7b5593513098,000c2014295c0891240d8405062d28612509295300d30694088c9a0c944e4444
data/raw/ooc/OOC_image_dataset/train/bad/cell_type_HSAEC/4+_days/220526_2.png,220526_2,220526,train,bad,HSAEC,4+_days,2,HSAEC,4+_days,True,True,True,2600420,2048,1536,RGB,01d2bd7b4248db092be0c5eba2b28aad7bf9a0db30edff4478745b8346cf837e,7ff56b23264633029323335aaf524a2159604d84c548171a17b110023ddc2718
data/raw/ooc/OOC_image_dataset/train/bad/cell_type_HSAEC/4+_days/220526_4.png,220526_4,220526,train,bad,HSAEC,4+_days,2,HSAEC,4+_days,True,True,True,2404972,2048,1536,RGB,ebf1cfa7609167a0eb87ff99987636e4525f6370bbd28a897bcd6c93159202c3,73c8fb881f19191c34af719a359d35522a533d326f52d254d331239423930a7e
data/raw/ooc/OOC_image_dataset/train/bad/cell_type_HSAEC/4+_days/220706_4.png,220706_4,220706,train,bad,HSAEC,4+_days,2,HSAEC,4+_days,True,True,True,2715228,2048,1536,RGB,031f7a237f9e6709d5b552df37516e2da7bd4f644ee4018c6ff23545cb529db3,05dffbff8f7a272405f007f986c9859884b800d8043cc4994491708000000400
data/raw/ooc/OOC_image_dataset/train/bad/cell_type_HSAEC/4+_days/220706_6.png,220706_6,220706,train,bad,HSAEC,4+_days,2,HSAEC,4+_days,True,True,True,2459175,2048,1536,RGB,41dc7f36ac1738cace2a07f3408b356ca3679017e2cb9ce54961384b536e6ad3,fc1cc038c472d072e0f0e159e0d9e079f03cf830f838f430f4b0f0c0f038e030
data/raw/ooc/OOC_image_dataset/train/bad/cell_type_HSAEC/4+_days/220706_7.png,220706_7,220706,train,bad,HSAEC,4+_days,2,HSAEC,4+_days,True,True,True,2615500,2048,1536,RGB,e1b981c16a6aca0f241922482dbaa63af11b68f8d88647d07950d070bf1fcdc2,07ff055a10a730974c0c8c1c864e430e411e191c33046305620382030c010807
data/raw/ooc/OOC_image_dataset/train/bad/cell_type_HSAEC/4+_days/220721_1.png,220721_1,220721,train,bad,HSAEC,4+_days,2,HSAEC,4+_days,True,True,True,2457428,2048,1536,RGB,98ac8a59c9ea2a05f744119cb5b50b50450d7837ea2d68d537b91400d0ae6113,f009b01f201f201f001f003f001fc11bc187824e098e0582066406670746064e
data/raw/ooc/OOC_image_dataset/train/bad/cell_type_HSAEC/4+_days/220721_3.png,220721_3,220721,train,bad,HSAEC,4+_days,2,HSAEC,4+_days,True,True,True,2597632,2048,1536,RGB,9696c03b391d4ab579497fc81ac292432ac4ed68740f76c85f2b1f0a859664ea,fe1dfc3c601f001f002f003f003f000e008d000b0107010705a703d70791040f
data/raw/ooc/OOC_image_dataset/train/bad/cell_type_HSAEC/4+_days/220721_4.png,220721_4,220721,train,bad,HSAEC,4+_days,2,HSAEC,4+_days,True,True,True,2559040,2048,1536,RGB,c03d7640b183aaa3cbb7b11d932ea553f3aa89f9d80126f0341d6befe31a4a84,f863e827402f201f003e003e003e031c06000300011001810389072006200001
data/raw/ooc/OOC_image_dataset/train/bad/cell_type_HSAEC/4+_days/220721_5.png,220721_5,220721,train,bad,HSAEC,4+_days,2,HSAEC,4+_days,True,True,True,2656114,2048,1536,RGB,cc791c1e85788c8d665f68556c440c93e28fae82d1ab1996136bf756de3b9968,fc17d41f083f003f003f043f043f026f000702070309853185310f930f010221
data/raw/ooc/OOC_image_dataset/train/bad/cell_type_HSAEC/4+_days/220721_6.png,220721_6,220721,train,bad,HSAEC,4+_days,2,HSAEC,4+_days,True,True,True,2389738,2048,1536,RGB,7179666b4d94eba2cccdfc96b2570fd069c2ffffa3be24b3dd567524a09a069a,00ff1ffffe1fe01f203f007f001f031f030f030c031c018b07890f80060b03e0
data/raw/ooc/OOC_image_dataset/train/bad/cell_type_HSAEC/4+_days/220722_1.png,220722_1,220722,train,bad,HSAEC,4+_days,2,HSAEC,4+_days,True,True,True,2747179,2048,1536,RGB,cf6e8b05867fae7b55efad65334de4664cce4c07bcac535b466478e47e1b2616,003d103a101200ac006411a04111687140e340600120036c006e801b801f8028
data/raw/ooc/OOC_image_dataset/train/bad/cell_type_HSAEC/4+_days/220722_2.png,220722_2,220722,train,bad,HSAEC,4+_days,2,HSAEC,4+_days,True,True,True,2455757,2048,1536,RGB,00173b6a7cf8bc220e444c73879a66863fee200930836a3f36ee09337dbcb9da,623c081d004c008c120d004400452845084518e11ce1946d1635023c0818c91b
data/raw/ooc/OOC_image_dataset/train/bad/cell_type_HSAEC/4+_days/220722_3.png,220722_3,220722,train,bad,HSAEC,4+_days,2,HSAEC,4+_days,True,True,True,2599670,2048,1536,RGB,0ac9bb91c9d0ff45f17a4000c66693824eb03330fcd122b1a22028f00d996bc3,c03c1275227290a63021101d223c4a0c0a0c222323a6c2aac282c2138a1b8003
data/raw/ooc/OOC_image_dataset/train/bad/cell_type_HSAEC/4+_days/220722_4.png,220722_4,220722,train,bad,HSAEC,4+_days,2,HSAEC,4+_days,True,True,True,2436529,2048,1536,RGB,79e637f375088a7a2e048fbc7becbb3b313381b8cd265ff5632e21b3524e6110,210b001b204c204c012b21ba28cc484920748c34841c202d024d420d0a0c4049
data/raw/ooc/OOC_image_dataset/train/bad/cell_type_HSAEC/4+_days/220722_5.png,220722_5,220722,train,bad,HSAEC,4+_days,2,HSAEC,4+_days,True,True,True,2568102,2048,1536,RGB,6526407a58f02444468205de59550f439a2e0df6b39239e40b7ffef6b5c70d97,60fc723d303590668064836483ed81ed00fd807c806e822660296038083ac118
data/raw/ooc/OOC_image_dataset/train/bad/cell_type_HSAEC/4+_days/220722_6.png,220722_6,220722,train,bad,HSAEC,4+_days,2,HSAEC,4+_days,True,True,True,2634006,2048,1536,RGB,28641bc1a3f644fa21a41444c2da7d05aeadf89740cc19afb43d50cc921dd56f,086e004d30072216201f000c4068403a007a8094886c8c6e204e0112407b807a
data/raw/ooc/OOC_image_dataset/train/bad/cell_type_HSAEC/4+_days/220724_3.png,220724_3,220724,train,bad,HSAEC,4+_days,2,HSAEC,4+_days,True,True,True,2572177,2048,1536,RGB,2128a7fc16100107f233fd2f35c4447c82e7661ea28705ff4662a7c8da8fe79c,237820390072007d007900f94078c036017082388030127914358813c00f4800
data/raw/ooc/OOC_image_dataset/train/bad/cell_type_HSAEC/4+_days/220724_4.png,220724_4,220724,train,bad,HSAEC,4+_days,2,HSAEC,4+_days,True,True,True,2681922,2048,1536,RGB,6b10587555f834f6fcf2cb44b582f9a54d898836096b255457492b318b9e618a,c765a0d0a0f830b82078207980f99879111900384071807b801b800aa05f2202
data/raw/ooc/OOC_image_dataset/train/bad/cell_type_HSAEC/4+_days/220724_5.png,220724_5,220724,train,bad,HSAEC,4+_days,2,HSAEC,4+_days,True,True,True,2654518,2048,1536,RGB,3972fff1d91b60b183295bdc256c6e36011372f476a0a30ec5a062ee1a4fd1a1,013b093301310069006a802680384030403400588018881940c24c8e448f04cf
data/raw/ooc/OOC_image_dataset/train/bad/cell_type_HSAEC/4+_days/220724_7.png,220724_7,220724,train,bad,HSAEC,4+_days,2,HSAEC,4+_days,True,True,True,2734280,2048,1536,RGB,43cbe64775a98f92d0981024f6e695705fa59d5d70570e9b6c4d2a1936e73d56,00ff905c104c193c1839183808b9402a440e430cc12c618f41c6e0c620ae70ae
data/raw/ooc/OOC_image_dataset/train/bad/cell_type_HSAEC/4+_days/220724_9.png,220724_9,220724,train,bad,HSAEC,4+_days,2,HSAEC,4+_days,True,True,True,2640940,2048,1536,RGB,38c434fa1aa98a0f1993f3f129eb52972549c79af82449b9d3cf8a8ebb172b77,810e801f8119011d0019c0abd58dd879307b312c31345010103328372806200f
data/raw/ooc/OOC_image_dataset/train/bad/cell_type_HSAEC/4+_days/230123_16.png,230123_16,230123,train,bad,HSAEC,4+_days,2,HSAEC,4+_days,True,True,True,2759389,2048,1536,RGB,3874d1baf3897be618432b49c49a9703d125997a9e488bf80a3d930873790cfc,98b6b8b6c1b68177e5f7c073d0d3c99bc0dbe4d3ccb3ea7be4fbf4bbf9b3eba3
data/raw/ooc/OOC_image_dataset/train/bad/cell_type_HSAEC/4+_days/230123_4.png,230123_4,230123,train,bad,HSAEC,4+_days,2,HSAEC,4+_days,True,True,True,2549437,2048,1536,RGB,c7322678102421c1f02151971ebd44705b76a41cb4ab58f16691781ba3f6ac1f,d85ed87ad03af11af9bae93ad336f376f3b7f2f3e273e363e3e7f319e5397134
data/raw/ooc/OOC_image_dataset/train/bad/cell_type_HSAEC/4+_days/230123_5.png,230123_5,230123,train,bad,HSAEC,4+_days,2,HSAEC,4+_days,True,True,True,2640483,2048,1536,RGB,e0cafe987404ae1841330c2b7f6b7417d7489000d1d711a10a90799b50b5220b,0a6dae75aa65fb64f744e354f104da04de02d506de04f802d012c826c062c84a
data/raw/ooc/OOC_image_dataset/train/bad/cell_type_HSAEC/4_days/220630_03.png,220630_03,220630,train,bad,HSAEC,4_days,2,HSAEC,4_days,True,True,True,2699001,2048,1536,RGB,62a401639d9aa0e6af087d9731597b88128bd1ff270b34d581666db9c34408ff,00ff003f00030c230c0354035803f8039c038c038807800f804f80de80fb8031
data/raw/ooc/OOC_image_dataset/train/bad/cell_type_HSAEC/4_days/220630_04.png,220630_04,220630,train,bad,HSAEC,4_days,2,HSAEC,4_days,True,True,True,2682574,2048,1536,RGB,988d6a07b4c787bd3ddf4d7e7557c9107d2d9bc5e7c77a665484b30646796f43,007e003f08030c230c034803b82338230c430c03040700070077006e003e003e
data/raw/ooc/OOC_image_dataset/train/bad/cell_type_HSAEC/4_days/220630_06.png,220630_06,220630,train,bad,HSAEC,4_days,2,HSAEC,4_days,True,True,True,2370686,2048,1536,RGB,e53d5579ba7b3990d6d0155890c9d8926e3eeac9b625ffd48ccf1394852cd321,007f003f00030c031803c8038c038c030c030c030c07000f008f00ac00fc003d
data/raw/ooc/OOC_image_dataset/train/bad/cell_type_HSAEC/4_days/220630_07.png,220630_07,220630,train,bad,HSAEC,4_days,2,HSAEC,4_days,True,True,True,2572647,2048,1536,RGB,b0d176b373dafab475e4537013eed836ceb33c9ff4139f63f7330cd00528e2fe,00ff004f08070c230c030c03980318030c03ac030407000f004f007f00f6015c
data/raw/ooc/OOC_image_dataset/train/bad/cell_type_HSAEC/4_days/220630_09.png,220630_09,220630,train,bad,HSAEC,4_days,2,HSAEC,4_days,True,True,True,2773996,2048,1536,RGB,7f15f0adc1982006fa6ddbed95142b2a98e5dbc013d0b2abab45c3f936222ddc,007e184f10033c033c037c037803380338030c0704070007007700bf00fa00bd
data/raw/ooc/OOC_image_dataset/train/bad/cell_type_HSAEC/4_days/220630_13.png,220630_13,220630,train,bad,HSAEC,4_days,2,HSAEC,4_days,True,True,True,2347535,2048,1536,RGB,964e1a55653cb6397e1bd23a724b5ab1108001fdcfbfed51f782750059b4037b,00f1000d48471c439c837c837003d40350839283a08700bf003b00fa00900047
data/raw/ooc/OOC_image_dataset/train/bad/cell_type_HSAEC/4_days/220630_14.png,220630_14,220630,train,bad,HSAEC,4_days,2,HSAEC,4_days,True,True,True,2836845,2048,1536,RGB,5b229b7f3b25c0cc2bd8857bb81e3375780ffecf8155d01e13e888e969288a2d,01cf000708078c038c03c8874807f80768872003014f017f003d4079007c0059
data/raw/ooc/OOC_image_dataset/train/bad/cell_type_HSAEC/4_days/220630_15.png,220630_15,220630,train,bad,HSAEC,4_days,2,HSAEC,4_days,True,True,True,2486956,2048,1536,RGB,c3d89efd4baf9b1ebf9f53999b1d65473e7ad705cf54b698a062cb327b6587ed,009f00cf308758077c03ec03b003380760076007203f213e002e051a05bc003c
data/raw/ooc/OOC_image_dataset/train/bad/cell_type_HSAEC/4_days/220630_16.png,220630_16,220630,train,bad,HSAEC,4_days,2,HSAEC,4_days,True,True,True,2410617,2048,1536,RGB,386cecea1170464023dad4bdc9bcd66f9c7bb9774f68929adb8f8e75e5a13ab6,dc3d980d80031083b883f8037c03f007f0476107000bc07b00fb00f000f30058
data/raw/ooc/OOC_image_dataset/train/bad/cell_type_HSAEC/4_days/220630_17.png,220630_17,220630,train,bad,HSAEC,4_days,2,HSAEC,4_days,True,True,True,2359421,2048,1536,RGB,492dd6c463a18f0686b1f615a3c87e0010d9caa8bab79d6ef0a76871b431201f,005f000f080384835c83d883d803e0030087200700270067007701b0017802f2
data/raw/ooc/OOC_image_dataset/train/bad/cell_type_HSAEC/4_days/220630_19.png,220630_19,220630,train,bad,HSAEC,4_days,2,HSAEC,4_days,True,True,True,2375105,2048,1536,RGB,bb21cae9fcfffd92398bb86e4d1c8ae471633fbf3bc9cdf9138ab5752447f590,00560847504f68032802d883d805780730073907502700b7003f001d06b80020
data/raw/ooc/OOC_image_dataset/train/bad/cell_type_HUVEC/2-3_days/230405_36.png,230405_36,230405,train,bad,HUVEC,2-3_days,2,HUVEC,2-3_days,True,True,True,1938293,2056,1542,L,5f970db28ae1d1390cd31958d734a0fa7d8e5ec084408a6cac55726120b28c6d,ce4cce4dcd4d8fc5cdcd8eafacbb8e8ecececeaecf8ecb4c8d4ccc8cce6e8e6c
data/raw/ooc/OOC_image_dataset/train/bad/cell_type_HUVEC/2-3_days/230405_37.png,230405_37,230405,train,bad,HUVEC,2-3_days,2,HUVEC,2-3_days,True,True,True,1912185,2056,1542,L,fbba1d7d0bf56b661ba37be7166da7743ae147f114924ead830646f3d3efa62e,c86ecd0ccd2e8e6dcd4ecc6ece6ecceecdae8daecaaccaeecd6ecceecccccecc
data/raw/ooc/OOC_image_dataset/train/bad/cell_type_HUVEC/2-3_days/230405_38.png,230405_38,230405,train,bad,HUVEC,2-3_days,2,HUVEC,2-3_days,True,True,True,2019647,2056,1542,L,8a0016b0f723a80399d7460cf94c8f4511dc2795f96ea086d59c30b77622e4c0,cf6ecd6eceeecccdcfcc8bcc8b4c8e6ecf0e8dcecccec94ecb4ec96ecceecc6e
data/raw/ooc/OOC_image_dataset/train/bad/cell_type_HUVEC/2-3_days/230405_40.png,230405_40,230405,train,bad,HUVEC,2-3_days,2,HUVEC,2-3_days,True,True,True,2031120,2056,1542,L,6c41db45aeba8e304cf59b727df598d7b9c77e88b30a585125a2906e8f5d5921,cdaccd6ecccc8e0ecf0c8e8c8e8e8e4e8cce8c4cce6ece4ecf4e8f4c8e4c8e8c
data/raw/ooc/OOC_image_dataset/train/bad/cell_type_HUVEC/2-3_days/230405_41.png,230405_41,230405,train,bad,HUVEC,2-3_days,2,HUVEC,2-3_days,True,True,True,2008378,2056,1542,L,c82f6fa92eba06320575281842366daad274f39d56dd6056efa8998360abbb4f,4e4ecf4e8f4c8e4c8ecc8dce8f4c8d6e8d4c4d6c89ce898e8a4c8d4c8d4c89ce
data/raw/ooc/OOC_image_dataset/train/bad/cell_type_HUVEC/2-3_days/230405_42.png,230405_42,230405,train,bad,HUVEC,2-3_days,2,HUVEC,2-3_days,True,True,True,2001969,2056,1542,L,63291ae48f45395333c2ef41bfe3309539269f81799fdb68c13a67679dc48e81,8a8ecc4c8d6c8d8c8f8e8f8e8d8ccf0c8fcc898c8bcc8ccc8ccc8c6e886e8a6c
data/raw/ooc/OOC_image_dataset/train/bad/cell_type_HUVEC/2-3_days/230405_44.png,230405_44,230405,train,bad,HUVEC,2-3_days,2,HUVEC,2-3_days,True,True,True,1992141,2056,1542,L,cd5ff61f17904ac52046edf3f639d470b6457fd06bc151e3c759aa8afe4b0fa8,88accc8c8e8c0e4e8d4e8eae8d8e8ccc8acc8acc8ece8ace8a4e8d4c8acc8ccc
data/raw/ooc/OOC_image_dataset/train/bad/cell_type_HUVEC/2-3_days/230405_45.png,230405_45,230405,train,bad,HUVEC,2-3_days,2,HUVEC,2-3_days,True,True,True,1871073,2056,1542,L,534d5ae08d2f72ba37c92808bd82875e9e0164a63186226346c118598bebbc12,88ce8a0c8d4c8e4c8ccc8e8c8ece0c8e0ccc0ece0c4c0c4c0ecc0ccc0ccc8ecc
data/raw/ooc/OOC_image_dataset/train/bad/cell_type_HUVEC/2-3_days/230405_46.png,230405_46,230405,train,bad,HUVEC,2-3_days,2,HUVEC,2-3_days,True,True,True,2087147,2056,1542,L,07786d239e7c9d4a1d81a6c30ad0cdfcb0bd45fda6b8c620a054e8bf82b22915,0ccc8ecc8c4c8e4c8c4c8d4c084c0a0c8c8c9d0c9f8c9acc9e0c9ecc9acc9dcc
data/raw/ooc/OOC_image_dataset/train/bad/cell_type_HUVEC/2-3_days/230405_48.png,230405_48,230405,train,bad,HUVEC,2-3_days,2,HUVEC,2-3_days,True,True,True,1944615,2056,1542,L,12467a6e58d22cc2b8a4a7e4e6a5114d2f31797c2bfcb9a9804ca94b7c7e31f2,9f0c9c8c8c8c0f0c4f0c4dcc0d0e1d0cdf0cdf489e489e0c9ccc998c19ce01ce
data/raw/ooc/OOC_image_dataset/train/bad/cell_type_HUVEC/2-3_days/230405_49.png,230405_49,230405,train,bad,HUVEC,2-3_days,2,HUVEC,2-3_days,True,True,True,2047390,2056,1542,L,71978de7dcdbd027cf65617689b49d41e183cd9f5486073b36edcaff7b2153fd,8cafce8ecf0f8d8ecd8ecd8dcfcccccfccec8ead8eaeccecce6cce6cce6ece8c
data/raw/ooc/OOC_image_dataset/train/bad/cell_type_HUVEC/2-3_days/230405_50.png,230405_50,230405,train,bad,HUVEC,2-3_days,2,HUVEC,2-3_days,True,True,True,2082598,2056,1542,L,c04cabdec22d94ccd978d724d9f9b105a47901b885bd4898ea8ad86637adb446,cceccf6cceedce6ece8cce8d8fcfcd8f8dcd8dcc8dce8f0e8e8ccf4cca4e896e
data/raw/ooc/OOC_image_dataset/train/bad/cell_type_HUVEC/2-3_days/230405_51.png,230405_51,230405,train,bad,HUVEC,2-3_days,2,HUVEC,2-3_days,True,True,True,2032629,2056,1542,L,2eb11d8f1b7e6252c011a7cfc7b5c73a229127e4aad5fe1ba36512e634ed6807,8fac8eccce4c8b6e8d6e8d4e8d6ecd8c8ccccdcc8dcc8d4e8dcc8f4e8e4c8f0c
data/raw/ooc/OOC_image_dataset/train/bad/cell_type_HUVEC/2-3_days/230405_53.png,230405_53,230405,train,bad,HUVEC,2-3_days,2,HUVEC,2-3_days,True,True,True,1972555,2056,1542,L,3b186a1cb48109393af8b3ca7322ed0da5e7e058a9da2e0145f42164dbd7a762,8ecc8d4c8f4e8f8e8d2cccec8dac0fae8bac0f8e8ece8ace8d4e89ec8d8cce0e
data/raw/ooc/OOC_image_dataset/train/bad/cell_type_HUVEC/2-3_days/230405_54.png,230405_54,230405,train,bad,HUVEC,2-3_days,2,HUVEC,2-3_days,True,True,True,2221871,2056,1542,L,8625fc069618fd0c0299bbe218a9922b5691bfafbbf9b6765d15094b94d631a4,8a8e8d6e09cc8d0cce0e8bcc8b8c8e8c0e0e8e0e0d6e8f4e8e4c8ecc8c8e8c8e
data/raw/ooc/OOC_image_dataset/train/bad/cell_type_HUVEC/2-3_days/230405_55.png,230405_55,230405,train,bad,HUVEC,2-3_days,2,HUVEC,2-3_days,True,True,True,1954696,2056,1542,L,eb38d1fda362acb360e57c63ef40783fa508614c302e6dcf6b2f3ff04a6aa4fc,8c0c8ecc8cce8cce884e8dce8d4e8d4e8c4c8d4e890c0a0e0e6c0e2e0e8e8e8e
data/raw/ooc/OOC_image_dataset/train/bad/cell_type_HUVEC/2-3_days/230405_56.png,230405_56,230405,train,bad,HUVEC,2-3_days,2,HUVEC,2-3_days,True,True,True,1923071,2056,1542,L,9ad3bb9db8a22969dda8d69196b054918f6fb761c7465bdec3cb7c4027a467a5,8e4c8e2c0e2e0e8e8b8c8d0c8a8e0bcc8b8c8f8c8ccc8cce8bcc99ce9a0e8e0e
data/raw/ooc/OOC_image_dataset/train/bad/cell_type_HUVEC/2-3_days/230405_57.png,230405_57,230405,train,bad,HUVEC,2-3_days,2,HUVEC,2-3_days,True,True,True,2171628,2056,1542,L,56f425ef1a135de4643bbdb48afa7dbfd526f05fb048313af2d4232d2c1d72fd,8ecc0ace8a4e8a0e0f4c0cce8d8e0f8e8b0e898e89cc1ace9acc898c9e8c1d0c
data/raw/ooc/OOC_image_dataset/train/bad/cell_type_HUVEC/2-3_days/230405_59.png,230405_59,230405,train,bad,HUVEC,2-3_days,2,HUVEC,2-3_days,True,True,True,2210590,2056,1542,L,8536ad5b8cc4c749de8d0bfb6ade2f778f6a7b9c49e61a949436fa166063c47c,988c998c1d8e0e4cdd8c9f0e9d0cdb8c18cc9bcc9acc18cc19cc1d8c1a0c9a8a
data/raw/ooc/OOC_image_dataset/train/bad/cell_type_HUVEC/2-3_days/230405_60.png,230405_60,230405,train,bad,HUVEC,2-3_days,2,HUVEC,2-3_days,True,True,True,2136824,2056,1542,L,a906f2fdb2ffa6cf535de15444218ab8f6a9a8a9de49d10d7238348bab155003,18cc19cc1d8c1a0c1a8e9d4cde4c5ace9d8c9c4c9e0c9d0c9bac1a4c9ccc99cc
data/raw/ooc/OOC_image_dataset/train/bad/cell_type_HUVEC/2-3_days/230405_61.png,230405_61,230405,train,bad,HUVEC,2-3_days,2,HUVEC,2-3_days,True,True,True,2060450,2056,1542,L,b01cc0daca6a047809f61f9e60dd0e078c7497ce03cb7cc8db5385fac600dac5,9dac1b8c98cc9c4c1b4c0bec0bce0bcb1fcaddca9dcc998c1bcc1acc1b8c0adc
data/raw/ooc/OOC_image_dataset/train/bad/cell_type_HUVEC/2-3_days/230405_62.png,230405_62,230405,train,bad,HUVEC,2-3_days,2,HUVEC,2-3_days,True,True,True,1930795,2056,1542,L,ca7beec1fffa2a456b9d72e8b5752528f2c4255290f3311efd234f66e2c18ee0,cc8ecd8ecfaecf2cce8ece8ecd0ecd8ecd8c8d4ecd0ecd4ecccecd0ecf0ecece
data/raw/ooc/OOC_image_dataset/train/bad/cell_type_HUVEC/2-3_days/230405_64.png,230405_64,230405,train,bad,HUVEC,2-3_days,2,HUVEC,2-3_days,True,True,True,2118908,2056,1542,L,5ed034cdcda29369af91dd66c8750aa61c4d5be97579a5b213ac67c981e7e416,cc6ece4eca4ecc4ecd0ecf4ece4ccfcecd4ecccecd4ecf4cc90e8ccece8e8e0e
data/raw/ooc/OOC_image_dataset/train/bad/cell_type_HUVEC/2-3_days/230405_67.png,230405_67,230405,train,bad,HUVEC,2-3_days,2,HUVEC,2-3_days,True,True,True,2017029,2056,1542,L,d7d246b0566f170c41e2c95dab9f81ea85701d0d035649e47bf5181f452818d2,ce2ccf4cce4ccecc8ccccc4cce4ccf4c8d6c8dce8c4e8f0e8d0e8d0c8d8ccc8c
data/raw/ooc/OOC_image_dataset/train/bad/cell_type_HUVEC/2-3_days/230405_68.png,230405_68,230405,train,bad,HUVEC,2-3_days,2,HUVEC,2-3_days,True,True,True,2056770,2056,1542,L,5759708ad1ac833fba533eb69d7452728e6b3420f6d35a60b447600bc7aa2d7a,8d0e8d8e8d0ccc8ccc8e8d0cca0ece0ccd0c8d0c8d0cc90ccdccc88cce0ccf0c
data/raw/ooc/OOC_image_dataset/train/bad/cell_type_HUVEC/2-3_days/230405_69.png,230405_69,230405,train,bad,HUVEC,2-3_days,2,HUVEC,2-3_days,True,True,True,2019822,2056,1542,L,6e6a504084c7a166d0108e15125823410045efb926d4ba8b5d59a78f221c8f80,c94cc8cccd8ecf2ccf0ecc0e8c0c4c0c0ccc8ecc8ecc0e0c8b0c0d0c8d8c8ccc
data/raw/ooc/OOC_image_dataset/train/bad/cell_type_HUVEC/2-3_days/230405_70.png,230405_70,230405,train,bad,HUVEC,2-3_days,2,HUVEC,2-3_days,True,True,True,1870182,2056,1542,L,a6bb63260d5e84f46800ac37dbdfe4b56d5a2e9c6efa2d741587e4ec0dd13cf0,8a8c8f8c8dac8c8e8ccc8ecc8a4c8e4c8f8c8a8c8a8c9f8c99cc994c9bcc988c
data/raw/ooc/OOC_image_dataset/train/bad/cell_type_HUVEC/2-3_days/230405_72.png,230405_72,230405,train,bad,HUVEC,2-3_days,2,HUVEC,2-3_days,True,True,True,2116987,2056,1542,L,2e0f7f7fff2c83e2f0cb04048d0bd2c527067c0c0ec3499440d52b86e6ed58df,9b8c1d8c894c090c0d4c098c99cc9ccc9f4c9f4c9d0c9f8c9d8c9d8c9d8c9e8c
data/raw/ooc/OOC_image_dataset/train/bad/cell_type_HUVEC/2-3_days/230405_73.png,230405_73,230405,train,bad,HUVEC,2-3_days,2,HUVEC,2-3_days,True,True,True,1895189,2056,1542,L,fa0b6961aaa20aa9396cf61325f73c973a91298e17d52e809375afb63a2ba72f,898c8dcc9dcc8c8c0e8c8ccc08cc88cc8ccc1e0c8f0c8d4c8d0c8d8c0b0c0b0e
data/raw/ooc/OOC_image_dataset/train/bad/cell_type_HUVEC/2-3_days/230405_75.png,230405_75,230405,train,bad,HUVEC,2-3_days,2,HUVEC,2-3_days,True,True,True,1829574,2056,1542,L,b2933c6c5eccf0f6795a5ea8a5f2bfbf3cc816a934a33ecdd3915cba06ffb859,c786c786c787c787c787c787e787e785e784c787c707cf06c786e786e786ef86
data/raw/ooc/OOC_image_dataset/train/bad/cell_type_HUVEC/2-3_days/230405_76.png,230405_76,230405,train,bad,HUVEC,2-3_days,2,HUVEC,2-3_days,True,True,True,1964688,2056,1542,L,50219f109f04cbffbf9a91e4385c22f514012e037e456ce0b9c3a74f5d1d2b3b,c706c786e786e786e587ef87e787c787ef07cf87cf87cf86cf06cf87cf87cf86
data/raw/ooc/OOC_image_dataset/train/bad/cell_type_HUVEC/2-3_days/230405_77.png,230405_77,230405,train,bad,HUVEC,2-3_days,2,HUVEC,2-3_days,True,True,True,2016553,2056,1542,L,a10907efcc26bc5d93c279257f5d390c6173dfaceddc25062486e7cc8f5da05e,c786cf06cf87cf86cf87ce86ed86ed07cf07cf06cd86ccc6ccc6cc46cc66cce6
data/raw/ooc/OOC_image_dataset/train/bad/cell_type_HUVEC/2-3_days/230405_81.png,230405_81,230405,train,bad,HUVEC,2-3_days,2,HUVEC,2-3_days,True,True,True,2072881,2056,1542,L,0d2dcf58d4dca6fddf467e7623811bcadfbcf5185d07a1ab2025dd501e068472,cdc6cf47cc46cfc6cf858d66cf66cf66cee6ce46ce468d86cd86cca6ccc6ccc7
data/raw/ooc/OOC_image_dataset/train/bad/cell_type_HUVEC/2-3_days/230405_83.png,230405_83,230405,train,bad,HUVEC,2-3_days,2,HUVEC,2-3_days,True,True,True,2028352,2056,1542,L,87ae21d3c9d9bfedd820c96f42821459af9146183888105f521743f934676599,cf66cd26cd06cf06cf26ce86cf86cf86cf068e46cf46cf86cd26cea6ce86ce86
data/raw/ooc/OOC_image_dataset/train/bad/cell_type_HUVEC/2-3_days/230405_84.png,230405_84,230405,train,bad,HUVEC,2-3_days,2,HUVEC,2-3_days,True,True,True,2088543,2056,1542,L,cf0b247d897a5349a8907a98c6fd5991f1ec3d8dd0d9e5de8b2b4db9bdaa5a53,cf26cd268ea6ce86ce068f448f26cd278c87cca78ec5ce64cea6cfa78ee68fe6
data/raw/ooc/OOC_image_dataset/train/bad/cell_type_HUVEC/2-3_days/230405_87.png,230405_87,230405,train,bad,HUVEC,2-3_days,2,HUVEC,2-3_days,True,True,True,1801744,2056,1542,L,69d05ec8488351419ee3c6d0d4331d0dcecd6a8023db51156456cc05627dd697,cf06cf06cf06cf0e8f0ecf2f4f2f0f06cd04cf04cf0ccf0ccf0e8f0e8b0f8d0f
data/raw/ooc/OOC_image_dataset/train/bad/cell_type_HUVEC/4+_days/230411_1.png,230411_1,230411,train,bad,HUVEC,4+_days,2,HUVEC,4+_days,True,True,True,1810984,2056,1542,L,0117d8dc62fa38ced5439dcf6f8aa04994c711cea8012cd0919fbdbc1f3d774c,0b1f0e0f0c0e080c0a0c0e0c0e0c4e0cce4c8e4c8c4e8a4e994f998e8a8ccf0c
data/raw/ooc/OOC_image_dataset/train/bad/cell_type_HUVEC/4+_days/230411_10.png,230411_10,230411,train,bad,HUVEC,4+_days,2,HUVEC,4+_days,True,True,True,1836897,2056,1542,L,d8fa0ce906e0b274d4d2b0442c0f02a5146f09aa1210f6b66f2ea662a3e8f3f9,020f0a0f884f0c8f8dcf8dee8f2ccfeccecc8ecc8d8e8daf8d2fce0ecbcccecc
data/raw/ooc/OOC_image_dataset/train/bad/cell_type_HUVEC/4+_days/230411_11.png,230411_11,230411,train,bad,HUVEC,4+_days,2,HUVEC,4+_days,True,True,True,2066625,2056,1542,L,edecb79f2a49c34ab3a02ef7cc1c5afbee4805ac100f88ceda568baba0f88047,9b0c998e99ce9ecc9bcc99ce9d4c198c1b0c9f0c9f0e1d4e1f0e1d4c1ecc9b8e
data/raw/ooc/OOC_image_dataset/train/bad/cell_type_HUVEC/4+_days/230411_12.png,230411_12,230411,train,bad,HUVEC,4+_days,2,HUVEC,4+_days,True,True,True,2025819,2056,1542,L,41778c1c8d31520673a01995ef8deec22eec1dc6c35a8253d462dfa69a6939d3,9b8c9f8c9c8c9d8e1dcc1d8e9c0c9ccc9c4c9c4e9c8c9d1c988c9e8e99ce194e
data/raw/ooc/OOC_image_dataset/train/bad/cell_type_HUVEC/4+_days/230411_14.png,230411_14,230411,train,bad,HUVEC,4+_days,2,HUVEC,4+_days,True,True,True,2056345,2056,1542,L,ce3c40066d028270ceda5f07ea26bbe27c8effbad5ef2510e447a273b2170f0f,9d9c1c9a1c0c9a9c1e9c1b9c191c1e9c199c1d9c1d189f1c9e1c991c9a5c9e58
data/raw/ooc/OOC_image_dataset/train/bad/cell_type_HUVEC/4+_days/230411_15.png,230411_15,230411,train,bad,HUVEC,4+_days,2,HUVEC,4+_days,True,True,True,2094612,2056,1542,L,16180bb5ae39a52db24731f1ee81656df393012233b4360a09e5bc8811acd7ea,9b5899581f1c1d1c1d1c1a1c1adc97d8965c1f5c1bd81b581d581c1c1a1c1a58
data/raw/ooc/OOC_image_dataset/train/bad/cell_type_HUVEC/4+_days/230411_17.png,230411_17,230411,train,bad,HUVEC,4+_days,2,HUVEC,4+_days,True,True,True,2154451,2056,1542,L,18f5e8e339c764fe23fc3dcc1883898393284adffb8a78bec36cfde90c04a7be,1b9c13d8129c17dc175c15581b1c199c191c19181b9811981318139c149c1898
data/raw/ooc/OOC_image_dataset/train/bad/cell_type_HUVEC/4+_days/230411_18.png,230411_18,230411,train,bad,HUVEC,4+_days,2,HUVEC,4+_days,True,True,True,2163392,2056,1542,L,70605905ce94bc78b26e0ed4614af4cdcd9573c30fdcc888c5768b06665511ce,9a8c9b0c994c984c98cc99cc98c81b489d4c1f081a881bc89e4818cc9acc9d48
data/raw/ooc/OOC_image_dataset/train/bad/cell_type_HUVEC/4+_days/230411_2.png,230411_2,230411,train,bad,HUVEC,4+_days,2,HUVEC,4+_days,True,True,True,2037853,2056,1542,L,707db53e3383d049192e470d0a2a71c920d78001c1ac99d4459f471b2f6834be,4e8ccf0c9f0c9f0c8c4c8c0c0d0e8d4e9e4c1f8ccccc8ccc0e4c9d4e9a4a9c8c
data/raw/ooc/OOC_image_dataset/train/bad/cell_type_HUVEC/4+_days/230411_20.png,230411_20,230411,train,bad,HUVEC,4+_days,2,HUVEC,4+_days,True,True,True,2126314,2056,1542,L,bf51671310b2d870c480a2b15635bd55b48b2416b6f4fdbc84fc363ebf42c0cd,c707c567c427c617e687ec87ec07e627ec07cc87cd47ed46ed47ef67ee66ec66
data/raw/ooc/OOC_image_dataset/train/bad/cell_type_HUVEC/4+_days/230411_21.png,230411_21,230411,train,bad,HUVEC,4+_days,2,HUVEC,4+_days,True,True,True,2143780,2056,1542,L,bd2f29882b8620315dcb6fcce669cb3098a5a5994156441a26d6b4d55c22bfec,ecc6e4c6eca6ec86ce26ed46ec47ce86cea6cf66cdc6ccc6ccc7ccc7ccc6cd66
data/raw/ooc/OOC_image_dataset/train/bad/cell_type_HUVEC/4+_days/230411_23.png,230411_23,230411,train,bad,HUVEC,4+_days,2,HUVEC,4+_days,True,True,True,2134526,2056,1542,L,0b66554a8baa49078c314733f475f2b37755ca3f7aa9eb9f70fbfaf1baa5c887,cca7cea6cd2ece2ece6ece4fce4ecc46cdc6cfa6cd27cdadcd8e8c0ccd1fcf1e
data/raw/ooc/OOC_image_dataset/train/bad/cell_type_HUVEC/4+_days/230411_24.png,230411_24,230411,train,bad,HUVEC,4+_days,2,HUVEC,4+_days,True,True,True,2124876,2056,1542,L,c4ae00f10c9dbf85e3594badb19b651f0b30be0d1403cd88303bb967b2f52c6c,cc0fcc8ecc2e8e2eceaeceaecec6ce4ece4ecf0ecd0ecf2ecf2ece6ecf8ecf0e
data/raw/ooc/OOC_image_dataset/train/bad/cell_type_HUVEC/4+_days/230411_26.png,230411_26,230411,train,bad,HUVEC,4+_days,2,HUVEC,4+_days,True,True,True,2077494,2056,1542,L,cbf5da018117cb0cc28cf882d44f88591560bc6ed110852ce148b3381e091c74,cbceceaecf2ece4ece2ece0cce8c8e0c8d0c8f8e8e4ecf0ecf0c8eac8eae8e6c
data/raw/ooc/OOC_image_dataset/train/bad/cell_type_HUVEC/4+_days/230411_28.png,230411_28,230411,train,bad,HUVEC,4+_days,2,HUVEC,4+_days,True,True,True,2080930,2056,1542,L,9b3168bfdfd64c8b6553dfd947b91a027c9fce85cc0c9c13c20cca888f612755,ce0ece0c8d0c8d0c8ccc8c8c8d6c892c8d4e8c4e8ecc8a6c8e4e8c0c8d4c89cc
data/raw/ooc/OOC_image_dataset/train/bad/cell_type_HUVEC/4+_days/230411_29.png,230411_29,230411,train,bad,HUVEC,4+_days,2,HUVEC,4+_days,True,True,True,2177519,2056,1542,L,5c943bc39bc5acf484076dcfc1491632c510277a1b343265d0803488f1a7b9e7,8c8c8eac8e8c898e898e8d8e0e8e8f0c8d8c8f8c8f8c8f8e0b8e0d8e0f0e0ace
data/raw/ooc/OOC_image_dataset/train/bad/cell_type_HUVEC/4+_days/230411_30.png,230411_30,230411,train,bad,HUVEC,4+_days,2,HUVEC,4+_days,True,True,True,1914482,2056,1542,L,a28a3b9ee49c4b52e188f98e308c1f7a03231c168288fad296284572eb739a8b,8f0e0b1e1b1e4f1ede0c9e0cde0e9f0e9e0cde0e1e0c1e0c9e0c9e0c9f0c9f1c
data/raw/ooc/OOC_image_dataset/train/bad/cell_type_HUVEC/4+_days/230411_31.png,230411_31,230411,train,bad,HUVEC,4+_days,2,HUVEC,4+_days,True,True,True,1961699,2056,1542,L,e75c345ce667a92f4dce4715ef3fab79d4abb31c63101b1a746e76d627554d32,9f0c9e0e9e1c1e5c1e1c9e1e9e4e9b0a9b1a9b0e9c0e9c0e9b1c9b1e9e1e9e1e
data/raw/ooc/OOC_image_dataset/train/bad/cell_type_HUVEC/4+_days/230411_32.png,230411_32,230411,train,bad,HUVEC,4+_days,2,HUVEC,4+_days,True,True,True,2045156,2056,1542,L,767de1c52b4154d0ee50be3745088c21bf965a7d795d253ca34dcff62fa58164,9d1e9e1c9f1e9e0c1a1c1b1c9f1c1e1c1e5c9e5c9e5c9e5c9b5c965c1e1c9c9c
data/raw/ooc/OOC_image_dataset/train/bad/cell_type_HUVEC/4+_days/230411_33.png,230411_33,230411,train,bad,HUVEC,4+_days,2,HUVEC,4+_days,True,True,True,1987009,2056,1542,L,45a711db8b545f3df584c6717320290b84c29f14fbb50cabd318d19b2a5cb1f5,995c9d5c1d9c1cdc18dc19dc195c98dc19dc1d5c9c4c1a5c1bdc9b1c1a1c1a9c
data/raw/ooc/OOC_image_dataset/train/bad/cell_type_HUVEC/4+_days/230411_37.png,230411_37,230411,train,bad,HUVEC,4+_days,2,HUVEC,4+_days,True,True,True,2142098,2056,1542,L,48405713aee46cd334d6f11e19eb5396e24e7b0c955b91383fac497ee39c6131,1b181a181a1c1298149c165c179819181298191819181e181c981898189c1318
data/raw/ooc/OOC_image_dataset/train/bad/cell_type_HUVEC/4+_days/230411_38.png,230411_38,230411,train,bad,HUVEC,4+_days,2,HUVEC,4+_days,True,True,True,2060437,2056,1542,L,76f867b884f93c1889044f59b51bf23ef23ed2989af22b74d369dc9e16c55c89,121c1a581e181e98189c1d9c1c1c1f181e1c1e5c1e1c1bd813d81318131c135c
data/raw/ooc/OOC_image_dataset/train/bad/cell_type_HUVEC/4+_days/230411_39.png,230411_39,230411,train,bad,HUVEC,4+_days,2,HUVEC,4+_days,True,True,True,2001048,2056,1542,L,186e6a94feda675cf126ddd07a523ad101ed05430e6195c4096238e4d9e745ba,13581398185819181f181e181c981e981e181e1c1e18361836183c5c3c9c3c99
data/raw/ooc/OOC_image_dataset/train/bad/cell_type_HUVEC/4+_days/230411_4.png,230411_4,230411,train,bad,HUVEC,4+_days,2,HUVEC,4+_days,True,True,True,2133405,2056,1542,L,5bc8cd580748583683e767be629dae6cf7cf394ea4bf46a6f96bd72c66334771,9e8cde8c9c4e9f0e9f0e9ecc9e8e9e8c9f4c1e4c9e4e9f0c9d8c998c9ace9a4c
data/raw/ooc/OOC_image_dataset/train/bad/cell_type_HUVEC/4+_days/230411_5.png,230411_5,230411,train,bad,HUVEC,4+_days,2,HUVEC,4+_days,True,True,True,2138696,2056,1542,L,31ddeef89b5c406b96bb6291b787900546da267b6eb7a9e0bea76cc29ed7496a,9dcc9c0e9f0c9d0c1c0e1e0c1c0c1d0c1b0c9b4c9e4c9acc9e0c9b0c9b0c998c
data/raw/ooc/OOC_image_dataset/train/bad/cell_type_HUVEC/4+_days/230411_6.png,230411_6,230411,train,bad,HUVEC,4+_days,2,HUVEC,4+_days,True,True,True,2095178,2056,1542,L,7d3f5aaa4f89b225a4300e765997536a6f9a4acbde73e2f83021a9c6aef2e629,9a8c9b8c1b8c998c9e8c9d0c98cc18cc1b4c9b4c99cc998c9e0c1e0c9f4c1b0c
data/raw/ooc/OOC_image_dataset/train/bad/cell_type_HUVEC/4+_days/230411_7.png,230411_7,230411,train,bad,HUVEC,4+_days,2,HUVEC,4+_days,True,True,True,2229396,2056,1542,L,29ba152f3c0a2b0316734a8924919690de501203562c4882ebd41208595e9035,9a8c9a0c984c1f4c1f0c1f0c1d0c1f081e0c9c089e8c1b0c1b4899981d9c1d58
data/raw/ooc/OOC_image_dataset/train/bad/cell_type_NHBE/2-3_days/230510_86.png,230510_86,230510,train,bad,NHBE,2-3_days,2,NHBE,2-3_days,True,True,True,1768692,2056,1542,L,1bc0f4575d43fefc77f1e963ced44503055c048b93dcfbe6362f2387067ab77e,c70b8b6b18eb58cbd88bd8cbd88bd8cbd9cbd9cbdccb5ecbdecbde4bde4bda4b
data/raw/ooc/OOC_image_dataset/train/bad/cell_type_NHBE/2-3_days/230510_87.png,230510_87,230510,train,bad,NHBE,2-3_days,2,NHBE,2-3_days,True,True,True,1789330,2056,1542,L,c05bea4650bdcb4517cb49634690ab31babd970eeca91d43f1225980ce3dd658,d98bd88bd94bd94bda5bd8dbd85b98dbd94bda4bd80bd9cbdd9b9b9b99cb1b8b
data/raw/ooc/OOC_image_dataset/train/bad/cell_type_NHBE/2-3_days/230510_88.png,230510_88,230510,train,bad,NHBE,2-3_days,2,NHBE,2-3_days,True,True,True,1711335,2056,1542,L,df5cf892884dade52fb9c1dedcbf6437f6eceaac64cdaff2ff70c531a2e5f902,0f490b491dc91e0b0f0b0f1b0f0b8e6b8e6b8e7b4b7bc85bcbd9c9c9cc39cc5b
data/raw/ooc/OOC_image_dataset/train/bad/cell_type_NHBE/2-3_days/230510_91.png,230510_91,230510,train,bad,NHBE,2-3_days,2,NHBE,2-3_days,True,True,True,1802700,2056,1542,L,4e007dc94143358673d223db64b4abee0f905609444583c69e30e6bfd571a0a9,cbc9cbc9cac9ca998c89cf898b998999cb398f398d99cdb9cc39cea9c999cdb9
data/raw/ooc/OOC_image_dataset/train/bad/cell_type_NHBE/2-3_days/230510_92.png,230510_92,230510,train,bad,NHBE,2-3_days,2,NHBE,2-3_days,True,True,True,1824732,2056,1542,L,dd23bd96d3f63df6710993f3361114bf91759d806ae5c9fe81f0156ea5f6815b,ce39cf19cf998b498e898e494d494c494c498c49c8c9c8c9ccc9cc99ccc9ccc9
data/raw/ooc/OOC_image_dataset/train/bad/cell_type_NHBE/2-3_days/230510_94.png,230510_94,230510,train,bad,NHBE,2-3_days,2,NHBE,2-3_days,True,True,True,1879508,2056,1542,L,15cbf01d83305e316255e124df0f8cbcc0a2c3bd706c27dc1898082545abda9a,cac94bc9cfc9cbc9cd89cbc9cac9c9c9cdc98d998cc9cd498e09c849c8098b19
data/raw/ooc/OOC_image_dataset/train/bad/cell_type_NHBE/4+_days/230320_202.png,230320_202,230320,train,bad,NHBE,4+_days,2,NHBE,4+_days,True,True,True,1935072,2056,1542,L,f4ee8740c5394139b360d1a2a6d5bbc2784b257ede7724e1e8a28e245d55a468,65b1c535c7318739c709c799c78da75dc631c629c649a665c7e1c7e967c963d3
data/raw/ooc/OOC_image_dataset/train/bad/cell_type_NHBE/4+_days/230320_203.png,230320_203,230320,train,bad,NHBE,4+_days,2,NHBE,4+_days,True,True,True,1952646,2056,1542,L,f46a067ac031558736150a1ec2fac1e56e89e38e7f1630420f5cb05b24229e04,878c070c8740878087242784864427446f008f208f608f408f418e31cf30ce30
data/raw/ooc/OOC_image_dataset/train/bad/cell_type_NHBE/4+_days/230320_213.png,230320_213,230320,train,bad,NHBE,4+_days,2,NHBE,4+_days,True,True,True,1794131,2056,1542,L,262faccde4a09c059549378cf3b29396167ebb39fd5c356eeb55084ed5155dca,34033403348334339631b61134b134e134813781364137013781360137433713
data/raw/ooc/OOC_image_dataset/train/bad/cell_type_NHBE/4+_days/230517_82.png,230517_82,230517,train,bad,NHBE,4+_days,2,NHBE,4+_days,True,True,True,1269672,2056,1542,L,3565e6c753c28eb9514e121949ad2a0067f4e2ee1a2bbe82db021afd401d207e,c4ef85e1c7e1cfe94fe98fcb87eb47eb07cb07cb8feb8feb8febcfcbcfeb8feb
data/raw/ooc/OOC_image_dataset/train/bad/cell_type_NHBE/4+_days/230517_83.png,230517_83,230517,train,bad,NHBE,4+_days,2,NHBE,4+_days,True,True,True,1214909,2056,1542,L,9222c4109303fdda61289a21cb3eb7617879467180536e179a4938094870746a,c3ebc7ebcbebcbeb8feb4debcfebcfebcfeb87eb8f8b8fcb0fcb0fcb8f8b8f8b
data/raw/ooc/OOC_image_dataset/train/bad/cell_type_NHBE/4+_days/230517_84.png,230517_84,230517,train,bad,NHBE,4+_days,2,NHBE,4+_days,True,True,True,1195691,2056,1542,L,00e0014f4d2e5f792c4cc7deba9491a7d498cf161845de9cdbef7c01e01ffc57,8f8b0f8f0f8b878b87ab076b877b8b7b89fb8beb8beb8fcb8fcbcfe38fe38fcb
data/raw/ooc/OOC_image_dataset/train/bad/cell_type_NHBE/4+_days/230517_86.png,230517_86,230517,train,bad,NHBE,4+_days,2,NHBE,4+_days,True,True,True,1325910,2056,1542,L,74cbb89d200590173c49b0a2bd34c06d60c509d652af24b5a8ace54c3bec59ce,8bcb8bcbcbcb8fcb8bcb8fcb8fcb8fcb8fcb8fcb8fc34fc3cfcb8fcb0fc38fc3
data/raw/ooc/OOC_image_dataset/train/bad/cell_type_NHBE/4+_days/230517_87.png,230517_87,230517,train,bad,NHBE,4+_days,2,NHBE,4+_days,True,True,True,1333163,2056,1542,L,1968525997c1225a2b54a731e648487270b5c7f2ae8ceec81cd07ad352ea8b87,8f8b8f8bcf8b0bcb0fc30fc30fcb0fdb0fe30fe30bc34dd38fd38fd38fc38fcb
data/raw/ooc/OOC_image_dataset/train/bad/cell_type_NHBE/4+_days/230517_89.png,230517_89,230517,train,bad,NHBE,4+_days,2,NHBE,4+_days,True,True,True,1362818,2056,1542,L,55f8429559b6c0e2802cb98d2ae3e3204aaa80d42e23b7849b426300041e99f1,8dc38fd38f938f138f138f938f938fd38fd38f938f938fd38f838f838fc38f5b
data/raw/ooc/OOC_image_dataset/train/bad/cell_type_NHBE/4+_days/230517_90.png,230517_90,230517,train,bad,NHBE,4+_days,2,NHBE,4+_days,True,True,True,1281137,2056,1542,L,8fe0773fb96499c0ddb312b46a7db91e287b2ceb87ad4d37f0322fcb6057800b,0fd30f9b8f9b0fbb8fb30bbb8b9b0fcb0fc30fd30fd30fd30fd30fd30fd38fd3
data/raw/ooc/OOC_image_dataset/train/bad/cell_type_NHBE/4_days/230512_81.png,230512_81,230512,train,bad,NHBE,4_days,2,NHBE,4_days,True,True,True,1812911,2056,1542,L,be84140c00797eedab1a6529a8b5c96bd97b75a365e9a744b23760660053d266,c9e109e52c6dece56ced6c6ded6dcccdcc8dcdedabcdeeedce6dcfadef89cee9
data/raw/ooc/OOC_image_dataset/train/bad/cell_type_NHBE/4_days/230512_82.png,230512_82,230512,train,bad,NHBE,4_days,2,NHBE,4_days,True,True,True,1808472,2056,1542,L,ad5d911eb9309d2b9662f4e83a90244fd1f932e865ef89b611022b1336edc693,eccdec29cca9c829cc69cca9cc09cc49ec6deccdcd69cda9cdc98ded8dcd8dcd
data/raw/ooc/OOC_image_dataset/train/bad/cell_type_NHBE/4_days/230512_83.png,230512_83,230512,train,bad,NHBE,4_days,2,NHBE,4_days,True,True,True,1712562,2056,1542,L,b7108e1ba28f7c26e89d5e571f08deba811f1e5168fdc3145f293cefc7bf32be,8dad8fcd8f8d0f8d0f8d8f8d8f0dcf6d8f2d49294869c8e9c8e9cce9ce29ece9
data/raw/ooc/OOC_image_dataset/train/bad/cell_type_NHBE/4_days/230512_84.png,230512_84,230512,train,bad,NHBE,4_days,2,NHBE,4_days,True,True,True,1794390,2056,1542,L,87ced94973cf5aba474472b600557ca159fa46cb1d63499b9ef834521bc41eb7,cee94de98de98f498d69cc698869e9a9c889cd498d494d49cdc9ccc98e49abe9
data/raw/ooc/OOC_image_dataset/train/bad/cell_type_NHBE/4_days/230512_86.png,230512_86,230512,train,bad,NHBE,4_days,2,NHBE,4_days,True,True,True,1828713,2056,1542,L,52ea967d7b9f1bb4b4a7359c61ea47a331d865b0707bfeb0eb6fa75e57e32424,efa9cbc9cac9e8c929c9cde9cd89c989cd29ccc9c909cdc9cdc9ca494b494fc9
data/raw/ooc/OOC_image_dataset/train/bad/cell_type_NHBE/4_days/230512_89.png,230512_89,230512,train,bad,NHBE,4_days,2,NHBE,4_days,True,True,True,1443822,2056,1542,L,863fb2d0ee9f5c10ec42e572cd49c33d3ce9a27a404ba6976e019eeff143a4ff,cc89ccc9ccc9cde9cda9cd8989898ba9c9c9cbc9cac9cea9ca89cbc9cec9cac9
data/raw/ooc/OOC_image_dataset/train/good/cell_type_A549/0-1_days/221010_85.png,221010_85,221010,train,good,A549,0-1_days,1,A549,0-1_days,True,True,True,2822536,2048,1536,RGB,fb9ec91ae71c0ab5c872a99b7173ff08304a4d2f5aae68a3aeea7c1712351469,60524052405340d34173407340e3417340f3427340634033403340334033403b
data/raw/ooc/OOC_image_dataset/train/good/cell_type_A549/0-1_days/221010_86.png,221010_86,221010,train,good,A549,0-1_days,1,A549,0-1_days,True,True,True,2645600,2048,1536,RGB,f013e4b21a07bdc05f87d05e69e24f63953b1bad4074b8eb46dee7fd85265ef8,20db00db109b41432153016b907300f1016100c180e5a0f189699935880da21d
data/raw/ooc/OOC_image_dataset/train/good/cell_type_A549/0-1_days/221010_87.png,221010_87,221010,train,good,A549,0-1_days,1,A549,0-1_days,True,True,True,3101323,2048,1536,RGB,e2aa5b2d97238e51f2d94b47859b16ab3acf8a83642edca51396d5f97f81a660,a1cb00db109b4143015b107b026380f1016180e980c188f189799975880d803d
data/raw/ooc/OOC_image_dataset/train/good/cell_type_A549/0-1_days/221010_88.png,221010_88,221010,train,good,A549,0-1_days,1,A549,0-1_days,True,True,True,2833305,2048,1536,RGB,da7de49e7d7e79e378bee31fa2d12251e356b48bb3e9d7f0e3113bdcb1d05417,823d523d693c697c513d603d227d125d311ec0cec0fdc8ed80ed207ca21cb11c
data/raw/ooc/OOC_image_dataset/train/good/cell_type_A549/0-1_days/221010_89.png,221010_89,221010,train,good,A549,0-1_days,1,A549,0-1_days,True,True,True,3173808,2048,1536,RGB,8b1c4c448612eca87d8809dc33469c5c5702c06744f61c432cc27fdfc5ae80f4,0052005b605924d100d820db80d800d8805880da80da80da40da88d88058c05a
data/raw/ooc/OOC_image_dataset/train/good/cell_type_A549/0-1_days/221010_90.png,221010_90,221010,train,good,A549,0-1_days,1,A549,0-1_days,True,True,True,2691393,2048,1536,RGB,dc559c330746db022e6a4d6430af6077fe3b284a78465f0ee8e4bc810842de51,4659654d626169614e616135673140ed40ac60f064e462bc447442544924440c
data/raw/ooc/OOC_image_dataset/train/good/cell_type_A549/0-1_days/221010_91.png,221010_91,221010,train,good,A549,0-1_days,1,A549,0-1_days,True,True,True,2936199,2048,1536,RGB,5158c1b7aac457ec29facf5a24d56c31ec385610518c4a6675557d847daf8f3f,103330331073443360f312f360f3617340739073b133802b8abb903b89bba0bb
data/raw/ooc/OOC_image_dataset/train/good/cell_type_A549/0-1_days/221010_92.png,221010_92,221010,train,good,A549,0-1_days,1,A549,0-1_days,True,True,True,3254709,2048,1536,RGB,e1713f9c5b8ddbe2c880bd4c3b2f8f3007592dccfa47ec0440e4cdc3caa9cb51,21e621e220642566252225f22076a0762466a1f021e2b1f681b0b2b0b333ab0d
data/raw/ooc/OOC_image_dataset/train/good/cell_type_A549/0-1_days/221010_93.png,221010_93,221010,train,good,A549,0-1_days,1,A549,0-1_days,True,True,True,3176711,2048,1536,RGB,4f712ff9ef15c3c6a4144fde1dbd1261afdfe67ac00ef232a45c12db64c548c8,607240f3407340f3407340f340f3417340f340734073c033403340334033403b
data/raw/ooc/OOC_image_dataset/train/good/cell_type_A549/0-1_days/221010_94.png,221010_94,221010,train,good,A549,0-1_days,1,A549,0-1_days,True,True,True,3237427,2048,1536,RGB,f3851a22f8d59df6dc3445a7584e0a6b866a5fca603ebd37c0417d3262f754c0,2067402620662082449341478263406370e320e3232312675946d826d0a7b067
data/raw/ooc/OOC_image_dataset/train/good/cell_type_A549/0-1_days/221010_95.png,221010_95,221010,train,good,A549,0-1_days,1,A549,0-1_days,True,True,True,3069446,2048,1536,RGB,ca4d6efb9d8d42e0009496cff6ede53551beb276f14659ddcc2f461ea6cfe7a4,8836a86681f687d6d3369ba698e689e68166806680e6802680a689e681468046
data/raw/ooc/OOC_image_dataset/train/good/cell_type_A549/0-1_days/221010_98.png,221010_98,221010,train,good,A549,0-1_days,1,A549,0-1_days,True,True,True,2736911,2048,1536,RGB,354c56414e1da299a5522f052c26b7d723913cdeea9c6a371fd0e65f6dbf62c4,022b002b4a69003902e1086101e9016901cd02e52165206d026da0359935c175
data/raw/ooc/OOC_image_dataset/train/good/cell_type_A549/0-1_days/221123_3.png,221123_3,221123,train,good,A549,0-1_days,1,A549,0-1_days,True,True,True,2879920,2048,1536,RGB,1dab786301577539558fe3699c5bca0723949ad9e528efe20154ad7a2f531875,12011102002fbfab956095b281a89be8d370c1f0477216609a646b54731e3b2a
data/raw/ooc/OOC_image_dataset/train/good/cell_type_A549/0-1_days/221123_4.png,221123_4,221123,train,good,A549,0-1_days,1,A549,0-1_days,True,True,True,2817807,2048,1536,RGB,60cac6ff7d693617bf6f879527e317c448f19ec750caefb34d58b75088895895,93118929519064c0e444f754cb94d795c351b2d030d1d04000000089006f3ffd
data/raw/ooc/OOC_image_dataset/train/good/cell_type_A549/0-1_days/230109_100.png,230109_100,230109,train,good,A549,0-1_days,1,A549,0-1_days,True,True,True,2447459,2048,1536,RGB,4bfe8c70cee8c4a776dcafae554d24967a92632ab737b447cae858a5f3a7b97a,1843188b18c899749c759890d8a058e2c8c0ca41484148c14cc14cc14c804c44
data/raw/ooc/OOC_image_dataset/train/good/cell_type_A549/0-1_days/230109_101.png,230109_101,230109,train,good,A549,0-1_days,1,A549,0-1_days,True,True,True,2500402,2048,1536,RGB,44dbb7a480c7e9df6763900b35d40aa4c92bd0df26bcb0c05e60f7903cfef3ba,dd84cfc4dfccffd4fbcecb0ccf8cc948e870ec90eb92e488e74ce70c66044e8e
data/raw/ooc/OOC_image_dataset/train/good/cell_type_A549/0-1_days/230109_108.png,230109_108,230109,train,good,A549,0-1_days,1,A549,0-1_days,True,True,True,2440080,2048,1536,RGB,e4eb9192ccc8da648b7b13a69b1040d7d309511dc16e6e6107c3e6af8b0e1e5d,c56767476797638763a7738b6309632162276287230723053307320131053123
data/raw/ooc/OOC_image_dataset/train/good/cell_type_A549/0-1_days/230109_110.png,230109_110,230109,train,good,A549,0-1_days,1,A549,0-1_days,True,True,True,2774182,2048,1536,RGB,911b8371e2d5e908b41998d3a61fafda601acb1cb1e163c3f75579e7ef611b5b,cfaacfa2cdb646f265d6679e67ae630664876413644b640b64572307270f334f
data/raw/ooc/OOC_image_dataset/train/good/cell_type_A549/0-1_days/230109_111.png,230109_111,230109,train,good,A549,0-1_days,1,A549,0-1_days,True,True,True,2540369,2048,1536,RGB,d5ed4ead80158a46f62d0210d5b0564084e779d4bda28273fb07100a4051208a,ea4ccf68ce3ccabcc8cec9dec9d6caa6468e468e66266602664c668a66d5665b
data/raw/ooc/OOC_image_dataset/train/good/cell_type_A549/0-1_days/230109_114.png,230109_114,230109,train,good,A549,0-1_days,1,A549,0-1_days,True,True,True,2534138,2048,1536,RGB,3a328284a3bf1c6c2f96d238cfd2d6b7d16fdbd64c2e6d240179ebf45de9dd92,3cbb349b27993adbb4792c292c892c09ae89b4093289a289a209b109a289b04d
data/raw/ooc/OOC_image_dataset/train/good/cell_type_A549/0-1_days/230109_116.png,230109_116,230109,train,good,A549,0-1_days,1,A549,0-1_days,True,True,True,2622580,2048,1536,RGB,3c4c1af1da0433a63f7eadf39d5f26de35cc70bdc4d0e2c001fb732b33ba10b9,876697e692e693e6b566e5e652e650e741f34cb3445342436223621324d32871
data/raw/ooc/OOC_image_dataset/train/good/cell_type_A549/0-1_days/230109_117.png,230109_117,230109,train,good,A549,0-1_days,1,A549,0-1_days,True,True,True,2435725,2048,1536,RGB,c5aa7ccee60be0c67eab3d892ff31103e3f36144b51a2a0c8ee8bdd22211a06a,869cca14ca94cb94c914c82cc506c10ace42c506e706e106c606d60bf00f6486
data/raw/ooc/OOC_image_dataset/train/good/cell_type_A549/0-1_days/230109_118.png,230109_118,230109,train,good,A549,0-1_days,1,A549,0-1_days,True,True,True,2726195,2048,1536,RGB,14a2b00a9ba7c5ca131b994f8a66ec60df23936672440e6c5a270f65ad67684c,9d6c9d2e9d191d951d9e5d941d968d984cb1cca98e8a4eca4e924e512d45a665
data/raw/ooc/OOC_image_dataset/train/good/cell_type_A549/0-1_days/230109_129.png,230109_129,230109,train,good,A549,0-1_days,1,A549,0-1_days,True,True,True,2482129,2048,1536,RGB,36ef057f21d2614a768bc81345df42deb50846b8d0137fd0e828e84c4bf8f4c3,1e0e3b8d719560ccf044f014f111c1419123a003a00302870206090d011f011f
data/raw/ooc/OOC_image_dataset/train/good/cell_type_A549/0-1_days/230109_25.png,230109_25,230109,train,good,A549,0-1_days,1,A549,0-1_days,True,True,True,2533520,2048,1536,RGB,cd144e43213311859b8e38dd4e1457ab42ee3e77d814a0ab711c2f4a5e3a79f0,76216d31dc2134113e913e913e313e417e099d11ec90a48044806c20b520b120
data/raw/ooc/OOC_image_dataset/train/good/cell_type_A549/0-1_days/230109_26.png,230109_26,230109,train,good,A549,0-1_days,1,A549,0-1_days,True,True,True,2752971,2048,1536,RGB,c3dffd2e89eb7ecacb8e1807a4db0961b910c4fa56d109828c0319eb4e7f0dda,ea44ebc4dd64bd04bf24fe64f784bf24ed94cfb4c794cf24eea4dea4ce44ee44
data/raw/ooc/OOC_image_dataset/train/good/cell_type_A549/0-1_days/230109_28.png,230109_28,230109,train,good,A549,0-1_days,1,A549,0-1_days,True,True,True,2702536,2048,1536,RGB,10071bdc4bcd1dc51c857f59e64e13c126b730850fad0b1e852604135204b4e3,f150fa509f90d710b6d88ed0cff0df70dfb093a8d7c8f4c8b9f0fbb0d960cf8c
data/raw/ooc/OOC_image_dataset/train/good/cell_type_A549/0-1_days/230109_29.png,230109_29,230109,train,good,A549,0-1_days,1,A549,0-1_days,True,True,True,2613085,2048,1536,RGB,99612c5f6e094d4228700c9aec0c590acc1974f77cca1f822cb8c42efeaeb235,fe41ab51bb61df31df71fb41df01db21f731f411b2019441ec88ec88de485940
data/raw/ooc/OOC_image_dataset/train/good/cell_type_A549/0-1_days/230109_30.png,230109_30,230109,train,good,A549,0-1_days,1,A549,0-1_days,True,True,True,2584144,2048,1536,RGB,69b14f512684985e292a5288732b470e4266081abf104108329cf24a046c6fec,df62dfc2dfc0dfc0d7cadf82fe9ad76aeb4acd8acf0af7a8f38aeb42eb826382
data/raw/ooc/OOC_image_dataset/train/good/cell_type_A549/0-1_days/230109_31.png,230109_31,230109,train,good,A549,0-1_days,1,A549,0-1_days,True,True,True,2708204,2048,1536,RGB,abe023db10e42b76d8b17a95f96af64bb26e45ac6242ffa0be3bdff2d0b6db4c,ce0f8d8e150e170ead0e0a8e628f98cfe0c7e2474247d48711079107c147a247
data/raw/ooc/OOC_image_dataset/train/good/cell_type_A549/0-1_days/230109_34.png,230109_34,230109,train,good,A549,0-1_days,1,A549,0-1_days,True,True,True,2613820,2048,1536,RGB,9f276fd6359db92277101b34b54748227bfcd5f68cef30cc168351bae62db61e,9b23f723cd23ed23ddb3de93d523d56352217081449162516081438970017001
data/raw/ooc/OOC_image_dataset/train/good/cell_type_A549/0-1_days/230109_96.png,230109_96,230109,train,good,A549,0-1_days,1,A549,0-1_days,True,True,True,2774250,2048,1536,RGB,9bb3d7309b514be8f075f28ed107fb149f018030051c399d8493f5377138f491,36123622332333043a083b903a08332033203106b90299039901150399839902
data/raw/ooc/OOC_image_dataset/train/good/cell_type_A549/0-1_days/230109_98.png,230109_98,230109,train,good,A549,0-1_days,1,A549,0-1_days,True,True,True,2802540,2048,1536,RGB,e9b7f03c200443a5cebb33342df86fbb71520f93e61bd81cec5ad612c7abedda,6fba6dec6ffc6ffc6ffc6f7867f855f9c7f9e771eb51f173b1c331e371877687
data/raw/ooc/OOC_image_dataset/train/good/cell_type_A549/0-1_days/230109_99.png,230109_99,230109,train,good,A549,0-1_days,1,A549,0-1_days,True,True,True,2651269,2048,1536,RGB,c6008a7ba191e0ddf39bb256f88976f9f305b29f250e74392157562caf55724c,9ed195f9957993d993b991a991699ab89d9c9c5ccc44c188ccd4c584ccacc4b4
data/raw/ooc/OOC_image_dataset/train/good/cell_type_A549/0-1_days/230206_14.png,230206_14,230206,train,good,A549,0-1_days,1,A549,0-1_days,True,True,True,6094377,2048,1536,RGB,248d31619d5a7de96b082ba3a81c9bd2f693e200342c9c96126e26064a974631,d2c3fd43f941f881f521f521f141fb51f51079907a907e907d987fc87b483ed8
data/raw/ooc/OOC_image_dataset/train/good/cell_type_A549/0-1_days/230206_15.png,230206_15,230206,train,good,A549,0-1_days,1,A549,0-1_days,True,True,True,6033169,2048,1536,RGB,26afa3a4bdc6d203fb604ae224fd3b48fc2acc74f1891719dee0f025f0f2bb61,fa85c541c721cb91c3b1e311e9b1ec31e5e1e5a1ed30ee18ef50e760f770e328
data/raw/ooc/OOC_image_dataset/train/good/cell_type_A549/0-1_days/230206_17.png,230206_17,230206,train,good,A549,0-1_days,1,A549,0-1_days,True,True,True,6178820,2048,1536,RGB,2608f372b0c48c2ad4c27864c984336bb47d0c94ad1d0d4a7af1614a6d7dbc1c,f160e330e330ece8e5c0f6d0f450f4f0f6a0ea68fae4ff24e388f3d47dcc7f90
data/raw/ooc/OOC_image_dataset/train/good/cell_type_A549/0-1_days/230206_18.png,230206_18,230206,train,good,A549,0-1_days,1,A549,0-1_days,True,True,True,6315518,2048,1536,RGB,64bf75da347c583491f42e6f22148e9640c13192413c42af4949cca3437fd235,ce70e170d310cb18c328e870ecc8e598ed28ecc8eaa8eba8fac8f2d8f1e8ed4d
data/raw/ooc/OOC_image_dataset/train/good/cell_type_A549/0-1_days/230206_19.png,230206_19,230206,train,good,A549,0-1_days,1,A549,0-1_days,True,True,True,5797053,2048,1536,RGB,c03fedeee2ff2a01a0d767d4221c10621d656e1e912d98266802e696d48778b7,cf31e471e4b1e699e601e291e111cab1f410fc18f890f850e6c8eea8fc88fe68
data/raw/ooc/OOC_image_dataset/train/good/cell_type_A549/0-1_days/230206_20.png,230206_20,230206,train,good,A549,0-1_days,1,A549,0-1_days,True,True,True,6183283,2048,1536,RGB,76ef1367eaa1081900cd785a7e6d87be0277261e5f006cbb565635d9d2754783,f968eb20f908f908f930fa90e4e0e4f0e5f0f770f278fb68f398fb98f540e8c8
data/raw/ooc/OOC_image_dataset/train/good/cell_type_A549/0-1_days/230206_21.png,230206_21,230206,train,good,A549,0-1_days,1,A549,0-1_days,True,True,True,6399933,2048,1536,RGB,181f2915328871b928ebb94508ca4ad814108d7e46e4ddcce05551e5d7323cb8,ed18e390f598fab0fb38fa30ecb0f4a0fec4fcc0fc88fec0fe98ee88ed28ec4c
data/raw/ooc/OOC_image_dataset/train/good/cell_type_A549/0-1_days/230206_22.png,230206_22,230206,train,good,A549,0-1_days,1,A549,0-1_days,True,True,True,6509789,2048,1536,RGB,6efd044696a6d69304e3d16eec1428950488aaeb275d3077ac11a704a65d9606,f293fa93f263e673e463f621f4a174a172517651766973697c7178d179d17169
data/raw/ooc/OOC_image_dataset/train/good/cell_type_A549/0-1_days/230206_23.png,230206_23,230206,train,good,A549,0-1_days,1,A549,0-1_days,True,True,True,6075402,2048,1536,RGB,533cbd7a55c333d84cdef26322c7ce4b33b7a6a2d7657c1fc37f1d92bddf03cb,e6d9ce89f381f3c1f3d1f3e1e3c9f3e1f1a8f1f0f170f1e8f1f8f5f0fcf0fcf0
data/raw/ooc/OOC_image_dataset/train/good/cell_type_A549/0-1_days/230206_24.png,230206_24,230206,train,good,A549,0-1_days,1,A549,0-1_days,True,True,True,5832873,2048,1536,RGB,3b0a237599a94b58a242ed0e19ac5046c6b7f92331980e787272a760e6b89b49,f2b1f3b5e9b4ed34fa30eb30f730e510e418f510fa707230773476647234703c
data/raw/ooc/OOC_image_dataset/train/good/cell_type_A549/0-1_days/230206_26.png,230206_26,230206,train,good,A549,0-1_days,1,A549,0-1_days,True,True,True,579828,640,480,RGB,3d4d3e0632299eaea1cd9531afd5f87990c4db7acaf71e586adea9cbdd0fba89,23e3a3e3a3c3a343a321a1a121e19161887188f180d1b1f1f1d1c0d9d0d1e0f1
data/raw/ooc/OOC_image_dataset/train/good/cell_type_A549/0-1_days/230206_30.png,230206_30,230206,train,good,A549,0-1_days,1,A549,0-1_days,True,True,True,668858,640,480,RGB,0bb03d42b1440319ba9f425d43b5502a1711a5d725a91838b73b2eeb520b56e5,ba61b9019981eb41eb01ca91c491dc81dc41dd61dca8dca8dac0c290e5d0e768
data/raw/ooc/OOC_image_dataset/train/good/cell_type_A549/0-1_days/230206_31.png,230206_31,230206,train,good,A549,0-1_days,1,A549,0-1_days,True,True,True,669462,640,480,RGB,ffbd1fe7d533cd2d70bcb0e7f39a510f0589d26f68ad29cab7a935eb3976c112,e518e558f1f8f178e73ce73ce57cf9f8f18ce9ece7ecef78e7ccf754f334f93c
data/raw/ooc/OOC_image_dataset/train/good/cell_type_A549/0-1_days/230206_34.png,230206_34,230206,train,good,A549,0-1_days,1,A549,0-1_days,True,True,True,738077,640,480,RGB,854739cb6e052ee67e6e1d23a9043cc9f3055c0fbc4946e4cf00f4cd3e43f8dd,dd80df68ed98fdd8e3ccfb64e330fabcfaa4ebace384f134fab4faa4e624f4e4
data/raw/ooc/OOC_image_dataset/train/good/cell_type_A549/0-1_days/230206_36.png,230206_36,230206,train,good,A549,0-1_days,1,A549,0-1_days,True,True,True,686035,640,480,RGB,67b9b27d5da138db9699b3f7d54fbd458474da9756de537e260e63f1ac526c58,faa8ee28fac8fbc8ebc8ea48fa4cf648eda8f8aced28f50cf668f908e30cfb2c
data/raw/ooc/OOC_image_dataset/train/good/cell_type_A549/0-1_days/230206_38.png,230206_38,230206,train,good,A549,0-1_days,1,A549,0-1_days,True,True,True,725673,640,480,RGB,ee512bf70293a2f090d7393861a3165eb9d221d78004c48fdbe1e47dcfec5a6a,ffccfc8cecc8f9ccfaa8f74cfe6cf56cf18cf6ccf6ccf4aceec8ce6cd764c7ac
data/raw/ooc/OOC_image_dataset/train/good/cell_type_A549/0-1_days/230206_39.png,230206_39,230206,train,good,A549,0-1_days,1,A549,0-1_days,True,True,True,694431,640,480,RGB,98d41beea93b70c36eeeb176ebb516bf3c123267d964d04865a40afb3cf8dc35,cc88b190e140eb48ef20ada8e6a8d720d720d7689cc4daccda40faccc640c464
data/raw/ooc/OOC_image_dataset/train/good/cell_type_A549/0-1_days/230206_40.png,230206_40,230206,train,good,A549,0-1_days,1,A549,0-1_days,True,True,True,736775,640,480,RGB,d306aa3c45a23023255454f7a9067cb624122aa256266d6f566ebcb85f4cb3dd,b1c0e160f994e984d304d314f784cf64cba4d594d1c4d1a4e3a4cd70e7d4f354
data/raw/ooc/OOC_image_dataset/train/good/cell_type_A549/0-1_days/230206_41.png,230206_41,230206,train,good,A549,0-1_days,1,A549,0-1_days,True,True,True,730277,640,480,RGB,2eed53355f88982f28fb024e1585445f5b6ec501f5a2dff49e3af730eb762dde,e248eb68eda8e9dcf9a8f968e9a8ececfe68ea68edc8ece8f53cfcece9bce9ae
data/raw/ooc/OOC_image_dataset/train/good/cell_type_A549/0-1_days/230206_43.png,230206_43,230206,train,good,A549,0-1_days,1,A549,0-1_days,True,True,True,727649,640,480,RGB,c7482a1c0c9fe7d1a1e94ecb6dc3c03136a804375dc90e437bbbdb7bde1674b5,cb28e948f918dd48d648e548cb28d668f528ed4ce4a8e968e728e528e98cd78c
data/raw/ooc/OOC_image_dataset/train/good/cell_type_A549/0-1_days/230206_44.png,230206_44,230206,train,good,A549,0-1_days,1,A549,0-1_days,True,True,True,723814,640,480,RGB,cb532327a5740dcc0bbece9d4a0949bbe2a174c8544cbc27563ced8a5f43b7d2,ccc5c1e5f3e1e5f5e9c5d3a5e514e534e234f3b4e794e894e364f954f914f284
data/raw/ooc/OOC_image_dataset/train/good/cell_type_A549/0-1_days/230206_45.png,230206_45,230206,train,good,A549,0-1_days,1,A549,0-1_days,True,True,True,710874,640,480,RGB,fb341286c0600c513f808c3a264218dddb78d540b94b9e2ce47782ef96019cb6,38323eb23cb234aa7c681d70366036b03e187a2a788c76387c7078585d4c5770
data/raw/ooc/OOC_image_dataset/train/good/cell_type_A549/0-1_days/230316_1.png,230316_1,230316,train,good,A549,0-1_days,1,A549,0-1_days,True,True,True,5552877,2048,1536,RGB,e04e830560edbd256047e6e53d1560d9031fb963c42c0098b9df160c9f90a574,dd99dce9cc89cdd9d869f9b1fb99faf9fdd9fd29fde9fdf9fdd1d9e9f9e9f8f9
data/raw/ooc/OOC_image_dataset/train/good/cell_type_A549/0-1_days/230316_11.png,230316_11,230316,train,good,A549,0-1_days,1,A549,0-1_days,True,True,True,5194775,2048,1536,RGB,9db0dfaca932c900eae092d7f171c865e0d34e9e9d01be76cb73d924e7f08daf,a634bd9cacc4afa0af8cbf8ebf8eb1cebfe6bde6bdf293e697c697d2d6d3ded6
data/raw/ooc/OOC_image_dataset/train/good/cell_type_A549/0-1_days/230316_14.png,230316_14,230316,train,good,A549,0-1_days,1,A549,0-1_days,True,True,True,6089945,2048,1536,RGB,897d044fada41188710db1d8429b33e585d0c3505e954cd7991423826c91343b,386d0c0d54253844306430d43494b1d4a9f439d4f1c6e7668e3eb63e9ab69cb6
data/raw/ooc/OOC_image_dataset/train/good/cell_type_A549/0-1_days/230316_15.png,230316_15,230316,train,good,A549,0-1_days,1,A549,0-1_days,True,True,True,5273065,2048,1536,RGB,74fe86c9fb9481282d775cf4387a367db976a6c0b78e634170d424e909563940,c779de79dd99dd8959c95a994f995ccd59cd474c7e3c5f5c5b6c6e9c7f3c6a3c
data/raw/ooc/OOC_image_dataset/train/good/cell_type_A549/0-1_days/230316_16.png,230316_16,230316,train,good,A549,0-1_days,1,A549,0-1_days,True,True,True,5278957,2048,1536,RGB,d1cbba24ed4a185da40030172560e87cb87a3ef7a5d73f2b045b17b0ddbead13,a6eea7e2afb2abd6a6c6bae2b3c6bbe6bee2bffad7fedbfbd7e7d667d7efd7e7
data/raw/ooc/OOC_image_dataset/train/good/cell_type_A549/0-1_days/230316_2.png,230316_2,230316,train,good,A549,0-1_days,1,A549,0-1_days,True,True,True,5573224,2048,1536,RGB,0835ed2d590c409d271d8daec7f3081695a3e152e68d41f2b89a0f01173c302a,4b639521ee51aae1bed1d255cca5fb25af85f791fbb1f9a1b3819fa1df81ddd1
data/raw/ooc/OOC_image_dataset/train/good/cell_type_A549/0-1_days/230316_3.png,230316_3,230316,train,good,A549,0-1_days,1,A549,0-1_days,True,True,True,6238016,2048,1536,RGB,a539a5b7c5ec8463eadf4fc5126bc1874a218a8d817afb4b7ab52274b57cd8e5,e609e409748974cd7685760572857635f63575156d15ec55ed95cfe59ef59cf5
data/raw/ooc/OOC_image_dataset/train/good/cell_type_A549/0-1_days/230316_6.png,230316_6,230316,train,good,A549,0-1_days,1,A549,0-1_days,True,True,True,5921455,2048,1536,RGB,e3a90e6833bd1ca93f465adbe505fa7b178da3e1878a82216c172482449e1c33,58b3d633b633bc73bc73f973fc51be11bd11be51fb01bf91feb1feb1bf71bfb1
data/raw/ooc/OOC_image_dataset/train/good/cell_type_A549/0-1_days/230316_7.png,230316_7,230316,train,good,A549,0-1_days,1,A549,0-1_days,True,True,True,6065732,2048,1536,RGB,14a3301cc3bd2f373bf3d5f480103b7d5e138a56b0d196056880fcc55397d292,7c9964596cc9666964396d794d9d7f2d7f3d7f8d7e0d7e0d7f0d2f9d3fdd3f5d
data/raw/ooc/OOC_image_dataset/train/good/cell_type_A549/0-1_days/230316_8.png,230316_8,230316,train,good,A549,0-1_days,1,A549,0-1_days,True,True,True,5822572,2048,1536,RGB,26286cc9dbda014ecb95e4058d8b4e54ebd1246450e50849b82d1da6e01ce7a9,8c39c479fe9ccdecfdbcfd94ff3cd714ff74ff54ff84feac5f947f7677e27ffa
data/raw/ooc/OOC_image_dataset/train/good/cell_type_A549/0-1_days/230525_112.png,230525_112,230525,train,good,A549,0-1_days,1,A549,0-1_days,True,True,True,1927548,2056,1542,L,8b3207d0215633c5dcbc9075e8e2f3c4dc651deb2f7cbbd017d76dc201c26ad5,9f939f439d931c831e039c439e039a039f231f631ee31fc39b439e639e331e33
data/raw/ooc/OOC_image_dataset/train/good/cell_type_A549/0-1_days/230525_115.png,230525_115,230525,train,good,A549,0-1_days,1,A549,0-1_days,True,True,True,1951828,2056,1542,L,89d3511eeca0ca08f07ae5e93d832ac6a8b72d43e730636edd53f978eb618f03,1ec31e831d031d231c031d831c831c231e031e031f831b8319031e431c431b03
data/raw/ooc/OOC_image_dataset/train/good/cell_type_A549/0-1_days/230525_116.png,230525_116,230525,train,good,A549,0-1_days,1,A549,0-1_days,True,True,True,1903065,2056,1542,L,b24105defc93c52103d7bceb2f56290d38c2b4534967eb295dfa25385dd2a616,1bc31ec31f031e831c831d831f831f131ec31ec39f839f439d831d239e039e07
data/raw/ooc/OOC_image_dataset/train/good/cell_type_A549/0-1_days/230525_118.png,230525_118,230525,train,good,A549,0-1_days,1,A549,0-1_days,True,True,True,1824815,2056,1542,L,0571572a005fcb1419c5019ccf18f9585e5ecc1fc5924c0953c47588a14cc5f9,1c031c0b1e071e271d2319871b071e8b1e1b1b1b1f031d031c431f431cc31f83
data/raw/ooc/OOC_image_dataset/train/good/cell_type_A549/0-1_days/230525_119.png,230525_119,230525,train,good,A549,0-1_days,1,A549,0-1_days,True,True,True,1849303,2056,1542,L,efe5ad41f5846a6ac9c6615372421118dfff167d29a1d96d1189e73522e8f3d9,cf80cfe0cf318f31ce31cf208f40cfa0cf28cd808f808f018f910ec19c619f21
data/raw/ooc/OOC_image_dataset/train/good/cell_type_A549/0-1_days/230525_121.png,230525_121,230525,train,good,A549,0-1_days,1,A549,0-1_days,True,True,True,1532861,2056,1542,L,289ba0bfc01101f298f17d0d81ac7f958a2315b1abb65a056b0afc545c6fef20,9d6f9d279d679c671c471cc78c479f479fc79d079c8f9e8f9d0f9d8f9e8b9c8b
data/raw/ooc/OOC_image_dataset/train/good/cell_type_A549/0-1_days/230525_129.png,230525_129,230525,train,good,A549,0-1_days,1,A549,0-1_days,True,True,True,1580203,2056,1542,L,be9a9782334f8ec9bb420eb4b072cf30a1b02252ea004258ab61dd0c42d35bac,3d06304630467066786778667866786670467606322e320e3e4e7c1e7a067206
data/raw/ooc/OOC_image_dataset/train/good/cell_type_A549/0-1_days/230525_130.png,230525_130,230525,train,good,A549,0-1_days,1,A549,0-1_days,True,True,True,1703616,2056,1542,L,ef28f098cc33fc8ce23dbae80044141f3b0a69924b8252628bce4bf2f98906eb,394631863a867a467a067706730676c672c630c638c63ac63e06340631263a46
data/raw/ooc/OOC_image_dataset/train/good/cell_type_A549/0-1_days/230525_131.png,230525_131,230525,train,good,A549,0-1_days,1,A549,0-1_days,True,True,True,1732129,2056,1542,L,11ab57a122acb7ddda2b731d4b406ea43c62bc22d6b16ae50119ef15642849c1,38463c4639463146304630863086300630863a867a467e067c067c067c067f06
data/raw/ooc/OOC_image_dataset/train/good/cell_type_A549/0-1_days/230525_133.png,230525_133,230525,train,good,A549,0-1_days,1,A549,0-1_days,True,True,True,1705802,2056,1542,L,131a84ef6ba01c5179d520d2620f8ebca7f06a8ee861b9cbb385ccc1973b7fc0,3846384730c7394776877386798673c6724776e772c672c676067e267f067f06
data/raw/ooc/OOC_image_dataset/train/good/cell_type_A549/0-1_days/230525_134.png,230525_134,230525,train,good,A549,0-1_days,1,A549,0-1_days,True,True,True,1701332,2056,1542,L,8e98bc0d1c7a8f56901ad39c8d34d7b791b908adbca226fa637680c1b010b19e,7f867f077f077b477f077f27792779277a277467f667f6677c677c277607f266
data/raw/ooc/OOC_image_dataset/train/good/cell_type_A549/0-1_days/230525_136.png,230525_136,230525,train,good,A549,0-1_days,1,A549,0-1_days,True,True,True,1687639,2056,1542,L,05d9bc6a3be0ceb6b1e81a7ae5ee09bd034e87ce8880cf9bba662a10840270cf,f063fd66ed27f607ee07fe07ff07f907f907f707f547fd06fc07fcc7fc86fc06
data/raw/ooc/OOC_image_dataset/train/good/cell_type_A549/0-1_days/230525_137.png,230525_137,230525,train,good,A549,0-1_days,1,A549,0-1_days,True,True,True,1583757,2056,1542,L,5e1df0792d21633bb5c1f625477a2efacb5bfe203d7d3acf09a1fea3ab9f8c13,f806f8c6f886fac6f846f907f906f94668466e46fc469d0eb90ef30cf70cf60c
data/raw/ooc/OOC_image_dataset/train/good/cell_type_A549/0-1_days/230525_138.png,230525_138,230525,train,good,A549,0-1_days,1,A549,0-1_days,True,True,True,1829932,2056,1542,L,5f33be9574c336f615a18c9024b31980244c523ae10b860ce3d403a4834f86ad,6f057d077a0f740f7d0ffc8ff78ff50ffd0fec0ffe4ffc07fc87f487f187f306
data/raw/ooc/OOC_image_dataset/train/good/cell_type_A549/0-1_days/230525_139.png,230525_139,230525,train,good,A549,0-1_days,1,A549,0-1_days,True,True,True,1837310,2056,1542,L,fd7990046e83180e2f8e9ce5547aab4a1e088c1d0f3e449a6c95a19bcdc1eef4,f307fe07ed07fd07fe87f107f107f607f207f707ec07f407fe06f206fa07fa07
data/raw/ooc/OOC_image_dataset/train/good/cell_type_A549/0-1_days/230525_141.png,230525_141,230525,train,good,A549,0-1_days,1,A549,0-1_days,True,True,True,1715492,2056,1542,L,fd93fd312995144829fe379c35f16e20cb54c7747d29ed14d07077144d05224c,fc46ecc6e286f246ec86e946e206e686e607ea46ec06ec06e406ee06e306f106
data/raw/ooc/OOC_image_dataset/train/good/cell_type_A549/0-1_days/230525_142.png,230525_142,230525,train,good,A549,0-1_days,1,A549,0-1_days,True,True,True,1736285,2056,1542,L,6c2f623c933f9c076884202bf6da9a6a86ba5d2542bb9252834f305203f16d0b,e607e486e8c6fa86e986e207f207ea06e807ec07e407e407f546e846fa06f446
data/raw/ooc/OOC_image_dataset/train/good/cell_type_A549/0-1_days/230525_145.png,230525_145,230525,train,good,A549,0-1_days,1,A549,0-1_days,True,True,True,1686864,2056,1542,L,0f8c3236de69f974c0c56fcef9e5397cc0978e3e4beb1cad73077e7585ccb941,fe47f606f646fd46e707e486f446f046f306f407f606fe06f406f486f3c6f346
data/raw/ooc/OOC_image_dataset/train/good/cell_type_A549/0-1_days/230525_146.png,230525_146,230525,train,good,A549,0-1_days,1,A549,0-1_days,True,True,True,1790447,2056,1542,L,37a62206f675e76ddda388ef0a2c2be2eb807d07c7a4c7e21d2a1b4a8262a5d9,fb46ef06e806ea46fe46fe07fd06fa07fa87fe06fc07fc0ffc4ffe0cfe8cb68e
data/raw/ooc/OOC_image_dataset/train/good/cell_type_A549/0-1_days/230525_182.png,230525_182,230525,train,good,A549,0-1_days,1,A549,0-1_days,True,True,True,1773669,2056,1542,L,2b38cec2731519af5a8c7c2277544425c7708e3b2469db920b1ded184db91d07,4e614e534e73cf43ce63ce63cc634c334cc34dc3cdc74dc749e30dc70dc70cc3
data/raw/ooc/OOC_image_dataset/train/good/cell_type_A549/0-1_days/230525_184.png,230525_184,230525,train,good,A549,0-1_days,1,A549,0-1_days,True,True,True,1970940,2056,1542,L,ce83549d4f94e8462be2717ac7018ea63b48390a9229ce0e1350e7b4d1738007,cec7cec7cf27ce07cf078f074f874fa7cf07cf074f874dc78d47cd87cf87cf87
data/raw/ooc/OOC_image_dataset/train/good/cell_type_A549/0-1_days/230525_185.png,230525_185,230525,train,good,A549,0-1_days,1,A549,0-1_days,True,True,True,1877824,2056,1542,L,4233d14c5173931d4b3a2118b408a8e2c4416b4798b243f4154e86a26da37e4b,cec7cf874d474ec7cdc7cf834f034f13cf434f430fc60fc607c713c71b879b87
data/raw/ooc/OOC_image_dataset/train/good/cell_type_A549/0-1_days/230525_188.png,230525_188,230525,train,good,A549,0-1_days,1,A549,0-1_days,True,True,True,1943037,2056,1542,L,cd11ae4d427191512c8255219458dada13dee32703126d87c0e7167f2870e7a9,8e678da78d070f878f038f030f038d438cc30cc38dc38fc38f838f238fc38dc3
data/raw/ooc/OOC_image_dataset/train/good/cell_type_A549/0-1_days/230525_189.png,230525_189,230525,train,good,A549,0-1_days,1,A549,0-1_days,True,True,True,2009110,2056,1542,L,20aeb08076bc7846bc48788ab6463b460b685c0f339df5fece7adbd68b9f4b44,8fc38f830f838ec30f430f438f838fc38c638d438f83cf838d838d838fc38f43
data/raw/ooc/OOC_image_dataset/train/good/cell_type_A549/0-1_days/230525_190.png,230525_190,230525,train,good,A549,0-1_days,1,A549,0-1_days,True,True,True,1842398,2056,1542,L,06b0b5f74b769f577de9191ea92ef725d738396112ac24a3350a6fbf54d71d40,8f438f630f230f638d81cc910ce18cd18c318c710c618ea18d83dcc39c831363
data/raw/ooc/OOC_image_dataset/train/good/cell_type_A549/0-1_days/230525_191.png,230525_191,230525,train,good,A549,0-1_days,1,A549,0-1_days,True,True,True,1816148,2056,1542,L,c9db37bf4c8fb366bfc0f82f7251f0a72e223ea4357acef2bced58ae4a8a0995,8783c70367234f238f230f270f83cea3ce230f430f830e834e830f838ec30e83
data/raw/ooc/OOC_image_dataset/train/good/cell_type_A549/0-1_days/230525_194.png,230525_194,230525,train,good,A549,0-1_days,1,A549,0-1_days,True,True,True,1733110,2056,1542,L,10ff331c5e20ec4ea05bc8ddbc0f56bf30d4a1b704964d4867227b3200b97d61,47834787478746c746c7c6c7c6c7c6c7c6878687c687478747c7c6c7c78dc78d
data/raw/ooc/OOC_image_dataset/train/good/cell_type_A549/0-1_days/230525_195.png,230525_195,230525,train,good,A549,0-1_days,1,A549,0-1_days,True,True,True,1730648,2056,1542,L,05e596e440f50d8608eff8956b8723964e582418e191d4f54356a48cadb56fd4,878d878f078dc78f474fc7cf87cb47cb47cb478b47cbc70bc64f46cb47cb478b
data/raw/ooc/OOC_image_dataset/train/good/cell_type_A549/0-1_days/230525_196.png,230525_196,230525,train,good,A549,0-1_days,1,A549,0-1_days,True,True,True,1739620,2056,1542,L,afe92286b81350180680f52ea72dd9a4bbca018573dc1e59cd586bc04746d028,c7c347c3c783c6c3c6c786c7c7c7c767c7c74707c727c747c767c7c787c78687
data/raw/ooc/OOC_image_dataset/train/good/cell_type_A549/0-1_days/230525_198.png,230525_198,230525,train,good,A549,0-1_days,1,A549,0-1_days,True,True,True,1679289,2056,1542,L,a7f882d64b7c96dfc1b751e4020d2778160ce565d582046fe45e5a2f3a8558a8,8e254e454e454e254e254ec7cec7ce83cfc38fc30fe30fe3cf038f438e438fe3
data/raw/ooc/OOC_image_dataset/train/good/cell_type_A549/0-1_days/230525_199.png,230525_199,230525,train,good,A549,0-1_days,1,A549,0-1_days,True,True,True,1727693,2056,1542,L,e52eb9124bd647d1bf2be5bde0346a01f99f54cd0062b250c01738e3f353bb92,8ed3cfc38f930fb3cdb3cda3cd330de38ed38eb38e538ed38ed38e430e230b63
data/raw/ooc/OOC_image_dataset/train/good/cell_type_A549/0-1_days/230525_200.png,230525_200,230525,train,good,A549,0-1_days,1,A549,0-1_days,True,True,True,1765663,2056,1542,L,aeaae5b8f49773bfb4a11a3c50a6b9e14ac9ac8accbba26143f06e92d79bb6f0,cf034e03cf07cd874e074f07ce878e470e670e478f078d878f878dc78dc70dc7
data/raw/ooc/OOC_image_dataset/train/good/cell_type_A549/0-1_days/230525_201.png,230525_201,230525,train,good,A549,0-1_days,1,A549,0-1_days,True,True,True,1745955,2056,1542,L,1fb6abfbe7ed015b795b77699fa7c6306b2d882338237b7dd19c550a0f606895,8dc7ccc7ce47ce078e070e870f978e978e978e878f878e878f470f4f0f8f8f8f
data/raw/ooc/OOC_image_dataset/train/good/cell_type_A549/0-1_days/230525_202.png,230525_202,230525,train,good,A549,0-1_days,1,A549,0-1_days,True,True,True,1770651,2056,1542,L,496e9fe26f8840a230639fc48213346c23cfd6add874440b87779010ac4077dd,8ec78e878e878f078f07cf4fcfcfcec70fc74f874f874e870e47cec78f878f8f
data/raw/ooc/OOC_image_dataset/train/good/cell_type_A549/0-1_days/230525_203.png,230525_203,230525,train,good,A549,0-1_days,1,A549,0-1_days,True,True,True,1722375,2056,1542,L,9555a9684de47de3c93151ab28e0f6bb4770c9e61297bbe0310d9f2a6886e673,cf8f8f0fcf0fce0b8e4f8e0f8e0fcecfcfcf8fcf8fcf8f8f8ccf8c4f8f4f8e0f
data/raw/ooc/OOC_image_dataset/train/good/cell_type_A549/0-1_days/230525_205.png,230525_205,230525,train,good,A549,0-1_days,1,A549,0-1_days,True,True,True,1678547,2056,1542,L,424bb862b5c06710626e8aac19bff1e186c125836632e685a73441e614288cd6,ce8f8f8fcf8f4f0f4f870f878f8b8f0b8f0b4f8f0d8f8f8f4fcb4fcb4e8bcf0b
data/raw/ooc/OOC_image_dataset/train/good/cell_type_A549/0-1_days/230525_207.png,230525_207,230525,train,good,A549,0-1_days,1,A549,0-1_days,True,True,True,1675999,2056,1542,L,8374cb956e9b7aade7a7954be9e9825264be73f75e3764f4837d039b8f7df303,8e878e878cc78f470fc74fc74fc78ec78f478f478fc38f47cec78ee78d678dc7
data/raw/ooc/OOC_image_dataset/train/good/cell_type_A549/0-1_days/230525_209.png,230525_209,230525,train,good,A549,0-1_days,1,A549,0-1_days,True,True,True,1729966,2056,1542,L,a5b9b2fdd710a8cfe0ce3c04a62e34a194e4fe650213f2c07ffe748fb94c7146,cdc7cdc7cdc78dc38da78ca38c678c638c438ce38de39d639d639f239b839b43
data/raw/ooc/OOC_image_dataset/train/good/cell_type_A549/0-1_days/230525_217.png,230525_217,230525,train,good,A549,0-1_days,1,A549,0-1_days,True,True,True,1623473,2056,1542,L,5bbad265c4a3648b14f788e0395c443ea56effbfae2c39958ea1afbf5d08300d,0f0f0d0f0c0f8e0f8c0f8c4f0c4f0ccf0c8f8ccf8dcf8dcf0dcf8fc70f478d47
data/raw/ooc/OOC_image_dataset/train/good/cell_type_A549/0-1_days/230525_39.png,230525_39,230525,train,good,A549,0-1_days,1,A549,0-1_days,True,True,True,1951668,2056,1542,L,b8be2c52d85881b2a942019bf0c901a0e631e540b8e07136990c9a901a58230e,cf23cd21ccf188d18c918c434d438d418d814b114b51494189d18961cc654a25
data/raw/ooc/OOC_image_dataset/train/good/cell_type_A549/0-1_days/230525_40.png,230525_40,230525,train,good,A549,0-1_days,1,A549,0-1_days,True,True,True,1911291,2056,1542,L,072ccc1195ff7f3f1603667ebb5800bfcba9ed72815b3253ab1f64babca5a318,6c652c25ad252e256e652cc50cf54ae5cce58be50ae50f250f258f458f45ce35
data/raw/ooc/OOC_image_dataset/train/good/cell_type_A549/0-1_days/230525_43.png,230525_43,230525,train,good,A549,0-1_days,1,A549,0-1_days,True,True,True,1893779,2056,1542,L,55eb736d78573b8994f24b5ecb0e2a6b71ae73525d17df22570965d491f662c3,cd01cc21ce21ce21cf218e218e23ce238e038e02c7062e868e8684868c868404
data/raw/ooc/OOC_image_dataset/train/good/cell_type_A549/0-1_days/230525_44.png,230525_44,230525,train,good,A549,0-1_days,1,A549,0-1_days,True,True,True,1733707,2056,1542,L,78665110d60af94a3e4396b9166cc6c0243c9a456dac5e0f14debdd443f92eb0,c6068644a644c604c404c42684a284e084e08690863086300430044006000600
data/raw/ooc/OOC_image_dataset/train/good/cell_type_A549/0-1_days/230525_45.png,230525_45,230525,train,good,A549,0-1_days,1,A549,0-1_days,True,True,True,1259440,2056,1542,L,e7fad44f21e4f139c1eb6decd5a53b05aae76e2b1815999a17430520e66b95bd,8400440004004000000002000400040005c607c6870e870ee70e860ec70ec706
data/raw/ooc/OOC_image_dataset/train/good/cell_type_A549/0-1_days/230525_47.png,230525_47,230525,train,good,A549,0-1_days,1,A549,0-1_days,True,True,True,1403988,2056,1542,L,37b33c740ee460ac4426351db0b5c89270790852564d619e0aae47195ed0a5fc,04000400040808000c080fc9adc9ad49ac498d49ae498f49ad498d08ac0c2e0c
data/raw/ooc/OOC_image_dataset/train/good/cell_type_A549/0-1_days/230525_49.png,230525_49,230525,train,good,A549,0-1_days,1,A549,0-1_days,True,True,True,1804151,2056,1542,L,e6d1f9adb9da90624fdc5c2cff0d4cdb6ef40186fffa99bbe8dc486a07499d8f,ac89ac89ad89ee09ce09eea9cda9c9a8ccc8ec48cc6ccc6ccc68ef68ee49ee4d
data/raw/ooc/OOC_image_dataset/train/good/cell_type_A549/0-1_days/230525_51.png,230525_51,230525,train,good,A549,0-1_days,1,A549,0-1_days,True,True,True,1781222,2056,1542,L,dfa891338fc45567d83a91209064901687e2a3d740d4082b4a335c1bd3a7b784,5768572c340c2c4c2c0c6d0c670c670cc70cd50cc70cc78cc5acc6ccc4ccf58c
data/raw/ooc/OOC_image_dataset/train/good/cell_type_A549/0-1_days/230525_53.png,230525_53,230525,train,good,A549,0-1_days,1,A549,0-1_days,True,True,True,1501197,2056,1542,L,847cf96527cf842c0952f3b8335acc37006a51a8a7431038e6d528f6cebaa0b5,c42cd42cd6ccd70c9424d72c854c570c576c166c16ac04ac868c040884000200
data/raw/ooc/OOC_image_dataset/train/good/cell_type_A549/0-1_days/230525_56.png,230525_56,230525,train,good,A549,0-1_days,1,A549,0-1_days,True,True,True,1440927,2056,1542,L,bc5be0770e2a83373ebfda8d4b9bb54a905c6f1ab9ff2f823c0b17c8f0f01909,0000001008014ca1c8a3c8a3e8a378a31da14fa54fa54f256e2d49a94d894d99
data/raw/ooc/OOC_image_dataset/train/good/cell_type_A549/0-1_days/230525_57.png,230525_57,230525,train,good,A549,0-1_days,1,A549,0-1_days,True,True,True,1774020,2056,1542,L,fd50c9444b753fec131613c4ec9c6233d498421e22125c6be372939c52222e95,4d994c194e994e99489948a9cb2d492d49ad49a949a34d2349a34ba349a34a33
data/raw/ooc/OOC_image_dataset/train/good/cell_type_A549/0-1_days/230525_60.png,230525_60,230525,train,good,A549,0-1_days,1,A549,0-1_days,True,True,True,1783206,2056,1542,L,bc7bebd1547cdec15cd988b7387c836cda977625ebcbdde71d50dbae459787cf,6c3168316b216ea168a16e216e216e316c396c296c296c296c396c316ca36ca3
data/raw/ooc/OOC_image_dataset/train/good/cell_type_A549/0-1_days/230525_61.png,230525_61,230525,train,good,A549,0-1_days,1,A549,0-1_days,True,True,True,1808340,2056,1542,L,248c675cb6411cf5abdcca2af3cb3bba8253f0a63133fbfe5b38a3fe4699a32c,6da36da36d316c316e316f316eb16e316d316f216f316c316db16db16d216eb3
data/raw/ooc/OOC_image_dataset/train/good/cell_type_A549/0-1_days/230525_62.png,230525_62,230525,train,good,A549,0-1_days,1,A549,0-1_days,True,True,True,1460633,2056,1542,L,4142879a468ee2ab9cbcd0a9ee76637579dd53931d5205439328f73b5c0dea38,6c316d316d336f236ea36ea36da36ca36e036a83482368236023240204000000
data/raw/ooc/OOC_image_dataset/train/good/cell_type_A549/0-1_days/230525_66.png,230525_66,230525,train,good,A549,0-1_days,1,A549,0-1_days,True,True,True,1860527,2056,1542,L,c8ac6cd5efc3f755c2ccdae9c2dae0dc8248fcc9f5be9593ad0bb27fa23fb7bc,d963d973d073d073d27bd873d863d873da72de72de7adc5bd85bd97adb72de73
data/raw/ooc/OOC_image_dataset/train/good/cell_type_A549/0-1_days/230525_69.png,230525_69,230525,train,good,A549,0-1_days,1,A549,0-1_days,True,True,True,1881705,2056,1542,L,e2944b0f8f4458139a93ced67fec7dfc7e05b0888b43efd2f5d051160d9c665f,c962ca52db52cf66da46d866da76d852da72ce72dc72de52dc52dc52de52db52
data/raw/ooc/OOC_image_dataset/train/good/cell_type_A549/0-1_days/230525_70.png,230525_70,230525,train,good,A549,0-1_days,1,A549,0-1_days,True,True,True,1949728,2056,1542,L,3ee2f36ccd2f9dc17e04ba6114a6819bef5174852050dba87af7c3cec178188d,db52c952d972d862cd62c962cb72cb62cd72cd62cd72cf72cf62cf66c966c966
data/raw/ooc/OOC_image_dataset/train/good/cell_type_A549/0-1_days/230525_71.png,230525_71,230525,train,good,A549,0-1_days,1,A549,0-1_days,True,True,True,1502794,2056,1542,L,e4602a2716b1ad45cd61bf9ecbabac2ab5b2412efcecc57e285318dd4c4fe9ea,cd76cd66c966c966cd62cd66cd67c967c976c962cd62cba64902004200200000
data/raw/ooc/OOC_image_dataset/train/good/cell_type_A549/2-3_days/220606_10.png,220606_10,220606,train,good,A549,2-3_days,1,A549,2-3_days,True,True,True,2554376,2048,1536,RGB,c1f988cd340ed5e71cf73d6879f91d382f671af4000bfd24e55b9518738cd54f,25febe5bb09b30161a07160fc82fc18f018e58a2cc9761d7c927882333c86803
data/raw/ooc/OOC_image_dataset/train/good/cell_type_A549/2-3_days/220606_2.png,220606_2,220606,train,good,A549,2-3_days,1,A549,2-3_days,True,True,True,2564869,2048,1536,RGB,9a732cef5b98fb059a919c91e87a3c4ae128848011f06dc0187d74a60f4150fa,f3c60396839e439cc3e449e349834587456705f641c7064e8f6ee7374f380c01
data/raw/ooc/OOC_image_dataset/train/good/cell_type_A549/2-3_days/220606_3.png,220606_3,220606,train,good,A549,2-3_days,1,A549,2-3_days,True,True,True,2527497,2048,1536,RGB,3ef88af8ef19c98b1ab17745609982ccf9400507923f51f9061c5cfbe1e0b3d6,29ce13cf02cf80d3a07760d160f7905fb017a09f0c1f241f114f240cc4588251
data/raw/ooc/OOC_image_dataset/train/good/cell_type_A549/2-3_days/220606_4.png,220606_4,220606,train,good,A549,2-3_days,1,A549,2-3_days,True,True,True,2585704,2048,1536,RGB,a7713d0b4484c9bea05eb5a2a990476a74cbf2d0e1a3a73e7c9475cce5a61ea5,e7ce674ffb67c8e2cdebcd9bc8dbb05fd677967f4f5f831f5f5f4fd916173176
data/raw/ooc/OOC_image_dataset/train/good/cell_type_A549/2-3_days/220606_6.png,220606_6,220606,train,good,A549,2-3_days,1,A549,2-3_days,True,True,True,2436855,2048,1536,RGB,4c2a49b6b12a732c11ef8b54c23f3466bdd30c26bb0e04c2df29acc02e781068,ff966d12889910db183b122f9b171905328c61810123000f206d72f2c8000001
data/raw/ooc/OOC_image_dataset/train/good/cell_type_A549/2-3_days/220606_7.png,220606_7,220606,train,good,A549,2-3_days,1,A549,2-3_days,True,True,True,2437547,2048,1536,RGB,55a8ed85eaf3b35c246b12a7512828ebfc64f0164bab162c7a13e2a2bbf41f58,fffffebb7035007702c7c19e13d38e2782a49108280500ef01ffc9b640000003
data/raw/ooc/OOC_image_dataset/train/good/cell_type_A549/2-3_days/221215_1.png,221215_1,221215,train,good,A549,2-3_days,1,A549,2-3_days,True,True,True,2781041,2048,1536,RGB,da7ba90a049737b2b17434f875784bf6545c7eee6ea0284d5a74a2cfde4f6432,310438b4398739123da11da418e01c8018a0184318c31c131ca218a11cab1c84
data/raw/ooc/OOC_image_dataset/train/good/cell_type_A549/2-3_days/221215_3.png,221215_3,221215,train,good,A549,2-3_days,1,A549,2-3_days,True,True,True,2855840,2048,1536,RGB,b4ddb377f883f7782687535898008d03a17d1a8807231b6221c5cd66fcd40501,a6a7c4e790e7a89781f741d740f7e477e233105340534a336a334033503b0a9b
data/raw/ooc/OOC_image_dataset/train/good/cell_type_A549/2-3_days/221215_4.png,221215_4,221215,train,good,A549,2-3_days,1,A549,2-3_days,True,True,True,2712054,2048,1536,RGB,18344f318be01ec30622a94a0a381af4cf6a83acf28f39f96f07b1f6b1da7ec8,065c024e880e0a8e998e42ce844fc4ce110c008e194e0a8f24ce20c620268527
data/raw/ooc/OOC_image_dataset/train/good/cell_type_A549/2-3_days/221215_5.png,221215_5,221215,train,good,A549,2-3_days,1,A549,2-3_days,True,True,True,2596597,2048,1536,RGB,1096185511763fa22f3461cc585ebeaa9abef0630f91d25c52f1a20b8af56057,769977b973b9731b7237323b321b331f3307332b33aa3b263aa53b4b33a33ae9
data/raw/ooc/OOC_image_dataset/train/good/cell_type_A549/2-3_days/221215_6.png,221215_6,221215,train,good,A549,2-3_days,1,A549,2-3_days,True,True,True,2815115,2048,1536,RGB,f5c188a27ce55533ee8276b21c6455898eb9fd127c80b336ec409195d6546255,2063031324730573311332132673210325513191a439b6993cd1ad199b291b39
data/raw/ooc/OOC_image_dataset/train/good/cell_type_A549/2-3_days/230110_133.png,230110_133,230110,train,good,A549,2-3_days,1,A549,2-3_days,True,True,True,2767904,2048,1536,RGB,587d087dffe98bd361edd46dcf276fcc8a10157f29ab2871f7508c19f27b8eda,35d43359324532c1324b331b3189b21133121b049a111a01199098a298401941
data/raw/ooc/OOC_image_dataset/train/good/cell_type_A549/2-3_days/230110_134.png,230110_134,230110,train,good,A549,2-3_days,1,A549,2-3_days,True,True,True,2742655,2048,1536,RGB,a0765c5d69daf9b8f437d69854db12a315eb7d41707e27be60f849ea46bd6d1f,98e998f19be992e992b99a31991c991ccd048804c90cce2cc630ea2cc8a0c8cc
data/raw/ooc/OOC_image_dataset/train/good/cell_type_A549/2-3_days/230110_135.png,230110_135,230110,train,good,A549,2-3_days,1,A549,2-3_days,True,True,True,2797455,2048,1536,RGB,1cfe82a01003182f680c072dafbfe6e3f92ecb5fea53209933855943ffc2012c,9efc9edc9ba489a4cdc6ca9ccb0ece0ec61ace16ce16ce4a46024c6349834983
data/raw/ooc/OOC_image_dataset/train/good/cell_type_A549/2-3_days/230110_136.png,230110_136,230110,train,good,A549,2-3_days,1,A549,2-3_days,True,True,True,2795374,2048,1536,RGB,0605c4dbe96b713cede61e37f9c60145221e9f7abda6ea6f47863bfebc1775ed,5ddb5c1b582959310b294019540958114ca944012c4918190c1d98199c11a811
data/raw/ooc/OOC_image_dataset/train/good/cell_type_A549/2-3_days/230110_137.png,230110_137,230110,train,good,A549,2-3_days,1,A549,2-3_days,True,True,True,2819052,2048,1536,RGB,bd646633ef587535c782a2992ead901cc2d983d1cedd2f088aaad9748eccebe8,54e966d167010d312c110c114a0906898ca18c18ac10ac189014a860a804ac08
data/raw/ooc/OOC_image_dataset/train/good/cell_type_A549/2-3_days/230110_138.png,230110_138,230110,train,good,A549,2-3_days,1,A549,2-3_days,True,True,True,2844932,2048,1536,RGB,e680a64d95ff583191d837d1f9684f1352534ef6ee96dc4bf8956e735bd3d57d,369934992c990618a7148b288b1ca90ca0cca4288c2cb414b6189404d406d122
data/raw/ooc/OOC_image_dataset/train/good/cell_type_A549/2-3_days/230110_139.png,230110_139,230110,train,good,A549,2-3_days,1,A549,2-3_days,True,True,True,2787024,2048,1536,RGB,8341f255f443a6e92837d3f5ae1419826cc90ee70ffd92173e7de3f0eb5bf289,5a723a629c539ca3a6f38073829301931093701358335831701964c162117131
data/raw/ooc/OOC_image_dataset/train/good/cell_type_A549/2-3_days/230110_144.png,230110_144,230110,train,good,A549,2-3_days,1,A549,2-3_days,True,True,True,2644918,2048,1536,RGB,9b519b74a8078b60ce1e14884afa7e94a64032517aa643e7a9fb2d4fd413c5b5,6c722c732823393339132a33324330533831323132219a2990399a6192499980
data/raw/ooc/OOC_image_dataset/train/good/cell_type_A549/2-3_days/230110_146.png,230110_146,230110,train,good,A549,2-3_days,1,A549,2-3_days,True,True,True,2735868,2048,1536,RGB,49d9078412b42ce1abfcf4ce4161ef71ac10b574daf207f59963e32ed132b574,39699a690c0d940d9b099c9d9c9dd90dd31dd90c991c8b1c988cc80cc854c814
data/raw/ooc/OOC_image_dataset/train/good/cell_type_A549/2-3_days/230206_46.png,230206_46,230206,train,good,A549,2-3_days,1,A549,2-3_days,True,True,True,685667,640,480,RGB,5b64bbb43d6e6599712b853a1e7d24d485cead8748ad3348221aa9198337e1aa,e178f1a8d368c318e34cf068f068ee6cedccf96cf444f74cf94ce9e4e6e4fae4
data/raw/ooc/OOC_image_dataset/train/good/cell_type_A549/2-3_days/230206_50.png,230206_50,230206,train,good,A549,2-3_days,1,A549,2-3_days,True,True,True,690508,640,480,RGB,d7ae16fde4269c0d73f6af7519b2037b8eeec8bb4098e4fe2f5c1fa12df306d6,d468faacf98cfc88e4c8f9ccf9a8db4cd66cf52cf1ccf6ccfecce4accd6ce66c
data/raw/ooc/OOC_image_dataset/train/good/cell_type_A549/2-3_days/230206_51.png,230206_51,230206,train,good,A549,2-3_days,1,A549,2-3_days,True,True,True,651288,640,480,RGB,c6287447cb9fe11fd64da3f7836fca405905c21138e0d5908fba500a43a19f6f,ecd4f2d4d99cf9e4eea4ea34eb74dab4dbb4d3b4d6e4dee4db64da24d364e364
data/raw/ooc/OOC_image_dataset/train/good/cell_type_A549/2-3_days/230206_52.png,230206_52,230206,train,good,A549,2-3_days,1,A549,2-3_days,True,True,True,720788,640,480,RGB,98e1419361c84925ac5f714fb975f4d1c663e8d74d2e332fe1c4df93361293db,d214d314c284ef64cb24d1b4d1d4f1e4c3e6cd74e5d4f354e994d164ef32ff32
data/raw/ooc/OOC_image_dataset/train/good/cell_type_A549/2-3_days/230206_53.png,230206_53,230206,train,good,A549,2-3_days,1,A549,2-3_days,True,True,True,687855,640,480,RGB,2bc1422115f1a3d8ae94805a1b40d602400039667ee1213e927e3f5a440934b7,f928f168edece46cfa6ceb4cecd8e5bcfa7cecb469a665a566c666e66c7676a4
data/raw/ooc/OOC_image_dataset/train/good/cell_type_A549/2-3_days/230206_54.png,230206_54,230206,train,good,A549,2-3_days,1,A549,2-3_days,True,True,True,709625,640,480,RGB,4e3a43aead18b3eff798fe030f81edd57bee241aeeb779bb97ff76a07b21bb9d,ea30eb50da58db58f158d958e168ce5cde9aee0af268f328f6acf76cf4e87ce8
data/raw/ooc/OOC_image_dataset/train/good/cell_type_A549/2-3_days/230206_55.png,230206_55,230206,train,good,A549,2-3_days,1,A549,2-3_days,True,True,True,688069,640,480,RGB,26b481202fb8a841f28d414bd7e1f74510f911d4716ce6a1f7b98461514ee2d7,e48ce4cce234f324e7d4e9c4ecf4e574f3e4f3b47bb4f7346ea67d7675b67c76
data/raw/ooc/OOC_image_dataset/train/good/cell_type_A549/2-3_days/230510_39.png,230510_39,230510,train,good,A549,2-3_days,1,A549,2-3_days,True,True,True,1883270,2056,1542,L,ba7f9418d2e706e559d71e78495776fe13724cf8fc3a4901a67974bddfdfd94a,ee436ec10fc10c63cc3bcc93ce93cf93ce83cf83cfa3cfe3cf93cf03cf03cdc3
data/raw/ooc/OOC_image_dataset/train/good/cell_type_A549/2-3_days/230510_40.png,230510_40,230510,train,good,A549,2-3_days,1,A549,2-3_days,True,True,True,1882551,2056,1542,L,5d9ffb3bad300e35f47e1fbbf52321d641e24007844c35d853d77341a12e1ea9,ee436ec10fc10c63cc3bcc33ce93cf93ce83cf83cfa3cfe3cf93cf03cf03cdc3
data/raw/ooc/OOC_image_dataset/train/good/cell_type_A549/2-3_days/230510_42.png,230510_42,230510,train,good,A549,2-3_days,1,A549,2-3_days,True,True,True,1962180,2056,1542,L,7ab795e6455e5225c52b9e7612119ccdcaf4deac87e74fb2d5a7a7ae3c20f27b,9f4398b399639c539e539e539ee399e39f529e939f629f629dc29d939d239d63
data/raw/ooc/OOC_image_dataset/train/good/cell_type_A549/2-3_days/230510_43.png,230510_43,230510,train,good,A549,2-3_days,1,A549,2-3_days,True,True,True,2004208,2056,1542,L,0aacb5aac6fe17be8d142919e534b5ada9633cb81f89293181ddb6dfa72e6b7b,99a298e399c39ed39dd39c839b639e639982999299139bb39d9299929ca29da3
data/raw/ooc/OOC_image_dataset/train/good/cell_type_A549/2-3_days/230510_45.png,230510_45,230510,train,good,A549,2-3_days,1,A549,2-3_days,True,True,True,2001569,2056,1542,L,619aa5ec4cfd3f58c8b751965ecbe29c6c8291708d32d0dfd9dd3e15c46256f3,9b539e929d9299229a029a121d12bd123c33baa2bc223aa63ae6b8c639963f16
data/raw/ooc/OOC_image_dataset/train/good/cell_type_A549/2-3_days/230510_48.png,230510_48,230510,train,good,A549,2-3_days,1,A549,2-3_days,True,True,True,1890817,2056,1542,L,5e0412ff81639df2799e4bec429c5e77391252e9ff0e5718f2d80c5306d0a805,2f462b662da62d963fb73fa63fe73fa63fe63fe67ec67e677a276e2729273ae7
data/raw/ooc/OOC_image_dataset/train/good/cell_type_A549/2-3_days/230510_49.png,230510_49,230510,train,good,A549,2-3_days,1,A549,2-3_days,True,True,True,2005251,2056,1542,L,95f69b18922cf5162c5ce4f3c31a55c6b59871e0e32ebda82f77fc1c9ba150e6,ef92ef936693261b8e33cdf3ccd3cf33cf33cf43cf83cda3cf93ce13ce23cda3
data/raw/ooc/OOC_image_dataset/train/good/cell_type_A549/2-3_days/230510_50.png,230510_50,230510,train,good,A549,2-3_days,1,A549,2-3_days,True,True,True,2040336,2056,1542,L,e4fc238aea5b521db690180546f76f8a970fd0ea9f17efe8c8838d465f000414,cd83cf03cf33cde3cde3ce834f438c72c8b209924b120b13899349b34c724c42
data/raw/ooc/OOC_image_dataset/train/good/cell_type_A549/2-3_days/230510_51.png,230510_51,230510,train,good,A549,2-3_days,1,A549,2-3_days,True,True,True,2096575,2056,1542,L,1384c623a9c7d9f54dcbe0f2435b22cc38597a38cba52606312273920446e4d7,ce224e124d430fc24f424b031d324f924f025f821fc21f429fc61ea69e221b16
data/raw/ooc/OOC_image_dataset/train/good/cell_type_A549/2-3_days/230510_52.png,230510_52,230510,train,good,A549,2-3_days,1,A549,2-3_days,True,True,True,2099561,2056,1542,L,c5a1d47253df48f0ec7f8795cb21174f7077776ba60344c073dacefe76792f8b,ce224e124d630fc24f424b031d324f924f025f021fc21f429fc61ea69e221b16
data/raw/ooc/OOC_image_dataset/train/good/cell_type_A549/2-3_days/230510_53.png,230510_53,230510,train,good,A549,2-3_days,1,A549,2-3_days,True,True,True,2137925,2056,1542,L,be4b99796f76d48005c4b282c8bc395c9f19a0c00116a11a80cf12da83c7529f,d912dd129ca29ea61ca61dc61a2618c61ec61f0798479e469b46998699c61947
data/raw/ooc/OOC_image_dataset/train/good/cell_type_A549/2-3_days/230510_54.png,230510_54,230510,train,good,A549,2-3_days,1,A549,2-3_days,True,True,True,1973141,2056,1542,L,af556399ba2329dcea4bc74f9b614a82ceb3bd5841d5617515dbf9eb79f31d6a,99469a469a66982798a69ce698e799379bb793979b37993798e799e69ae799c7
data/raw/ooc/OOC_image_dataset/train/good/cell_type_A549/2-3_days/230510_58.png,230510_58,230510,train,good,A549,2-3_days,1,A549,2-3_days,True,True,True,2060387,2056,1542,L,8649251d110a98b85eece056dbdc83ad9d7299e3589999281c8989ce6b3e9c1b,3c0c364c304c364e370c360c390d3ecc724c768e778c776c7e4c734c71cc71ce
data/raw/ooc/OOC_image_dataset/train/good/cell_type_A549/2-3_days/230510_59.png,230510_59,230510,train,good,A549,2-3_days,1,A549,2-3_days,True,True,True,1837535,2056,1542,L,5538d2cbb36e4cde7d29a0540f51689fca33c3eb5f09143bf8a6e98da3931cd5,cfc3cf430f0307230323cf23cdc3ccd3ce738fb3cdc3cec3cc83ccb34e334da3
data/raw/ooc/OOC_image_dataset/train/good/cell_type_A549/2-3_days/230510_60.png,230510_60,230510,train,good,A549,2-3_days,1,A549,2-3_days,True,True,True,1909053,2056,1542,L,85dd200d6dec6b20390a38a533f99d0ee0b598a483cdc59a2e9b1efc3f57279d,cf13cd23cf33ce53ce234c234c330e338e538e53ce63cac3ca63ce234e23ca53
data/raw/ooc/OOC_image_dataset/train/good/cell_type_A549/2-3_days/230510_63.png,230510_63,230510,train,good,A549,2-3_days,1,A549,2-3_days,True,True,True,2142521,2056,1542,L,484357a1b644dc53b46ccbe872b9d801e4c0a9a07b93d9d2c352d00453d3c144,cb828b939f339fc2dbc29b829a129a8698c6dd07dba658a618e71f269c269d06
data/raw/ooc/OOC_image_dataset/train/good/cell_type_A549/2-3_days/230510_65.png,230510_65,230510,train,good,A549,2-3_days,1,A549,2-3_days,True,True,True,2094969,2056,1542,L,965f3932a43f9a67424620cc1adcaca869f193e7d2bfdd114aed17c39b99a23b,1b261ae614c618c718a71596178797a793079fa697069746964499e591e792c7
data/raw/ooc/OOC_image_dataset/train/good/cell_type_A549/2-3_days/230510_67.png,230510_67,230510,train,good,A549,2-3_days,1,A549,2-3_days,True,True,True,2035950,2056,1542,L,bca1db2ca0c722d9e4a10896e12bc47545d997e1d5ef7db9e46af7bc6e94a439,9286122613061d861c8716079646994619869bc6974696469eb694a696c696d6
data/raw/ooc/OOC_image_dataset/train/good/cell_type_A549/2-3_days/230510_69.png,230510_69,230510,train,good,A549,2-3_days,1,A549,2-3_days,True,True,True,1768710,2056,1542,L,84b8b800dc44fa13d8ad70aee8f18857b76653944a12d4dde6e040fee3d32f66,df06de06dc06dd07dc079806180718061006902690265026c4069a065047d027
data/raw/ooc/OOC_image_dataset/train/good/cell_type_A549/2-3_days/230510_73.png,230510_73,230510,train,good,A549,2-3_days,1,A549,2-3_days,True,True,True,2128719,2056,1542,L,9007cd0b815d86050d751ba71ec8c22d57d68f4f43168007d94aca4aee709498,9b669306938792871b8719871f1717461f161346124619871d871d971e161796
data/raw/ooc/OOC_image_dataset/train/good/cell_type_A549/2-3_days/230510_75.png,230510_75,230510,train,good,A549,2-3_days,1,A549,2-3_days,True,True,True,2120723,2056,1542,L,c6a1229ebe8dce40cdb8627152ac78bcda926e096ac3c6b5f8996775d0c2edd2,38543c14b494b415b6543644314631573957390538853a473e063204318730c6
data/raw/ooc/OOC_image_dataset/train/good/cell_type_A549/2-3_days/230510_76.png,230510_76,230510,train,good,A549,2-3_days,1,A549,2-3_days,True,True,True,2152010,2056,1542,L,aa4c39d02ff589534285b751de96f820ce3c12d46df5ccb72b7d47b247bf7775,32c636c633063907319431871386100410041b04130613071907190419841d04
data/raw/ooc/OOC_image_dataset/train/good/cell_type_A549/4+_days/220609_10.png,220609_10,220609,train,good,A549,4+_days,1,A549,4+_days,True,True,True,2795945,2048,1536,RGB,9bc296fddd3bd2a2e020b4b01061f5d59b43d055c604dfaa43b35a4711893621,1dd71ced00e901cf01d700d700cf00cb00ee00f600f7027300720063021a407b
data/raw/ooc/OOC_image_dataset/train/good/cell_type_A549/4+_days/220609_12.png,220609_12,220609,train,good,A549,4+_days,1,A549,4+_days,True,True,True,2879356,2048,1536,RGB,63077c310b754c4f780ccfe6d33fc668be1e2e08fa83efe2d7b061fa71b21620,3be700cf01cf09cf018f011d806702e683e7837e827f0b7f03f603bf03f14342
data/raw/ooc/OOC_image_dataset/train/good/cell_type_A549/4+_days/220609_13.png,220609_13,220609,train,good,A549,4+_days,1,A549,4+_days,True,True,True,2872137,2048,1536,RGB,ac83d56291d6f0dde1a1d89f3f631382698ad4b3ba454a5a2f017d68d661f47e,846f0c4d08c510c500c608e708c701af01af00ff007c007e08fd04ff06df02e0
data/raw/ooc/OOC_image_dataset/train/good/cell_type_A549/4+_days/220610_13.png,220610_13,220610,train,good,A549,4+_days,1,A549,4+_days,True,True,True,2951235,2048,1536,RGB,1320fab73bb8815686f10483b6ef8b54bf169b6fe97e532a301c3da78b12675d,0def4fe72fe71fd70bcd8b6f1b3e0bbe0fba8bbea1fcc3ece4fc82f981fd30ff
data/raw/ooc/OOC_image_dataset/train/good/cell_type_A549/4+_days/220610_14.png,220610_14,220610,train,good,A549,4+_days,1,A549,4+_days,True,True,True,3057616,2048,1536,RGB,933bb106421602dae0d1133cefde90d3ecad4556cee5a302d3709494131c787f,00ee04f50ce7086304ca04c30263024701c708ef207d503b003e017f015e01b3
data/raw/ooc/OOC_image_dataset/train/good/cell_type_A549/4+_days/220610_15.png,220610_15,220610,train,good,A549,4+_days,1,A549,4+_days,True,True,True,3183255,2048,1536,RGB,66528898a0c29c20abd05d571a4c44472bf53579fb633d3b8895e18740f536c4,00cb03620167152705e6056308c051f610ee006f487d485d417f01fb02f902f1
data/raw/ooc/OOC_image_dataset/train/good/cell_type_A549/4+_days/220610_16.png,220610_16,220610,train,good,A549,4+_days,1,A549,4+_days,True,True,True,2866520,2048,1536,RGB,3d902b1c0a281f37d2649c3fd72c2862c7571cae2346de5318a9df8c26f75857,c4cd03450e250ce78c6788491c410863006b006b805b9037007d012f807df1f1
data/raw/ooc/OOC_image_dataset/train/good/cell_type_A549/4+_days/220610_17.png,220610_17,220610,train,good,A549,4+_days,1,A549,4+_days,True,True,True,2914644,2048,1536,RGB,1d0de293167f4c62dfc95f401dcadbd1589f23e3b27e5b377ade3d5d76e7bb87,006704e70cc508630863005200530157014700df807f007f007f007f027d0242
data/raw/ooc/OOC_image_dataset/train/good/cell_type_A549/4+_days/220610_18.png,220610_18,220610,train,good,A549,4+_days,1,A549,4+_days,True,True,True,3106287,2048,1536,RGB,2ad00bd798737bed602991d0c5e64a57779caacb9401b7f84aeacf56b9378fe4,0ff38ce10cc000c08ce208630047026704e3003b007b505f005d45bf04b70de0
data/raw/ooc/OOC_image_dataset/train/good/cell_type_A549/4+_days/220610_19.png,220610_19,220610,train,good,A549,4+_days,1,A549,4+_days,True,True,True,2913308,2048,1536,RGB,4d6fe312697b3358d6a22d585119ffe8ea24d1724836969931b86b1a875de0ae,44fe04f208f700e308e204e70867046688ef886f00774cff013601b70715007b
data/raw/ooc/OOC_image_dataset/train/good/cell_type_A549/4+_days/220610_20.png,220610_20,220610,train,good,A549,4+_days,1,A549,4+_days,True,True,True,2957632,2048,1536,RGB,9334ee479c3d2d569d8e973d3369ceeb13b832b8c16f50cc4322be7cc508022b,016f02650ce50e6304e70262089308570867807d003d115f00ff01bf006700d4
data/raw/ooc/OOC_image_dataset/train/good/cell_type_A549/4+_days/220610_21.png,220610_21,220610,train,good,A549,4+_days,1,A549,4+_days,True,True,True,3048157,2048,1536,RGB,6b6df535e398b1f153b83933f4e9861e235a862f0ab07bd31a5f76da908b7f5b,526500e300e5006304c504c208d3006700eb402b80bb903f107f007701600000
data/raw/ooc/OOC_image_dataset/train/good/cell_type_A549/4+_days/220610_24.png,220610_24,220610,train,good,A549,4+_days,1,A549,4+_days,True,True,True,3178645,2048,1536,RGB,cc7f77d98837d4f79c64a9c891f436a7d3b4cb8cb7949425153b21461bd1e58e,10dc04dc08c708ca00ca006f006d004d003d301f103f005f061d0e9e064c006f
data/raw/ooc/OOC_image_dataset/train/good/cell_type_A549/4+_days/220611_14.png,220611_14,220611,train,good,A549,4+_days,1,A549,4+_days,True,True,True,2677596,2048,1536,RGB,01ef0cc1866c313c3dc4037e8479e924c0119c28144171e4c4af30c4b4a1ac19,003f000300014000230023202331027314a705a70663c953c97181f390fe3dff
data/raw/ooc/OOC_image_dataset/train/good/cell_type_A549/4+_days/220611_16.png,220611_16,220611,train,good,A549,4+_days,1,A549,4+_days,True,True,True,3105573,2048,1536,RGB,569a3ed0e321cdc8194f779f6675670339fab24bf4de58be1424016bd4527fde,00e70039009e00871201060826090691039100a581c481c6c0c5f0fbfefbffa3
data/raw/ooc/OOC_image_dataset/train/good/cell_type_A549/4+_days/220611_19.png,220611_19,220611,train,good,A549,4+_days,1,A549,4+_days,True,True,True,2861997,2048,1536,RGB,9b67cd8d6dda5091dbc23cd42cf9ed594aa350da8468071e4a36bfe3465019ca,00c7009102900343194010c610cd00cd204f41cf58ff5cfffe7e3f651ff603fe
data/raw/ooc/OOC_image_dataset/train/good/cell_type_A549/4+_days/220611_20.png,220611_20,220611,train,good,A549,4+_days,1,A549,4+_days,True,True,True,2878066,2048,1536,RGB,0df903a08730547bf67266801c807465b7727e68c79627a5cd3237213bf07e69,00a32021044c11050d510cc2232329f72da5a4378aba1aca466bf4fbb4dd07dd
data/raw/ooc/OOC_image_dataset/train/good/cell_type_A549/4+_days/220611_21.png,220611_21,220611,train,good,A549,4+_days,1,A549,4+_days,True,True,True,2926219,2048,1536,RGB,2e90526e1c2248240e44c8f7bbd1b0f19978580dc074d748f4e83fbdaed329d0,001e11075021c880884140e100f004c194adb0c70877813f913f9177ed5e6efb
data/raw/ooc/OOC_image_dataset/train/good/cell_type_A549/4+_days/220611_23.png,220611_23,220611,train,good,A549,4+_days,1,A549,4+_days,True,True,True,2638117,2048,1536,RGB,9530bb0588eab05e003a7e65626c3f1d7ab56ef0dd0eaad592135397e1207d12,003b001f040f0407040104c004e004f00098018d08ab80b9e27ef17ffd8f7f2f
data/raw/ooc/OOC_image_dataset/train/good/cell_type_A549/4+_days/220612_13.png,220612_13,220612,train,good,A549,4+_days,1,A549,4+_days,True,True,True,2779020,2048,1536,RGB,6ff4ca5b239648dd0215d4d93d17feb37b3073681268445273634166271a0a64,000700010800870013000700068003810323005389d2a858f9783ff867fa7fff
data/raw/ooc/OOC_image_dataset/train/good/cell_type_A549/4+_days/220612_14.png,220612_14,220612,train,good,A549,4+_days,1,A549,4+_days,True,True,True,2894094,2048,1536,RGB,29db666c7f71839bf91f3fbaba799f84dec9b98d69fff75d6f922aefd3fb9aa3,2003b1009500140049282712963294b24a341247996bc8cbb4d511da23aeb7ef
data/raw/ooc/OOC_image_dataset/train/good/cell_type_A549/4+_days/220612_16.png,220612_16,220612,train,good,A549,4+_days,1,A549,4+_days,True,True,True,2677059,2048,1536,RGB,06736b23ac2583fb2b07c91f2ea83911ea927ecfa38f7920651153622700e736,001f000700010400070005800d8004c400e781438131e039fc593ff16ff15dfd
data/raw/ooc/OOC_image_dataset/train/good/cell_type_A549/4+_days/220612_19.png,220612_19,220612,train,good,A549,4+_days,1,A549,4+_days,True,True,True,3014035,2048,1536,RGB,0a981bd501567ba21df5aa82fb816103eaa3fbc5166de36802f0ec212bb91569,401e100700030800070007000700059640928018e067f8e6fef3fff53ffd07fe
data/raw/ooc/OOC_image_dataset/train/good/cell_type_A549/4+_days/220612_21.png,220612_21,220612,train,good,A549,4+_days,1,A549,4+_days,True,True,True,3016934,2048,1536,RGB,ac6bc124a59d67560ba7c4737a8b2fcabe122b7132a4ea5dd777ca1f9b72ec4a,041f4207080109209b01030112a18b2523a528a710e3d4c7c4d4fc7dfdef1fa7
data/raw/ooc/OOC_image_dataset/train/good/cell_type_A549/4+_days/220612_22.png,220612_22,220612,train,good,A549,4+_days,1,A549,4+_days,True,True,True,3144187,2048,1536,RGB,46b5d02ff5d65ec74baad2692bbe5a5a29fa5a07ee1c10b9b79b8264064ff7e2,0007010308800c008700030081082486a297c9c3e1cbf9ebbdf3dff66fef1bfd
data/raw/ooc/OOC_image_dataset/train/good/cell_type_A549/4+_days/220612_23.png,220612_23,220612,train,good,A549,4+_days,1,A549,4+_days,True,True,True,2798475,2048,1536,RGB,fb07c1db9e713042b62a82ed4edc000d8f3837666d3c9ea1582d539f8cf92221,040102001b1003000e300638073bcf13eb82ddc6d9c7efe7f7fb3bff1ff787ff
data/raw/ooc/OOC_image_dataset/train/good/cell_type_A549/4+_days/220620_2.png,220620_2,220620,train,good,A549,4+_days,1,A549,4+_days,True,True,True,2832724,2048,1536,RGB,fa93f1f1251d873518cdd3cf64477ec5f965e185a643c5d73ce2520ea99c1c26,204c84c08493c2308078c139c139c1308175a2f8263b266328e71a2612331457
data/raw/ooc/OOC_image_dataset/train/good/cell_type_A549/4+_days/220620_3.png,220620_3,220620,train,good,A549,4+_days,1,A549,4+_days,True,True,True,2750849,2048,1536,RGB,4a5a0b4cd96ce19863aa4b034ff5fbd005d64f5aa7b90db7a28096bfc6c10971,0021080806390c3986b900f109b14cf9b0ecb0ec30ec08fe30f992590649082b
data/raw/ooc/OOC_image_dataset/train/good/cell_type_A549/4+_days/220620_5.png,220620_5,220620,train,good,A549,4+_days,1,A549,4+_days,True,True,True,2981428,2048,1536,RGB,b71060d5dafc6f0c3078adb590f12fb15b66a8a03f3f80bb8bbcdf7e2c8c763f,258f416d406f594d514700e6e174491c424c4a4c6e1f9343334f69c779133a03
data/raw/ooc/OOC_image_dataset/train/good/cell_type_A549/4+_days/220620_6.png,220620_6,220620,train,good,A549,4+_days,1,A549,4+_days,True,True,True,2749254,2048,1536,RGB,5b7bc9cee09751cf33db0db4de7ddaa9450ce5aa3e3f0fae999d83f2408616ce,00360877206fa3c5b25892d0907988a110b45974a979a93d0854304010091016
data/raw/ooc/OOC_image_dataset/train/good/cell_type_A549/4+_days/220620_8.png,220620_8,220620,train,good,A549,4+_days,1,A549,4+_days,True,True,True,2930168,2048,1536,RGB,c7bbb4420fd6fa3d08a45ea8766ddc58eda26b57da533017ce70b20e8e35264b,009f019f65b609b73487a26680c7919d8c4fc86549a551256007848284810003
data/raw/ooc/OOC_image_dataset/train/good/cell_type_A549/4+_days/220620_9.png,220620_9,220620,train,good,A549,4+_days,1,A549,4+_days,True,True,True,2786313,2048,1536,RGB,e16398751944e05cde956f56aa2c051d5d3ad4b55b1aa8d0c2d8569b56b265da,2004201241264124358c2186270ba6afccafd12f5167e3a48d00809000800001
data/raw/ooc/OOC_image_dataset/train/good/cell_type_A549/4+_days/221219_1.png,221219_1,221219,train,good,A549,4+_days,1,A549,4+_days,True,True,True,2482769,2048,1536,RGB,c8c4a29a858152d6250cae3e660d2ffbd8fefa0b101c7ad14921b2be86824c70,c984f6a4e694e758df08dd44e4a4f698f6a4f6aee5f06774667475c663d662ea
data/raw/ooc/OOC_image_dataset/train/good/cell_type_A549/4+_days/221219_2.png,221219_2,221219,train,good,A549,4+_days,1,A549,4+_days,True,True,True,2550783,2048,1536,RGB,66d08339de09e67e74268ac08ece10de58cb89f325f4ce67b2330a8745f2336e,9351d5689c589c989c149e8cdc189c949ea8ced4cafccd74ccb4ec44ccdcce54
data/raw/ooc/OOC_image_dataset/train/good/cell_type_A549/4+_days/221219_4.png,221219_4,221219,train,good,A549,4+_days,1,A549,4+_days,True,True,True,2715672,2048,1536,RGB,f26585dd4d8aad949d6599b1bdb2fd96cc6c48e3592077f6c7188d24c023ff81,efd8ca44ee26e636edb4e5d7e6b3e43be4dbe6136533773f7435751176d97394
data/raw/ooc/OOC_image_dataset/train/good/cell_type_A549/4+_days/221219_7.png,221219_7,221219,train,good,A549,4+_days,1,A549,4+_days,True,True,True,2889867,2048,1536,RGB,d33006f5e8205f5eed51003f6ec26dac98b5a71ba231886e41a6bed7bdff2036,b4609ba098c0d910df08dac8d9f4dbb8d9f8dd78ce7bec64ed646cf366d9675c
data/raw/ooc/OOC_image_dataset/train/good/cell_type_A549/4+_days/230320_33.png,230320_33,230320,train,good,A549,4+_days,1,A549,4+_days,True,True,True,1895056,2056,1542,L,11dfbcb11ed9b9d2670bbd78d018effa8e9caa16402858802f9e244b15d9234e,ce724e724e388d280e220d520d5a0f420f228f228f0a0e820e924c824cc2ccd2
data/raw/ooc/OOC_image_dataset/train/good/cell_type_A549/4+_days/230320_35.png,230320_35,230320,train,good,A549,4+_days,1,A549,4+_days,True,True,True,1847304,2056,1542,L,604b4f0f365f6dd8492ef7320db812957366782337911a5140744fac65de0fe0,4f024f824fa28f608f288f200da28f620fc20dc08ec08f008f00cf404f604f00
data/raw/ooc/OOC_image_dataset/train/good/cell_type_A549/4+_days/230320_37.png,230320_37,230320,train,good,A549,4+_days,1,A549,4+_days,True,True,True,1866037,2056,1542,L,cf4b5d346e7bf17df3c40aca005c40bc31abc774450694c23eaf4af83e9b93eb,8f818cc1ccc18d41cf618e618f418f41cd918f919cc19ee19b619f219da19fa1
data/raw/ooc/OOC_image_dataset/train/good/cell_type_A549/4+_days/230320_40.png,230320_40,230320,train,good,A549,4+_days,1,A549,4+_days,True,True,True,1814545,2056,1542,L,686a17e459da4c08675ff5828ca5ce1768cb2dc44c7d031823b7a56325d7f136,9f339f639f439d439f439f239f431f231f231f831ea31c839c839ea39f239f53
data/raw/ooc/OOC_image_dataset/train/good/cell_type_A549/4+_days/230320_42.png,230320_42,230320,train,good,A549,4+_days,1,A549,4+_days,True,True,True,1901602,2056,1542,L,8560178d8e0b80383d1c450a289bb483dcb4ab0a31d344f7d962e2eafbaec961,cde2ccd2ccd28d601f201d211c611f601f081e801ec01ee01bf09a509ec09da0
data/raw/ooc/OOC_image_dataset/train/good/cell_type_A549/4+_days/230320_43.png,230320_43,230320,train,good,A549,4+_days,1,A549,4+_days,True,True,True,1857121,2056,1542,L,b23b15f6a82792a64c1af81c907a9b16d543f8d76bd1b9ae669f0d36cc1318a7,9bd81d809f201e301e301e309b109b101b101b0099049b049b841a041e041e05
data/raw/ooc/OOC_image_dataset/train/good/cell_type_A549/4+_days/230320_44.png,230320_44,230320,train,good,A549,4+_days,1,A549,4+_days,True,True,True,1879338,2056,1542,L,d0b58afe867ff79db5f73fddc126f2f647005f4351f00e05a8c6943468df9dc6,9b849f041f851f859fc59fc59ec59f859ec59ec59ac59e459e659f259ea59e25
data/raw/ooc/OOC_image_dataset/train/good/cell_type_A549/4+_days/230320_45.png,230320_45,230320,train,good,A549,4+_days,1,A549,4+_days,True,True,True,1898965,2056,1542,L,3902a07912c37c0e65d9b5140b50313b2f7e01d6b1cd76d484052c315df80160,9da59ac59b8599951a811ed11ae19ac19e919d111c359c159c659e659f659f25
data/raw/ooc/OOC_image_dataset/train/good/cell_type_A549/4+_days/230320_47.png,230320_47,230320,train,good,A549,4+_days,1,A549,4+_days,True,True,True,1845214,2056,1542,L,2febd56e691456eb3473070f698cebf8452705e0a7f318aafab23650ddbce3d3,9e819d411dc11f013f031f339f233e233b833f833f13bf133f033f233f233f03
data/raw/ooc/OOC_image_dataset/train/good/cell_type_A549/4+_days/230320_49.png,230320_49,230320,train,good,A549,4+_days,1,A549,4+_days,True,True,True,1740085,2056,1542,L,277918c3ac65eb4f608cad855900af2a2257586cafaa83e0aa69784bee92931f,2f032f03ae83a683a70ba78b178307d387c607c707472f872f462fc629e63266
data/raw/ooc/OOC_image_dataset/train/good/cell_type_A549/4+_days/230320_54.png,230320_54,230320,train,good,A549,4+_days,1,A549,4+_days,True,True,True,2086466,2056,1542,L,5589128daa2293eaf2d8d6e22b1965685643a2c91ae1b419695cae985431cc73,9f991d611f211f313f213ea139a13f913e913fa13d513e413fc13f213f413fc1
data/raw/ooc/OOC_image_dataset/train/good/cell_type_A549/4+_days/230320_57.png,230320_57,230320,train,good,A549,4+_days,1,A549,4+_days,True,True,True,2103703,2056,1542,L,7c73bf4a9bfd8636cd5afa45bc74e5ad43404442836884f66c99c647618f8104,3b432e832e132e832f232b932f932f932ec32b832f032f832f832f932fb22d32
data/raw/ooc/OOC_image_dataset/train/good/cell_type_A549/4+_days/230320_58.png,230320_58,230320,train,good,A549,4+_days,1,A549,4+_days,True,True,True,2096987,2056,1542,L,8e467d2bcfe33088170d01cfad316f1ccf1d089f54fb760ba7751cc4b554e68d,2e322f322a322c322c322e322e132f132e832f032f032f032f032e032e432f03
data/raw/ooc/OOC_image_dataset/train/good/cell_type_A549/4+_days/230320_59.png,230320_59,230320,train,good,A549,4+_days,1,A549,4+_days,True,True,True,2107191,2056,1542,L,96a4bab6e968cc89d183cd9d9fd736135482bfb1b467b1c656f1c6c76dd47346,2d132d032f032f232f962d362b672c072c872e872f472f473f862b862b863b06
data/raw/ooc/OOC_image_dataset/train/good/cell_type_A549/4+_days/230320_60.png,230320_60,230320,train,good,A549,4+_days,1,A549,4+_days,True,True,True,2091265,2056,1542,L,6377e31222b5476b5c3574c007b94ccc1ebef1ac7875562186a887e714d96b20,2f172f062f8728873f873f263e262e463f463a563ac738a638e639663b273926
data/raw/ooc/OOC_image_dataset/train/good/cell_type_A549/4+_days/230320_63.png,230320_63,230320,train,good,A549,4+_days,1,A549,4+_days,True,True,True,1636763,2056,1542,L,b45e62829c75eece632ea1b122ae4db2ba10ab839f99d6768aa2c43350b16287,29d328e329732933293329632ce329c32f432f532e632ee32f032f032a532f63
data/raw/ooc/OOC_image_dataset/train/good/cell_type_A549/4+_days/230320_65.png,230320_65,230320,train,good,A549,4+_days,1,A549,4+_days,True,True,True,1673097,2056,1542,L,4c42bf9db3b5287bbfa5a0ad78db7f0ae1637cfd9d5f68a3d2a483b581e7f166,6f336f236e7368e36bc36fc36f136b336a6368c269d26b136fa36da36b836f87
data/raw/ooc/OOC_image_dataset/train/good/cell_type_A549/4+_days/230320_67.png,230320_67,230320,train,good,A549,4+_days,1,A549,4+_days,True,True,True,1661685,2056,1542,L,a9a281317a499226d5188e32105ee436073796bb5eed2e11df82713ac5cf04f7,4b675b275b465a666e266f2646266e466e066f064c066cc668c678c658065986
data/raw/ooc/OOC_image_dataset/train/good/cell_type_A549/4+_days/230320_68.png,230320_68,230320,train,good,A549,4+_days,1,A549,4+_days,True,True,True,1696275,2056,1542,L,fd21ede86207a1a28e0bd4d85bf869683e2e4d15aa6197b05bd119eda859d29b,49965a865aa65a865bc77b467f447f244f454b255e045e445c845e4c4b0c594c
data/raw/ooc/OOC_image_dataset/train/good/cell_type_A549/4+_days/230321_2.png,230321_2,230321,train,good,A549,4+_days,1,A549,4+_days,True,True,True,5649923,2048,1536,RGB,ab585ac01ad9a20df56c7fd6860a65e49ae861850c4321207e46f41145749953,ff81cbc1f2d1e993f360f720fe80fe80feb0ffc0ffe0ffe0ffe0f9e0fb60fd68
data/raw/ooc/OOC_image_dataset/train/good/cell_type_A549/4+_days/230321_5.png,230321_5,230321,train,good,A549,4+_days,1,A549,4+_days,True,True,True,5832920,2048,1536,RGB,447db46034a3389a2d17c1108f8e26fc0c3b0046bda79343f01bb81da78b34f8,d860d8e0dca0dd80dd42df0047404f404ec05e804f006e827f22770a6f02671a
data/raw/ooc/OOC_image_dataset/train/good/cell_type_A549/4+_days/230321_6.png,230321_6,230321,train,good,A549,4+_days,1,A549,4+_days,True,True,True,5643649,2048,1536,RGB,3f08515897e7547c65cb01071270f1959fa9d2daad90adf351aff06ac3a24559,70304e3047b05f105f307c506ed06ec06be07d8077206f20ef68ef50ef08e740
data/raw/ooc/OOC_image_dataset/train/good/cell_type_A549/4+_days/230321_7.png,230321_7,230321,train,good,A549,4+_days,1,A549,4+_days,True,True,True,5407364,2048,1536,RGB,9e251fb0990c19b68aef1634688caf20a0078b326e03cc9872b9384b8253364c,306cb1ccd04ce8eca8ccb0c4e4a4e9a4e824b864aa44ad14b814fa14bc04bd24
data/raw/ooc/OOC_image_dataset/train/good/cell_type_A549/4+_days/230425_101.png,230425_101,230425,train,good,A549,4+_days,1,A549,4+_days,True,True,True,1863943,2056,1542,L,43de2a99935cdb715990c9d4df1748c80bd76908026f02d52556fdf8b22a48bd,fa18ff1afc1af918f818fc38fc3afc38fc38fe30fe30fe33f83ff83cfc3cfc3e
data/raw/ooc/OOC_image_dataset/train/good/cell_type_A549/4+_days/230425_142.png,230425_142,230425,train,good,A549,4+_days,1,A549,4+_days,True,True,True,2060254,2056,1542,L,5b26c428304caf2a1cc14bafd7fe24bd2500f0247655c655bece2d0290888f02,c4e6c466c566c5e6c436c656e6d7c6d7c677ce37eec7c6c6c6a6cc87ee87cda6
data/raw/ooc/OOC_image_dataset/train/good/cell_type_A549/4+_days/230425_144.png,230425_144,230425,train,good,A549,4+_days,1,A549,4+_days,True,True,True,2104919,2056,1542,L,1b391c920b64c906ded9e2a86d4d20512535e77c35696d7ff911ea5183569ef9,c727c527e767c467e566cf66cf668767a627a667c647c647c446c447c566cd66
data/raw/ooc/OOC_image_dataset/train/good/cell_type_A549/4+_days/230425_146.png,230425_146,230425,train,good,A549,4+_days,1,A549,4+_days,True,True,True,2071260,2056,1542,L,4d2fd9f8555e9cf626c52f9601fc3390a08ed10e1cf41053437f68a096796ee4,c6e6c496c596c587c686c686c686c6e6c6c6e586c706c746c446c426c726c706
data/raw/ooc/OOC_image_dataset/train/good/cell_type_A549/4+_days/230425_147.png,230425_147,230425,train,good,A549,4+_days,1,A549,4+_days,True,True,True,1973843,2056,1542,L,6c3f255abc3db56f62c5c649c8bb53df7c7f060479908923fa61e4e9d5d919f8,c546c746c7c6c5c6c606c4c6c4c68746e466c406c4c6c727c706c586c6a6c7a6
data/raw/ooc/OOC_image_dataset/train/good/cell_type_A549/4+_days/230425_148.png,230425_148,230425,train,good,A549,4+_days,1,A549,4+_days,True,True,True,1848644,2056,1542,L,c1675fe57d0cdd997e936eb51609ee242bd955913b036def7298eae320bfa35c,c686c6a6c4c6c4c6c4c6c646c666c646c666c586c466c476c13ec39ec38ec38e
data/raw/ooc/OOC_image_dataset/train/good/cell_type_A549/4+_days/230425_149.png,230425_149,230425,train,good,A549,4+_days,1,A549,4+_days,True,True,True,1710413,2056,1542,L,70e1c19bcadc978affe401837d55eb6732a3e1a34f92c9f83cffdf2ead7e0ef1,c38ec38ec38ec38ec38fc11fc03fc476c466c546c5a7c506c5878706c606c586
data/raw/ooc/OOC_image_dataset/train/good/cell_type_A549/4+_days/230425_151.png,230425_151,230425,train,good,A549,4+_days,1,A549,4+_days,True,True,True,2163285,2056,1542,L,fa8941baf3f354c3577237a432e083f48529b9ce91d6b37c8b2ae3a36bb50a6a,e747c747c787c6c7e7c6c7c7c787c787c747c687c787c787c786c786e786e786
data/raw/ooc/OOC_image_dataset/train/good/cell_type_A549/4+_days/230425_153.png,230425_153,230425,train,good,A549,4+_days,1,A549,4+_days,True,True,True,2123417,2056,1542,L,6bf947ca73dc6bb8e9f52530231910337fd4aa74eb6740417a687fd475e5447f,c706c7c6c7c6c786c786c726c726c7c6c7c7e787c787c787c7a6c7c7c787c786
data/raw/ooc/OOC_image_dataset/train/good/cell_type_A549/4+_days/230425_154.png,230425_154,230425,train,good,A549,4+_days,1,A549,4+_days,True,True,True,2116669,2056,1542,L,1173bad2c4ae0394c5a6ab25e27ace99ad9417f2bf77e2bc542815d840a9df57,e7e6c6a6c686e706c727c707c746c746c7c7c687c687c687c686c686c6c6c646
data/raw/ooc/OOC_image_dataset/train/good/cell_type_A549/4+_days/230425_156.png,230425_156,230425,train,good,A549,4+_days,1,A549,4+_days,True,True,True,2009323,2056,1542,L,175b5cbf2cffc49f8efef7d01ff441c6c81306a09b7be7528cefd2644d573c74,c787c787e607e646c647c706c787c6c7c627c746c6c7c646c786c786c7c7c7a6
data/raw/ooc/OOC_image_dataset/train/good/cell_type_A549/4+_days/230425_157.png,230425_157,230425,train,good,A549,4+_days,1,A549,4+_days,True,True,True,2041692,2056,1542,L,e552d9012775daf4861ce304ec03083b6742dfe2c2de0572be4c3d7597314c53,c666c686c747c746c7c6c7c6c7c7c6c7c6c7c6c7c6c7c6c6c4c6c6c6c6c6c746
data/raw/ooc/OOC_image_dataset/train/good/cell_type_A549/4+_days/230425_158.png,230425_158,230425,train,good,A549,4+_days,1,A549,4+_days,True,True,True,1921055,2056,1542,L,97e411f8bac8ef28f5a91edc7123d3f9d50517b4de1b4c9d197c88c55bea55b7,c7c7c787c787c787c787c7c7c6c7c687c706c706c686c787c705c784c706c746
data/raw/ooc/OOC_image_dataset/train/good/cell_type_A549/4+_days/230425_159.png,230425_159,230425,train,good,A549,4+_days,1,A549,4+_days,True,True,True,1838609,2056,1542,L,1fe034b4d5b760daa6d7f76687c076b7cfefb4f617542ed4f256430a5b01ffd9,c7c7c746c706c7c6c786c6c6c7c7c787c7c7c747c747c747c747c6c6c686c787
data/raw/ooc/OOC_image_dataset/train/good/cell_type_A549/4+_days/230425_170.png,230425_170,230425,train,good,A549,4+_days,1,A549,4+_days,True,True,True,2075020,2056,1542,L,55a869d88b4b47b64856818459206f0e34b3fe814dae51bfb377097d008a706c,8dcf8eeecde6cee6cee6cec6ccc6cc66cc66ce66ce27cfaecd8ecc6ececece86
data/raw/ooc/OOC_image_dataset/train/good/cell_type_A549/4+_days/230425_171.png,230425_171,230425,train,good,A549,4+_days,1,A549,4+_days,True,True,True,2119687,2056,1542,L,ecc210d9a84deb77dc2ab810ce9269a6a46ba208176204f706bef18e9d3534bb,cc86ce06cececc86cd86cd87ce8ecf8ecf8ecf8ecf8e8f468fc6cccecc8eccae
data/raw/ooc/OOC_image_dataset/train/good/cell_type_A549/4+_days/230425_172.png,230425_172,230425,train,good,A549,4+_days,1,A549,4+_days,True,True,True,2054989,2056,1542,L,35a402022d42c237a458e707416ec68f65585da8424ab785f5f908d0c59901d9,cee6cc4ecc46cd46cdc6cecececece4eceaecececececf8ecfcecd8ece6ece2e
data/raw/ooc/OOC_image_dataset/train/good/cell_type_A549/4+_days/230425_173.png,230425_173,230425,train,good,A549,4+_days,1,A549,4+_days,True,True,True,2066131,2056,1542,L,8b7b2e3f348781e3b115096d32ee075ef6e9a13cf14c94a8c8ad3bd604a3be7d,cc0fcc2ece6ecf2ecfaecf0ecf46cf8ecd0e8d0ecdcecdcecd8ecc8ecd8ecd2e
data/raw/ooc/OOC_image_dataset/train/good/cell_type_A549/4+_days/230425_174.png,230425_174,230425,train,good,A549,4+_days,1,A549,4+_days,True,True,True,2010352,2056,1542,L,df386dd9c01319a3d02790f1afda02ecf2ca8171e8f8640faf83cb2ca2491b42,cd8ece2ecc0ece6ecf6ecf4ecf4ecfcece8eceeecc6ecc8ece4ece8ecececf2c
data/raw/ooc/OOC_image_dataset/train/good/cell_type_A549/4+_days/230425_175.png,230425_175,230425,train,good,A549,4+_days,1,A549,4+_days,True,True,True,1992045,2056,1542,L,c7939804544b0972dddc4fa2b5ffa947994e957d9def23a8026440c7b8b1ab7f,cc4ecd4e4f2e8e068f068d4e8ccece46cd46cc4eccc6cdcecd8cce2ece0ecf2f
data/raw/ooc/OOC_image_dataset/train/good/cell_type_A549/4+_days/230425_177.png,230425_177,230425,train,good,A549,4+_days,1,A549,4+_days,True,True,True,1961494,2056,1542,L,baa0193638172ce2081acbca3ce3d16d4b1e4d992fdaccf066eb97bd38fe0804,cf0ecfcfcf8dcf86cda6cfe6cdc6cdc6cd86ce8ecf0ecdcece46ce8ececccfce
data/raw/ooc/OOC_image_dataset/train/good/cell_type_A549/4+_days/230425_179.png,230425_179,230425,train,good,A549,4+_days,1,A549,4+_days,True,True,True,1718929,2056,1542,L,b1842d12366f06a2da0e5e343c4042a463adecafde0d1b4c122c0af559513157,8e0e8e6e8eaece8ecf8fcf06cece8ece8e8e8e4e0ece4dcccececcae8ccc0fcc
data/raw/ooc/OOC_image_dataset/train/good/cell_type_A549/4+_days/230425_61.png,230425_61,230425,train,good,A549,4+_days,1,A549,4+_days,True,True,True,1754456,2056,1542,L,5ea0c4968a87ee7770f3937169c828d43790c33a4e852b9bbd239a82d7949f32,cda0cdc0cde1ce61ce614e211fa19f219f611fc11f811d811d811f819f419fc1
data/raw/ooc/OOC_image_dataset/train/good/cell_type_A549/4+_days/230425_62.png,230425_62,230425,train,good,A549,4+_days,1,A549,4+_days,True,True,True,1714690,2056,1542,L,bcaa654b84d9eb6598c47e51eb20d277db3f808a5106e9bed824fbae0a7644db,9fc19f911f899e419fc99e519e399cd99cd996d9163116699661176197e997c1
data/raw/ooc/OOC_image_dataset/train/good/cell_type_A549/4+_days/230425_63.png,230425_63,230425,train,good,A549,4+_days,1,A549,4+_days,True,True,True,1681868,2056,1542,L,5bb59cac936d6b72051a0b9aa1c98b774e91a576cff62ade13878a6e48cca0d3,9ed19ec99ed11e311e7116b114b194b19c619761970995599731953316a31723
data/raw/ooc/OOC_image_dataset/train/good/cell_type_A549/4+_days/230425_65.png,230425_65,230425,train,good,A549,4+_days,1,A549,4+_days,True,True,True,1663680,2056,1542,L,901a3ce4e1cb80ce90ad64ce9cdb3da47d1949a4b5f11aee44fb8624a75d4c39,96431e039a539e531a431a639a631ac318e31d83198399939b939aa21a221603
data/raw/ooc/OOC_image_dataset/train/good/cell_type_A549/4+_days/230425_70.png,230425_70,230425,train,good,A549,4+_days,1,A549,4+_days,True,True,True,1629787,2056,1542,L,72ea27e0e211a2f77d5d284e67acceb66c8ce02cdd933e74853e411b5261d1ff,cd93cc938e938c13de139e939f839f839e83978396c316c31ec394c394c394c3
data/raw/ooc/OOC_image_dataset/train/good/cell_type_A549/4+_days/230425_72.png,230425_72,230425,train,good,A549,4+_days,1,A549,4+_days,True,True,True,1560012,2056,1542,L,3bb8c7b3c63d82af4c795ee1f9dd8edbe525b06e2183262f23e2e7c0ebbd9a08,968393c39d539d939d939c839cc39cc39c4395431e431f039f239c839cc39c83
data/raw/ooc/OOC_image_dataset/train/good/cell_type_A549/4+_days/230425_73.png,230425_73,230425,train,good,A549,4+_days,1,A549,4+_days,True,True,True,1536717,2056,1542,L,5909151ff2a44d05db5557977af6a578f224ceb8983e7d70621c6ba423b0f447,9e039e439cc39c831d839d831c831c839c831c831e033e073e07180739871987
data/raw/ooc/OOC_image_dataset/train/good/cell_type_A549/4+_days/230425_74.png,230425_74,230425,train,good,A549,4+_days,1,A549,4+_days,True,True,True,1552044,2056,1542,L,27401ab9f8ac1954bb2bd55561d9b8ef2c1d0f9df3e4a91a2a3493fb78c50e27,98069a869e233e673c263ca61c861c871a07380638663887388739c7b907b927
data/raw/ooc/OOC_image_dataset/train/good/cell_type_A549/4+_days/230425_75.png,230425_75,230425,train,good,A549,4+_days,1,A549,4+_days,True,True,True,1556111,2056,1542,L,8f5a34173ea2c98074f78cfed65fc43a40d4fde4b24084c22557a8ceef47675a,bca738373a273d073da73ea63c673c273cb6389639073b263a263e243a853c85
data/raw/ooc/OOC_image_dataset/train/good/cell_type_A549/4+_days/230425_77.png,230425_77,230425,train,good,A549,4+_days,1,A549,4+_days,True,True,True,1532343,2056,1542,L,61c612bdaf34b3de8cd0b4982ae80706194400d854dd3749ed46aa689c8b3f1b,233c31ec30ef38cd3bcc38cc38cc3ccf1e4f1e0f1f8d1b8f3fce1ecc1e0c1c0c
data/raw/ooc/OOC_image_dataset/train/good/cell_type_A549/4+_days/230425_78.png,230425_78,230425,train,good,A549,4+_days,1,A549,4+_days,True,True,True,1564329,2056,1542,L,1dc11a62f7fbba2749641dc17112808ab7c588d49b21beab8d48924ab149019a,1c0c1c0c1d0e1f8e1f0f1f0f1f0e1f8e1b0f1f8f1f1f1f1f1f1f1f1e3f1c3d1c
data/raw/ooc/OOC_image_dataset/train/good/cell_type_A549/4+_days/230425_86.png,230425_86,230425,train,good,A549,4+_days,1,A549,4+_days,True,True,True,1596527,2056,1542,L,82b75a3bcd7645ac5529b5e25af2000e551e157a169c444b13e303f568e30f23,741c701d141c141e161a53185318131c139c099c111918193818385c3c5d2c98
data/raw/ooc/OOC_image_dataset/train/good/cell_type_A549/4+_days/230425_87.png,230425_87,230425,train,good,A549,4+_days,1,A549,4+_days,True,True,True,1608750,2056,1542,L,63b5ad18d36bb6631869a8e023c27cd2f9b0adb5871e2d178369a6178c0dfda4,2e1c2e192f192f182f1c2f192f582f182e582e5c2ed83ed83e9c3e9d3f9b3fba
data/raw/ooc/OOC_image_dataset/train/good/cell_type_A549/4+_days/230425_89.png,230425_89,230425,train,good,A549,4+_days,1,A549,4+_days,True,True,True,1638606,2056,1542,L,aa683b97d860693d45a390741d42cb60678a3b95bae10e8623e98c5fd019eeb2,3c0738073c073e073e0738073c073c0738073e063c063e063e063e0636077606
data/raw/ooc/OOC_image_dataset/train/good/cell_type_A549/4+_days/230425_92.png,230425_92,230425,train,good,A549,4+_days,1,A549,4+_days,True,True,True,1792365,2056,1542,L,dc47ccd968a27c3a029c2f773e99f9e807a8b7cb4c4a43c1fbb3fc977f0d8648,7e067c047e067606758f75cf74cc7c0c6c0d6d0f7c0d6c6f7c0c7d0d7c0d7e0c
data/raw/ooc/OOC_image_dataset/train/good/cell_type_A549/4+_days/230425_94.png,230425_94,230425,train,good,A549,4+_days,1,A549,4+_days,True,True,True,1948714,2056,1542,L,25b1b97bb623ae7df0504a3b5cf04b119997c9db21f0c50059df86a9ef34c66f,770c750e7a0c7a0cf8cdf8cff80eed0ff58dfc0dfc0cff0ce60cf658f658f11a
data/raw/ooc/OOC_image_dataset/train/good/cell_type_A549/4+_days/230425_95.png,230425_95,230425,train,good,A549,4+_days,1,A549,4+_days,True,True,True,2042801,2056,1542,L,bb219b17c426df2acb73b30c91b2b810a3bbe936a45427e75bb67d80d5f90808,f01af31afb1ae95bf45bf41ce618f619f41df01ffa18fe18ec18f418f618fc18
data/raw/ooc/OOC_image_dataset/train/good/cell_type_A549/4+_days/230425_98.png,230425_98,230425,train,good,A549,4+_days,1,A549,4+_days,True,True,True,2071538,2056,1542,L,d8e274ff85b81409dae6bd987fa4ab3bdc3d4a08b35f8fe154648b45c3ebfa9a,fc0e780e7a0e7e0c7c8cf58cfd8dfc0d730c718cf48cf58df38d780c7c0c7c0d
data/raw/ooc/OOC_image_dataset/train/good/cell_type_A549/4+_days/230425_99.png,230425_99,230425,train,good,A549,4+_days,1,A549,4+_days,True,True,True,2117318,2056,1542,L,36d3a76e681e4a1ebe8fea5d22cb00660602d85d532b37b84770c6bb91864ea7,7c0cfc0cfe0cfc0c7c0cfc0cfc0cfc0efc0df60cf60cf10df89cf89cf81efc18
data/raw/ooc/OOC_image_dataset/train/good/cell_type_A549/4+_days/230512_36.png,230512_36,230512,train,good,A549,4+_days,1,A549,4+_days,True,True,True,1886385,2056,1542,L,00107ce2f85c32c63528fd350dc3d1676b46364c0dda1f2cdf7fe92dd47cff62,0ccbcc3bcd93ce03ce43cea3cf43cec3cf63cf63ce838f83cf03ce83cea3cf43
data/raw/ooc/OOC_image_dataset/train/good/cell_type_A549/4+_days/230512_39.png,230512_39,230512,train,good,A549,4+_days,1,A549,4+_days,True,True,True,1920516,2056,1542,L,15aa106fbb6462c5265a4d5eab29d3adde2f128a46e9d53b7e9189b4f87d3651,9dc39f939f839ec39f839da39f439f4397439f231e839c839d839da39fa39f23
data/raw/ooc/OOC_image_dataset/train/good/cell_type_A549/4+_days/230512_42.png,230512_42,230512,train,good,A549,4+_days,1,A549,4+_days,True,True,True,1885862,2056,1542,L,64dbaad266dd41236b24759f1954a157dbea48beca4c744d8101132bd24897ec,9e439c039d039f039f139f139d131f939e939e339e039d8399c3918393139633
data/raw/ooc/OOC_image_dataset/train/good/cell_type_A549/4+_days/230512_44.png,230512_44,230512,train,good,A549,4+_days,1,A549,4+_days,True,True,True,1798780,2056,1542,L,43fce082f160aa8d4af71aeb0572e1ed7a340c1d1fc98978e396f9ec2e86f3ba,962317c31fe31fe39fe39eb33ea33e93be13bf03bf03bd03b7439f23b633b653
data/raw/ooc/OOC_image_dataset/train/good/cell_type_A549/4+_days/230512_53.png,230512_53,230512,train,good,A549,4+_days,1,A549,4+_days,True,True,True,1900137,2056,1542,L,ce71533f7080732064cc961adde939961f6759d7b41a9caeb38db34dbec62483,be66bbc6bb863b463ba639c73ac63bc62f663ba6396738e7b867272727860b87
data/raw/ooc/OOC_image_dataset/train/good/cell_type_A549/4+_days/230512_55.png,230512_55,230512,train,good,A549,4+_days,1,A549,4+_days,True,True,True,1766678,2056,1542,L,43633efd91c929bc23027be12aabf04f6a2e6a6640af62c19c224188ae8c8e3e,ce43ce030c638cc38cc38c938dc38ac38ea3cf03cf83cd83ccc3cce3cca34ea3
data/raw/ooc/OOC_image_dataset/train/good/cell_type_A549/4+_days/230512_57.png,230512_57,230512,train,good,A549,4+_days,1,A549,4+_days,True,True,True,1807421,2056,1542,L,e89bc478a77b2aedbb4ebb1d341e94265b1bd30849fb9a6905af729408d2f56b,ce634e23ce63ce638e830d038e034e438e63cc63ccc30ee30e630a438f038943
data/raw/ooc/OOC_image_dataset/train/good/cell_type_A549/4+_days/230512_59.png,230512_59,230512,train,good,A549,4+_days,1,A549,4+_days,True,True,True,1970434,2056,1542,L,b994894b6caa80a221b6cb9d41088a5a5b8f3e51342d62cd76b203f290e0858b,cb83caa3da23de434e434c434f521de30f230f278f278d039b839d139c93dca3
data/raw/ooc/OOC_image_dataset/train/good/cell_type_A549/4+_days/230512_60.png,230512_60,230512,train,good,A549,4+_days,1,A549,4+_days,True,True,True,1971741,2056,1542,L,298bfd4d79107bd22700a2c6a2be159612f1df0eba720885e7c7ded8656c9086,ce43de03db034c83cc838da38fc38fc38ec38f839f231b831d831d231cc79887
data/raw/ooc/OOC_image_dataset/train/good/cell_type_A549/4+_days/230512_62.png,230512_62,230512,train,good,A549,4+_days,1,A549,4+_days,True,True,True,2035697,2056,1542,L,4c652c588f7dbec123ba569ab2be9e44898ab0dc76faa8752091a4d2850c4737,8b0b8b2b882b096b094b8bcbcb2b4f0b0ecbce4b8edb0e0b4e2b8f0b8f0b8f0b
data/raw/ooc/OOC_image_dataset/train/good/cell_type_A549/4+_days/230512_63.png,230512_63,230512,train,good,A549,4+_days,1,A549,4+_days,True,True,True,1906441,2056,1542,L,ff9a1b90e807d64e5beaf0c96b5ea1862705a603b6e416a863225c9697096661,13279ce79c479c479c479e069ec61e461b069b061f069f069e07980798279827
data/raw/ooc/OOC_image_dataset/train/good/cell_type_A549/4+_days/230512_65.png,230512_65,230512,train,good,A549,4+_days,1,A549,4+_days,True,True,True,1874478,2056,1542,L,b2fb9e914d34bf4821e05cdb0b658c78af922e1b407e7725f7a6441e70d63205,dc6796a6928696869ea69ca7988699c7130791a6118616461f069a6692c698c7
data/raw/ooc/OOC_image_dataset/train/good/cell_type_A549/4+_days/230517_37.png,230517_37,230517,train,good,A549,4+_days,1,A549,4+_days,True,True,True,1871541,2056,1542,L,8e784c105e3ff341d9cd178d1d7cbd99e9f802dfef3d9fdee01f82f0208b1c24,cc4bcc43ce63cec3ce43cf53ce4bcf33cf33cda3cdc34eb3cdb3cf63ceabceeb
data/raw/ooc/OOC_image_dataset/train/good/cell_type_A549/4+_days/230517_40.png,230517_40,230517,train,good,A549,4+_days,1,A549,4+_days,True,True,True,1930973,2056,1542,L,827a81a163ca635895b98f7d7c0c0fa6e39b3ee0bd0ddee8da667251a7b3962b,cf53cc73cc7bce33ccabdc7b8d6bcd3bcf9bcfbbd5638ebb9c639ebb964b9663
data/raw/ooc/OOC_image_dataset/train/good/cell_type_A549/4+_days/230517_42.png,230517_42,230517,train,good,A549,4+_days,1,A549,4+_days,True,True,True,1960757,2056,1542,L,4c199557ff793a21ae23601825d913432b68456eb926bd421ef32a4fb10dde45,9d2b9f2b9ddb95db15cb9c2b9d9b9db39d0b959b959314db1da39cbb16ab9699
data/raw/ooc/OOC_image_dataset/train/good/cell_type_A549/4+_days/230517_43.png,230517_43,230517,train,good,A549,4+_days,1,A549,4+_days,True,True,True,1949899,2056,1542,L,72a6caa139793b2bd9a346369b34ec135a8f39b31ed6ac447d50abcd11fd4889,d7dbd68b96ab968b9cbb94eb964b979b97b3973396b39533963397239653944b
data/raw/ooc/OOC_image_dataset/train/good/cell_type_A549/4+_days/230517_44.png,230517_44,230517,train,good,A549,4+_days,1,A549,4+_days,True,True,True,1865112,2056,1542,L,8f51824d7f196a67841e5cfa88e855537470fb1056918a137319b53b0d56838c,964b94db966b976b96b3163316b396b39673163316bb1e4b9f7b9ffb1f7b1f63
data/raw/ooc/OOC_image_dataset/train/good/cell_type_A549/4+_days/230517_45.png,230517_45,230517,train,good,A549,4+_days,1,A549,4+_days,True,True,True,1844707,2056,1542,L,20c7230cc8249f29049d397c2e75a3b47b16c1efdd307bdf0f35ef397a2a7340,1f2b1f2b1cfb16dbd76b9733943394bb94bb14cb94c3948b968b94c394c316db
data/raw/ooc/OOC_image_dataset/train/good/cell_type_A549/4+_days/230517_48.png,230517_48,230517,train,good,A549,4+_days,1,A549,4+_days,True,True,True,1868456,2056,1542,L,8d50bc2307ee203779fff8f6cbf6cb167b2c75241c1f584a3ec94895dfdb29d6,cd93cd83cf83cdc3c9c38f134d938f838d830cb38cb34ad3ccc3ccd3ce93ca73
data/raw/ooc/OOC_image_dataset/train/good/cell_type_A549/4+_days/230517_50.png,230517_50,230517,train,good,A549,4+_days,1,A549,4+_days,True,True,True,1882569,2056,1542,L,90f876870169680a1a3432ce9cba9d98bd18fb69375d1f1319e381fac5cdb0c5,cb03cf83dcc38c438c83dcd3dc639c7399339b239cf39c439d539b939d939853
data/raw/ooc/OOC_image_dataset/train/good/cell_type_A549/4+_days/230517_52.png,230517_52,230517,train,good,A549,4+_days,1,A549,4+_days,True,True,True,1871928,2056,1542,L,dddc35170a2f2bd3156dbbc557de498f7d185558461bc94e0b6f4116b047ef19,db23de43de53dba3d9b3d99319531b53dc931c331cb31d339f139d339d339f23
data/raw/ooc/OOC_image_dataset/train/good/cell_type_A549/4+_days/230517_54.png,230517_54,230517,train,good,A549,4+_days,1,A549,4+_days,True,True,True,1867289,2056,1542,L,040279f53474da9bf37081bf1947da3e926a111e315fd0a0da5156c91d873a03,9a2399639d439db318c39ec39e739c139e539a539d239c639ec39e839a8b9dcb
data/raw/ooc/OOC_image_dataset/train/good/cell_type_A549/4+_days/230517_58.png,230517_58,230517,train,good,A549,4+_days,1,A549,4+_days,True,True,True,1741679,2056,1542,L,64aa60fa3836bcbe3e02700f601267757bd148dd4bb91fb8ca7677897865a225,4cc3cfb3cea3cb0b08238f238f030dc34c93cd93cd234f234ca34d234d230ee3
data/raw/ooc/OOC_image_dataset/train/good/cell_type_A549/4+_days/230517_59.png,230517_59,230517,train,good,A549,4+_days,1,A549,4+_days,True,True,True,1723282,2056,1542,L,fbdc72c2294547dfff41a160841be09fe461457c804dad69523e6450f199bc12,0f530c738eb34e334f63cee38e234eb34ee34e634dc34ca3cc83cca3cc93cfd3
data/raw/ooc/OOC_image_dataset/train/good/cell_type_A549/4+_days/230517_60.png,230517_60,230517,train,good,A549,4+_days,1,A549,4+_days,True,True,True,1684355,2056,1542,L,9937b16b42e887b5b58cbf95829f891a058250f177fb5cbdbf074988d7548dbc,ccc3ccc3ced3ccd38db38f938f938e638ceb0cf38c834f230dc30dcf8fc7ce8b
data/raw/ooc/OOC_image_dataset/train/good/cell_type_A549/4+_days/230517_61.png,230517_61,230517,train,good,A549,4+_days,1,A549,4+_days,True,True,True,1712232,2056,1542,L,9cee6e64b72dc3c404d1538eb3af2429f5a0b03305d6fdd2ee25e33afd762323,cf23c90bc88bc923cea3ce434e434f438e23ce638f238ba3ccc30cd38c638a63
data/raw/ooc/OOC_image_dataset/train/good/cell_type_A549/4+_days/230517_62.png,230517_62,230517,train,good,A549,4+_days,1,A549,4+_days,True,True,True,1691058,2056,1542,L,26c3454bbc5dea9134607ece7759062ea65faf0352c174ad1f0c8dc11144e135,8e738f23894389c38d038e838a838fc38ec38da38da18e318e418ca1ccb14f65
data/raw/ooc/OOC_image_dataset/train/good/cell_type_A549/4+_days/230517_63.png,230517_63,230517,train,good,A549,4+_days,1,A549,4+_days,True,True,True,1686204,2056,1542,L,f429d95c901d1b8b3665bcb3c35639c27c75d1e4a8154d0adada19528f5d1704,4dc54f55cd65cd658e358e05cf85cf25cf35cf25cf614fa14d31cd71ce81cda1
data/raw/ooc/OOC_image_dataset/train/good/cell_type_A549/4+_days/230517_65.png,230517_65,230517,train,good,A549,4+_days,1,A549,4+_days,True,True,True,1768694,2056,1542,L,83b9a14377de18f6a787116ba8f6cf9f1ba5cbfcc62757f00249b328d6e4796e,cc0648264807c807490759075c171e261d069ac69ac69fc69d268ca68d469f86
data/raw/ooc/OOC_image_dataset/train/good/cell_type_A549/4+_days/230529_108.png,230529_108,230529,train,good,A549,4+_days,1,A549,4+_days,True,True,True,2050785,2056,1542,L,d5aab312898d41c87c6c0664161d67881695619e098110c72b0de32f0791cc5a,e398e78987398659c6c1c7f187f1878147c146d1c659c651c761c731c62186e1
data/raw/ooc/OOC_image_dataset/train/good/cell_type_A549/4+_days/230529_110.png,230529_110,230529,train,good,A549,4+_days,1,A549,4+_days,True,True,True,1903828,2056,1542,L,e8637f18dd51f84807c5af545217697af2390f2fa2bc27c053b0378271f10ca4,87c0c788c7e0c7d0c790c7b087e087888788c7884790479087b0c730c760c748
data/raw/ooc/OOC_image_dataset/train/good/cell_type_A549/4+_days/230529_112.png,230529_112,230529,train,good,A549,4+_days,1,A549,4+_days,True,True,True,1859008,2056,1542,L,b278a9921ce77123ecd321fde943bdbb83b3716c876546efc4c23c9e0ffaa82a,c7e1c7a1c7c0c7c8c710c7d0c7d0c7d0c7c087b087f0c7c0c7c0c780c790c7c0
data/raw/ooc/OOC_image_dataset/train/good/cell_type_A549/4+_days/230529_113.png,230529_113,230529,train,good,A549,4+_days,1,A549,4+_days,True,True,True,1783824,2056,1542,L,e9ae6741cc7d8d320f70d50c6d78bb08369fc2e90d4f60492fff7e40121ea798,c7d0c7c0c7e0c7a0c7c0c780c7c0c7c0c760c760c7e0c7a0c760c760c748e798
data/raw/ooc/OOC_image_dataset/train/good/cell_type_A549/4+_days/230529_118.png,230529_118,230529,train,good,A549,4+_days,1,A549,4+_days,True,True,True,1674286,2056,1542,L,a7bc66fa5e8c54c0a5225101e78a4398eebc6c5a1dd0b29e2cf3d5a102b6f43d,8ea78f678f478f078d878cc78cc58ec58f458e658d178d878f878f478d678d67
data/raw/ooc/OOC_image_dataset/train/good/cell_type_A549/4+_days/230529_119.png,230529_119,230529,train,good,A549,4+_days,1,A549,4+_days,True,True,True,1661664,2056,1542,L,139ac59995482ef34f6a0022990d44bea956db1fefc16d6ed303a8ed721c0423,8ee7ce67cee7ce87cf178f87cf83ce630e438fc3cf63cee58ec7ce678f678f73
data/raw/ooc/OOC_image_dataset/train/good/cell_type_A549/4+_days/230529_120.png,230529_120,230529,train,good,A549,4+_days,1,A549,4+_days,True,True,True,1651414,2056,1542,L,6bfbb403c6a6ceb0bfc325abe02dfdad6299f0ca001694c5b4fa112793da5c7d,4f63cff3cf734f634f434f330ea34e83cfc3c783cf93cf93c7938713cf83c7e3
data/raw/ooc/OOC_image_dataset/train/good/cell_type_A549/4+_days/230529_121.png,230529_121,230529,train,good,A549,4+_days,1,A549,4+_days,True,True,True,1679490,2056,1542,L,1000e23770c8492cd4a146419c32233b358775fb362a2c381be4708c2b1c57bf,c6e3c6b3c69347d347e3c7c3c6e1c671c671c6710671468107a14771c7b187b1
data/raw/ooc/OOC_image_dataset/train/good/cell_type_A549/4+_days/230529_122.png,230529_122,230529,train,good,A549,4+_days,1,A549,4+_days,True,True,True,1679756,2056,1542,L,52e855b01b4ed35586e8e52872613bee042ea22c054f00bd7c30493a0405ba51,c7a1c7e1c7e147f1877186e18761876187c187e187e187c18ff18ff18fb187a1
data/raw/ooc/OOC_image_dataset/train/good/cell_type_A549/4+_days/230529_123.png,230529_123,230529,train,good,A549,4+_days,1,A549,4+_days,True,True,True,1637595,2056,1542,L,9ff18d4075dcbdf27243dcd13be3a5bc881e4101d5d2eebf6a6957e44aab0e65,87e187a1879147b147f14751874987f9c77187318fb1c7c9c7c8c790c738c7a9
data/raw/ooc/OOC_image_dataset/train/good/cell_type_A549/4+_days/230529_129.png,230529_129,230529,train,good,A549,4+_days,1,A549,4+_days,True,True,True,1846931,2056,1542,L,f642c861679db629dce468e64cc06b01c1d6053d6aa14a8f643e4e016b48cbf1,1ec31e431d431d831f931ea31e631e231f231e4319831b131f331b031f431e03
data/raw/ooc/OOC_image_dataset/train/good/cell_type_A549/4+_days/230529_130.png,230529_130,230529,train,good,A549,4+_days,1,A549,4+_days,True,True,True,1846996,2056,1542,L,1d16f9f6612addcc604c2ec4598bf691b0d5f89661367b8f2bf7f848f1d3cd2a,1d931f511f911fc11ec11e011f311fb11fa11fa11ba11b911ec19ee19eb11e91
data/raw/ooc/OOC_image_dataset/train/good/cell_type_A549/4+_days/230529_131.png,230529_131,230529,train,good,A549,4+_days,1,A549,4+_days,True,True,True,1803143,2056,1542,L,9be4ed9c293ce8db5f50875aa18df83323e09fc69001a749b35ada3dae73c31d,9f991d991f511bc119c11b911a511d211df11d299f299fe11fa11fd11ec11f81
data/raw/ooc/OOC_image_dataset/train/good/cell_type_A549/4+_days/230529_132.png,230529_132,230529,train,good,A549,4+_days,1,A549,4+_days,True,True,True,1916908,2056,1542,L,58a05a4c934cf9290f0bc5ce809e65dc97b16e73357d8fc31ef987d4abbf0947,1fd11f511e511e711ea11ea51bc91c991f911f591de11da11f091f411ca51da1
data/raw/ooc/OOC_image_dataset/train/good/cell_type_A549/4+_days/230529_134.png,230529_134,230529,train,good,A549,4+_days,1,A549,4+_days,True,True,True,1709527,2056,1542,L,be9918985121b3506cdc89a0d90a3a9b0837d968a748421fcc3beebc9c987796,1e491d499d691e591dc91dcb1fa3176317233b373b867a46fa4efdccfd98fc98
data/raw/ooc/OOC_image_dataset/train/good/cell_type_A549/4+_days/230529_138.png,230529_138,230529,train,good,A549,4+_days,1,A549,4+_days,True,True,True,1940488,2056,1542,L,0572bbb219b53e3200fcbf489506ee74e92a9b300e35de4e6586c1a06d9978d9,720176017f017f0174837d817a417a437c037cc17641718179817b017b017e01
data/raw/ooc/OOC_image_dataset/train/good/cell_type_A549/4+_days/230529_140.png,230529_140,230529,train,good,A549,4+_days,1,A549,4+_days,True,True,True,1855807,2056,1542,L,e73600c04e8985954fefccfaafb045837d2284878916de96a2036b18a3102dab,761972117b3178f17e917f117f016d096d207920796079607ac07a806f006f00
data/raw/ooc/OOC_image_dataset/train/good/cell_type_A549/4+_days/230529_141.png,230529_141,230529,train,good,A549,4+_days,1,A549,4+_days,True,True,True,1906900,2056,1542,L,f3bd9493f22129c9ce58758e878bf07be1267154d898fc7a5b0e75e7427d1ec0,6b006e806e806f806e006e006e016ec17e917b516ec13e213e817eb13ea16e81
data/raw/ooc/OOC_image_dataset/train/good/cell_type_A549/4+_days/230529_181.png,230529_181,230529,train,good,A549,4+_days,1,A549,4+_days,True,True,True,1773038,2056,1542,L,41c57e793a4149539794af46d1149a4f64fb0e27e04b8d5e1f8e40a090f52847,8e73ce73cef34ce34cc39c279c638c630de38d638d470dc70d478cc78fc71de7
data/raw/ooc/OOC_image_dataset/train/good/cell_type_A549/4+_days/230529_182.png,230529_182,230529,train,good,A549,4+_days,1,A549,4+_days,True,True,True,1902582,2056,1542,L,531997247b2ec5b066161d24324150a02f591f1f99922fe7a0658c2d2bceb190,8d838d878fc7cd67cfa7cec7cec7cf078e07cd87cd878f878f870e870f078f07
data/raw/ooc/OOC_image_dataset/train/good/cell_type_A549/4+_days/230529_183.png,230529_183,230529,train,good,A549,4+_days,1,A549,4+_days,True,True,True,1916435,2056,1542,L,1383ac580bd0a713db875c3f62d63ae9d79ac79ce19410738553c1bd9f535dfd,cf078f47cec7cf27cf078e478f470f878d87cf87cfc7cf878fc78d47cf07cf87
data/raw/ooc/OOC_image_dataset/train/good/cell_type_A549/4+_days/230529_184.png,230529_184,230529,train,good,A549,4+_days,1,A549,4+_days,True,True,True,1828791,2056,1542,L,e047434da41fca16a490803c574647bb1b5eaf4491c580eb618fa2609b935892,cec7cec7ce874dc74ec7cdc3cf83cf03cf03cf034fc30fc72fc707c797c79b83
data/raw/ooc/OOC_image_dataset/train/good/cell_type_A549/4+_days/230529_185.png,230529_185,230529,train,good,A549,4+_days,1,A549,4+_days,True,True,True,1874605,2056,1542,L,01428e7ad8fa78ce7aa887dc752fb8195ee8d1aa04afd3b5b74b2df6c2f2d2ff,9ba38ba3cba3cf87cf87878787878f870f874f878f87cf87cf874ec70e478f07
data/raw/ooc/OOC_image_dataset/train/good/cell_type_A549/4+_days/230529_186.png,230529_186,230529,train,good,A549,4+_days,1,A549,4+_days,True,True,True,1904155,2056,1542,L,791b3d194b5a61d2f75724611f99b548c0833089b9fb12485cba1da8a6a32db9,4e07cf07cf47cf27cec7cf874f870f870f278f878fa38f834f83cec3ce23ce23
data/raw/ooc/OOC_image_dataset/train/good/cell_type_A549/4+_days/230529_191.png,230529_191,230529,train,good,A549,4+_days,1,A549,4+_days,True,True,True,1665363,2056,1542,L,d1d50386eb3d0e503783e1acbc2fee3bc59b3b75a9ab79aabae921d6853906e9,8f078f038f878d838d87cdc3cec3cec34e47cfc78f838f238ea30f83cf834f83
data/raw/ooc/OOC_image_dataset/train/good/cell_type_A549/4+_days/230529_194.png,230529_194,230529,train,good,A549,4+_days,1,A549,4+_days,True,True,True,1662016,2056,1542,L,a67382c2dadb95864d80cc725abc030b332bc1a4ee7bd465e8934f3adefb28d0,c7cf86cf06cf468fc78bc78b878b478bc74b47cbc68bc60b464f468f478b478b
data/raw/ooc/OOC_image_dataset/train/good/cell_type_A549/4+_days/230529_195.png,230529_195,230529,train,good,A549,4+_days,1,A549,4+_days,True,True,True,1712875,2056,1542,L,3d5ec9b6d3ea7c2001c0da6594c46759c304ce4c404539998fad6ceb1a23904f,c783c783c7430647060786c7c6c7c647c7674727c727c787c7c787c787c78687
data/raw/ooc/OOC_image_dataset/train/good/cell_type_A549/4+_days/230529_203.png,230529_203,230529,train,good,A549,4+_days,1,A549,4+_days,True,True,True,1689588,2056,1542,L,8993c5b1de858d0e1f15410d4789170707d619c851b49c8ac7f282f4bc82c870,8e4e8f0f8e0f4f0f8e0f8e8fcecfcec7ce8fce8fce0fcf0fcf8fcf8f8e8f8e8f
data/raw/ooc/OOC_image_dataset/train/good/cell_type_A549/4+_days/230529_205.png,230529_205,230529,train,good,A549,4+_days,1,A549,4+_days,True,True,True,1643529,2056,1542,L,9cb8fd0c566fd5d7ef02cb386c63253fe8818b01cb60e9516efaef063345b638,8e8bce8bcecb4f8b0f4f8fcfcd8fcecf8ec7cee74fa7cd87ce870e67cec7cec7
data/raw/ooc/OOC_image_dataset/train/good/cell_type_A549/4+_days/230529_206.png,230529_206,230529,train,good,A549,4+_days,1,A549,4+_days,True,True,True,1743075,2056,1542,L,62126ee7a88df98d971735994478eee3c8bef43677619ed92c54e26cfcb72a81,ce87cec7cec78fc7cdc7cde7cfe78f47ce478fc38f678f674e670ec3ccc3ccc7
data/raw/ooc/OOC_image_dataset/train/good/cell_type_A549/4+_days/230529_37.png,230529_37,230529,train,good,A549,4+_days,1,A549,4+_days,True,True,True,2114057,2056,1542,L,337596add2402b2c95c3de1bfce3ac0fb2643b665c1e21144f01db00cbdae732,e464e488e704e522a521a5a5c645a64da44de4e4c4ecc488c598c5b8c5b4e4a4
data/raw/ooc/OOC_image_dataset/train/good/cell_type_A549/4+_days/230529_38.png,230529_38,230529,train,good,A549,4+_days,1,A549,4+_days,True,True,True,2130699,2056,1542,L,d213b4d4732e3d751986c163639c9540d32d36009740f15b5ebd163e07f90c4d,c514c4b4e466c4268436a426e56685568c868da685168466c666c596c6168512
data/raw/ooc/OOC_image_dataset/train/good/cell_type_A549/4+_days/230529_39.png,230529_39,230529,train,good,A549,4+_days,1,A549,4+_days,True,True,True,2153467,2056,1542,L,0c2417aad3c6e6dfc29270f2cf8ca9c05b6bd0a955e75b8b9e48080454f3a0a9,c596e716e696864e843686a6c63a86168586c506c526870a850ac71a860ac61a
data/raw/ooc/OOC_image_dataset/train/good/cell_type_A549/4+_days/230529_40.png,230529_40,230529,train,good,A549,4+_days,1,A549,4+_days,True,True,True,2089871,2056,1542,L,92f03e7cd9ec83c740e0fef21ebcf73a45bb0030c1046e39ce42e97e6812ade0,c74ac74ac71ac78ac608c61a861286528642864ac50ec79ec68ec40285628662
data/raw/ooc/OOC_image_dataset/train/good/cell_type_A549/4+_days/230529_41.png,230529_41,230529,train,good,A549,4+_days,1,A549,4+_days,True,True,True,1970716,2056,1542,L,11a2b1a2351c68facf835136427d4680368d371ba2fa1ad5f73147f8c14ed6fa,c762c762c706c6168612c792a78e8606c6b22722832283368786860ec706c606
data/raw/ooc/OOC_image_dataset/train/good/cell_type_A549/4+_days/230529_42.png,230529_42,230529,train,good,A549,4+_days,1,A549,4+_days,True,True,True,1707470,2056,1542,L,5c2a194b676cd30bc362dbb64817971c0fe88e7b1be0ee8bbcc8273db9638b85,e706c706c646c646c646c64ac706c706862287028592848a8642440204080402
data/raw/ooc/OOC_image_dataset/train/good/cell_type_A549/4+_days/230529_43.png,230529_43,230529,train,good,A549,4+_days,1,A549,4+_days,True,True,True,1357074,2056,1542,L,a2a6bffdd0d09c6324c1c335db7b016f1f54a97076a77d37d02439ea30e4724b,4200000080008000020000000406070e860ec61ee60ec60e863ec73ec61ec416
data/raw/ooc/OOC_image_dataset/train/good/cell_type_A549/4+_days/230529_45.png,230529_45,230529,train,good,A549,4+_days,1,A549,4+_days,True,True,True,1617360,2056,1542,L,61c2e9e90f55e720c6f3f4c0cfa83ffc4a43717db1e5b19ef1c2760df673e18a,000000000000800002e0c364c3e4c33686e686a4c624c60cc72cc70ec68cc79c
data/raw/ooc/OOC_image_dataset/train/good/cell_type_A549/4+_days/230529_47.png,230529_47,230529,train,good,A549,4+_days,1,A549,4+_days,True,True,True,1982930,2056,1542,L,96d98a6fdc9bfce3d7b5f3562d1fd5346e1b1dc146b25189e4a9c7c558a66234,f24cf39cf26cf26cf2bcd34cd70cd76cc2ecd6bcd2acd6cce6cef3a4b3b497b4
data/raw/ooc/OOC_image_dataset/train/good/cell_type_A549/4+_days/230529_49.png,230529_49,230529,train,good,A549,4+_days,1,A549,4+_days,True,True,True,1918845,2056,1542,L,cf3b2f483b31b1ff312d41b6df4e8ef25be431d4b7ef8cd4e1fba261e078c2ef,53945334733c732c630c658c15ac132c138c318c138c13cc132c1326163c122c
data/raw/ooc/OOC_image_dataset/train/good/cell_type_A549/4+_days/230529_50.png,230529_50,230529,train,good,A549,4+_days,1,A549,4+_days,True,True,True,1916153,2056,1542,L,3f354f98334391ec6827b98165381a904bc30283eac95a8d152939a7a916688f,136013e413ec13ac11b45634523c52ccd2ec13ac138c13ccd34cd34cd36c532c
data/raw/ooc/OOC_image_dataset/train/good/cell_type_A549/4+_days/230529_51.png,230529_51,230529,train,good,A549,4+_days,1,A549,4+_days,True,True,True,1992200,2056,1542,L,7eb72718f872961d7ef2c55cd43cc921437cb0fd4c8f84ba9ce43fff12c97538,53ac539c533c13bc138416c4766456365614564c56cc56b456b456e4d704d40c
data/raw/ooc/OOC_image_dataset/train/good/cell_type_A549/4+_days/230529_58.png,230529_58,230529,train,good,A549,4+_days,1,A549,4+_days,True,True,True,1886826,2056,1542,L,306b7ea3fbb19e009541b57ad9fe2def15e2b3b8acc580bc32ce238b0208fdf7,361d361d341d251d341d24112591241124192411249524992499261924592511
data/raw/ooc/OOC_image_dataset/train/good/cell_type_A549/4+_days/230529_59.png,230529_59,230529,train,good,A549,4+_days,1,A549,4+_days,True,True,True,1887679,2056,1542,L,79c0ad3265c839772a3351dbafbc3ec65c170550d25dd04d87860f3469966b6b,3611341134512411241124912411241124112491251924192419261924392511
data/raw/ooc/OOC_image_dataset/train/good/cell_type_A549/4+_days/230529_60.png,230529_60,230529,train,good,A549,4+_days,1,A549,4+_days,True,True,True,1943310,2056,1542,L,b67a8d55e108d038e141dd55155cf6a15fad19e40b2ff3b3297f5f400674a36a,3511351124102591249134913491265126d135d13711a6112591259125112511
data/raw/ooc/OOC_image_dataset/train/good/cell_type_A549/4+_days/230529_61.png,230529_61,230529,train,good,A549,4+_days,1,A549,4+_days,True,True,True,1501059,2056,1542,L,574e4c21f7441cb7eff7aa98942278d314f4300a04ecda57739b6f949d1113a1,3651245124d124d1245324932511241b27132513241b24193415241100010000
data/raw/ooc/OOC_image_dataset/train/good/cell_type_A549/4_days/230424_100.png,230424_100,230424,train,good,A549,4_days,1,A549,4_days,True,True,True,1989173,2056,1542,L,f87b2fd4a8e28e746e6ab7160f44661e4e95ec31eae3c54d3780d185596bb869,7f567f167e467b077b467b0e790ffc0efe86fd0eed06fc06fe0cfa4efe0cfe0e
data/raw/ooc/OOC_image_dataset/train/good/cell_type_A549/4_days/230424_105.png,230424_105,230424,train,good,A549,4_days,1,A549,4_days,True,True,True,1991750,2056,1542,L,c950f96c2933eab705ddbc98508e5d641e5426748ac8ee5774af2e0fbe881886,f833f833fc35f836f833f03af03ad93cd974f874f874f875d87cfa7cf874fc68
data/raw/ooc/OOC_image_dataset/train/good/cell_type_A549/4_days/230424_106.png,230424_106,230424,train,good,A549,4_days,1,A549,4_days,True,True,True,1929592,2056,1542,L,f74f340ba22f19cf66e68cb10ebfc0afbfcc09089d8d78327951e28914cc5006,d92cdc34d83cd878c774c970d93add2ed92cc93cc735e725c923d92ad92ac928
data/raw/ooc/OOC_image_dataset/train/good/cell_type_A549/4_days/230424_57.png,230424_57,230424,train,good,A549,4_days,1,A549,4_days,True,True,True,1901719,2056,1542,L,d5d090fc97e87ccd3860fc000aeec654319577a8d680438529e6657b51cb10d8,9bc19b51d9d1dcc9dd119f119e011c895ca1dcb11eb9df999d991d999d819e81
data/raw/ooc/OOC_image_dataset/train/good/cell_type_A549/4_days/230424_60.png,230424_60,230424,train,good,A549,4_days,1,A549,4_days,True,True,True,1965635,2056,1542,L,cd150b2d2bc2df9d417c73291c397d9347f3e09425e3ec42da2afd20c9dd3e4f,99039e839f839ec31c0319839bc39bc39d039f231f221e539f139e131c531e53
data/raw/ooc/OOC_image_dataset/train/good/cell_type_A549/4_days/230424_61.png,230424_61,230424,train,good,A549,4_days,1,A549,4_days,True,True,True,2049162,2056,1542,L,80faaada69286196fcddc7d597373e06ae76d6ebd777b0b3ab90cb0b031ae314,9e4b9c539e931dc319b219b21c821c8218c61ad61a9698d6999699061f169bb6
data/raw/ooc/OOC_image_dataset/train/good/cell_type_A549/4_days/230424_63.png,230424_63,230424,train,good,A549,4_days,1,A549,4_days,True,True,True,1771666,2056,1542,L,e54021ebebb2677b5778f991593ec8fee4daabdcfc816b85620fb5fd8f713c98,8fc80fe90fe90fe91fe95fe9d7c9d7c917c916c91349130d9b051b059b099ba5
data/raw/ooc/OOC_image_dataset/train/good/cell_type_A549/4_days/230424_64.png,230424_64,230424,train,good,A549,4_days,1,A549,4_days,True,True,True,1703822,2056,1542,L,3ddc39041084dedfd410baf84e8e7d4b90fc886cd55305d12c53f44ed73bb4be,9b819f819ac19ac59a9192619d61994118f118e118e198e119e111e199e119f1
data/raw/ooc/OOC_image_dataset/train/good/cell_type_A549/4_days/230424_66.png,230424_66,230424,train,good,A549,4_days,1,A549,4_days,True,True,True,1596302,2056,1542,L,83f3f874d1ccb3366ee647c55f3036439b61803836642596741f4cc036edfcb3,19839b839ac319c399639b7313c313e392e393e390d390db911f90979197111f
data/raw/ooc/OOC_image_dataset/train/good/cell_type_A549/4_days/230424_67.png,230424_67,230424,train,good,A549,4_days,1,A549,4_days,True,True,True,1677953,2056,1542,L,d6a63427883e1cc9364c8477b4e4061c657ccdd816eff45916d56c96fbd343eb,918f930b930397431743174317c31fc71f471f879f869e869e869e061e471e47
data/raw/ooc/OOC_image_dataset/train/good/cell_type_A549/4_days/230424_68.png,230424_68,230424,train,good,A549,4_days,1,A549,4_days,True,True,True,1716183,2056,1542,L,b7728871e2d3e105a35d9c26f34eb56a55bc9787839913a36af1a67fb94d1a6c,9607948f95c71dd715d61cce9c469f469d863d463f462ec62ec72e672c862da7
data/raw/ooc/OOC_image_dataset/train/good/cell_type_A549/4_days/230424_69.png,230424_69,230424,train,good,A549,4_days,1,A549,4_days,True,True,True,1557602,2056,1542,L,49bf0ecf3a4046cd70c68d61770a8c84ec62520ef2eedf73566bd8bd9dfa6bc4,3d863d873ce73cc728e72367273e0f1e0f0e0f0e0e0e0e0f0e0f0f0e061f2637
data/raw/ooc/OOC_image_dataset/train/good/cell_type_A549/4_days/230424_70.png,230424_70,230424,train,good,A549,4_days,1,A549,4_days,True,True,True,1553289,2056,1542,L,bb03b5b2c3e063266b189da1b7ae68bb9533a1abdabc39837aa415cea9e79803,306630ce388f3a8f358f28cf20e72267063f0e1e0e0e1e0e1e0f1e0e1c8e1f0f
data/raw/ooc/OOC_image_dataset/train/good/cell_type_A549/4_days/230424_71.png,230424_71,230424,train,good,A549,4_days,1,A549,4_days,True,True,True,1581711,2056,1542,L,ada551b6231f4fbf2e111b9fde5733a102e9df89362e86b5176dfbae68cfe9a1,1f0e1f0f1f0d1f0f1f0f1f1f0f1f0e1d063d126e10ce19de1d9e399e3c9e3f1f
data/raw/ooc/OOC_image_dataset/train/good/cell_type_A549/4_days/230424_75.png,230424_75,230424,train,good,A549,4_days,1,A549,4_days,True,True,True,1601656,2056,1542,L,1a3e18f25a6d5ac1c014ea3ea81b7dc019b5b36272b437fda3326bd57b28027f,9c638c639e631e63146b31333b933b133b131b9319a3b8e3b963bb3312321a32
data/raw/ooc/OOC_image_dataset/train/good/cell_type_A549/4_days/230424_79.png,230424_79,230424,train,good,A549,4_days,1,A549,4_days,True,True,True,1685785,2056,1542,L,9034d10b3fd239861d18683cbb0712e8832541f5084acc85e9ad885b21fd426c,1e6c1a4d1b0c190c1f0e1d0e1f0f1f4f1fce1dcd1f4d1f8f1c8f1c2c164d138c
data/raw/ooc/OOC_image_dataset/train/good/cell_type_A549/4_days/230424_82.png,230424_82,230424,train,good,A549,4_days,1,A549,4_days,True,True,True,1836759,2056,1542,L,2efd03f289eb3af945964e82fcd77ab2a815114ac7dab61d10ee42d40b044b01,3d023d023c423e673e633e07398638873966394638c63d863d873d8738c73b86
data/raw/ooc/OOC_image_dataset/train/good/cell_type_A549/4_days/230424_84.png,230424_84,230424,train,good,A549,4_days,1,A549,4_days,True,True,True,1781549,2056,1542,L,0f53e60601a8f4f66165ee05ca85f8e1cbdfec3b4ac4d8da777d04288418a46e,3ac73a063a2638e63a263e2639673b67398738c738c63c673d273d077c667c67
data/raw/ooc/OOC_image_dataset/train/good/cell_type_A549/4_days/230424_86.png,230424_86,230424,train,good,A549,4_days,1,A549,4_days,True,True,True,1764667,2056,1542,L,8a20e6811cd82c5c776aea8882998caa4c27c0a897b83b9227478223ac977178,1d661c663c641d641d24392579274e875e875b17190459845b8e5b0c5e0c5e0c
data/raw/ooc/OOC_image_dataset/train/good/cell_type_A549/4_days/230424_89.png,230424_89,230424,train,good,A549,4_days,1,A549,4_days,True,True,True,1940237,2056,1542,L,42580b4d4c816f48f71f0a5dffe04170e0d882ab729c2544324b0aeddcc09597,7d4c3d4e7e5e3c19741c759e3f9e379c3d9c359c31983198359c389930983a18
data/raw/ooc/OOC_image_dataset/train/good/cell_type_A549/4_days/230424_90.png,230424_90,230424,train,good,A549,4_days,1,A549,4_days,True,True,True,1764990,2056,1542,L,7da9151a0edba7b0611138cf4ad77653e25c4b2c8390a2bf583d4e12cd10a12d,79396e5867996d397c597e587a587a586c5c635c7cdc7c983c9b3c9b3d9c79bc
data/raw/ooc/OOC_image_dataset/train/good/cell_type_A549/4_days/230424_92.png,230424_92,230424,train,good,A549,4_days,1,A549,4_days,True,True,True,1740542,2056,1542,L,a495fa8bbecaba225f17d33d1ad0833561fe1cd7ce3a2384d399bfe01c3d65b0,3b0237833b87378776863cc63a477ec676c6778677867b8669c7626667266f96
data/raw/ooc/OOC_image_dataset/train/good/cell_type_A549/4_days/230424_93.png,230424_93,230424,train,good,A549,4_days,1,A549,4_days,True,True,True,1948005,2056,1542,L,9332c4f5f9e1c9bbc46256c524d06b761ff367001199a98c0c4339163bac22a3,7f167f867cc771c779c778867d467d4671467a167a067b077b477b4670167697
data/raw/ooc/OOC_image_dataset/train/good/cell_type_A549/4_days/230424_94.png,230424_94,230424,train,good,A549,4_days,1,A549,4_days,True,True,True,1933363,2056,1542,L,ee61e7149939480c7c05764310623ef3098bbb6e78c3dafba94fd7f1fae4f33e,749777977b977a9672967296769677067b0678867516741776077e947f147d04
data/raw/ooc/OOC_image_dataset/train/good/cell_type_A549/4_days/230424_95.png,230424_95,230424,train,good,A549,4_days,1,A549,4_days,True,True,True,1839824,2056,1542,L,2e6c1c4f48fc6e5ffb3adb03e913696f2027c16cb781722dd98cf233f8ca086b,3f867f8674d674c67c063e847f4d784d744e7c4e7f4c6d8d678d4dcd1ccd3c6e
data/raw/ooc/OOC_image_dataset/train/good/cell_type_A549/4_days/230424_97.png,230424_97,230424,train,good,A549,4_days,1,A549,4_days,True,True,True,1812632,2056,1542,L,f839ed6b990eb1ec8e1577d81fd7bb161719988c12723dedd691bbe932f1c33e,3e1c7e1c781c781c7e1c7f1d790d6c4c719c7f1c721c781c78187f1afb1afb1a
data/raw/ooc/OOC_image_dataset/train/good/cell_type_CACO/0-1_days/221215_11.png,221215_11,221215,train,good,CACO,0-1_days,1,CACO,0-1_days,True,True,True,2711760,2048,1536,RGB,d46512ce6f46f80bc97f8ccfb9273b1051539850803d5e190caeca6c9f4f5016,82670a6f49632663566da269a3670322652e11361521413401358137c933c031
data/raw/ooc/OOC_image_dataset/train/good/cell_type_CACO/0-1_days/221215_13.png,221215_13,221215,train,good,CACO,0-1_days,1,CACO,0-1_days,True,True,True,2936655,2048,1536,RGB,2ffc234ceef42a8b680b8392914ee6374e610b660d52ca157665e30c24815907,c292c592599a749a7359325ab2d8abd9d3d812c82a48484a0e2a10cc10ac4f2c
data/raw/ooc/OOC_image_dataset/train/good/cell_type_CACO/0-1_days/221215_14.png,221215_14,221215,train,good,CACO,0-1_days,1,CACO,0-1_days,True,True,True,2953549,2048,1536,RGB,0e650c7f5cf68739f267a198f6cb8983fb944d7e08e0c8dc0d9d66fa8bc95f8b,c466c866d06648367c16f83648524a135933503359133813181b6b0b280b310b
data/raw/ooc/OOC_image_dataset/train/good/cell_type_CACO/0-1_days/221215_15.png,221215_15,221215,train,good,CACO,0-1_days,1,CACO,0-1_days,True,True,True,2311291,2048,1536,RGB,9f4bf950da6209ca1dccf329b818f6a1138389c950fc983522fe1e4068bf675e,7a437e836a837b8b73837b517b5a732b33833183336131113911398139803995
data/raw/ooc/OOC_image_dataset/train/good/cell_type_CACO/0-1_days/221215_17.png,221215_17,221215,train,good,CACO,0-1_days,1,CACO,0-1_days,True,True,True,2385639,2048,1536,RGB,23d22a02c22299d7536de34bb75a6ad72a2d6dc910837ccff891fe5c78447b8c,7c923b925b135d7336732a932633273b249ba4fbb0bb3a9b327934b9b469bc49
data/raw/ooc/OOC_image_dataset/train/good/cell_type_CACO/0-1_days/221215_18.png,221215_18,221215,train,good,CACO,0-1_days,1,CACO,0-1_days,True,True,True,2440248,2048,1536,RGB,b571de8c26fe61e4f4962f88a40ebeb68ba0cb95387c38c38bc58aea5e594665,be4dbe61be19b63cbda4bcdc9eac926c8e249a1c9a9c9a4e9d2e9a26db66990e
data/raw/ooc/OOC_image_dataset/train/good/cell_type_CACO/0-1_days/221215_19.png,221215_19,221215,train,good,CACO,0-1_days,1,CACO,0-1_days,True,True,True,2390028,2048,1536,RGB,c5da991f86537acdfcc48bc5b64b33a22b75fb5e9a2d634ed1dd54af6eb69a63,1ac11b2499ac9584a5d8c7e0b744b6c6b662f6e2ba4285028446920a928a8a0a
data/raw/ooc/OOC_image_dataset/train/good/cell_type_CACO/0-1_days/221215_20.png,221215_20,221215,train,good,CACO,0-1_days,1,CACO,0-1_days,True,True,True,2385876,2048,1536,RGB,f318b9eaf81a23b8b0b071600b8cbf728e01444427160190891f1a1a037d9db8,d70419265cc619c657645b34cc346c364d36b45632169bb6aa36909e911e931e
data/raw/ooc/OOC_image_dataset/train/good/cell_type_CACO/0-1_days/221215_21.png,221215_21,221215,train,good,CACO,0-1_days,1,CACO,0-1_days,True,True,True,2391336,2048,1536,RGB,c476f2542a889f4b8be3e14b067ee166a71f67f50dcf4bee2e9a664740c7d382,f9d64c364f564ed66eb266d26e9a249a69bb795b34db3c1b9d5b881b19391699
data/raw/ooc/OOC_image_dataset/train/good/cell_type_CACO/0-1_days/230328_1.png,230328_1,230328,train,good,CACO,0-1_days,1,CACO,0-1_days,True,True,True,3351249,2048,1536,RGB,029bd3f696aab8f0c29bb2cbbb88e69144aef56ae221330233ae31af8865c174,3f3836b0379037383bb03a903638363833183b193b593a593c493e413a393c5d
data/raw/ooc/OOC_image_dataset/train/good/cell_type_CACO/0-1_days/230328_10.png,230328_10,230328,train,good,CACO,0-1_days,1,CACO,0-1_days,True,True,True,2931287,2048,1536,RGB,dc18688c5ac720a7db95998dcdcd3adb254e2baa10b9084a63b29291ba74c555,e387f267f327e8e7f047f487fce7e4c3ecc3e6a37623642366836c13746364e3
data/raw/ooc/OOC_image_dataset/train/good/cell_type_CACO/0-1_days/230328_14.png,230328_14,230328,train,good,CACO,0-1_days,1,CACO,0-1_days,True,True,True,2899730,2048,1536,RGB,32f6668cfc62f5c79d3e193f91629b8da5585f7e218a86d3d7cf8ac7eeb31877,ec21e66166216ce162c164d17071713471b075e075e072e07cf075b072e032c0
data/raw/ooc/OOC_image_dataset/train/good/cell_type_CACO/0-1_days/230328_15.png,230328_15,230328,train,good,CACO,0-1_days,1,CACO,0-1_days,True,True,True,2991322,2048,1536,RGB,bd2b92884b4f9983b6ad993b22cb9ba398650562d1b6f825a3b4b97051644c1c,7a91733172317b917d91739171a068e07a9078b07ce07c30797073f075607548
data/raw/ooc/OOC_image_dataset/train/good/cell_type_CACO/0-1_days/230328_16.png,230328_16,230328,train,good,CACO,0-1_days,1,CACO,0-1_days,True,True,True,2827177,2048,1536,RGB,1a61dc5d8296c2d988e71d5e18fc442779d8f9164b83d5a77405b4f7921e4abc,e861f061e651f241f251fb51ed81f581f121ea31f9b1f531ff717b31767172e1
data/raw/ooc/OOC_image_dataset/train/good/cell_type_CACO/0-1_days/230328_17.png,230328_17,230328,train,good,CACO,0-1_days,1,CACO,0-1_days,True,True,True,2822132,2048,1536,RGB,b39976324f2c7dd2480bd9bcd03c13306e89a18bd7b8b6a4685db344d78faec8,f0c1f4d1f9c1e3a1f2b1f351e091f931e871f861f251fa417351761164817591
data/raw/ooc/OOC_image_dataset/train/good/cell_type_CACO/0-1_days/230328_19.png,230328_19,230328,train,good,CACO,0-1_days,1,CACO,0-1_days,True,True,True,2714299,2048,1536,RGB,9d2a1032b7de5f114ae9707478b4efd117f7742538842f50caae9be5f636a8d8,c8e3d9a3ea67f867f143f903ed23f343f6c3fac3e6c3eee3f783e383e543e663
data/raw/ooc/OOC_image_dataset/train/good/cell_type_CACO/0-1_days/230328_2.png,230328_2,230328,train,good,CACO,0-1_days,1,CACO,0-1_days,True,True,True,2940347,2048,1536,RGB,75bb232125963dfc53a4dd98bc7493d38068f74bc0a5ab5f2fba97455f5fc9f5,e683e6c3e243e563ea43e703e461f221f221f621e7a1f991e9b1e3a1f9c1e8b1
data/raw/ooc/OOC_image_dataset/train/good/cell_type_CACO/0-1_days/230328_22.png,230328_22,230328,train,good,CACO,0-1_days,1,CACO,0-1_days,True,True,True,2862679,2048,1536,RGB,d5669d19b2c1f90a55efad218e6b16bad0db3acc9ca2b2a6ce271ee0946d1e67,730173007ac07b407e8076807ad076187818784878603c083330359032c03858
data/raw/ooc/OOC_image_dataset/train/good/cell_type_CACO/0-1_days/230328_23.png,230328_23,230328,train,good,CACO,0-1_days,1,CACO,0-1_days,True,True,True,2539303,2048,1536,RGB,c54f0e11692e6245b051753332d0202c5910cb509d37abb00d709063488ba521,e7b3c633d623f743fa93fc93e4c3e7e3f9a3edd1e6d1ecb1efd1fbc1fbc1ef81
data/raw/ooc/OOC_image_dataset/train/good/cell_type_CACO/0-1_days/230328_24.png,230328_24,230328,train,good,CACO,0-1_days,1,CACO,0-1_days,True,True,True,2759345,2048,1536,RGB,1e724048bcfad3fd7cadb7d25c75b05ab48068d7600f152f70e99546ea958db3,fe637273626377737923794379e379717b517a59725176e974d97c997a497949
data/raw/ooc/OOC_image_dataset/train/good/cell_type_CACO/0-1_days/230328_5.png,230328_5,230328,train,good,CACO,0-1_days,1,CACO,0-1_days,True,True,True,2952322,2048,1536,RGB,2841f287bfc7ffceb6bd2f69efe03a268aaf2d2a0b2ecdd5e7ce1368475f2731,e5e1e581fa41e4c1e66164616b416981694165416641798179c176e175a07920
data/raw/ooc/OOC_image_dataset/train/good/cell_type_CACO/0-1_days/230328_6.png,230328_6,230328,train,good,CACO,0-1_days,1,CACO,0-1_days,True,True,True,2844520,2048,1536,RGB,e6d57f09f73c8aafa5100b6c05ebb6af72e43086c2954529b6ed81f26186fdd2,79787b78715c720c76b47fe47b64739431883eac38643a3c3a383a5836dc32cc
data/raw/ooc/OOC_image_dataset/train/good/cell_type_CACO/0-1_days/230328_7.png,230328_7,230328,train,good,CACO,0-1_days,1,CACO,0-1_days,True,True,True,3127683,2048,1536,RGB,324a794fea13d5ce9a76f9c5614126aab76d73a9788ec98f64b0e7c8d73e50d8,7e9876886748735873d871c873e878c83ce831b035b0395439343d383b143b9c
data/raw/ooc/OOC_image_dataset/train/good/cell_type_CACO/0-1_days/230328_8.png,230328_8,230328,train,good,CACO,0-1_days,1,CACO,0-1_days,True,True,True,2783134,2048,1536,RGB,c451f2b03482d08824bc8141cca8d8bcb8119e1248abf7428b9b83cf6e80dbdb,ddc3ed83db23cc63ce63d503c193e8f3f8c3d953d973cb23e963f353f393f3d3
data/raw/ooc/OOC_image_dataset/train/good/cell_type_CACO/0-1_days/230328_9.png,230328_9,230328,train,good,CACO,0-1_days,1,CACO,0-1_days,True,True,True,3018420,2048,1536,RGB,30a13c79c56763e59d2c714bf0c54e3838d7e8c3bddc909c175b78fe9733ee2a,f927dd27edc7e543e443e683f4e3ece3e523f6e3f4e3e8e3f193f993f0c3f4e3
data/raw/ooc/OOC_image_dataset/train/good/cell_type_CACO/2-3_days/220506_10.png,220506_10,220506,train,good,CACO,2-3_days,1,CACO,2-3_days,True,True,True,2804754,2048,1536,RGB,7f1955932338a6c00a956cc4150f527fa03a34182ff2f8facfdb6087ccc1bb9c,7d7fe013a03be01b601a605e605320338026842e801f840c4015a00da0138363
data/raw/ooc/OOC_image_dataset/train/good/cell_type_CACO/2-3_days/220506_15.png,220506_15,220506,train,good,CACO,2-3_days,1,CACO,2-3_days,True,True,True,3046258,2048,1536,RGB,89da38ec2e1bfaeefc08da30b18cecf95c568c8d60312c8fcc9e075c4ab5d8f6,fd27d24fcc56c933c336f826de6cfe9e9e5b989b183838931083988fd01d598f
data/raw/ooc/OOC_image_dataset/train/good/cell_type_CACO/2-3_days/220606_20.png,220606_20,220606,train,good,CACO,2-3_days,1,CACO,2-3_days,True,True,True,2446216,2048,1536,RGB,50bbba7fb8fb59588b5b04298aadb49fc7e68cb51ac5b82743765530df0abc9b,8a0b820e52044204000400040084006002200285448b000b0006012401068300
data/raw/ooc/OOC_image_dataset/train/good/cell_type_CACO/2-3_days/230329_1.png,230329_1,230329,train,good,CACO,2-3_days,1,CACO,2-3_days,True,True,True,5047693,2048,1536,RGB,d1fa3fc5da687def9f5b65ac804fb930f0b21c2ca7a86b3ca726c9535c8af2bb,7c947a987a987ab878ac7cac38b839d83c383cd83cd83cd83ed43ce03f4c3d0c
data/raw/ooc/OOC_image_dataset/train/good/cell_type_CACO/2-3_days/230329_10.png,230329_10,230329,train,good,CACO,2-3_days,1,CACO,2-3_days,True,True,True,3995092,1536,2048,RGB,fa831374a4cd1df49ec5f95345a1957ea486f0f9284b074b3b648e1b61db074c,fb0edc0eda1cca1edc1ec53cc83cf83ee03ce33ec27ad83ad03ac37ec85cd816
data/raw/ooc/OOC_image_dataset/train/good/cell_type_CACO/2-3_days/230329_2.png,230329_2,230329,train,good,CACO,2-3_days,1,CACO,2-3_days,True,True,True,4381600,2048,1536,RGB,21a2d3e66d5cde576d910a8efb8ac99b872271765bfcb839251226a8b6e896ce,7c997c9179517a697bb17a907db83cf43bb439b4394c384c38ec38ec39cc3e9c
data/raw/ooc/OOC_image_dataset/train/good/cell_type_CACO/2-3_days/230329_3.png,230329_3,230329,train,good,CACO,2-3_days,1,CACO,2-3_days,True,True,True,3966010,2048,1536,RGB,2cc09e89d1663f326ce406be96dd361a184368758565c792534f31f5ff8538a2,7ac978997cd979c97a897f1979ac798478d0393438e43864396c3b1c3a3c3914
data/raw/ooc/OOC_image_dataset/train/good/cell_type_CACO/2-3_days/230329_4.png,230329_4,230329,train,good,CACO,2-3_days,1,CACO,2-3_days,True,True,True,4253514,2048,1536,RGB,74f4a4b93acf2e9a92b801b91564ce9786af01397bfbdd7d2b3352bdd3ca938e,f0c7c947f2c7f2c7e4c7e8c7e5c3e5c3f763f263f2e3f3e3f9c3e5a3e3a3eda3
data/raw/ooc/OOC_image_dataset/train/good/cell_type_CACO/2-3_days/230329_5.png,230329_5,230329,train,good,CACO,2-3_days,1,CACO,2-3_days,True,True,True,4627970,2048,1536,RGB,22acb7f151759460ed6a60ab55b945b715a6aaf86dde61ba5f09f8dcc28faf62,686b68bb68bb6afb62797af971b971397b797b59797971e97179767970793279
data/raw/ooc/OOC_image_dataset/train/good/cell_type_CACO/2-3_days/230329_7.png,230329_7,230329,train,good,CACO,2-3_days,1,CACO,2-3_days,True,True,True,4358995,2048,1536,RGB,ac5046120d01330d4685629283316ef679089f709929429c4bdb44eca073bad2,722079387f387418707072606ee065c075c064587ec87ef87af07cf077387738
data/raw/ooc/OOC_image_dataset/train/good/cell_type_CACO/2-3_days/230329_8.png,230329_8,230329,train,good,CACO,2-3_days,1,CACO,2-3_days,True,True,True,4089638,2048,1536,RGB,83e2b9861a9dd9fe82cc51c0c50b5573952e359d390b4513f938e5ba476002ed,7658774876d83ab03a50337837b8367836d037303b1839303968347834583c38
data/raw/ooc/OOC_image_dataset/train/good/cell_type_CACO/2-3_days/230329_9.png,230329_9,230329,train,good,CACO,2-3_days,1,CACO,2-3_days,True,True,True,4447251,2048,1536,RGB,df9171dd4ec57ea8adacdbb75eb791237e897c420ae21675ab452e793115d5b3,657971e9726962b17cf97551771176b172b176e97e397b3973a93bc93b993699
data/raw/ooc/OOC_image_dataset/train/good/cell_type_CACO/2-3_days/230419_117.png,230419_117,230419,train,good,CACO,2-3_days,1,CACO,2-3_days,True,True,True,2091578,2056,1542,L,ed34c18d2c2aa7549d66ccb5575eb2b9d750f35b451422da2b3d34e1559c80dc,cccecd6ece6fce4eca4ecf8e4acecc4ec90ecb0ecf4ecc8eccaec92e490ece0e
data/raw/ooc/OOC_image_dataset/train/good/cell_type_CACO/2-3_days/230419_118.png,230419_118,230419,train,good,CACO,2-3_days,1,CACO,2-3_days,True,True,True,2105181,2056,1542,L,3aaf31edcaa1a36700030c9e7104de4e923aa29184af2294a904ab6b949a581f,ce0e4e0cc94eca8eccce4c0cca8cca4eca4c5a8c4dce5c8e1d8e9f8e1b8e98ce
data/raw/ooc/OOC_image_dataset/train/good/cell_type_CACO/2-3_days/230419_121.png,230419_121,230419,train,good,CACO,2-3_days,1,CACO,2-3_days,True,True,True,2127559,2056,1542,L,ae59d499553ec7948c2649f1055c54297560ebd53f7557bbf6e1e7df07617be3,195c189e1dde1ed894de9ddc9d9c1d9c9ed89e1c9858985c971c951c9d1c9edc
data/raw/ooc/OOC_image_dataset/train/good/cell_type_CACO/2-3_days/230419_122.png,230419_122,230419,train,good,CACO,2-3_days,1,CACO,2-3_days,True,True,True,2124998,2056,1542,L,288ad88efd2aefd6c7a054b0992a947afdbd4905b8a51f850a993daf7e4cec91,9c1c9c1c9d1c9f1c9f1c9b1c92589c189d189d1c9b189e18939c131c931c9c1c
data/raw/ooc/OOC_image_dataset/train/good/cell_type_CACO/2-3_days/230419_123.png,230419_123,230419,train,good,CACO,2-3_days,1,CACO,2-3_days,True,True,True,2122306,2056,1542,L,b69829c857e1a8832ccda9b34b2a93e7069e63fdac2f425832b21848ad703cf4,971c961c9258931c9b1899189b1896989b1c92189a5c9b1c9b189b181998959c
data/raw/ooc/OOC_image_dataset/train/good/cell_type_CACO/4+_days/220512_11.png,220512_11,220512,train,good,CACO,4+_days,1,CACO,4+_days,True,True,True,3011599,2048,1536,RGB,df6cbb9d3d10fef73f305d408bcb3fc6166062fb4a69ac1f17f74cbb5e51247f,010f0726002b08cb088f08090309038b0986188588890c9b829301238126886e
data/raw/ooc/OOC_image_dataset/train/good/cell_type_CACO/4+_days/220512_12.png,220512_12,220512,train,good,CACO,4+_days,1,CACO,4+_days,True,True,True,3130005,2048,1536,RGB,32f1e73c76f3c24c9e5ec61cbb4f62bcbf1451ee1df6fde40c5674ecd5d32926,70ff005f010f8a0f890e9186820e630603070207c0878081c087c217e207d0c6
data/raw/ooc/OOC_image_dataset/train/good/cell_type_CACO/4+_days/220512_9.png,220512_9,220512,train,good,CACO,4+_days,1,CACO,4+_days,True,True,True,2891794,2048,1536,RGB,d02afe7511bc7cb7e713ebaae96ce4e62eb4eb3a46b90e09d3aab22fae71c919,c0bf0edf041f049f011f031f010e008f8006000f020b0087000702090086046f
data/raw/ooc/OOC_image_dataset/train/good/cell_type_CACO/4+_days/220515_4.png,220515_4,220515,train,good,CACO,4+_days,1,CACO,4+_days,True,True,True,3172032,2048,1536,RGB,e6742a48a939899bf2fd31f769cd7c404e3f6ef560cbcf9beddb8cc2469ffa24,009b10c38003c403cc03cc039c03f40774076017400f0003101a1034131d120f
data/raw/ooc/OOC_image_dataset/train/good/cell_type_CACO/4+_days/220515_6.png,220515_6,220515,train,good,CACO,4+_days,1,CACO,4+_days,True,True,True,2724920,2048,1536,RGB,ae1378e449933e756028896172a89fa4482e3446382e873a98cb64afa5c270de,1087000798031c03c803d803d403f403a403a007c01f800f001d121d131c010c
data/raw/ooc/OOC_image_dataset/train/good/cell_type_CACO/4+_days/220515_7.png,220515_7,220515,train,good,CACO,4+_days,1,CACO,4+_days,True,True,True,2892928,2048,1536,RGB,3f1d80b624b936753d64083111057a58c30c7efbdf676dedc5568e669bf99ba3,6687398318870c034403a401921398030c0790269006100c120c120a03020d06
data/raw/ooc/OOC_image_dataset/train/good/cell_type_CACO/4+_days/220515_8.png,220515_8,220515,train,good,CACO,4+_days,1,CACO,4+_days,True,True,True,2858511,2048,1536,RGB,80d58325bc77d8b7eeeecaa4205538d6b621b86c8dd754ca580edd6388025b23,210f0c070c0314038c238c03d423b02730070007801da05c305c021c2965095c
data/raw/ooc/OOC_image_dataset/train/good/cell_type_CACO/4+_days/220609_6.png,220609_6,220609,train,good,CACO,4+_days,1,CACO,4+_days,True,True,True,2709994,2048,1536,RGB,6ec19e0d6030aa19cdc3f24b257290c00b8b9dbde14062f27d31ad0b03bd676f,04dd85dd09d70ddb449b4f260b470d559857197d8837a47f247f207f033b012a
data/raw/ooc/OOC_image_dataset/train/good/cell_type_CACO/4+_days/220609_7.png,220609_7,220609,train,good,CACO,4+_days,1,CACO,4+_days,True,True,True,2640327,2048,1536,RGB,447874e313805d11c9e39f83adf14f122b3f66bb73d5c96999e054cf90f5df38,87f50ffd8ff58fef8fef89df81ef01ff80f700f788fb1c7b1cff02fe03ff07ff
data/raw/ooc/OOC_image_dataset/train/good/cell_type_CACO/4+_days/220610_11.png,220610_11,220610,train,good,CACO,4+_days,1,CACO,4+_days,True,True,True,2625793,2048,1536,RGB,03f88418abf391a936ea3a2a0bb4f94ae8074345973a2e95844466d1fda15e82,433e511d313d6059b29e233a6438a438a8b82cbd265e113e03760db63e3d0c1a
data/raw/ooc/OOC_image_dataset/train/good/cell_type_CACO/4+_days/220610_2.png,220610_2,220610,train,good,CACO,4+_days,1,CACO,4+_days,True,True,True,2719226,2048,1536,RGB,4321d0932947d4bdb58550ebf79eb410d428ce4bf745dea08580939eef069745,0a5604e60ce6006b02690863886b0067806500330897283f037d014f21cd09cc
data/raw/ooc/OOC_image_dataset/train/good/cell_type_CACO/4+_days/220610_5.png,220610_5,220610,train,good,CACO,4+_days,1,CACO,4+_days,True,True,True,2761678,2048,1536,RGB,40fe863673aee5b9e7c0f06d6976557eea69a901d106c2fd1497415d05944f4e,08954257c79181b102d911d811eb136b88212896225f0a3b827b227526b301e5
data/raw/ooc/OOC_image_dataset/train/good/cell_type_CACO/4+_days/220610_6.png,220610_6,220610,train,good,CACO,4+_days,1,CACO,4+_days,True,True,True,2796712,2048,1536,RGB,8826949c8722ce3af710698714f46d648a98a39a96c06c71b76ccc0b1511373f,0d6d0e6300e6146604e700632097505e14d7904d003e093f013b143f195c02d5
data/raw/ooc/OOC_image_dataset/train/good/cell_type_CACO/4+_days/220610_7.png,220610_7,220610,train,good,CACO,4+_days,1,CACO,4+_days,True,True,True,2798404,2048,1536,RGB,429c870de42d527b7b536320c915ca077af9a5a4d9f10e1107d67df4aed27223,02ff2ee3024b084f01360ac200c7404e0979813b01398a58a85a086b012b21ff
data/raw/ooc/OOC_image_dataset/train/good/cell_type_CACO/4+_days/220610_8.png,220610_8,220610,train,good,CACO,4+_days,1,CACO,4+_days,True,True,True,2977862,2048,1536,RGB,ed648c0003a4453fa6a857e8e4addfb161a8f15caf657ff121f3c19b5f749b1a,64630d6189ac0c9e2ce6e0e4806e5066e466c17db1bf32fa12de035f435b83a3
data/raw/ooc/OOC_image_dataset/train/good/cell_type_CACO/4+_days/220610_9.png,220610_9,220610,train,good,CACO,4+_days,1,CACO,4+_days,True,True,True,2782812,2048,1536,RGB,8ef303383f7150c59c5220b0f08ab52b68bbd73ca4359ff36a7b1e914510a9d1,2166894208d489d781e380e7a2e9126b1843090e843b103f046f40da4489432c
data/raw/ooc/OOC_image_dataset/train/good/cell_type_CACO/4+_days/220611_10.png,220611_10,220611,train,good,CACO,4+_days,1,CACO,4+_days,True,True,True,2596346,2048,1536,RGB,9446d34126540a695be777017652c8a957d2d2f83c8ddac6992ddf2336d303d7,634331b0137c127f227fc3b7a3ff05df19b705370d1d062702218185e1c4c88d
data/raw/ooc/OOC_image_dataset/train/good/cell_type_CACO/4+_days/220611_3.png,220611_3,220611,train,good,CACO,4+_days,1,CACO,4+_days,True,True,True,2466248,2048,1536,RGB,7b42f755e7fa8a74c100a287bcbd420dc4898018b879c16ff72848cb46362cfe,5133597372733833343b207b31390939219931993039a93933b931b923b925b9
data/raw/ooc/OOC_image_dataset/train/good/cell_type_CACO/4+_days/220611_4.png,220611_4,220611,train,good,CACO,4+_days,1,CACO,4+_days,True,True,True,2715848,2048,1536,RGB,5494f4489c3ac78e07875984d01222a86c4e9f184d6c9b70cf1e8f2cf451d46d,da0bc42b8589ad0d9d0d918dd1add5cdd8cdd84dd46dec0dcc95c45dd37dc7dd
data/raw/ooc/OOC_image_dataset/train/good/cell_type_CACO/4+_days/220611_7.png,220611_7,220611,train,good,CACO,4+_days,1,CACO,4+_days,True,True,True,2812389,2048,1536,RGB,d8fbdd7ec975e0579643e90404a2bd155797eca9b6c1d07e10de3157cefc5c89,590f0d07152389512ab11170d1e6ece674773adf19f70e770713039f01d700f7
data/raw/ooc/OOC_image_dataset/train/good/cell_type_CACO/4+_days/220611_8.png,220611_8,220611,train,good,CACO,4+_days,1,CACO,4+_days,True,True,True,2726499,2048,1536,RGB,79cee5ecb6a1627b05ff1e0d93712e8237a8721feb0d08fc3e101079ec7acf7e,64c702e302d9413c82be02bd84b384d38cf30af318f3d096f17a3afc1eec0ffc
data/raw/ooc/OOC_image_dataset/train/good/cell_type_CACO/4+_days/220612_1.png,220612_1,220612,train,good,CACO,4+_days,1,CACO,4+_days,True,True,True,2800951,2048,1536,RGB,e6aac3982328db2e6c7eb0e12250e3c17421c812630963e820f6cb8e35da4f50,019700cf84e384d1806a0065006844674073103982394e3c267e9e7ccc786e7c
data/raw/ooc/OOC_image_dataset/train/good/cell_type_CACO/4+_days/220612_10.png,220612_10,220612,train,good,CACO,4+_days,1,CACO,4+_days,True,True,True,2726114,2048,1536,RGB,96f04530a81d4364a34a174e4053c740011381d5d6fb2f331708e4bc9df28697,85c00778037b08fb0cb61b751e761eb68e9e8e958619813181b181c161c4ba35
data/raw/ooc/OOC_image_dataset/train/good/cell_type_CACO/4+_days/220612_11.png,220612_11,220612,train,good,CACO,4+_days,1,CACO,4+_days,True,True,True,2749647,2048,1536,RGB,f61aeab11808fce652733535b282180d1dfed785b5b1b596a6f39432b319fe70,03a002f8027f04fe117e323913360eb00ac804f00ee14921456085e196e1e6f2
data/raw/ooc/OOC_image_dataset/train/good/cell_type_CACO/4+_days/220612_12.png,220612_12,220612,train,good,CACO,4+_days,1,CACO,4+_days,True,True,True,2651596,2048,1536,RGB,16ff7461e4e71181190ed0c9fd8906126f3880ffb15807e61aefb41cf8bf8c22,8a758607050d09630a690c6008c2099202a707c7038781cd90a9102be2667f76
data/raw/ooc/OOC_image_dataset/train/good/cell_type_CACO/4+_days/220612_2.png,220612_2,220612,train,good,CACO,4+_days,1,CACO,4+_days,True,True,True,2577472,2048,1536,RGB,aff28e80582732f77511c60e9fb7847cc5648ce4ecdd8cc125d52cf7da717d67,108f01c721a301a184f040b8229921801181815184d944dc025e0b9e9d9dcc99
data/raw/ooc/OOC_image_dataset/train/good/cell_type_CACO/4+_days/220612_4.png,220612_4,220612,train,good,CACO,4+_days,1,CACO,4+_days,True,True,True,2784542,2048,1536,RGB,d7e7f0d4e2220ad9bc62088ecf752ce260fb3efc3bb74f4a149e7648b56e2fff,012701c304e301e184881aac00b6014780cfc8aff8b37a7f395c1cdd1ecc0efe
data/raw/ooc/OOC_image_dataset/train/good/cell_type_CACO/4+_days/220612_7.png,220612_7,220612,train,good,CACO,4+_days,1,CACO,4+_days,True,True,True,2917511,2048,1536,RGB,f3ce80e4e19679e41f3b6085da2b2dde198e4b5bbcd74dceb4c54ee0cedeada4,913f901c131e100f436703839341064015348b26c365f169767d3b7e1f6e0f5b
data/raw/ooc/OOC_image_dataset/train/good/cell_type_CACO/4+_days/220612_9.png,220612_9,220612,train,good,CACO,4+_days,1,CACO,4+_days,True,True,True,2581185,2048,1536,RGB,77dd8b6ac1da948a949015fbc6ed4dcb37eda0e5709b9051b66ccb13875b8c4f,2060a2310b33c962dbaac32253271723b33236b270e320e624c6b0e7b1771574
data/raw/ooc/OOC_image_dataset/train/good/cell_type_CACO/4+_days/230403_3.png,230403_3,230403,train,good,CACO,4+_days,1,CACO,4+_days,True,True,True,4430337,2048,1536,RGB,18450820b44610cea3e9ace27cecbb030445b68f3fda6a70d659b1205774580e,2ffffffef99e4d9c09fc43f96b3939fdf1f574da64cb73bbb5bb8daa89800007
data/raw/ooc/OOC_image_dataset/train/good/cell_type_CACO/4+_days/230403_7.png,230403_7,230403,train,good,CACO,4+_days,1,CACO,4+_days,True,True,True,4442554,2048,1536,RGB,1f977e102f2cd66c135aac9e51bbdef806855b4bfd12555f5d4f80fe29aedcc9,03804006bfffffff8cdfbe7d263536b56ccca0ed84ecbc6e18dc797fd977d1fb
data/raw/ooc/OOC_image_dataset/train/good/cell_type_CACO/4+_days/230403_9.png,230403_9,230403,train,good,CACO,4+_days,1,CACO,4+_days,True,True,True,5424122,2048,1536,RGB,f5447621d9efeb003fd3e8930192046f51153ed4219a364f26cd2fafa22a8f1f,fffede97dbb6ee59e6490eefce6f49cd59c91d9b199013aa0eeb8eeb9c40d000
data/raw/ooc/OOC_image_dataset/train/good/cell_type_CACO/4+_days/230411_46.png,230411_46,230411,train,good,CACO,4+_days,1,CACO,4+_days,True,True,True,1918878,2056,1542,L,5a3e0ea59ae098563e6b51a4ea513697b1b4291b742fc66058a51d1501f8ba6e,8f0c8f4c8d8c8d8c8d8c0d8e0d8c0f4e8d4c8b0c898c0f8c9d8c9ecc9e8c9e0c
data/raw/ooc/OOC_image_dataset/train/good/cell_type_HPMEC/0-1_days/220429_01.png,220429_01,220429,train,good,HPMEC,0-1_days,1,HPMEC,0-1_days,True,True,True,2480928,2048,1536,RGB,dcfe69f37365a7aec64a983b0bfd3f9d45f680801ee6ce26cda3ac66cc32b408,c7fb066b046304330c7308730833002f002f087f019f019f019f019f933881fd
data/raw/ooc/OOC_image_dataset/train/good/cell_type_HPMEC/0-1_days/220429_02.png,220429_02,220429,train,good,HPMEC,0-1_days,1,HPMEC,0-1_days,True,True,True,2413288,2048,1536,RGB,72a0801d4daa27f86af57d962e0f6f412a8486b4a7d06e9ec5d2f2a9b90b4861,09ff066700630c330c7300331823046b005f145f042f018f089f053f000f0241
data/raw/ooc/OOC_image_dataset/train/good/cell_type_HPMEC/0-1_days/220429_06.png,220429_06,220429,train,good,HPMEC,0-1_days,1,HPMEC,0-1_days,True,True,True,2516476,2048,1536,RGB,7e23aa90038d8e7ab0226d21ad8bf8d097730109168926f76972418ff9e1a26f,3d7f00cf004f003f007f105f101f001f001f001f009f019f078f070f07064f02
data/raw/ooc/OOC_image_dataset/train/good/cell_type_HPMEC/0-1_days/220429_14.png,220429_14,220429,train,good,HPMEC,0-1_days,1,HPMEC,0-1_days,True,True,True,2274767,2048,1536,RGB,c4ddc6c3b7bbf5faea5a44ece5fb72cf110629d6af0fef857a74ce4a2b45df43,9287008700c3000700a300e7008710871077181f011b01170117002f8c3f1cdf
data/raw/ooc/OOC_image_dataset/train/good/cell_type_HPMEC/0-1_days/220429_15.png,220429_15,220429,train,good,HPMEC,0-1_days,1,HPMEC,0-1_days,True,True,True,2265868,2048,1536,RGB,7fb985dfbe12f2eac2e17688e7f9828da19f558887bcb910c7678a5c1385973c,40e74087000f200f0065102710b78097209b003d016e004f005f004f002f003f
data/raw/ooc/OOC_image_dataset/train/good/cell_type_HPMEC/0-1_days/220626_1.png,220626_1,220626,train,good,HPMEC,0-1_days,1,HPMEC,0-1_days,True,True,True,2734287,2048,1536,RGB,7d6d68fce7de789b5ac32765bb6c6e9b1abf2ba16786c85a255f718c23ec1da3,17f70f6e13323566457e0b961326116417a40783279207520764079b0a230002
data/raw/ooc/OOC_image_dataset/train/good/cell_type_HPMEC/0-1_days/220626_2.png,220626_2,220626,train,good,HPMEC,0-1_days,1,HPMEC,0-1_days,True,True,True,2687680,2048,1536,RGB,62f4cb564bcc8c796549c76084234ee55cdd3e13f552b44386b35ca9bf937b43,66df1eb6be77846f0ce714850a8d1145018b03990318051851b901950080020f
data/raw/ooc/OOC_image_dataset/train/good/cell_type_HPMEC/0-1_days/220626_4.png,220626_4,220626,train,good,HPMEC,0-1_days,1,HPMEC,0-1_days,True,True,True,2867320,2048,1536,RGB,ff776ce92319aa1d54c2ecef240097f976ac0f7506458e27b4b6f58fe28b4079,03ff7fff57ff3fdd1bad13d928c52bc405c70cf706b60673247b00182348000d
data/raw/ooc/OOC_image_dataset/train/good/cell_type_HPMEC/0-1_days/220626_5.png,220626_5,220626,train,good,HPMEC,0-1_days,1,HPMEC,0-1_days,True,True,True,2441599,2048,1536,RGB,9bb800908702bfe1ffb6914e2fd2a611618c8ca5bc14e4ccb0acc5f072c9baa9,18ef6d3f48194c6748634943484348c145490159006c143c1839083808582009
data/raw/ooc/OOC_image_dataset/train/good/cell_type_HPMEC/0-1_days/220626_6.png,220626_6,220626,train,good,HPMEC,0-1_days,1,HPMEC,0-1_days,True,True,True,2927389,2048,1536,RGB,5d41ca69c01cf1ced2033a6938d0cba0eee2467ddb4f3482f2e10aa1b84e2a0e,06f716f707770d372a9629ca09d91464025182530573002306686e0e00010105
data/raw/ooc/OOC_image_dataset/train/good/cell_type_HPMEC/0-1_days/220626_8.png,220626_8,220626,train,good,HPMEC,0-1_days,1,HPMEC,0-1_days,True,True,True,2830888,2048,1536,RGB,823947b267f18907198c0cad5523d5887287a839f71d77bcd12d5049de6bed79,2456054609a60c990cab18ab0ceb1fcb27531f121eba9e2a8ebb45990109045b
data/raw/ooc/OOC_image_dataset/train/good/cell_type_HPMEC/0-1_days/220708_3.png,220708_3,220708,train,good,HPMEC,0-1_days,1,HPMEC,0-1_days,True,True,True,2643971,2048,1536,RGB,51842a18e070d9bf87916f4612400f896701c228e3e79961f1e3c41d7256bf76,303f01ff1ff9ff7be33f63318b39a8b988d6c97706f623dccc9c0c8c598a545f
data/raw/ooc/OOC_image_dataset/train/good/cell_type_HPMEC/0-1_days/220708_5.png,220708_5,220708,train,good,HPMEC,0-1_days,1,HPMEC,0-1_days,True,True,True,2643594,2048,1536,RGB,c4a2354c03f9ab68a26527738285a3ded40710e3218ca2a2e0a36c3eeeeb37f9,61fd0ffe7ff3f8fe90bd8dbf18f61cf60cab206b59aa53a8627aa67a0627c07f
data/raw/ooc/OOC_image_dataset/train/good/cell_type_HPMEC/0-1_days/220715_10.png,220715_10,220715,train,good,HPMEC,0-1_days,1,HPMEC,0-1_days,True,True,True,2715234,2048,1536,RGB,ec956a408dfdeeaf95500900508cd036c61a407b0a1438e576945344cb053d1b,00df031b015f81f700ff017e38f630e700fd887f1a5e801ca917a03f007f0060
data/raw/ooc/OOC_image_dataset/train/good/cell_type_HPMEC/0-1_days/220715_11.png,220715_11,220715,train,good,HPMEC,0-1_days,1,HPMEC,0-1_days,True,True,True,2741305,2048,1536,RGB,fac09049a889d27a336da47429a1068729137626f00c9dc78caa00f857b14c9a,2337222732332c173d1db99c3196784084f180c398459a6d1c591cfd01040001
data/raw/ooc/OOC_image_dataset/train/good/cell_type_HPMEC/0-1_days/220715_12.png,220715_12,220715,train,good,HPMEC,0-1_days,1,HPMEC,0-1_days,True,True,True,2541515,2048,1536,RGB,a219e78ca80ca0fd37a782d1dd0ee8e6da38ae534c1cdc35b11ad0691e0d7bdd,48294d1d449f255f280d10d600be015f81d7c1de83dfc99ff25d924008000007
data/raw/ooc/OOC_image_dataset/train/good/cell_type_HPMEC/0-1_days/220715_2.png,220715_2,220715,train,good,HPMEC,0-1_days,1,HPMEC,0-1_days,True,True,True,2681723,2048,1536,RGB,b71eafad6878b372611c30afe667372e12f9d2d3ace3fa3592b48920baa95343,1cff3fffe7f3c3f3c231c025e131e110c240886c213866998886c206d30c0818
data/raw/ooc/OOC_image_dataset/train/good/cell_type_HPMEC/0-1_days/220715_4.png,220715_4,220715,train,good,HPMEC,0-1_days,1,HPMEC,0-1_days,True,True,True,2490035,2048,1536,RGB,3052a5dbf58b2fdbcb2a4dd3c7614f14642b513f2151a2b066b58d855740e32f,0086041f03bf2bfc60ee006e027f021dc9948ce008038003803300b100010103
data/raw/ooc/OOC_image_dataset/train/good/cell_type_HPMEC/0-1_days/220715_5.png,220715_5,220715,train,good,HPMEC,0-1_days,1,HPMEC,0-1_days,True,True,True,2597903,2048,1536,RGB,3e400c524a43b841bd0db2c8a57f14f197eae66fec9b23362f1e3c330bd213df,1fffff9f431fe3dfcbfff299921c9a6c1048030000040004000001000003002f
data/raw/ooc/OOC_image_dataset/train/good/cell_type_HPMEC/0-1_days/220715_6.png,220715_6,220715,train,good,HPMEC,0-1_days,1,HPMEC,0-1_days,True,True,True,2633377,2048,1536,RGB,55da87bb9f293f4bd957e64e9404678c9c341dbc419c6c304f59f07a4f4291d8,00bf1feffbcdc3cf0cfffcbfd81f883e0027808de0c2c0038009800602000000
data/raw/ooc/OOC_image_dataset/train/good/cell_type_HPMEC/0-1_days/221010_1.png,221010_1,221010,train,good,HPMEC,0-1_days,1,HPMEC,0-1_days,True,True,True,2696269,2048,1536,RGB,e5a35018e6aa5273e8fcb8a4b90f097cf110949ee9b8ac451902fa28ac4a9b13,00062016a006a00690069006990ed886c886c806cc06e5868407c487c707a687
data/raw/ooc/OOC_image_dataset/train/good/cell_type_HPMEC/0-1_days/221010_10.png,221010_10,221010,train,good,HPMEC,0-1_days,1,HPMEC,0-1_days,True,True,True,2467736,2048,1536,RGB,0727f32efaf9dd0f3aad05324856ec5ae90dd763fc7f867b8e8ba9f8ac06f63c,f060f070b030b870b8f0b8f0b9f0b8f0b8e8bbe0bcf8baf8faf8f3f8fbf8f9b8
data/raw/ooc/OOC_image_dataset/train/good/cell_type_HPMEC/0-1_days/221010_11.png,221010_11,221010,train,good,HPMEC,0-1_days,1,HPMEC,0-1_days,True,True,True,2397679,2048,1536,RGB,2bc6198e32e8d64941250f719889966254b1613768d805cd7c6f48e1a85a1b16,e8c7e463e4e3e2e3a2e3a3e2a3e2abe2a9e1a9f8b9f0f1e0f8e07ce276e26262
data/raw/ooc/OOC_image_dataset/train/good/cell_type_HPMEC/0-1_days/221010_13.png,221010_13,221010,train,good,HPMEC,0-1_days,1,HPMEC,0-1_days,True,True,True,2657694,2048,1536,RGB,4183b5dd0ce9de45ec633c519a689c053c391dc9ef810246eeb1966e65a40efe,042c882c480c480c4c0c2c0ca40ce81c781c700c7c0c740c200c781458167016
data/raw/ooc/OOC_image_dataset/train/good/cell_type_HPMEC/0-1_days/221010_14.png,221010_14,221010,train,good,HPMEC,0-1_days,1,HPMEC,0-1_days,True,True,True,2677354,2048,1536,RGB,a975a91ac4e36eb8f6b171f55e243b83e70e22f9d3f929902cdb24e20c6e876c,00240024002408642424242417241e041a24066405a44524232416049e069c26
data/raw/ooc/OOC_image_dataset/train/good/cell_type_HPMEC/0-1_days/221010_15.png,221010_15,221010,train,good,HPMEC,0-1_days,1,HPMEC,0-1_days,True,True,True,2722649,2048,1536,RGB,e23af0bb297b84c1eb6d6c4aba6d35cb9c704661d720aa5fe648efd20a6434a9,201620160016401628163816b806b406b60694064216601630162606a2168206
data/raw/ooc/OOC_image_dataset/train/good/cell_type_HPMEC/0-1_days/221010_29.png,221010_29,221010,train,good,HPMEC,0-1_days,1,HPMEC,0-1_days,True,True,True,2587766,2048,1536,RGB,d13afd11cddc5d1f13421ffdec528d481212c2b08cb57f99a1fd42221cb56867,f205e005e405e045f045f485f0c5f084f0c0f0c0f140f0c0f080f800fcd0f060
data/raw/ooc/OOC_image_dataset/train/good/cell_type_HPMEC/0-1_days/221010_3.png,221010_3,221010,train,good,HPMEC,0-1_days,1,HPMEC,0-1_days,True,True,True,2548826,2048,1536,RGB,74e4922dbd24d7f2eaaca40382aecfb85f98db0e5b7091e5113998e0bf88964f,e062e062e0c2e8c3e9c3e8e1e9e1e9e1e9e1e9e1e1e9e0e1f0e1f2e1f0e1e2e1
data/raw/ooc/OOC_image_dataset/train/good/cell_type_HPMEC/0-1_days/221010_4.png,221010_4,221010,train,good,HPMEC,0-1_days,1,HPMEC,0-1_days,True,True,True,2721618,2048,1536,RGB,d3460d1f1b3be018db777954eba778b5408f3a342f574faea07044f8a3087f98,6080622270e270c26402748274c2f502f282f082f080fcd0f8d0f8c0f8e0b860
data/raw/ooc/OOC_image_dataset/train/good/cell_type_HPMEC/0-1_days/221010_41.png,221010_41,221010,train,good,HPMEC,0-1_days,1,HPMEC,0-1_days,True,True,True,2466307,2048,1536,RGB,9b6a8eb7efce6979398fd08c52767fd8d3199c5428283c58c0dd5af1c5cfe678,800b800b809bc00b900b900bd00bc20bc00bc00bc40bcc0b8c0bd40bde0bcc8b
data/raw/ooc/OOC_image_dataset/train/good/cell_type_HPMEC/0-1_days/221010_44.png,221010_44,221010,train,good,HPMEC,0-1_days,1,HPMEC,0-1_days,True,True,True,2478525,2048,1536,RGB,e13b699e7090be9e9a1d4f14551e3c04edcffd29b323991b1fcaf75e0d72bfa9,d00b980bc80bc80bd00bc60bde0bf20bca0bd803e00be60bd803d80bd20be40b
data/raw/ooc/OOC_image_dataset/train/good/cell_type_HPMEC/0-1_days/221010_45.png,221010_45,221010,train,good,HPMEC,0-1_days,1,HPMEC,0-1_days,True,True,True,2455055,2048,1536,RGB,25a9e1805cc8acee592faf89097e84fc33cbe04b1a4848a39d9d6d0392f73857,9007d007d00fd807b80bd80bd10b930bd00bda8bfc0be40bfc0bd80bd00bd00b
data/raw/ooc/OOC_image_dataset/train/good/cell_type_HPMEC/0-1_days/221010_58.png,221010_58,221010,train,good,HPMEC,0-1_days,1,HPMEC,0-1_days,True,True,True,2546802,2048,1536,RGB,1c363272e00b744fd1021ce1f76c104361b383458b1a51becf0c4ff304d5a08a,c043c063c063c063c0e3e8e3f161e161eb61f361e1e1e2e1f8e1e8e1e6f1e0e1
data/raw/ooc/OOC_image_dataset/train/good/cell_type_HPMEC/0-1_days/221010_6.png,221010_6,221010,train,good,HPMEC,0-1_days,1,HPMEC,0-1_days,True,True,True,2599441,2048,1536,RGB,1a9d34445bd7f0854ca4ad184059646a51632dd82b67b708200bd0b5a32db7a0,b041b041b0e1b0e1b0e1b0e1b161b8e1b9e1b9e0b9f1b1f1b4f1b4f1f2e1b4f1
data/raw/ooc/OOC_image_dataset/train/good/cell_type_HPMEC/0-1_days/221010_60.png,221010_60,221010,train,good,HPMEC,0-1_days,1,HPMEC,0-1_days,True,True,True,2657194,2048,1536,RGB,53e0ddfa58702dc07fa36a43ef35e4c1193d10b0d1ac23d1b5347da575f7f2b5,001890181018a00ca00da00c900d910c880c800cc10cc00cd00cf00ce00cc40c
data/raw/ooc/OOC_image_dataset/train/good/cell_type_HPMEC/0-1_days/221010_61.png,221010_61,221010,train,good,HPMEC,0-1_days,1,HPMEC,0-1_days,True,True,True,2738082,2048,1536,RGB,ab6cff54afe30d0b9f210e20a8047472d48a65522ad01302837afe957e9816a4,801dc01d801c801c501d180d500cd40c880c880c880c910d900d880d800dc40d
data/raw/ooc/OOC_image_dataset/train/good/cell_type_HPMEC/0-1_days/221010_62.png,221010_62,221010,train,good,HPMEC,0-1_days,1,HPMEC,0-1_days,True,True,True,2718072,2048,1536,RGB,1d667f81e1eb528c32dbcc0110215526af23f5a8afe6292b7cf7d6a6bd620d6d,c01cc01ca01cc41ca01c801cc01cc20c890c810c900cb20cf00dc00cc10cd10d
data/raw/ooc/OOC_image_dataset/train/good/cell_type_HPMEC/0-1_days/221010_63.png,221010_63,221010,train,good,HPMEC,0-1_days,1,HPMEC,0-1_days,True,True,True,2712085,2048,1536,RGB,064bb81c735721a761401c5f0c136be9f0b2796df663a998efc3566a7d58ebd9,e00ee00ed006e006d006d006f006e086c486c886c806d906f906e106e086e086
data/raw/ooc/OOC_image_dataset/train/good/cell_type_HPMEC/0-1_days/221010_64.png,221010_64,221010,train,good,HPMEC,0-1_days,1,HPMEC,0-1_days,True,True,True,2569822,2048,1536,RGB,c996c3ba079f015ba88e9874e427462b135fd6baa8f2c1b41bf1bf786cc759f0,e047f003f043f043f403f043fb83f0c3f183f3c3f1c3f943f8c3f943f343f343
data/raw/ooc/OOC_image_dataset/train/good/cell_type_HPMEC/0-1_days/221010_65.png,221010_65,221010,train,good,HPMEC,0-1_days,1,HPMEC,0-1_days,True,True,True,2748738,2048,1536,RGB,95f64c740d54fa01e1b0bac0133b6b0ae4a3395fbfa79d9a75ba32987cd5d0b5,0019801bc019c2188018a0188818801c821ccc1c881cc81dc00dc00d900dd80c
data/raw/ooc/OOC_image_dataset/train/good/cell_type_HPMEC/0-1_days/221010_66.png,221010_66,221010,train,good,HPMEC,0-1_days,1,HPMEC,0-1_days,True,True,True,2610216,2048,1536,RGB,53669ae3ec152e7d79889c4821ec97b03b61155569784c62800e6a5a23cd61d4,e003e0c3f083f043f243f843f8c3f9c3f343f3e3f063f001f1c1f0e1f861f861
data/raw/ooc/OOC_image_dataset/train/good/cell_type_HPMEC/0-1_days/221010_7.png,221010_7,221010,train,good,HPMEC,0-1_days,1,HPMEC,0-1_days,True,True,True,2719903,2048,1536,RGB,6a6e7b4b77e6de8e59494f9e972454a1ec68813f744e1aef22b0a39e6906352b,8007800e800e800e8006a20b80038103808bc08b8103800b900b90038103c103
data/raw/ooc/OOC_image_dataset/train/good/cell_type_HPMEC/0-1_days/221010_76.png,221010_76,221010,train,good,HPMEC,0-1_days,1,HPMEC,0-1_days,True,True,True,2472927,2048,1536,RGB,a116d6851c52fbe28d4e814342e27deea6ed4970af0c7b5a32fc84d234d75d43,0407000780878087a007c107c887c287c203c003c203c403d4039c839e039603
data/raw/ooc/OOC_image_dataset/train/good/cell_type_HPMEC/0-1_days/221010_78.png,221010_78,221010,train,good,HPMEC,0-1_days,1,HPMEC,0-1_days,True,True,True,2422327,2048,1536,RGB,f225de747a0481efe078c44c07ececf8bc85f52fc123602989f118fac3bfbb2b,808ec08e808ec086c086c906b0868206c086c406c406c10692069706be069006
data/raw/ooc/OOC_image_dataset/train/good/cell_type_HPMEC/0-1_days/221214_18.png,221214_18,221214,train,good,HPMEC,0-1_days,1,HPMEC,0-1_days,True,True,True,2812787,2048,1536,RGB,18251753a0f1d043c59d20062b1bdc2bf79e067dd868f3f1aab476145c5a856e,00df89dec2de41ce44cc504e40ced2cd92cf3acbb8cdf0cd19ce2d4f2c4e0cee
data/raw/ooc/OOC_image_dataset/train/good/cell_type_HPMEC/0-1_days/221214_19.png,221214_19,221214,train,good,HPMEC,0-1_days,1,HPMEC,0-1_days,True,True,True,2774480,2048,1536,RGB,96245e7cf92267fb447b00ef18e34b8953b83a015bc1bfb0acb0483b2384e22d,05cc15ce128cabcec94eccccea4ed3ceeb8eeace694e73ceb6ce26ce29ee32ce
data/raw/ooc/OOC_image_dataset/train/good/cell_type_HPMEC/0-1_days/221214_20.png,221214_20,221214,train,good,HPMEC,0-1_days,1,HPMEC,0-1_days,True,True,True,2761697,2048,1536,RGB,6e27096b06d257f5f2eb4b055a0d3ddfbb4809f05b225ecee4f825960bae0777,11dc42db6bcd8d4da24a3549b48a714c71cd64cd694efc6efe6e666eb06fac6e
data/raw/ooc/OOC_image_dataset/train/good/cell_type_HPMEC/0-1_days/221214_22.png,221214_22,221214,train,good,HPMEC,0-1_days,1,HPMEC,0-1_days,True,True,True,2706062,2048,1536,RGB,4c1a310484ce321ae8ca61b09d66beea3d68eeced17d6aae54fb8f403d3161ea,26f3029366d332d332637be3373333b32f33beb3b6992599273924f9219931d9
data/raw/ooc/OOC_image_dataset/train/good/cell_type_HPMEC/0-1_days/221214_24.png,221214_24,221214,train,good,HPMEC,0-1_days,1,HPMEC,0-1_days,True,True,True,2405236,2048,1536,RGB,c77013d0d1121b1847e0ed00f638e1f328bf93cffeb7315e56babb76dbd64218,7dc77de77be67da66fa765a335f326f326f338d338d339539dc3b653a313d213
data/raw/ooc/OOC_image_dataset/train/good/cell_type_HPMEC/0-1_days/221214_25.png,221214_25,221214,train,good,HPMEC,0-1_days,1,HPMEC,0-1_days,True,True,True,2367918,2048,1536,RGB,0279ff84ca4d0c0c2aa1c75294a19fa97b3b8745feafe0d7b186880fa3d352fc,fbceebce5dc65fc65de679a673a66be66ce65e2625a71ca75b276a476a272927
data/raw/ooc/OOC_image_dataset/train/good/cell_type_HPMEC/0-1_days/221214_27.png,221214_27,221214,train,good,HPMEC,0-1_days,1,HPMEC,0-1_days,True,True,True,2310947,2048,1536,RGB,e07391ece9384fc93bbeedc80dd4724d13b8eeb27e09e43bd0c0222bec5bb1e7,9bce3dccb5ccbaccb9ce3ecd6ecf5ace6ece35ceb1cfb1e4d1e4d9e488648ae5
data/raw/ooc/OOC_image_dataset/train/good/cell_type_HPMEC/0-1_days/221214_28.png,221214_28,221214,train,good,HPMEC,0-1_days,1,HPMEC,0-1_days,True,True,True,2282014,2048,1536,RGB,d5dabbf1b966c2d96c66bd435647ade64a745ea2372333e408d6cbb3ccaa40e4,b70b1d9f36dbb6cf9e7796b7b7ad37e9e6fe16fc2e759a79363a2600000f07fe
data/raw/ooc/OOC_image_dataset/train/good/cell_type_HPMEC/0-1_days/221214_29.png,221214_29,221214,train,good,HPMEC,0-1_days,1,HPMEC,0-1_days,True,True,True,2325624,2048,1536,RGB,7859e69aa4594f1b3b82637eff4511556b7707bb79e5ae74b4ffa19609b92910,8d69c549e44dc5097649d89938736d0bbb467acd76ddcbab5900401f07fdffe7
data/raw/ooc/OOC_image_dataset/train/good/cell_type_HPMEC/0-1_days/221214_31.png,221214_31,221214,train,good,HPMEC,0-1_days,1,HPMEC,0-1_days,True,True,True,2298241,2048,1536,RGB,2f1c35e42ae7bf611f5ef87698090a41ffcd12d2dd0c06380103fbece6dc623c,bbf7d3669332989301f81f31e513296b29f100ce90ed36e9546d346fec2d772f
data/raw/ooc/OOC_image_dataset/train/good/cell_type_HPMEC/0-1_days/221214_32.png,221214_32,221214,train,good,HPMEC,0-1_days,1,HPMEC,0-1_days,True,True,True,2345880,2048,1536,RGB,bece628b71d7ad49998b6253f6fd3443f0668fce7080313d8189b896913f81d6,a00e16f7767a4a3a5e7ad346c2dc63998e9ee48eeb194b69da165a5062000003
data/raw/ooc/OOC_image_dataset/train/good/cell_type_HPMEC/0-1_days/221214_33.png,221214_33,221214,train,good,HPMEC,0-1_days,1,HPMEC,0-1_days,True,True,True,2346164,2048,1536,RGB,6670abe19ece3c3bad0a45c901eeb45eca422abeaec30862de15b9cffb1f3461,cc4980ff8f9ad28914bd10b8006748768a74883e9a3776163b173b5b1f988500
data/raw/ooc/OOC_image_dataset/train/good/cell_type_HPMEC/0-1_days/221214_34.png,221214_34,221214,train,good,HPMEC,0-1_days,1,HPMEC,0-1_days,True,True,True,2377674,2048,1536,RGB,4d9de77cdbfe4a32c8bc4c68e92652619bd23b00c2e83099d7c3d0b2e985e428,ef4f7ae872adfc2d9cacdcb4dec5db19f397d4b097e9d7cc46dbdd372d922000
data/raw/ooc/OOC_image_dataset/train/good/cell_type_HPMEC/0-1_days/221214_35.png,221214_35,221214,train,good,HPMEC,0-1_days,1,HPMEC,0-1_days,True,True,True,2199891,2048,1536,RGB,63c5dce5c97430b2801e094ff581d2d5a0185b4713ff9ea5318eb0975465f147,d378516c1cec3ccd7c9f7e9acf778dc54f878fb2cfec4bbc0dfe4de60dea1f60
data/raw/ooc/OOC_image_dataset/train/good/cell_type_HPMEC/0-1_days/230109_10.png,230109_10,230109,train,good,HPMEC,0-1_days,1,HPMEC,0-1_days,True,True,True,2561448,2048,1536,RGB,52ee8910546742d42c899a9990c4127e6c63ff16f1df2bc711b77919e48f4239,ff81fd81fec1fec1fbc1fd01ff81ff81f181f981f901fd00fd80f800f900f900
data/raw/ooc/OOC_image_dataset/train/good/cell_type_HPMEC/0-1_days/230109_13.png,230109_13,230109,train,good,HPMEC,0-1_days,1,HPMEC,0-1_days,True,True,True,2382240,2048,1536,RGB,aac1e002b315575ad412f08513e2ec2eb48ea65644a734eab36602f8551be42a,fe80ff80fec0fea0ff30ffa1fec0fb61fb317fb17ca17ce17f017b007f417c40
data/raw/ooc/OOC_image_dataset/train/good/cell_type_HPMEC/0-1_days/230109_14.png,230109_14,230109,train,good,HPMEC,0-1_days,1,HPMEC,0-1_days,True,True,True,2381045,2048,1536,RGB,7476a514f2f3784e5c7d1631b08b520f15c7c83b8ac5be15f0f324aaa5660f6c,ff41ff41ff00ff00fbc0fbc0ff00f680f640f620fb00fe00fa00fc00fc00fa00
data/raw/ooc/OOC_image_dataset/train/good/cell_type_HPMEC/0-1_days/230109_15.png,230109_15,230109,train,good,HPMEC,0-1_days,1,HPMEC,0-1_days,True,True,True,2297285,2048,1536,RGB,3c79c2ffc044da26b426cb011915c0be3ba4412e7c76c3d213a071dafa6223e2,fa07fb03f701ff41f5a1f7a1ee41ea80eb80fac0ff80fa80f940fc42fdc2fd82
data/raw/ooc/OOC_image_dataset/train/good/cell_type_HPMEC/0-1_days/230109_16.png,230109_16,230109,train,good,HPMEC,0-1_days,1,HPMEC,0-1_days,True,True,True,2330191,2048,1536,RGB,967011d42fb1eb2b505230b8c1284b6aeec823d65d1f96b2d80ef05948afcb3a,fb89ff09ff09ff09ff09ff01fd01fd41fb00ff80ff00ff84fd84ff84ff04ff04
data/raw/ooc/OOC_image_dataset/train/good/cell_type_HPMEC/0-1_days/230109_17.png,230109_17,230109,train,good,HPMEC,0-1_days,1,HPMEC,0-1_days,True,True,True,2300208,2048,1536,RGB,612c0366fc24a910b9989b4f6f263b2a10159dea4f08b02ebb1c31a3c948273a,fe03fb07f303fe81fb41fb01fa41e881eb01fb81fd80fb80fa80fa40fdc0f900
data/raw/ooc/OOC_image_dataset/train/good/cell_type_HPMEC/0-1_days/230109_18.png,230109_18,230109,train,good,HPMEC,0-1_days,1,HPMEC,0-1_days,True,True,True,2297286,2048,1536,RGB,01eaee532cea1fda090f78ed16bbefde3ecc9cdf31aa384a24b9964da96983c4,fd817e407ec07fe07fe07e807e407ca07f003fc03ea03ee03f803e403f403ec0
data/raw/ooc/OOC_image_dataset/train/good/cell_type_HPMEC/0-1_days/230109_19.png,230109_19,230109,train,good,HPMEC,0-1_days,1,HPMEC,0-1_days,True,True,True,2421732,2048,1536,RGB,fcc32f50e4d7db8e89eda54a3dbee14813a05217abe43c0f6d5cac8fcb039d0e,fe01ffc1ffc1fb81fb81fb81fb81fb81fb01fb00fa807a007f807e807e807e00
data/raw/ooc/OOC_image_dataset/train/good/cell_type_HPMEC/0-1_days/230109_22.png,230109_22,230109,train,good,HPMEC,0-1_days,1,HPMEC,0-1_days,True,True,True,2315731,2048,1536,RGB,7f713d145d8e2969044de2e0cf43d9b6c5dff01ec6e46ebd679c6db4f46abd25,fe89fe89ff01ff01ff00fd40f784f704f984fc84fe84ff04fe00fa02fe02ff12
data/raw/ooc/OOC_image_dataset/train/good/cell_type_HPMEC/0-1_days/230109_23.png,230109_23,230109,train,good,HPMEC,0-1_days,1,HPMEC,0-1_days,True,True,True,2372693,2048,1536,RGB,ddfad276b119fa51c599948fd7a9a319a335ec702016ce638cb883914d94582f,fe07fe07fe07f707ff07fc13f813fd13f913f913fb13fc13e803ec03e881f509
data/raw/ooc/OOC_image_dataset/train/good/cell_type_HPMEC/0-1_days/230109_24.png,230109_24,230109,train,good,HPMEC,0-1_days,1,HPMEC,0-1_days,True,True,True,2283414,2048,1536,RGB,13a63359be4657c54555004ae7812fed7dd7ea4da302dcc7de58ad3a6a7c91ae,fe01ff01f781ff61fac1fd80fbc0ff80fbc0fbc0fe40fdc0f980fb42ff027f02
data/raw/ooc/OOC_image_dataset/train/good/cell_type_HPMEC/0-1_days/230109_3.png,230109_3,230109,train,good,HPMEC,0-1_days,1,HPMEC,0-1_days,True,True,True,2606681,2048,1536,RGB,c13bba28419e5cc2eb05d920552055dc914697e1d749eba0dff3d1b94d4edcd5,fe13fe13fb13ef93f793fc13f903f213e293fe03fe01fc01fc81fc89fc89e889
data/raw/ooc/OOC_image_dataset/train/good/cell_type_HPMEC/0-1_days/230109_4.png,230109_4,230109,train,good,HPMEC,0-1_days,1,HPMEC,0-1_days,True,True,True,2539329,2048,1536,RGB,ca6ed56470710d057aef88e3ff9297769095dacaf493f5b3a57d4ab5398fadec,fcc8fdc8ff88ffc8f5c8f988f988fdc0fdc0f300fb00f784fa84f484fa24fd64
data/raw/ooc/OOC_image_dataset/train/good/cell_type_HPMEC/0-1_days/230109_5.png,230109_5,230109,train,good,HPMEC,0-1_days,1,HPMEC,0-1_days,True,True,True,2554469,2048,1536,RGB,2b46897c179e40bb62e7aa9791155765d45af3940458d692e02b1de447c28630,fec2ffc2ff82ffc2ffc27fd07fc07fc07f907f917f917f117fc17f813f813e89
data/raw/ooc/OOC_image_dataset/train/good/cell_type_HPMEC/0-1_days/230109_60.png,230109_60,230109,train,good,HPMEC,0-1_days,1,HPMEC,0-1_days,True,True,True,2502590,2048,1536,RGB,1429d4dc2bac111fab8e317c7ef2b3cb32bd494e3a0a7f54ae099d12859386cb,ff06ff07ef07fb07f307fe07f903fc03fb03fb03fa03ff03ff01ff01fe01fe01
data/raw/ooc/OOC_image_dataset/train/good/cell_type_HPMEC/0-1_days/230109_61.png,230109_61,230109,train,good,HPMEC,0-1_days,1,HPMEC,0-1_days,True,True,True,2472889,2048,1536,RGB,ad248da48a421df21f669ead0a9ab24c8ce2164f8db226cb1adf5b4a953da673,d07ad039d03ce07ae03cf07ce87cc07ce03ce03ce02dc02ce02de02df82cd02e
data/raw/ooc/OOC_image_dataset/train/good/cell_type_HPMEC/0-1_days/230109_62.png,230109_62,230109,train,good,HPMEC,0-1_days,1,HPMEC,0-1_days,True,True,True,2465101,2048,1536,RGB,31ea1a101fd134e413e36f9992833fcebe90c21745b487e218aa1ff580f17630,d83a9c3de41ce81ce01ce01ce01d901c801ce01cd01ec01ec01ef40ee00ef80e
data/raw/ooc/OOC_image_dataset/train/good/cell_type_HPMEC/0-1_days/230109_63.png,230109_63,230109,train,good,HPMEC,0-1_days,1,HPMEC,0-1_days,True,True,True,2512987,2048,1536,RGB,f96b86ee2b50661097205a267139c8d958a4aac98de600f2cdfbe5093a7990db,d60ef60ef606fe06f606d806e806d507e507ca07e007f407e403f003f903f103
data/raw/ooc/OOC_image_dataset/train/good/cell_type_HPMEC/0-1_days/230109_64.png,230109_64,230109,train,good,HPMEC,0-1_days,1,HPMEC,0-1_days,True,True,True,2504392,2048,1536,RGB,658b1b9c2a94123ada65d9db104868c255b3cdf80ae40f87feae2031f4852d21,d40ef60efe0ef60ee60ef40eda06d006d806e807c406c407ce07e007f407e407
data/raw/ooc/OOC_image_dataset/train/good/cell_type_HPMEC/0-1_days/230109_65.png,230109_65,230109,train,good,HPMEC,0-1_days,1,HPMEC,0-1_days,True,True,True,2537515,2048,1536,RGB,6a2c289a68704706580373d06af127a69d3d52b4c5cacd0bfbdd442d596e8403,ff03fd83fe83ed03ff83fb83fb83fb01fb01e281f681f401f001f281f801f401
data/raw/ooc/OOC_image_dataset/train/good/cell_type_HPMEC/0-1_days/230109_66.png,230109_66,230109,train,good,HPMEC,0-1_days,1,HPMEC,0-1_days,True,True,True,2522887,2048,1536,RGB,b7a16b9a1d8a868ecbf6cb5b5f7743979938620235bae7d98f902cd47aa95512,fd03ff83ff83fd83f983fd03f701fb01f701fa01f501f301f281fe01f401fb01
data/raw/ooc/OOC_image_dataset/train/good/cell_type_HPMEC/0-1_days/230109_68.png,230109_68,230109,train,good,HPMEC,0-1_days,1,HPMEC,0-1_days,True,True,True,2581632,2048,1536,RGB,2102118ce069a12dce857565ed1c194d658ca97bf3a7eb6a2edfe6f667795bd6,ff81ff81ff81ffc1ff80ff00ff807d807f007f007f007f007fc03f803e003f00
data/raw/ooc/OOC_image_dataset/train/good/cell_type_HPMEC/0-1_days/230109_69.png,230109_69,230109,train,good,HPMEC,0-1_days,1,HPMEC,0-1_days,True,True,True,2557610,2048,1536,RGB,52d96e6863dbd6d9e4c7de19122f22e370837f9665b14f0e7a4d7ad2e0c63cca,ff03ff03ff83ff83fb83fa81f641f941f901fd01fc01fb01f901fa00fe00fc80
data/raw/ooc/OOC_image_dataset/train/good/cell_type_HPMEC/0-1_days/230109_70.png,230109_70,230109,train,good,HPMEC,0-1_days,1,HPMEC,0-1_days,True,True,True,2530009,2048,1536,RGB,084051303484a0eab79e91a6c91114f2199be2b5c83cc0ec7d6e9a23158ec18e,fc07fe07ff07fc07ff07fe07fe03fa03fa03fc03fd03fe03fa03fe01fa01f801
data/raw/ooc/OOC_image_dataset/train/good/cell_type_HPMEC/0-1_days/230109_71.png,230109_71,230109,train,good,HPMEC,0-1_days,1,HPMEC,0-1_days,True,True,True,2568287,2048,1536,RGB,13d87af1cdbb7845be86e50a747c209959d2815a3c7894449c99bc36245ac235,bc1cf81cba1cfc1cf41cf80cf00ce80ec80ed00ef00ef00ee40ef406e806e407
data/raw/ooc/OOC_image_dataset/train/good/cell_type_HPMEC/0-1_days/230109_73.png,230109_73,230109,train,good,HPMEC,0-1_days,1,HPMEC,0-1_days,True,True,True,2532338,2048,1536,RGB,3a88029f23b07fb69d4fff8da274b5c07ca2ad961d32913b47237aeb8f4a6e4a,de0ece0eae0fcf0fe606f206f207da07f307f407e407ea07610366036503f303
data/raw/ooc/OOC_image_dataset/train/good/cell_type_HPMEC/0-1_days/230109_74.png,230109_74,230109,train,good,HPMEC,0-1_days,1,HPMEC,0-1_days,True,True,True,2517051,2048,1536,RGB,9f4783ef8cff573229a7383c752cdc56edb27ea6ec11cc39536a33adc39c7548,f419981d9a1ddc1fec1cac1cbc0cdc0c8c0f840ec00ed60ed206da06d206f006
data/raw/ooc/OOC_image_dataset/train/good/cell_type_HPMEC/0-1_days/230109_75.png,230109_75,230109,train,good,HPMEC,0-1_days,1,HPMEC,0-1_days,True,True,True,2583638,2048,1536,RGB,ee7eb0297741c0984f9993f4f4daf2ba3740540af13bfa957137b754602e6f05,ac0ff60efe0efe0ef706f606fa07ea07ec07f007e003f203e603fe0378037801
data/raw/ooc/OOC_image_dataset/train/good/cell_type_HPMEC/0-1_days/230109_76.png,230109_76,230109,train,good,HPMEC,0-1_days,1,HPMEC,0-1_days,True,True,True,2410590,2048,1536,RGB,f9c9e3d1c635d9d01fb84e0043db5edefe8c2a43a5e6261fe71f3323d87a187a,c47ec07ac078903ae038f038d039d03cc03de83df01cf01ef01ce01ef01fe01e
data/raw/ooc/OOC_image_dataset/train/good/cell_type_HPMEC/0-1_days/230109_78.png,230109_78,230109,train,good,HPMEC,0-1_days,1,HPMEC,0-1_days,True,True,True,2383737,2048,1536,RGB,b348d2a64dfb3790b1abec3bc57b2932264ad952f58ba4485da9edd9f1cb1c1b,f43cb838d038d03ce038e03cd81cd01cd81df01df01df41df41fe01ff81ef00e
data/raw/ooc/OOC_image_dataset/train/good/cell_type_HPMEC/0-1_days/230109_79.png,230109_79,230109,train,good,HPMEC,0-1_days,1,HPMEC,0-1_days,True,True,True,2393949,2048,1536,RGB,b64e5bdf8809b07eeafd027b22f59c6c26bedfab0a9ffa37dc9abe1a7b9aca3e,fc1cdc1cf61ce41cec1ce81cf01ce41cec0ce00ce00ee40ee40ee40ee00ef00f
data/raw/ooc/OOC_image_dataset/train/good/cell_type_HPMEC/0-1_days/230109_8.png,230109_8,230109,train,good,HPMEC,0-1_days,1,HPMEC,0-1_days,True,True,True,2546655,2048,1536,RGB,9e87c84c67da5232f6754630608747f01fdc05900cdd38d298535cdf31e1623f,ff41fdc1ff41ffc1f7a1ff01ff00fd00fd80f9c0ff80f700f600f700f300fb40
data/raw/ooc/OOC_image_dataset/train/good/cell_type_HPMEC/0-1_days/230109_80.png,230109_80,230109,train,good,HPMEC,0-1_days,1,HPMEC,0-1_days,True,True,True,2389856,2048,1536,RGB,938685b13306c6c8ef61a96e6bc45a6ae808e48b62ba34a0ad56375c2029afd9,fe07ff07fe07fe07fc87fa07fe07ff03fc03fc03e403f803f803f803f203f603
data/raw/ooc/OOC_image_dataset/train/good/cell_type_HPMEC/0-1_days/230109_84.png,230109_84,230109,train,good,HPMEC,0-1_days,1,HPMEC,0-1_days,True,True,True,2404458,2048,1536,RGB,edcf8a3589472b561727a8e0fc6a999c2f8d04a690d04bfa68bbd2d77cc4ef9f,fc1ffc1efc1efc1efc1ef41ef41ef81ef81ff81ff41ffa1ff01bf40bf80b780b
data/raw/ooc/OOC_image_dataset/train/good/cell_type_HPMEC/0-1_days/230109_85.png,230109_85,230109,train,good,HPMEC,0-1_days,1,HPMEC,0-1_days,True,True,True,2350960,2048,1536,RGB,abacc64281266e6fd7386e31f34c9e024dc851c47aced175cb9dd37e7f8c90ac,fe07fe07ff07be83bf83be03bf03fb03fa83f803f803fa03f903d903de03de03
data/raw/ooc/OOC_image_dataset/train/good/cell_type_HPMEC/0-1_days/230109_86.png,230109_86,230109,train,good,HPMEC,0-1_days,1,HPMEC,0-1_days,True,True,True,2350422,2048,1536,RGB,713c4bfdab54c8bccfcba0eb8ef8e333fab2fcd85c2b2d08339c4982d29a2dd3,bf07be87bf07bf83ff03fb03ff03ff03fb03fe83fe83ff03df83dc83de835f03
data/raw/ooc/OOC_image_dataset/train/good/cell_type_HPMEC/0-1_days/230109_87.png,230109_87,230109,train,good,HPMEC,0-1_days,1,HPMEC,0-1_days,True,True,True,2388323,2048,1536,RGB,3f92b376fdaad9d11774e8cc25d67e52615815578d87a78458cbe52af22d4b89,f83ffc3efc2efc3ef83ef81ef81ee416e016f816f416e41ff21ff81ff81ff81f
data/raw/ooc/OOC_image_dataset/train/good/cell_type_HPMEC/0-1_days/230109_88.png,230109_88,230109,train,good,HPMEC,0-1_days,1,HPMEC,0-1_days,True,True,True,2399079,2048,1536,RGB,93a9139f2e07ef0ff78d2fa7f5eff30a999001b184ef286f01a8b068b51f2b4b,f21efa1cf21cb61ccc1ce40ce80ee80ef80ef80ef40eec0ef00ec40ef40ff20f
data/raw/ooc/OOC_image_dataset/train/good/cell_type_HPMEC/0-1_days/230109_89.png,230109_89,230109,train,good,HPMEC,0-1_days,1,HPMEC,0-1_days,True,True,True,2367697,2048,1536,RGB,42b884d442afd5edf1c91ef0e8f43e38a17c507a0364487c42e0f897c9c8a416,fa0efa0efe0eff0ef90ef40ef00ef40ef20ee007f407e007f007f007f907f107
data/raw/ooc/OOC_image_dataset/train/good/cell_type_HPMEC/0-1_days/230109_90.png,230109_90,230109,train,good,HPMEC,0-1_days,1,HPMEC,0-1_days,True,True,True,2388427,2048,1536,RGB,b2e374d55f71e5d4a05ea69cad2adb39be4cf7be99db32b543453f5faaaa38f1,e61cda1cce0ef60ef20ff80ee80efc0ef40ef80ef80ff88fec07f807e407f407
data/raw/ooc/OOC_image_dataset/train/good/cell_type_HPMEC/0-1_days/230109_91.png,230109_91,230109,train,good,HPMEC,0-1_days,1,HPMEC,0-1_days,True,True,True,2405209,2048,1536,RGB,c43c0f2a4db853b36605eb0c9a0457bf1ebd22849383dfdf34549c724247ce7a,e20efc0efd0efc0efc0efc0ffc07fe07ce07fb07fb07f207e607f407f407ee07
data/raw/ooc/OOC_image_dataset/train/good/cell_type_HPMEC/0-1_days/230109_92.png,230109_92,230109,train,good,HPMEC,0-1_days,1,HPMEC,0-1_days,True,True,True,2407768,2048,1536,RGB,db498920fa69c2f56d2cece35e0c46198efbdc373f066290fc439b6cc6ce9f8c,ff81ff81ff01ff41ff41fe41ff817f817f807f007d007e007e007e807e807f80
data/raw/ooc/OOC_image_dataset/train/good/cell_type_HPMEC/0-1_days/230119_1.png,230119_1,230119,train,good,HPMEC,0-1_days,1,HPMEC,0-1_days,True,True,True,2558877,2048,1536,RGB,0d9b38510e8f8f75b70c80b268547f63160dc7013122975f765ecd8817dfaaac,fd81fe81fb81fb01fb81f9c0f880f8c0fdc0fe80fa20fe30fd80fb00fd807ee0
data/raw/ooc/OOC_image_dataset/train/good/cell_type_HPMEC/0-1_days/230119_10.png,230119_10,230119,train,good,HPMEC,0-1_days,1,HPMEC,0-1_days,True,True,True,2464140,2048,1536,RGB,030e12b556f89ce7d5323e2c99c3c995d19249b7e7589a927ef0c06ca6da0c9e,f903ff03fd03ff03ff03ff03ff03ff137f017f817f817d817d817f817e817e01
data/raw/ooc/OOC_image_dataset/train/good/cell_type_HPMEC/0-1_days/230119_11.png,230119_11,230119,train,good,HPMEC,0-1_days,1,HPMEC,0-1_days,True,True,True,2434756,2048,1536,RGB,c1cdd8e5bc54afe467ea4f28eac7c0fc430e5bd623e2124bf16cd7c4626d9cfe,fe47fc07fe07fe07fe07f807fa27ff23fc23fe03f903ff83fd83ff13ff937f01
data/raw/ooc/OOC_image_dataset/train/good/cell_type_HPMEC/0-1_days/230119_12.png,230119_12,230119,train,good,HPMEC,0-1_days,1,HPMEC,0-1_days,True,True,True,2449778,2048,1536,RGB,c4292d1644a403af2fbe3075b27fcec4727b4c41e94fadc82228253d0279ff89,f00ff607f807f207fa07fe07fe07fe07fa07fe07fd07fe03ff03fb03fb03fa03
data/raw/ooc/OOC_image_dataset/train/good/cell_type_HPMEC/0-1_days/230119_13.png,230119_13,230119,train,good,HPMEC,0-1_days,1,HPMEC,0-1_days,True,True,True,2507230,2048,1536,RGB,43a8e3a2a9320f2f635bb85ddc9356ac9bcf1c31a2a2c529fd7e7358f4c9a671,fd07ff03ff037f037f037f037f037e437c037f817f817f817f813f813f813f81
data/raw/ooc/OOC_image_dataset/train/good/cell_type_HPMEC/0-1_days/230119_14.png,230119_14,230119,train,good,HPMEC,0-1_days,1,HPMEC,0-1_days,True,True,True,2478961,2048,1536,RGB,945ae8390e154ed10baea13a8dc16fb26e1829a514d2c9fedddbc07383793b00,fc1ff41ff21ff21ff80ff40ffc0ffc0ffc0ffe07fc07ff07fe07fe07fd07ff07
data/raw/ooc/OOC_image_dataset/train/good/cell_type_HPMEC/0-1_days/230119_15.png,230119_15,230119,train,good,HPMEC,0-1_days,1,HPMEC,0-1_days,True,True,True,2644697,2048,1536,RGB,273a94478bce5c1c8b96a35ed1bf4033079009ee082cc795fbb38140531ce012,352c370c370c3f2c3d2c3d243ed03fc01dc019c01ec01ec01eec1fc21f861ec0
data/raw/ooc/OOC_image_dataset/train/good/cell_type_HPMEC/0-1_days/230119_19.png,230119_19,230119,train,good,HPMEC,0-1_days,1,HPMEC,0-1_days,True,True,True,2516512,2048,1536,RGB,be2b53e185027c7ff0f1c08e6a7df7b6c6412c5089a6abab51a417df44b030be,7f017e817e417f017f017f817fe17fc17fc17ec07fa47fc07f807f907e907ee0
data/raw/ooc/OOC_image_dataset/train/good/cell_type_HPMEC/0-1_days/230119_2.png,230119_2,230119,train,good,HPMEC,0-1_days,1,HPMEC,0-1_days,True,True,True,2585256,2048,1536,RGB,9f722e0ef1371879a417466e0a398a452e80d08dab831409c1f3cc479ff79ec0,f880fd80fe80fe40ff22f960fb42fb20fb00fb80fa80fec0fd80ff20ff31fe31
data/raw/ooc/OOC_image_dataset/train/good/cell_type_HPMEC/0-1_days/230119_20.png,230119_20,230119,train,good,HPMEC,0-1_days,1,HPMEC,0-1_days,True,True,True,2593860,2048,1536,RGB,ad508dd001aff0594232a391b95f93a44a3b8a966c3c59228dbe7cab1df2d422,ffb0fcd0ff11ff10ff10ff90ffc0fb60fb60ff20fe30fe40fcc0fde0fc80fc88
data/raw/ooc/OOC_image_dataset/train/good/cell_type_HPMEC/0-1_days/230119_23.png,230119_23,230119,train,good,HPMEC,0-1_days,1,HPMEC,0-1_days,True,True,True,2451496,2048,1536,RGB,272f8d1c1f1f735670b55b03721e7c3fdb7b869da0b996c62a683395766ed7a4,7f207f807e407f407fa03fc03fc03fe03fe03f423f523fc03fc03f881f4c1f38
data/raw/ooc/OOC_image_dataset/train/good/cell_type_HPMEC/0-1_days/230119_27.png,230119_27,230119,train,good,HPMEC,0-1_days,1,HPMEC,0-1_days,True,True,True,2556278,2048,1536,RGB,7631134ceb4831f3920563cf1758b4e5ac410f58b7bfda110a0c1c1a6b2f5c04,ff8cffc0ffc0ffa0df60fee8ff64ff60fff0fff0ffe47ff07ffc7fe87ff87fb8
data/raw/ooc/OOC_image_dataset/train/good/cell_type_HPMEC/0-1_days/230119_28.png,230119_28,230119,train,good,HPMEC,0-1_days,1,HPMEC,0-1_days,True,True,True,2528608,2048,1536,RGB,351827e8454f0b0ff4f57a78dbed9583e9ca6c859e18c21c9c0e837d18f7a8cb,3fc43fc43fc43fe43f703fd03ed03fd43fcc3fd81f981f281fa21fb21ff31fb3
data/raw/ooc/OOC_image_dataset/train/good/cell_type_HPMEC/0-1_days/230119_29.png,230119_29,230119,train,good,HPMEC,0-1_days,1,HPMEC,0-1_days,True,True,True,2551636,2048,1536,RGB,f869951032426aaccdc890a949769059d07be8ca16de5309798caaaf607b772e,fcc0fa40f9a0fde0ff40ffc0fec0fda0f9a0f980fd80ffa0fea07ee0ffa0ff60
data/raw/ooc/OOC_image_dataset/train/good/cell_type_HPMEC/0-1_days/230119_30.png,230119_30,230119,train,good,HPMEC,0-1_days,1,HPMEC,0-1_days,True,True,True,2555608,2048,1536,RGB,33f345a73a45582bcebf25ebe4319726b707f815631a14a74fa469f688762c33,fd05fc80fa40f600f680fa40f700f300ff80f5c0fd02fd40f660fc60ff60fc00
data/raw/ooc/OOC_image_dataset/train/good/cell_type_HPMEC/0-1_days/230119_32.png,230119_32,230119,train,good,HPMEC,0-1_days,1,HPMEC,0-1_days,True,True,True,2284953,2048,1536,RGB,6250ff63f0f532b2f747b8d66ff03b88e7f6a539724bb7d35ba1336d4885aa9e,fd20fba0fba0fb60ff40ff40fdf07e607e707ed07fc07ee07fa07dc07ff07f30
data/raw/ooc/OOC_image_dataset/train/good/cell_type_HPMEC/0-1_days/230119_35.png,230119_35,230119,train,good,HPMEC,0-1_days,1,HPMEC,0-1_days,True,True,True,2293064,2048,1536,RGB,787f232bf5fc0b64dc69979d4efddb1a2351c50eae221a5354e496df3167c2a3,fe0eff06ff06ff06ff06fd87f587fb87fb83ff83ffc3fbc3fbc3fbc3f983fec3
data/raw/ooc/OOC_image_dataset/train/good/cell_type_HPMEC/0-1_days/230119_37.png,230119_37,230119,train,good,HPMEC,0-1_days,1,HPMEC,0-1_days,True,True,True,2347560,2048,1536,RGB,bf459f8a489db7df75bcea9f0bfa1e5b612a23a3c089169e5b1eecd6beedf049,fec1ff80ff18fe90ffd0fee07fa27f127f427f927f207ee27ed03f213f643fe5
data/raw/ooc/OOC_image_dataset/train/good/cell_type_HPMEC/0-1_days/230119_39.png,230119_39,230119,train,good,HPMEC,0-1_days,1,HPMEC,0-1_days,True,True,True,2276145,2048,1536,RGB,d8eb56ed4a5dfd808f4c38089c90e3fd23669883764becc980780fb62a6d6e0a,e443f503fb43ef03fd83fae3fa83fb01ff91ff91ff11ff11ff31ff31ff90ff90
data/raw/ooc/OOC_image_dataset/train/good/cell_type_HPMEC/0-1_days/230119_4.png,230119_4,230119,train,good,HPMEC,0-1_days,1,HPMEC,0-1_days,True,True,True,2477982,2048,1536,RGB,061efbb42da3b4a5ebc17f3558dbe21cb08b8b784f0fa6b9d8ddd9a9a63a0e0d,fc0ffa0ffa0ff80ffa0ffa0ffc07fc07fc07fe07fe07fe07fe07fe07fe03ff03
data/raw/ooc/OOC_image_dataset/train/good/cell_type_HPMEC/0-1_days/230119_40.png,230119_40,230119,train,good,HPMEC,0-1_days,1,HPMEC,0-1_days,True,True,True,2257218,2048,1536,RGB,93fb42660c14fc7884700a20025c9c9645bf12a8b7aaef80bb76db68f936e9f2,fd07ff07ff03ff83fe83fe83ff03ff037d837e837f837ec17fc17f813f813f81
data/raw/ooc/OOC_image_dataset/train/good/cell_type_HPMEC/0-1_days/230119_6.png,230119_6,230119,train,good,HPMEC,0-1_days,1,HPMEC,0-1_days,True,True,True,2508352,2048,1536,RGB,62ea53a4de59b4567a95545a59dbc544498e2e0dbe6cf46c516c4c3296c05b34,3fc83fc03fc03fc03fc03fc03fc41fc01fe01fe01f601fa01fa01fd01fc00fd0
data/raw/ooc/OOC_image_dataset/train/good/cell_type_HPMEC/0-1_days/230119_7.png,230119_7,230119,train,good,HPMEC,0-1_days,1,HPMEC,0-1_days,True,True,True,2450475,2048,1536,RGB,4928a817c4c71140af03e016c4610739bcb7cc846516533af326b7e29d8a5479,7f017f017f817f817f817fc17ec03fc83f883fc83f883f003f803f643fa43f40
data/raw/ooc/OOC_image_dataset/train/good/cell_type_HPMEC/0-1_days/230119_8.png,230119_8,230119,train,good,HPMEC,0-1_days,1,HPMEC,0-1_days,True,True,True,2474482,2048,1536,RGB,601e53592ffaa286d7f59020b96ce1b5a3f5830c08da2d13ca4a84d5db7cf713,ff03ff03ff03ff037f117f017f817d817d817e817e817fc07f003f403f803f80
data/raw/ooc/OOC_image_dataset/train/good/cell_type_HPMEC/0-1_days/230119_9.png,230119_9,230119,train,good,HPMEC,0-1_days,1,HPMEC,0-1_days,True,True,True,2491026,2048,1536,RGB,a8f2634ab204c2b623eb14c6a0375b98689f25ec0c589178ca0d1582394c2d3a,3fc03fc03fc03fc03fc03fc03fc41fc01fe01fe01f601f601fe01fa01f801f80
data/raw/ooc/OOC_image_dataset/train/good/cell_type_HPMEC/0-1_days/230206_1.png,230206_1,230206,train,good,HPMEC,0-1_days,1,HPMEC,0-1_days,True,True,True,2571375,2048,1536,RGB,2103ff1f951aa960b52f26799017387f2e8e719dc219ce5148ba2edc680f15c4,7131751171d068c86ae836a832c0325030723cf234b22872396a3c7a38b43d99
data/raw/ooc/OOC_image_dataset/train/good/cell_type_HPMEC/0-1_days/230206_10.png,230206_10,230206,train,good,HPMEC,0-1_days,1,HPMEC,0-1_days,True,True,True,2526161,2048,1536,RGB,078b866035005b05c68c15e45fb967be8071a317b309832df9481a8559fa5d8e,17a713b78393c593e493a133d113cd1bc49bc5b1c931ea31a331a371b331b23c
data/raw/ooc/OOC_image_dataset/train/good/cell_type_HPMEC/0-1_days/230206_11.png,230206_11,230206,train,good,HPMEC,0-1_days,1,HPMEC,0-1_days,True,True,True,2370567,2048,1536,RGB,c4c75d164eea5663423a3f1dcd0778e0353d8dd7fa0af94440f9cae1acc1b401,e387e387818781e70167012781e343c381a301e304e3006391e391e131a1a121
data/raw/ooc/OOC_image_dataset/train/good/cell_type_HPMEC/0-1_days/230206_12.png,230206_12,230206,train,good,HPMEC,0-1_days,1,HPMEC,0-1_days,True,True,True,2373527,2048,1536,RGB,1b2d828ba05b97a8d1c459ebc3f2560b705aeabae2293f60615803a21c8cd600,4d434e63472347296789279187919321d3919398c3d8cbb0cb98c998c99ccdac
data/raw/ooc/OOC_image_dataset/train/good/cell_type_HPMEC/0-1_days/230206_2.png,230206_2,230206,train,good,HPMEC,0-1_days,1,HPMEC,0-1_days,True,True,True,2654817,2048,1536,RGB,f58bb93c39bf0649dfb0de1a1dfcdb289fa56e3e9a4e378ff351bb8ee946f3d6,41b3c583e6cbc49bc599ec99c489c299c891a931ab31a13993319238f03ce114
data/raw/ooc/OOC_image_dataset/train/good/cell_type_HPMEC/0-1_days/230206_3.png,230206_3,230206,train,good,HPMEC,0-1_days,1,HPMEC,0-1_days,True,True,True,2603262,2048,1536,RGB,dec106db2118b754d8fdf74ef117e155150dee0ec6649cacbe6e3202566c02a0,c3d8cbb0cbd0cbbad998cda8c9e84b484b4867b86a946bd42be621e629e429c6
data/raw/ooc/OOC_image_dataset/train/good/cell_type_HPMEC/0-1_days/230206_6.png,230206_6,230206,train,good,HPMEC,0-1_days,1,HPMEC,0-1_days,True,True,True,2647244,2048,1536,RGB,ee10a00f78da5f838535a607dc4f7cf30a0812752191f97e36ab765ea754f4c2,cf88db8cc8ace2c8e4d8e664e630e673f084d064f0e47093709b780e790f3b2f
data/raw/ooc/OOC_image_dataset/train/good/cell_type_HPMEC/0-1_days/230206_9.png,230206_9,230206,train,good,HPMEC,0-1_days,1,HPMEC,0-1_days,True,True,True,2483858,2048,1536,RGB,08cc2f13caad2ab094bf7fd637a7c1fc1604673a1bea4355401668ab47a050c3,990e59875cc75cc74d874d86bd079887a687c787cbc3ecc3cdc3cd43eb83d883
data/raw/ooc/OOC_image_dataset/train/good/cell_type_HPMEC/0-1_days/230214_1.png,230214_1,230214,train,good,HPMEC,0-1_days,1,HPMEC,0-1_days,True,True,True,447719,640,480,RGB,a14424b2f78ff0160669810cc529bcf7e11463214686faa90c46bd2f593ac883,6007700750835083e303e5238043a823a123a183a043a193a4f3b4b1a491c461
data/raw/ooc/OOC_image_dataset/train/good/cell_type_HPMEC/0-1_days/230214_10.png,230214_10,230214,train,good,HPMEC,0-1_days,1,HPMEC,0-1_days,True,True,True,521464,640,480,RGB,da10deeaa2e364ee50382b9ede2cbc8ffc8abef10e122fdd1265349f14bdf958,7f007f007f007f807f007d807f807e807f807d803e803f403f003fc03fe03fe0
data/raw/ooc/OOC_image_dataset/train/good/cell_type_HPMEC/0-1_days/230214_11.png,230214_11,230214,train,good,HPMEC,0-1_days,1,HPMEC,0-1_days,True,True,True,583587,640,480,RGB,f74d47dd6a05983846f1458c8383db2cf96b0826ff559f372c43072880912e61,3197b1cdb35db674be3c9a7c1bdc995a1dda9df899fa1f589d6299658e4ccd1c
data/raw/ooc/OOC_image_dataset/train/good/cell_type_HPMEC/0-1_days/230214_13.png,230214_13,230214,train,good,HPMEC,0-1_days,1,HPMEC,0-1_days,True,True,True,505151,640,480,RGB,b58dd8a35c7e21014f0d13f593deb46262e8b5dd18a38eb9d19afc9e487a17e5,e3e1cbc1fbc1e4c1ccc1c8e1e921e9a1e6e0e4e0e4f0e2f0e260e7c0e3b0f1b0
data/raw/ooc/OOC_image_dataset/train/good/cell_type_HPMEC/0-1_days/230214_14.png,230214_14,230214,train,good,HPMEC,0-1_days,1,HPMEC,0-1_days,True,True,True,514618,640,480,RGB,abf82a2a94acbb1ace97889331427a056b972fb9da3a63bd9131398bb9ff4f8e,3a713af03af03af039e039e83ce83ce83ec83bcc3ec4b9c83bc838f0b9f0bcb0
data/raw/ooc/OOC_image_dataset/train/good/cell_type_HPMEC/0-1_days/230214_15.png,230214_15,230214,train,good,HPMEC,0-1_days,1,HPMEC,0-1_days,True,True,True,521163,640,480,RGB,3b10c1072fecf29b3c9fc4a8f1e97c0830e17c7e198f7564fdf715b532d53112,65b1739133813198309839703b7838f038f03b303b7831503b703bb83f381f38
data/raw/ooc/OOC_image_dataset/train/good/cell_type_HPMEC/0-1_days/230214_16.png,230214_16,230214,train,good,HPMEC,0-1_days,1,HPMEC,0-1_days,True,True,True,471223,640,480,RGB,4a4b33fc1c9ebdcad5217b0d190ccf851916fc09e9023750b43aa899db3f5161,3f033e833f013f013e013e013f013f003f003f003f003f003fc01f801f801f80
data/raw/ooc/OOC_image_dataset/train/good/cell_type_HPMEC/0-1_days/230214_17.png,230214_17,230214,train,good,HPMEC,0-1_days,1,HPMEC,0-1_days,True,True,True,494178,640,480,RGB,c818a54867ce517eb555e01ab1883491f43acbe8996842424209181ecd998db2,ec0fef0ff98fe587ef87fd87fe07fd87f187e587f5c7e487f3c7ebc7e747e583
data/raw/ooc/OOC_image_dataset/train/good/cell_type_HPMEC/0-1_days/230214_18.png,230214_18,230214,train,good,HPMEC,0-1_days,1,HPMEC,0-1_days,True,True,True,523237,640,480,RGB,eb159f3b3b8fd61273352ebe9943b960011cd1f00d3c1d6fb8d8c6d4e790d8e4,39e13a9038b03a603a703c783e483c583a381e681e781c381c381c791c691f58
data/raw/ooc/OOC_image_dataset/train/good/cell_type_HPMEC/0-1_days/230214_19.png,230214_19,230214,train,good,HPMEC,0-1_days,1,HPMEC,0-1_days,True,True,True,534459,640,480,RGB,0a7ac04324166f5218404c9e4dfad1842c2545b96d700cc6d97dca3804c66566,dde3f5a3e5e3e363e1c173c1716179e173e173e171e179a179e13be13be031e0
data/raw/ooc/OOC_image_dataset/train/good/cell_type_HPMEC/0-1_days/230214_2.png,230214_2,230214,train,good,HPMEC,0-1_days,1,HPMEC,0-1_days,True,True,True,462054,640,480,RGB,d74a89ad4e40d6f1af8041cb6b03f92aee37a49c6e0f02a37bf56ce09a49e1cb,ffc1f7f1f9a1f1d1f0c1f9e1dcc15a8151a058105328713871387ad879c06d68
data/raw/ooc/OOC_image_dataset/train/good/cell_type_HPMEC/0-1_days/230214_20.png,230214_20,230214,train,good,HPMEC,0-1_days,1,HPMEC,0-1_days,True,True,True,564191,640,480,RGB,d7cd9ab0b44c5454059ac51fc6829eac9401014fcfb46d6eb7659e181b6fa8b3,e506ed0ffccff047f1c7f1c772c7734772c77b437bc37ee377c371e370e379a3
data/raw/ooc/OOC_image_dataset/train/good/cell_type_HPMEC/0-1_days/230214_21.png,230214_21,230214,train,good,HPMEC,0-1_days,1,HPMEC,0-1_days,True,True,True,489336,640,480,RGB,8efdd6ac7fdd35a1894c361d653d3ae33c4f927089961cb09c17828b6d83f2f8,cac7e3c7ebc7f387f383f3c3fae3f8a3f5e3fa63f093f18bf1cbe1cbe18be199
data/raw/ooc/OOC_image_dataset/train/good/cell_type_HPMEC/0-1_days/230214_22.png,230214_22,230214,train,good,HPMEC,0-1_days,1,HPMEC,0-1_days,True,True,True,545826,640,480,RGB,a1672e8cf24ed6e506a28c1a4aa0961ea724979141da28083b9bbf975ab7a9e5,6b307f70767877307e3077587b5876587ee87aec7efc357835b83df039f839f8
data/raw/ooc/OOC_image_dataset/train/good/cell_type_HPMEC/0-1_days/230214_23.png,230214_23,230214,train,good,HPMEC,0-1_days,1,HPMEC,0-1_days,True,True,True,536699,640,480,RGB,56dc82d4fac80f5631cdc12fa9fb648722c61e938c5e7acf39cdcae87455d576,3f603ee03af838d83eb83b781bdc3b7c3b6c3fb83f7c3d781d781dec1d6c1b5c
data/raw/ooc/OOC_image_dataset/train/good/cell_type_HPMEC/0-1_days/230214_25.png,230214_25,230214,train,good,HPMEC,0-1_days,1,HPMEC,0-1_days,True,True,True,465787,640,480,RGB,0c8f5e7e74963729b86b501d7b42d7ee4736a3c61d7b3af817e84c64ea720e19,e647cc87a4874cc75587498369035d037063487349c3c143c183e593a489a91d
data/raw/ooc/OOC_image_dataset/train/good/cell_type_HPMEC/0-1_days/230214_26.png,230214_26,230214,train,good,HPMEC,0-1_days,1,HPMEC,0-1_days,True,True,True,469280,640,480,RGB,a9b73da09d8fdf49bda294c6b466cb2b5b22315176b616fdf11d1d8f9231d9dc,c973c933c4734e7b4a5b525b4a7bda5bcb5bf319edd9cf49e7d9a8edaccda5dd
data/raw/ooc/OOC_image_dataset/train/good/cell_type_HPMEC/0-1_days/230214_28.png,230214_28,230214,train,good,HPMEC,0-1_days,1,HPMEC,0-1_days,True,True,True,447588,640,480,RGB,88f9e301d2dc6f07d5258e28ff7bd59bf32aaaac1e83df0e7e27f59b06d7adb8,79a75b073ac3726336c332f329b336b3267325c3ab83b7b3b593b7b3b9639de1
data/raw/ooc/OOC_image_dataset/train/good/cell_type_HPMEC/0-1_days/230214_29.png,230214_29,230214,train,good,HPMEC,0-1_days,1,HPMEC,0-1_days,True,True,True,463032,640,480,RGB,cdf2767fd035488efc4cf30d5ca50d0d0432fe5180d4914e0bf695b5a970763e,cd09c8e9cfa1cf68cbb0ca706e704a284ea86e28645064c467c465bc67ce65de
data/raw/ooc/OOC_image_dataset/train/good/cell_type_HPMEC/0-1_days/230214_31.png,230214_31,230214,train,good,HPMEC,0-1_days,1,HPMEC,0-1_days,True,True,True,467342,640,480,RGB,de6bda4f4bd83f7250eb02c4dfad344db207ab0de33c3c1b56409824c4086b53,45b104b520b121b128b10eb0071099108b108f588658965886d8c8d8c598a788
data/raw/ooc/OOC_image_dataset/train/good/cell_type_HPMEC/0-1_days/230214_34.png,230214_34,230214,train,good,HPMEC,0-1_days,1,HPMEC,0-1_days,True,True,True,498767,640,480,RGB,fb59f6f717edb348d404049d120b8f37aa2f27bbb3a28f53abf361b5d94a7f44,fe01fe01fe81fe81fb01ff01fd81ff01fb017f807e807e007d807fc07ec07fc0
data/raw/ooc/OOC_image_dataset/train/good/cell_type_HPMEC/0-1_days/230214_35.png,230214_35,230214,train,good,HPMEC,0-1_days,1,HPMEC,0-1_days,True,True,True,480483,640,480,RGB,35e223999284f98f687f4dcc01c6177858059eb15d4cbb86230ab2a6a0c8c1e0,fb01fd81fd80fd007d807dc07ec07f807f007f807f007e807f003f003f003f80
data/raw/ooc/OOC_image_dataset/train/good/cell_type_HPMEC/0-1_days/230214_37.png,230214_37,230214,train,good,HPMEC,0-1_days,1,HPMEC,0-1_days,True,True,True,452176,640,480,RGB,dc0f8813fd98f36b73b2f734bec76c5c344cff342b461fe7ed8257789475f24d,d523c963dc63d263d0c3c8c1c181c911c313ccd3c8f3c9f1cde0fed97cf979b9
data/raw/ooc/OOC_image_dataset/train/good/cell_type_HPMEC/0-1_days/230214_38.png,230214_38,230214,train,good,HPMEC,0-1_days,1,HPMEC,0-1_days,True,True,True,450614,640,480,RGB,cca8e100f5350841345afe5762943158a581b61066c31de0f4982b1c7ea13c37,370e038f27472707ff46f6c6c7c7db47da47db479e478e839623a36bab6ba66b
data/raw/ooc/OOC_image_dataset/train/good/cell_type_HPMEC/0-1_days/230214_39.png,230214_39,230214,train,good,HPMEC,0-1_days,1,HPMEC,0-1_days,True,True,True,462738,640,480,RGB,3e9463bafdb27251e384a9d62c01e1c1e37c4e9c660708d9fc0fb323b43ebd3c,e4e3e5e3eb63e1b3f393f3937ab36d137d1b7d1b7e917d217d6171e17a697af1
data/raw/ooc/OOC_image_dataset/train/good/cell_type_HPMEC/0-1_days/230214_4.png,230214_4,230214,train,good,HPMEC,0-1_days,1,HPMEC,0-1_days,True,True,True,465605,640,480,RGB,d9dbe2fac171afaa18f17a01d7db23a40aa51f833c393f87839828dada43f780,c84f498f49876587558771a766e766c7366323a323332323afb32db32ed13571
data/raw/ooc/OOC_image_dataset/train/good/cell_type_HPMEC/0-1_days/230214_45.png,230214_45,230214,train,good,HPMEC,0-1_days,1,HPMEC,0-1_days,True,True,True,457948,640,480,RGB,f57cf1b474c0cd29bdcb379ac14526cab24e4d628eefb69951ce6c91a14b4165,fe0ffc0ffe07fc07fc077c077d077c077c077f073f073f033f033d833f833f03
data/raw/ooc/OOC_image_dataset/train/good/cell_type_HPMEC/0-1_days/230214_47.png,230214_47,230214,train,good,HPMEC,0-1_days,1,HPMEC,0-1_days,True,True,True,442195,640,480,RGB,727a39c45dd07dfa69c21990f94853e8900d23cc302ae1c41c52931b1bf57666,b227a027b847bc47d883c8c3f843f823e469e429cd31d591fcf8f878f269f46c
data/raw/ooc/OOC_image_dataset/train/good/cell_type_HPMEC/0-1_days/230214_48.png,230214_48,230214,train,good,HPMEC,0-1_days,1,HPMEC,0-1_days,True,True,True,460850,640,480,RGB,73fe503d8829a47b8f903e0484a44db3814968ec89a10edb2ccaa8d3f6d5449c,83e3c3e1cbe1d3c1e311f1b1e661f771e171e9e5f185f375f215e5b5f995e0f1
data/raw/ooc/OOC_image_dataset/train/good/cell_type_HPMEC/0-1_days/230214_6.png,230214_6,230214,train,good,HPMEC,0-1_days,1,HPMEC,0-1_days,True,True,True,448418,640,480,RGB,6305e12edbd092e5b26ea91c32a79446f50e9eda249f134dbf247657581f668a,84878c86a5c6b947f6c7f4c6a507f503514360535853413343b3407341b12191
data/raw/ooc/OOC_image_dataset/train/good/cell_type_HPMEC/0-1_days/230214_8.png,230214_8,230214,train,good,HPMEC,0-1_days,1,HPMEC,0-1_days,True,True,True,551408,640,480,RGB,a3d44367e785ce7d2a93d9f2e0b6a16c163601a837f325ff491e72b621f6a9d3,88480c488988c108b268b26cca64c6e0de68f66cd26cc36cc6ccc6ccc6a4ea54
data/raw/ooc/OOC_image_dataset/train/good/cell_type_HPMEC/0-1_days/230214_9.png,230214_9,230214,train,good,HPMEC,0-1_days,1,HPMEC,0-1_days,True,True,True,529478,640,480,RGB,07952d7dd183ea7e804f1ee4ef8ab6df9211cb1a82680c123c8993423acd7147,d4e8c468c328e7a8e4c8e588e3acc32ccbacc36ce16ce2ecc3e4e7c4e7e461e4
data/raw/ooc/OOC_image_dataset/train/good/cell_type_HPMEC/0-1_days/230215_1.png,230215_1,230215,train,good,HPMEC,0-1_days,1,HPMEC,0-1_days,True,True,True,467968,640,480,RGB,5fa44931d306003b702f2b087494ccf24456a60d205398b7979cc838732a25e2,0cfffef11bb50ab408d50a5814e888bb82b202d543e7460f452523218db50530
data/raw/ooc/OOC_image_dataset/train/good/cell_type_HPMEC/0-1_days/230215_10.png,230215_10,230215,train,good,HPMEC,0-1_days,1,HPMEC,0-1_days,True,True,True,4857970,2048,1536,RGB,9371b50c9e96f221dc4ac6cccdcae55cc00b47d6ab8529da89952310dd8d0eb3,f360f680f6c0fec4f3c4f184f144f324ff00fd60fac0fbc0ffa2ff22fe62ff62
data/raw/ooc/OOC_image_dataset/train/good/cell_type_HPMEC/0-1_days/230215_12.png,230215_12,230215,train,good,HPMEC,0-1_days,1,HPMEC,0-1_days,True,True,True,4810748,2048,1536,RGB,20e99e6a2bb7bf214580bbf575c2e72f925433da5a232ad4ef0710c619c6e39c,f81bf83bf833707311f107d10791b0d15291519999598e48528854c84cc8c708
data/raw/ooc/OOC_image_dataset/train/good/cell_type_HPMEC/0-1_days/230215_15.png,230215_15,230215,train,good,HPMEC,0-1_days,1,HPMEC,0-1_days,True,True,True,4607220,2048,1536,RGB,80dbe4f79b726a5117871830617a2107c25b18fa3614f71ceff8b8aa41fd98d3,cb87cb07cb27cc87f983dca3ecc3e943d4c3e2c3e4d3e7c369a36be367a167a1
data/raw/ooc/OOC_image_dataset/train/good/cell_type_HPMEC/0-1_days/230215_17.png,230215_17,230215,train,good,HPMEC,0-1_days,1,HPMEC,0-1_days,True,True,True,5323924,2048,1536,RGB,6062ae7f321e701c4247349bec65c24e4d0ee17156e96f4c69277c45a275fcc7,1ef11ac119211ba81c6819781d781d381c901e981cb88c588eac8eec0e540e70
data/raw/ooc/OOC_image_dataset/train/good/cell_type_HPMEC/0-1_days/230215_20.png,230215_20,230215,train,good,HPMEC,0-1_days,1,HPMEC,0-1_days,True,True,True,4965211,2048,1536,RGB,7f478243909ff063e3aca9ddd1907c083d0c266b04485d68260dba805a7ffb46,938e930c9b0cf38dd68dcf0fc90ec70fc3c7e5c7e2c7ef46fd47fb86fa87f9c7
data/raw/ooc/OOC_image_dataset/train/good/cell_type_HPMEC/0-1_days/230215_3.png,230215_3,230215,train,good,HPMEC,0-1_days,1,HPMEC,0-1_days,True,True,True,460265,640,480,RGB,ced83d4b66adb69f8243331a3ede9e3af7c31e8ae505eb31e22326f6b4d15969,007f26c7f08301cf626f04530493149612d706b7892588f509590871185b4618
data/raw/ooc/OOC_image_dataset/train/good/cell_type_HPMEC/0-1_days/230215_4.png,230215_4,230215,train,good,HPMEC,0-1_days,1,HPMEC,0-1_days,True,True,True,473843,640,480,RGB,bbe9194dd58902a6dcba6e1ce1c7d8d17c24260b677209d65cbf8de6036cb273,20232a233a032123298331832143316330a3b023b35332032a1328132a332273
data/raw/ooc/OOC_image_dataset/train/good/cell_type_HPMEC/0-1_days/230215_7.png,230215_7,230215,train,good,HPMEC,0-1_days,1,HPMEC,0-1_days,True,True,True,5123119,2048,1536,RGB,616005770ef605deebe48b8469802c28d89955ccf4147d6cfbe3d4a126190eda,d9c8cb60ce60cf40fca4fdc4f664eaf4ea54e154e1a4e3c4e0e465a267b273a2
data/raw/ooc/OOC_image_dataset/train/good/cell_type_HPMEC/0-1_days/230215_9.png,230215_9,230215,train,good,HPMEC,0-1_days,1,HPMEC,0-1_days,True,True,True,4473648,2048,1536,RGB,d16ca19fba4bd2645db75e903c5cd3c322e115d8923f2a7a21eb009665cf3ce0,e7c3f7e3e363f1e371a37ce374a171a171617b617db175d179d139c139503350
data/raw/ooc/OOC_image_dataset/train/good/cell_type_HPMEC/0-1_days/230314_1.png,230314_1,230314,train,good,HPMEC,0-1_days,1,HPMEC,0-1_days,True,True,True,2146439,2056,1542,L,f86f80ebb362226cf054c14f825d7de7389d70a2ab4c5f65d60e170e059fb33d,9ea59ce599a59a4118c138813cc13c813e013c813e853e0539013901b901bb01
data/raw/ooc/OOC_image_dataset/train/good/cell_type_HPMEC/0-1_days/230314_2.png,230314_2,230314,train,good,HPMEC,0-1_days,1,HPMEC,0-1_days,True,True,True,2120993,2056,1542,L,a12824e3cdee94fc22360d137aba2f323ff2d21e74a593e12006e7ea5bdd75f1,3d8b3d0b3f0b3e0b3d0b3d2b3f0b3c0b3f2b3e233f033f023f023f033b033f02
data/raw/ooc/OOC_image_dataset/train/good/cell_type_HPMEC/0-1_days/230314_3.png,230314_3,230314,train,good,HPMEC,0-1_days,1,HPMEC,0-1_days,True,True,True,1994532,2056,1542,L,15eb0a6ab91376d16d7a718da217a5b5a4f06362d6b36ab86b446a779dfd54ae,3d8b3d0b3f0b3f4b3d0b3d2b3f0b3d0b3f2b3e233f033f023f023f033b033f02
data/raw/ooc/OOC_image_dataset/train/good/cell_type_HPMEC/0-1_days/230314_37.png,230314_37,230314,train,good,HPMEC,0-1_days,1,HPMEC,0-1_days,True,True,True,4880673,2048,1536,RGB,4920b28c9b33496155bec168f1194edbc1347042ee3bc5748614c500089cce0a,7fe77ff77ff3fff3fff3bff3fff3fffbfffbfff9fff9fff9fff9fdf9fdf9ebf9
data/raw/ooc/OOC_image_dataset/train/good/cell_type_HPMEC/0-1_days/230314_38.png,230314_38,230314,train,good,HPMEC,0-1_days,1,HPMEC,0-1_days,True,True,True,4833469,2048,1536,RGB,1fb9443a5a53f995cf2129c1961034bf94d8204356867936c9d8f8150c5a0812,7e677ff7fbf7fb773ff73ff36ff3effbeffbbfbbbff99ff9bf79dff9defddfbd
data/raw/ooc/OOC_image_dataset/train/good/cell_type_HPMEC/0-1_days/230314_39.png,230314_39,230314,train,good,HPMEC,0-1_days,1,HPMEC,0-1_days,True,True,True,5439754,2048,1536,RGB,b6d9d3bbf15a40ea5aa22d763ead70bfcb08f2065565b3204f84b22666bc4665,7f777f77fbf7fb773ff73fd37fdbefdbfffbbf9bbff99fb9bf39dff9decddeb5
data/raw/ooc/OOC_image_dataset/train/good/cell_type_HPMEC/0-1_days/230314_4.png,230314_4,230314,train,good,HPMEC,0-1_days,1,HPMEC,0-1_days,True,True,True,2141588,2056,1542,L,80ea28ab0abf7a7248b39da4a8ec6b14b2b06748f5f19c1bbc030bccbf28522f,3f023f423d82358235a2348639c639c43344370635073906338639863d063d06
data/raw/ooc/OOC_image_dataset/train/good/cell_type_HPMEC/0-1_days/230314_40.png,230314_40,230314,train,good,HPMEC,0-1_days,1,HPMEC,0-1_days,True,True,True,5395646,2048,1536,RGB,80e95145ec9bde822f4e5c073ce733bdfdf0dd56d1638aa1e4f8cd22ca5be17b,aceccee6ee67ace79cf7d8f7fc37fc777e337f1b799b7f1b7f1b7f1937993f19
data/raw/ooc/OOC_image_dataset/train/good/cell_type_HPMEC/0-1_days/230314_41.png,230314_41,230314,train,good,HPMEC,0-1_days,1,HPMEC,0-1_days,True,True,True,5474103,2048,1536,RGB,e4d81e0c9605029db365678c20b4bb139ca54eeacf1df148c3bf326cfae588fa,dff3dfb3ff3bdddbff997f997f997fd97ff97ffd7ffd7ffc3ffc3ffc3ffc3ff6
data/raw/ooc/OOC_image_dataset/train/good/cell_type_HPMEC/0-1_days/230314_42.png,230314_42,230314,train,good,HPMEC,0-1_days,1,HPMEC,0-1_days,True,True,True,5024374,2048,1536,RGB,d099b136c9fd96fdc8620ddf13f096162240b37e8d4a29920d6d6ddd057a49a8,7ff95ff97ff97ff977f97ff97ff97ff93ffc3ffc3bfc2fbc3fbcbffcbffcbbf6
data/raw/ooc/OOC_image_dataset/train/good/cell_type_HPMEC/0-1_days/230314_44.png,230314_44,230314,train,good,HPMEC,0-1_days,1,HPMEC,0-1_days,True,True,True,4979851,2048,1536,RGB,8277853eaf5c5218d2c3a86200a3938c1d494ec31dc511b9bf242062ce22f443,03de03de01ce81cda5cfb6ce3eee7eecdfedffe72fe79fe639e77de77ce77cf7
data/raw/ooc/OOC_image_dataset/train/good/cell_type_HPMEC/0-1_days/230314_45.png,230314_45,230314,train,good,HPMEC,0-1_days,1,HPMEC,0-1_days,True,True,True,5060422,2048,1536,RGB,35c7b6fa11701761f6164f4bba4832e6fdfb45c2844cedb7b74b03c5a5684ebb,d7f3d7f3dff37ff37bbb7b3b7e3b7efb4df94ff957f94ff91ff91ff937f96ff9
data/raw/ooc/OOC_image_dataset/train/good/cell_type_HPMEC/0-1_days/230314_47.png,230314_47,230314,train,good,HPMEC,0-1_days,1,HPMEC,0-1_days,True,True,True,4891418,2048,1536,RGB,9cac4838db86f6c1c5d105273d17aeee14dd67c81cbad9f8a46c52c863cadf9b,8f3f4f3f6f9f4f9f9d9fffdf7fcfcfcfc7cfa7e6a7e6cfe6cee73c73fef35ef3
data/raw/ooc/OOC_image_dataset/train/good/cell_type_HPMEC/0-1_days/230314_49.png,230314_49,230314,train,good,HPMEC,0-1_days,1,HPMEC,0-1_days,True,True,True,4949687,2048,1536,RGB,e98553ac3236ac6a38e305fb2c6aaf023cd1070bddae58f5111a13b991b041af,17f307f38ff183f1c7f983f9a3f985f9c9f851f863fc67fc65fc6bfc22fc63fc
data/raw/ooc/OOC_image_dataset/train/good/cell_type_HPMEC/0-1_days/230314_5.png,230314_5,230314,train,good,HPMEC,0-1_days,1,HPMEC,0-1_days,True,True,True,2173398,2056,1542,L,43cedf63c3ce9682e7991768182ea0f5abb63096edbad7e9e31cf9ecc22d1982,3c863b87398639863a863a867d067906718672c772c771c579c47d847e847b84
data/raw/ooc/OOC_image_dataset/train/good/cell_type_HPMEC/0-1_days/230314_6.png,230314_6,230314,train,good,HPMEC,0-1_days,1,HPMEC,0-1_days,True,True,True,2198938,2056,1542,L,d80366c93044f5e9f1f43330dda9ff210c85b3bc64de2148414f30a45674758d,7e0477057f047e0c7e0c738d7b8e7b8d7b0c7b8c7b4c7c0e7e0c7e0c7a0c7b0e
data/raw/ooc/OOC_image_dataset/train/good/cell_type_HPMEC/0-1_days/230316_34.png,230316_34,230316,train,good,HPMEC,0-1_days,1,HPMEC,0-1_days,True,True,True,5536893,2048,1536,RGB,d15dfb8716411f026ac4ef832939b41e0a060aa58456820d3e412516244a216b,58290a291949384db92d3c2d162d161c1f0c9e2c9624a704ee64ce64aa249c5c
data/raw/ooc/OOC_image_dataset/train/good/cell_type_HPMEC/0-1_days/230316_35.png,230316_35,230316,train,good,HPMEC,0-1_days,1,HPMEC,0-1_days,True,True,True,5673059,2048,1536,RGB,98a570567d53b430953d48cb9842542161cb330489dacee2f1abd0aa7af4c41d,bbcadb6edb1a5faa479263da6b8e6eaa77ca6f6e4f1e5f1e5e9e5f8c762e7e74
data/raw/ooc/OOC_image_dataset/train/good/cell_type_HPMEC/0-1_days/230316_37.png,230316_37,230316,train,good,HPMEC,0-1_days,1,HPMEC,0-1_days,True,True,True,5662107,2048,1536,RGB,cdbfd4fad0981615db4ed3ae23d8ee89340eef87c6d7268d5a92b1a65b5c6dcf,b233ad73efdb8e939e9bab1b9b3b9e3bdc39dc39f839f139f279cef9ccd9c79d
data/raw/ooc/OOC_image_dataset/train/good/cell_type_HPMEC/0-1_days/230316_39.png,230316_39,230316,train,good,HPMEC,0-1_days,1,HPMEC,0-1_days,True,True,True,5449226,2048,1536,RGB,2664917325f5320620d32a95307791c65abf725ea42775b9306029fce57c5f93,f76a6a7a4e7a4f1a5f4a5dba7c9a7eaa6f0a5c584c58e69ce4bce4bdc66de675
data/raw/ooc/OOC_image_dataset/train/good/cell_type_HPMEC/0-1_days/230316_40.png,230316_40,230316,train,good,HPMEC,0-1_days,1,HPMEC,0-1_days,True,True,True,5226018,2048,1536,RGB,0bf2b4b958481f8e53d5bf20164fc70a7dabed26a898fec88a841f0757e82d96,cc23ec2bfc4bb40bb60b74c96409222927092f311d150c350c7587b584f58034
data/raw/ooc/OOC_image_dataset/train/good/cell_type_HPMEC/0-1_days/230316_41.png,230316_41,230316,train,good,HPMEC,0-1_days,1,HPMEC,0-1_days,True,True,True,5095494,2048,1536,RGB,6121ce50de85e5dec98a9bfb33cea125f36fa073a9ec20b31db8367ad94af41d,4c660c632423262336339c338c731b339933ea739013b853bc73ae33a5339733
data/raw/ooc/OOC_image_dataset/train/good/cell_type_HPMEC/0-1_days/230316_42.png,230316_42,230316,train,good,HPMEC,0-1_days,1,HPMEC,0-1_days,True,True,True,5110234,2048,1536,RGB,b56718afb10b5395a97d1eae45b3d06b266370a71965bf9f2b53e0acaf8ffac4,8798c0f8983a641a6d824e425f62779a5d827f1a679d77bd75bd336da735b7ed
data/raw/ooc/OOC_image_dataset/train/good/cell_type_HPMEC/0-1_days/230316_43.png,230316_43,230316,train,good,HPMEC,0-1_days,1,HPMEC,0-1_days,True,True,True,5144130,2048,1536,RGB,205c74f80ee002a1d0dd7d11aa38d41784b7dacd34d01b386e7ba482cee6d33f,971bc61bce59cd19df19558975c94f49670d4d0d4f1d6f1d6e1c6c1c781c789c
data/raw/ooc/OOC_image_dataset/train/good/cell_type_HPMEC/0-1_days/230523_1.png,230523_1,230523,train,good,HPMEC,0-1_days,1,HPMEC,0-1_days,True,True,True,1458595,2056,1542,L,33a23a5353d848687aebc5b5340d5272164f2426c52d90d20c32ebe4573fdac9,04000480840084000400000004000718257827b867b0673067a06688674867a8
data/raw/ooc/OOC_image_dataset/train/good/cell_type_HPMEC/0-1_days/230523_110.png,230523_110,230523,train,good,HPMEC,0-1_days,1,HPMEC,0-1_days,True,True,True,1810257,2056,1542,L,af8ef6bf50514a64f9c99245f6163f835e7c08622e7e5058202da74d0fd788d7,878f068f8e4f8e4f8e4f0e4f0e4f0fcf0fcf0dcf0dc70dc70dc7cdc78dc78dc7
data/raw/ooc/OOC_image_dataset/train/good/cell_type_HPMEC/0-1_days/230523_38.png,230523_38,230523,train,good,HPMEC,0-1_days,1,HPMEC,0-1_days,True,True,True,1963460,2056,1542,L,ebbe39648b02e05618ab158071372cd3b2881b38c5c15773161fbca824ea8f33,e799e789a77187718f918f318fe14fc1cf81cfc9cee9ce59cf41ce618e218e01
data/raw/ooc/OOC_image_dataset/train/good/cell_type_HPMEC/0-1_days/230523_39.png,230523_39,230523,train,good,HPMEC,0-1_days,1,HPMEC,0-1_days,True,True,True,1933712,2056,1542,L,7d49c6db718a08ff4229be055a172d617256c79a65f0a63279a5b1fea1418485,cfc9cf898fc98ec98f09ce21cf01cf89cd09cda9cf71cf71cf91cd89cfc1cf61
data/raw/ooc/OOC_image_dataset/train/good/cell_type_HPMEC/0-1_days/230523_47.png,230523_47,230523,train,good,HPMEC,0-1_days,1,HPMEC,0-1_days,True,True,True,1584034,2056,1542,L,f345bc39b51bee24d252901040f1716468b3c8f5b852fe77d740d1c63d858569,9f479f879c871c873c873dc73ace3ece1c8e3c8e3c0e1b8f3b0e3f8e3ece3e8e
data/raw/ooc/OOC_image_dataset/train/good/cell_type_HPMEC/0-1_days/230523_50.png,230523_50,230523,train,good,HPMEC,0-1_days,1,HPMEC,0-1_days,True,True,True,1698558,2056,1542,L,f3f34a5b4c5d75d00969f6ce1c5d559c870753fd4b23e8267ce0a24c08d925c7,1ace1c4a1d8e1c4f1c0e1b0f190f1b8e1d8e1d8e1a4e1e8e3d8e398e3e4e3d0e
data/raw/ooc/OOC_image_dataset/train/good/cell_type_HPMEC/0-1_days/230523_52.png,230523_52,230523,train,good,HPMEC,0-1_days,1,HPMEC,0-1_days,True,True,True,1772309,2056,1542,L,03c8527c935dbe6ca9febbd2346b0d16f1df2aa160074feab01eda3a4bdbd8a8,3e053a471f071e063e473e463d063c463d863f063b873a8638ce3c463c463b06
data/raw/ooc/OOC_image_dataset/train/good/cell_type_HPMEC/0-1_days/230523_53.png,230523_53,230523,train,good,HPMEC,0-1_days,1,HPMEC,0-1_days,True,True,True,1828827,2056,1542,L,0f9b4f3e3ca72a94fc88de1fc5bfcbec895b06d7bb640779b4c10343caae10cf,39863c463d063a4639863d863d863d863a863e863e063b063f063c863a063f04
data/raw/ooc/OOC_image_dataset/train/good/cell_type_HPMEC/0-1_days/230523_54.png,230523_54,230523,train,good,HPMEC,0-1_days,1,HPMEC,0-1_days,True,True,True,1898064,2056,1542,L,464170eb8f8af33cc55c457cb5f5720c711fe0554ad3a4e6ae951814bc8cb125,3d063d843c843f473e473e073c253c4438c43ac43e4439453e073d073b863a06
data/raw/ooc/OOC_image_dataset/train/good/cell_type_HPMEC/0-1_days/230523_55.png,230523_55,230523,train,good,HPMEC,0-1_days,1,HPMEC,0-1_days,True,True,True,1992112,2056,1542,L,3cf0076502587651a7afd80c57a6d8d0c32d86e4904ad54f695e9ba35c4735d6,3e063d463d0639063e063e063e063c063d063d0e3ece3e8e7d0e7b0e7e8e7e0e
data/raw/ooc/OOC_image_dataset/train/good/cell_type_HPMEC/0-1_days/230523_57.png,230523_57,230523,train,good,HPMEC,0-1_days,1,HPMEC,0-1_days,True,True,True,1695109,2056,1542,L,85fb6591467b0fc85648af20cfb2b9cfe107cf850483bc589c03e9e9e1a6903d,3846386638c6340c782c7b0c7b0c750e7d0d7c0d780d710d740e740c790d79cd
data/raw/ooc/OOC_image_dataset/train/good/cell_type_HPMEC/0-1_days/230523_58.png,230523_58,230523,train,good,HPMEC,0-1_days,1,HPMEC,0-1_days,True,True,True,1756864,2056,1542,L,f4978e19e908a7b801c88b9a0fefdf585d38713cb5044911551899a835f5f2bf,790d684c780c720e710e728e7a0e7c4e7c4e760e670e67cc678e738e7d8e7d8e
data/raw/ooc/OOC_image_dataset/train/good/cell_type_HPMEC/0-1_days/230523_59.png,230523_59,230523,train,good,HPMEC,0-1_days,1,HPMEC,0-1_days,True,True,True,1804636,2056,1542,L,b6fa2803cb8efb963294ef0c7e7225441f5f7f81a0bf5189573cb54db79ef1c6,7b0c764e730e76ce724e78ce7a0e78ce7cce768e760e784d70cd738cfe0efe0e
data/raw/ooc/OOC_image_dataset/train/good/cell_type_HPMEC/0-1_days/230523_62.png,230523_62,230523,train,good,HPMEC,0-1_days,1,HPMEC,0-1_days,True,True,True,2020178,2056,1542,L,c94c2239ba57f6baa6b2a4c933460c856a2774abf28b86a710a310fd68d60856,f904f904f985ec84fe06ff06ee06ee06ee06fb06fb46fa46fe46ec46ed46ed46
data/raw/ooc/OOC_image_dataset/train/good/cell_type_HPMEC/0-1_days/230523_63.png,230523_63,230523,train,good,HPMEC,0-1_days,1,HPMEC,0-1_days,True,True,True,2089004,2056,1542,L,0fb598fce81e15f8ad13fc159cc8e365b09947b787360aef13be772489fe75da,ec46ec46e246e946e98ef305f607f406fc06fd07ec06f606f946f946f886f886
data/raw/ooc/OOC_image_dataset/train/good/cell_type_HPMEC/0-1_days/230523_65.png,230523_65,230523,train,good,HPMEC,0-1_days,1,HPMEC,0-1_days,True,True,True,2134084,2056,1542,L,edc65d33f82e0f7ccb416f5ddfb741ef3a15660eadec438e3b7b0ace09b3b2c3,f90cf98cf58cf78cf18cf98cf90cf50cf44cf48ef70ef60ef48cec8de20cf30c
data/raw/ooc/OOC_image_dataset/train/good/cell_type_HPMEC/0-1_days/230523_67.png,230523_67,230523,train,good,HPMEC,0-1_days,1,HPMEC,0-1_days,True,True,True,2002513,2056,1542,L,6eeef99047445077da3421da36586edb2860601406b8a2a260bc57203906d29a,ec8cec8cfc8cf98cf60cf58cf88cf88cf84cf80ce00ce10ce40cf40cf90cf04c
data/raw/ooc/OOC_image_dataset/train/good/cell_type_HPMEC/0-1_days/230523_70.png,230523_70,230523,train,good,HPMEC,0-1_days,1,HPMEC,0-1_days,True,True,True,1979902,2056,1542,L,29bce83b536550ec0315d2497c9d24377b55506c3e50ce5228de1b19193fddd3,eb06e106e706c686e607ee86ed06d986d906cc06e604f406d006fc86cc86cc86
data/raw/ooc/OOC_image_dataset/train/good/cell_type_HPMEC/0-1_days/230523_72.png,230523_72,230523,train,good,HPMEC,0-1_days,1,HPMEC,0-1_days,True,True,True,1923033,2056,1542,L,0c6eda194f697bb91b84c45c2c86fd519d407cf9e00f41d02a4ad0fbc0953fc5,ea867a067c06588672867b863a665e667a267b6673065106590679867c866d86
data/raw/ooc/OOC_image_dataset/train/good/cell_type_HPMEC/0-1_days/230523_73.png,230523_73,230523,train,good,HPMEC,0-1_days,1,HPMEC,0-1_days,True,True,True,1873713,2056,1542,L,bd6a1c3f97d8e6935bb1f9bb6e2b6bec4258fbda7d8098b6ccb4c7f426199565,7c867d077c86fc86f886f886788e3c8c6d0edc0cd80cd48cdd0eb90edc0ff10d
data/raw/ooc/OOC_image_dataset/train/good/cell_type_HPMEC/0-1_days/230523_75.png,230523_75,230523,train,good,HPMEC,0-1_days,1,HPMEC,0-1_days,True,True,True,1922380,2056,1542,L,45b94da15f2407b32a4636b0299b900f291d9297e3c9b98f61cf93237c890558,6e310e318e33ceb3ce63cee30ee34ee3cfa3cfc3cfc3cf438fc30fc3cfa3cfc3
data/raw/ooc/OOC_image_dataset/train/good/cell_type_HPMEC/0-1_days/230523_77.png,230523_77,230523,train,good,HPMEC,0-1_days,1,HPMEC,0-1_days,True,True,True,1868916,2056,1542,L,8003693db8e5fe5e029d2c94a1c6fbfda713b4296dd80b9ca816737be7ae2a72,cec3cec3ce87cf838f870f870fc3ce87cf83cf838f838f87cec3cf47cf874fc7
data/raw/ooc/OOC_image_dataset/train/good/cell_type_HPMEC/0-1_days/230523_80.png,230523_80,230523,train,good,HPMEC,0-1_days,1,HPMEC,0-1_days,True,True,True,1921884,2056,1542,L,10935e7c29e225bcb6ec1509e17c2f5230f8a1643be629b36d54439cb6dab937,cf878fa7cf078f078f878f878f878f870fc74fc74f838f838fe38e638e23cf03
data/raw/ooc/OOC_image_dataset/train/good/cell_type_HPMEC/0-1_days/230523_82.png,230523_82,230523,train,good,HPMEC,0-1_days,1,HPMEC,0-1_days,True,True,True,1821361,2056,1542,L,b6bc9f64132a38a4e971fe6457e1f14a58436a45435cf5cb40d15fd4feba1bb9,cfc1cfc1cfa1ce614c714c91cd89c9494909c949cdd1cc91cc318d918f01cd21
data/raw/ooc/OOC_image_dataset/train/good/cell_type_HPMEC/0-1_days/230523_84.png,230523_84,230523,train,good,HPMEC,0-1_days,1,HPMEC,0-1_days,True,True,True,1788080,2056,1542,L,c129ef848e2d4d72c5cf35b8f024b2a16914b7a127f02d095153afa27efaa408,c723c7a3c6e3c7e30f670fa38f830f838f830f838fa34f834f834ea34ec346c3
data/raw/ooc/OOC_image_dataset/train/good/cell_type_HPMEC/0-1_days/230523_86.png,230523_86,230523,train,good,HPMEC,0-1_days,1,HPMEC,0-1_days,True,True,True,1832927,2056,1542,L,0fb7d2c53934366140a8492ee3c1f74360f58b069c754c713ef2ba16de90dfda,c6c3c6c386a387e3c783c6a3c6a747a74783c6c38783870387c7c707c787c787
data/raw/ooc/OOC_image_dataset/train/good/cell_type_HPMEC/0-1_days/230523_87.png,230523_87,230523,train,good,HPMEC,0-1_days,1,HPMEC,0-1_days,True,True,True,1760189,2056,1542,L,316060708ef864f2c7b46c1df629f79ca2dbeeaa0396413721da05021cd06abe,47c747e747e74687c687c7c7c7878787c727c78707c747c7c7c7c785c7c587c5
data/raw/ooc/OOC_image_dataset/train/good/cell_type_HPMEC/0-1_days/230523_88.png,230523_88,230523,train,good,HPMEC,0-1_days,1,HPMEC,0-1_days,True,True,True,1666048,2056,1542,L,a55b95732740f886baeda6db43e55f080459372fd7d09185159d4166a5e2c8d7,87c787c5c78547c747cdc7cf47cb078b4703478347034683c6c746c386c3c6c3
data/raw/ooc/OOC_image_dataset/train/good/cell_type_HPMEC/0-1_days/230523_92.png,230523_92,230523,train,good,HPMEC,0-1_days,1,HPMEC,0-1_days,True,True,True,1766392,2056,1542,L,3bafe51e8603b8ccfc79a7749dfc1cb0adb5dcc0772b14fbeb94b648b33af392,8e638f638f238e038e438e030e330e238f830cc38e938e338ca30ea34ae34ae3
data/raw/ooc/OOC_image_dataset/train/good/cell_type_HPMEC/2-3_days/230216_2.png,230216_2,230216,train,good,HPMEC,2-3_days,1,HPMEC,2-3_days,True,True,True,4980390,2048,1536,RGB,688eecab3662d5052b35ea84d1815b73d8049ba80994a9f50fa9c1163e11bfdb,fb03ff03fd83fd03fe83f683fa03fe03fe81f681fe01fb017b817f017d017a41
data/raw/ooc/OOC_image_dataset/train/good/cell_type_HPMEC/2-3_days/230216_3.png,230216_3,230216,train,good,HPMEC,2-3_days,1,HPMEC,2-3_days,True,True,True,5349936,2048,1536,RGB,4c714529164c713d83420eab8f3992e6f9d02c93d3c8187d28ddeb908727e248,350f860ed307cb06b606b407d506c306be07dc87cc83d583e703e683e383f383
data/raw/ooc/OOC_image_dataset/train/good/cell_type_HPMEC/2-3_days/230216_4.png,230216_4,230216,train,good,HPMEC,2-3_days,1,HPMEC,2-3_days,True,True,True,5286989,2048,1536,RGB,b958609767bb53c16b5508b4ac2e6b7d9948743a0aa9a7f435953123c39e024f,f383f383f703ff43fd07fe87fc03f603f403f483fc03f303f903fa07f103f503
data/raw/ooc/OOC_image_dataset/train/good/cell_type_HPMEC/2-3_days/230216_5.png,230216_5,230216,train,good,HPMEC,2-3_days,1,HPMEC,2-3_days,True,True,True,5237579,2048,1536,RGB,01c83f2bb93874f4c836575b1b815bf2dd6dbe6517406bbba8892e6daa97bef5,fe80ff40ff00fc40fcc0f8c0fec0f640fec0fe00fe02ff40bf60fd40b902fd20
data/raw/ooc/OOC_image_dataset/train/good/cell_type_HPMEC/2-3_days/230216_6.png,230216_6,230216,train,good,HPMEC,2-3_days,1,HPMEC,2-3_days,True,True,True,5221551,2048,1536,RGB,4a54d8969f7497acd8b62e93a199317032bb3fee4d3abbeb471752c49d556b52,ab0dca0fea0ee90fe60fae0fde0e8c0ea40f881f960ddb0dd40de00c700c640c
data/raw/ooc/OOC_image_dataset/train/good/cell_type_HPMEC/2-3_days/230315_11.png,230315_11,230315,train,good,HPMEC,2-3_days,1,HPMEC,2-3_days,True,True,True,2183569,2056,1542,L,f7f88b45960f4456d11963aac9fb4e15995c542a2a910091ef812b01dfca02ff,cf80cf828f884f824f828f128e000e884dc8cd80cd8a0d8a0d0a8d0a8f428f4a
data/raw/ooc/OOC_image_dataset/train/good/cell_type_HPMEC/2-3_days/230315_12.png,230315_12,230315,train,good,HPMEC,2-3_days,1,HPMEC,2-3_days,True,True,True,2195690,2056,1542,L,200fa7d761a124adad37180d1e1cd11cf43f97375fb6ff72aa269e7dc364fee6,cf8acf8acf828fc88cc08dc88fc2de82de829e82dec25d809f389f189f189e08
data/raw/ooc/OOC_image_dataset/train/good/cell_type_HPMEC/2-3_days/230315_13.png,230315_13,230315,train,good,HPMEC,2-3_days,1,HPMEC,2-3_days,True,True,True,2148699,2056,1542,L,180865349ef346a693b9ef623c8d1138f1f2f1fd01b736a28b95a56ee0c59c82,df309f309f109fc89f889d809d809d889f689f689f989f089f489b089d889f08
data/raw/ooc/OOC_image_dataset/train/good/cell_type_HPMEC/2-3_days/230315_14.png,230315_14,230315,train,good,HPMEC,2-3_days,1,HPMEC,2-3_days,True,True,True,2054565,2056,1542,L,ca773ae9810a2ca76139a249c74787ae47f1c731b3d827619af4a9c7b8447b5f,df10df909b90db809bc09f10df11db819f899f819e819ec11ec11f019f019b41
data/raw/ooc/OOC_image_dataset/train/good/cell_type_HPMEC/2-3_days/230315_15.png,230315_15,230315,train,good,HPMEC,2-3_days,1,HPMEC,2-3_days,True,True,True,2123497,2056,1542,L,a37fa5b87c033f5170de65f85eba1ea080a1342a45f003970af3607a9a7c7173,9a419ec15e815e815d811d811bc11fc99f419d919e919b919d219f319f919f81
data/raw/ooc/OOC_image_dataset/train/good/cell_type_HPMEC/2-3_days/230315_17.png,230315_17,230315,train,good,HPMEC,2-3_days,1,HPMEC,2-3_days,True,True,True,2104274,2056,1542,L,bba55da67dabf426f2ac33eb78f38f5d77250a94bea32360fede2f852e0feb78,1e831f03bf831f03170317a317a3179317c397c3964397639f839f239f639da3
data/raw/ooc/OOC_image_dataset/train/good/cell_type_HPMEC/2-3_days/230315_18.png,230315_18,230315,train,good,HPMEC,2-3_days,1,HPMEC,2-3_days,True,True,True,2208755,2056,1542,L,18de575fc0c5b4b6564ee4c2fff830fed9795e3bcb1d9e7678f1f5d3ceb46d16,9c039c939c939cc39e831f139f139b039a0398039a039903998399079b879907
data/raw/ooc/OOC_image_dataset/train/good/cell_type_HPMEC/2-3_days/230315_20.png,230315_20,230315,train,good,HPMEC,2-3_days,1,HPMEC,2-3_days,True,True,True,2092273,2056,1542,L,23d70a07596480efdb78517123a1c30185854cbba911371d67558299dfc7b009,9f909fd09d209db09d901d809d801da01d601d409ec09fc09fc09ec09ec09fc0
data/raw/ooc/OOC_image_dataset/train/good/cell_type_HPMEC/2-3_days/230315_3.png,230315_3,230315,train,good,HPMEC,2-3_days,1,HPMEC,2-3_days,True,True,True,2146983,2056,1542,L,dbc6640f41b769598c0e7f8bf1bf3c6852630a4df54c433c0483e19ab3081fc4,cd81cdc1cec18e818e418f218d618ce18f618f61cfa1cf814c714cb90999c9c9
data/raw/ooc/OOC_image_dataset/train/good/cell_type_HPMEC/2-3_days/230315_37.png,230315_37,230315,train,good,HPMEC,2-3_days,1,HPMEC,2-3_days,True,True,True,2215842,2056,1542,L,ac45a71b4e78078debc1a3b4ffc421a4aa1818f9fd33fd43846746a1097bd170,9f831f231f039f839e839f039fc39f835f835f034d434e434e434ec34fa34f23
data/raw/ooc/OOC_image_dataset/train/good/cell_type_HPMEC/2-3_days/230315_39.png,230315_39,230315,train,good,HPMEC,2-3_days,1,HPMEC,2-3_days,True,True,True,2118627,2056,1542,L,0c40de423126969ca868ecfaf34dcce8280f2f1e48b47e16955aa7bdefb3a66d,1e039d839b93999b1d03bf03bd633ec3bd83bd03bc03be639b639ec39ec39e43
data/raw/ooc/OOC_image_dataset/train/good/cell_type_HPMEC/2-3_days/230315_4.png,230315_4,230315,train,good,HPMEC,2-3_days,1,HPMEC,2-3_days,True,True,True,2161249,2056,1542,L,499b6027c295dbd4e6be0f244d825d88906262bb6328ba5f03d817b0bd29f155,cf80cee0cf60ceb0ceb0cfd1cf51cf81cf81cfc18fc18f69cf61cfa1cfa18fa1
data/raw/ooc/OOC_image_dataset/train/good/cell_type_HPMEC/2-3_days/230315_42.png,230315_42,230315,train,good,HPMEC,2-3_days,1,HPMEC,2-3_days,True,True,True,2204492,2056,1542,L,6a064d3b5c9639d42194bed65e72dd33d95848f18b1a9b30cdc38dc9b3c38d20,31c639463b063b063b863d863b063f063c072c072e062a072a0728062f062b06
data/raw/ooc/OOC_image_dataset/train/good/cell_type_HPMEC/2-3_days/230315_43.png,230315_43,230315,train,good,HPMEC,2-3_days,1,HPMEC,2-3_days,True,True,True,2241041,2056,1542,L,1081789add57a6763efb5a56fac19e1841de7bb387cef563992d5e054f19b378,2c062c062e072e072d062c862c062e062c062cc62c862d86298669c769072486
data/raw/ooc/OOC_image_dataset/train/good/cell_type_HPMEC/2-3_days/230315_45.png,230315_45,230315,train,good,HPMEC,2-3_days,1,HPMEC,2-3_days,True,True,True,2309460,2056,1542,L,2626c970ceb3c6b12b64ab25630bbd23cca2da6ad64c682002512adf1099c899,2a062a062e862a8639063c063c063d063a062c166e126c1769066c066c066ca6
data/raw/ooc/OOC_image_dataset/train/good/cell_type_HPMEC/2-3_days/230315_46.png,230315_46,230315,train,good,HPMEC,2-3_days,1,HPMEC,2-3_days,True,True,True,2286017,2056,1542,L,7211a81ffcb2fccb2ca9511c8a21ce81019d9d5babd5aad24721673680a9c742,2a0228c22d426e026c026e023e022f02670269037b237b0278136c037f037a03
data/raw/ooc/OOC_image_dataset/train/good/cell_type_HPMEC/2-3_days/230315_47.png,230315_47,230315,train,good,HPMEC,2-3_days,1,HPMEC,2-3_days,True,True,True,1922420,2056,1542,L,fee0f9ec4e27fe3248b30a188767ccda7b0efd66912021bc49512478af28771e,9f8c1f8c3d8c3c8c3c8c368c3e4c330e3a8c398c390c398c3b8c3b4c3b0c3f8c
data/raw/ooc/OOC_image_dataset/train/good/cell_type_HPMEC/2-3_days/230315_48.png,230315_48,230315,train,good,HPMEC,2-3_days,1,HPMEC,2-3_days,True,True,True,1958608,2056,1542,L,cb1008ba1cb8129a67e51e1a1b908f8656656600b58677510f44cc81b493e037,3b8c3d8c3a8c3bcc3acc3bcc7a8c788c7c4c7d0c790c7b4c7b4c7e4c7b4c7b4c
data/raw/ooc/OOC_image_dataset/train/good/cell_type_HPMEC/2-3_days/230315_49.png,230315_49,230315,train,good,HPMEC,2-3_days,1,HPMEC,2-3_days,True,True,True,1934491,2056,1542,L,2c1dc205ba9c0a06b25b0474708b6bc5cc977cca2dbe43082bd5aeade968a77b,7b4c7b4c7b4e7b6c76ec76cc7ecc7b6c7f6c7d0c7c8c7ecc7ccc5acc798c5c0c
data/raw/ooc/OOC_image_dataset/train/good/cell_type_HPMEC/2-3_days/230315_5.png,230315_5,230315,train,good,HPMEC,2-3_days,1,HPMEC,2-3_days,True,True,True,2135623,2056,1542,L,d2a1ea159d33e1f1704fce990d9522813528a9fd0f2343fa597d8d46d7d96d1e,cf50cdc04ce04cb0cd30cf308f40cf10cf804fc04fc08fe08f20cd60cd20cf60
data/raw/ooc/OOC_image_dataset/train/good/cell_type_HPMEC/2-3_days/230315_51.png,230315_51,230315,train,good,HPMEC,2-3_days,1,HPMEC,2-3_days,True,True,True,1861938,2056,1542,L,a0fdf2412f8cdd939a961188d0b5c93448fd73ca133774cae114053e506a95a2,560c568c778c770d772c732c706c586c59ec53cc5f4e5f2c5d2c718c5a8c58cc
data/raw/ooc/OOC_image_dataset/train/good/cell_type_HPMEC/2-3_days/230315_52.png,230315_52,230315,train,good,HPMEC,2-3_days,1,HPMEC,2-3_days,True,True,True,1869915,2056,1542,L,174d645fb4a7af2f0a12d333abd9c02bfbd68bdaad4cd35a5afb2b6dc4873b54,5d845e845e8458a4548c5c8c5c24588e560c510c598c57ad758c790c524c524c
data/raw/ooc/OOC_image_dataset/train/good/cell_type_HPMEC/2-3_days/230315_54.png,230315_54,230315,train,good,HPMEC,2-3_days,1,HPMEC,2-3_days,True,True,True,1873412,2056,1542,L,e2ce48fe8d4796791ac9e1fcaaacf7079631415a94535c5daa73bffefa2d4411,72465a4655c759c659c6d946d246d8c6fc46f606de06dc66f5e6f804f944de46
data/raw/ooc/OOC_image_dataset/train/good/cell_type_HPMEC/2-3_days/230315_55.png,230315_55,230315,train,good,HPMEC,2-3_days,1,HPMEC,2-3_days,True,True,True,1933063,2056,1542,L,9c62a8e81aceb679d124ab13d71d50b9cda1a2af8a450a9ebb23af6033b88e03,75065a065a467c0678a65e864e465e067a867c2776a77284728c528c520c594c
data/raw/ooc/OOC_image_dataset/train/good/cell_type_HPMEC/2-3_days/230315_6.png,230315_6,230315,train,good,HPMEC,2-3_days,1,HPMEC,2-3_days,True,True,True,2127259,2056,1542,L,7c5623f8ae1123e0877e994bf56c3f0a9c65b13f9b5c73e59053d865c74e0859,cd80cfc08fc0cf48cf404fe04fa04f824f884fc04fc00e604c604e604e60cf00
data/raw/ooc/OOC_image_dataset/train/good/cell_type_HPMEC/2-3_days/230315_65.png,230315_65,230315,train,good,HPMEC,2-3_days,1,HPMEC,2-3_days,True,True,True,1790304,2056,1542,L,bf1b3f685adfd89c7688894d2a606f5f98ce2c7273c5ab84f366d7390edc9826,8783c7c3c7c3cfc3cf43ce638ce38cf3ccf3ccb38e238e138e534e034f03ce83
data/raw/ooc/OOC_image_dataset/train/good/cell_type_HPMEC/2-3_days/230315_67.png,230315_67,230315,train,good,HPMEC,2-3_days,1,HPMEC,2-3_days,True,True,True,1827787,2056,1542,L,85059286959ae05252488882b611d7389fe11b687bdadd1b9e18e13737f55def,cfc98fc18f818f018f818f41cf014fc1cf81cf81cf810f41af61af61af418dc1
data/raw/ooc/OOC_image_dataset/train/good/cell_type_HPMEC/2-3_days/230315_7.png,230315_7,230315,train,good,HPMEC,2-3_days,1,HPMEC,2-3_days,True,True,True,2151133,2056,1542,L,de70a1f7291025e1a4c6d6aeabe4670a0bbd19bab14c2abd7d293ea5110d73be,4fc00f822fe04fc0cfc0cfc0cfc0cf80cf004f804f624fc0cfc0cfe04f824fa2
data/raw/ooc/OOC_image_dataset/train/good/cell_type_HPMEC/2-3_days/230315_71.png,230315_71,230315,train,good,HPMEC,2-3_days,1,HPMEC,2-3_days,True,True,True,1808525,2056,1542,L,c79b0c42b19342765236dd7da0fa56fd8b502285307fae790b7bb5de3f7c7310,8f018f015f815fd99d899f819e919f619e619e819e899ea19f219da19e61de61
data/raw/ooc/OOC_image_dataset/train/good/cell_type_HPMEC/2-3_days/230315_83.png,230315_83,230315,train,good,HPMEC,2-3_days,1,HPMEC,2-3_days,True,True,True,1953009,2056,1542,L,24adb96cbdd0aaeba7236025988659c6f91d253f01af054e616d6882cb465f16,3b8639863ec63f4639e639663bc639c63ca63c263e863da639a63b663b263926
data/raw/ooc/OOC_image_dataset/train/good/cell_type_HPMEC/2-3_days/230315_85.png,230315_85,230315,train,good,HPMEC,2-3_days,1,HPMEC,2-3_days,True,True,True,2008495,2056,1542,L,98e7d216d1d6b09b6125a5e9b266e455ecf960cc11e675df42f41cf4a9c0281a,2e8628862a062a462ea62b463906698629c72d8729a668e668e66d066f066706
data/raw/ooc/OOC_image_dataset/train/good/cell_type_HPMEC/2-3_days/230315_86.png,230315_86,230315,train,good,HPMEC,2-3_days,1,HPMEC,2-3_days,True,True,True,1985565,2056,1542,L,fe8dfb84b92ca006b3096cb0876005aae9f280c69a3e96c344b4dbb437399e94,2f06660627c62b862b073b86398639266c266ce66be66f666ea6788678866846
data/raw/ooc/OOC_image_dataset/train/good/cell_type_HPMEC/2-3_days/230315_89.png,230315_89,230315,train,good,HPMEC,2-3_days,1,HPMEC,2-3_days,True,True,True,1956558,2056,1542,L,39c28ec75297955c82a87ea20cfde1dd10fa78f98eb5bb44d69599e3a68cfb9e,72a67966686768c778c768e66966794678467e067f077e067e667ec67d2674a6
data/raw/ooc/OOC_image_dataset/train/good/cell_type_HPMEC/2-3_days/230315_90.png,230315_90,230315,train,good,HPMEC,2-3_days,1,HPMEC,2-3_days,True,True,True,1909507,2056,1542,L,40ed857f026a24bfaf61cfb530a6c0d825749ff8758c505f7852b518f3615f00,72267e067d067d667a467e466e266e267e067f467ea67ae638c63a0629066906
data/raw/ooc/OOC_image_dataset/train/good/cell_type_HPMEC/2-3_days/230510_1.png,230510_1,230510,train,good,HPMEC,2-3_days,1,HPMEC,2-3_days,True,True,True,1815291,2056,1542,L,d7490c8b1b8ee9c779e04db15656b27a84345130a2593e940988f59589c81205,eec36ec30ec30f63cc3bcc3bce83ce93ce83cf83cfa3cfe3cfd3cf83cd03cdc3
data/raw/ooc/OOC_image_dataset/train/good/cell_type_HPMEC/2-3_days/230510_10.png,230510_10,230510,train,good,HPMEC,2-3_days,1,HPMEC,2-3_days,True,True,True,1872388,2056,1542,L,f3b75b62f9fe81e89dc171fa18c5a722c1dd97291e025b2a31fea3b72116579e,38863f463b07393739373a363a8639073b262aa628e729c728c638e63de738a7
data/raw/ooc/OOC_image_dataset/train/good/cell_type_HPMEC/2-3_days/230510_11.png,230510_11,230510,train,good,HPMEC,2-3_days,1,HPMEC,2-3_days,True,True,True,1810308,2056,1542,L,daa83bd267ada74784d7eb91e69f1a09ead8a886cfffb760f29bef69dc5ab944,2a462f473f662f263da63f273fa63fe77fe67fe67fe77ec77e677a677e657927
data/raw/ooc/OOC_image_dataset/train/good/cell_type_HPMEC/2-3_days/230510_14.png,230510_14,230510,train,good,HPMEC,2-3_days,1,HPMEC,2-3_days,True,True,True,1849473,2056,1542,L,d12f8a6e7c49cb19189c2e87b6c02a84529d9d97be172ee363232ee5079b4188,ccc2ce464e164f464fc65e465f061f265f365f065b061fc61f469b861ea69e26
data/raw/ooc/OOC_image_dataset/train/good/cell_type_HPMEC/2-3_days/230510_15.png,230510_15,230510,train,good,HPMEC,2-3_days,1,HPMEC,2-3_days,True,True,True,1844662,2056,1542,L,8803148f86c18c174a01ff1d15160cb9bbcfdfe60bc7bf460fe9e6a84c623e61,9a269b169d169d261ca61da61d86982699c69ec61f079c479c469fc6998699c6
data/raw/ooc/OOC_image_dataset/train/good/cell_type_HPMEC/2-3_days/230510_16.png,230510_16,230510,train,good,HPMEC,2-3_days,1,HPMEC,2-3_days,True,True,True,1799383,2056,1542,L,0571d3dac86b9da99ec7a25bc43456e5943a462fa30bb0750f4793645c9a0815,99c699c79c469e66982798e69cc698e6992793b793b79337912790e791e792e7
data/raw/ooc/OOC_image_dataset/train/good/cell_type_HPMEC/2-3_days/230510_17.png,230510_17,230510,train,good,HPMEC,2-3_days,1,HPMEC,2-3_days,True,True,True,1859465,2056,1542,L,0a05450c511a5d174530903383ac64bf21dbfc65b9da6dbda9a02a2abafe6772,99c799c799a79da69ec796c79ac73bc7b7c735a639a731e7b9c739c636e73587
data/raw/ooc/OOC_image_dataset/train/good/cell_type_HPMEC/2-3_days/230510_20.png,230510_20,230510,train,good,HPMEC,2-3_days,1,HPMEC,2-3_days,True,True,True,1885714,2056,1542,L,c80a62e84c42726fddcfd26a803385ca5d0107770ad0e066923577d93dbb7f26,3d8e3c0c3c4c344c36ce760c760c718d768c768c768e778c774c764c73cc718c
data/raw/ooc/OOC_image_dataset/train/good/cell_type_HPMEC/2-3_days/230510_21.png,230510_21,230510,train,good,HPMEC,2-3_days,1,HPMEC,2-3_days,True,True,True,1807444,2056,1542,L,3d30e48e4a3eae55d439cca6bb1fe82ff2b674ca63dce6686179873b21f6d94b,cfc3cf82cf030f030f2303438b83cdc3ccd3ce330e23cd838f438cc34d238d23
data/raw/ooc/OOC_image_dataset/train/good/cell_type_HPMEC/2-3_days/230510_22.png,230510_22,230510,train,good,HPMEC,2-3_days,1,HPMEC,2-3_days,True,True,True,1920468,2056,1542,L,b0a1747b0aca824d4bc555c78cddb0f2fc9f8eb9bf7d605f36756d2b48197e8b,c963cd23cd43cf238e138ec34e234d230e238e638e63ce63cee3cae3ce23ce03
data/raw/ooc/OOC_image_dataset/train/good/cell_type_HPMEC/2-3_days/230510_23.png,230510_23,230510,train,good,HPMEC,2-3_days,1,HPMEC,2-3_days,True,True,True,1864097,2056,1542,L,697720eeba74e034b764416eef48ade0d6fc66c22b7e9137f11debf9051ad7a5,ce63c9a3cdc3cdc2cd23cda28da2cd22cc22ce624b620b321e221c439a82da82
data/raw/ooc/OOC_image_dataset/train/good/cell_type_HPMEC/2-3_days/230510_3.png,230510_3,230510,train,good,HPMEC,2-3_days,1,HPMEC,2-3_days,True,True,True,1921554,2056,1542,L,426131fafed9765022b9309cc96b45e1685514e2ae9973cd4aa3ffc1e734390a,cf03cf13cf93cf93cf93cf03cf43cca3cfa38d238e638e438ce38e438fc38dc3
data/raw/ooc/OOC_image_dataset/train/good/cell_type_HPMEC/2-3_days/230510_30.png,230510_30,230510,train,good,HPMEC,2-3_days,1,HPMEC,2-3_days,True,True,True,1681959,2056,1542,L,0bd1bce4a189ca72dff196a81d2ffbf4e9c778619e535238b216076133094610,de0edc069c868f86cf861b061b07180798479c279c269c269e069c061d2699a6
data/raw/ooc/OOC_image_dataset/train/good/cell_type_HPMEC/2-3_days/230510_33.png,230510_33,230510,train,good,HPMEC,2-3_days,1,HPMEC,2-3_days,True,True,True,1784191,2056,1542,L,5844dbd2823f77c68f0424e30a0982fad1c8d08456fbdbdc0fdccbc0e261037a,99269c269c271b0617261ec69e4696c693c693c69e461ec69a67166697679317
data/raw/ooc/OOC_image_dataset/train/good/cell_type_HPMEC/2-3_days/230510_6.png,230510_6,230510,train,good,HPMEC,2-3_days,1,HPMEC,2-3_days,True,True,True,1924521,2056,1542,L,e85fcd8a61f66ab8784a531caf2549cb8b63b01935b53146d4e2781d0a3825a3,99a298f399c39cd39dd39c839f639e631d829d9299139bb39c9299929ca29ca2
data/raw/ooc/OOC_image_dataset/train/good/cell_type_HPMEC/2-3_days/230510_7.png,230510_7,230510,train,good,HPMEC,2-3_days,1,HPMEC,2-3_days,True,True,True,1915732,2056,1542,L,bc46ef311b924475cf9e142b2effc3de11276595652835a69a6ab266f2e24a44,9a929fa299a29b42998399839b839b4398429922199699b69b47b946b946bd16
data/raw/ooc/OOC_image_dataset/train/good/cell_type_HPMEC/2-3_days/230510_9.png,230510_9,230510,train,good,HPMEC,2-3_days,1,HPMEC,2-3_days,True,True,True,1893973,2056,1542,L,16ff30c44cded5ed31fe8b8ef80f153383b244400c9f8caba4c32b1ecc1a0b2b,be96bb16bf263ac62b86398639062b4639473cc73ac63e86398638e639c63986
data/raw/ooc/OOC_image_dataset/train/good/cell_type_HPMEC/2-3_days/230524_103.png,230524_103,230524,train,good,HPMEC,2-3_days,1,HPMEC,2-3_days,True,True,True,1719884,2056,1542,L,af090ea74ac46c7c93ea7ad80e8539badd7b8d90358a2cf1c0b8bba3c562d1b0,071e871e861e861e8e1e8e1e8e9e8e9e8c9e8c9e8c9e8c9e8e1e8e1e8f1e0f1e
data/raw/ooc/OOC_image_dataset/train/good/cell_type_HPMEC/2-3_days/230524_2.png,230524_2,230524,train,good,HPMEC,2-3_days,1,HPMEC,2-3_days,True,True,True,2132500,2056,1542,L,bfb8055ba79a4f3ba3f93f4b6d09a7b04d0662e24c3c5aaa8cf55b0350e39da4,db93d9a1d9e1d9e3dd435d835f435e431e035e835e21de219f21dd21dd61dd61
data/raw/ooc/OOC_image_dataset/train/good/cell_type_HPMEC/2-3_days/230524_32.png,230524_32,230524,train,good,HPMEC,2-3_days,1,HPMEC,2-3_days,True,True,True,2161434,2056,1542,L,3419bb4e45170bad1b19fd17f8b11e38518c6d2fbcfae4d5a87b2f08887aaa2a,d872d872de72d972de72df62dc72de72de72de62df62df62df42db42db52db52
data/raw/ooc/OOC_image_dataset/train/good/cell_type_HPMEC/2-3_days/230524_37.png,230524_37,230524,train,good,HPMEC,2-3_days,1,HPMEC,2-3_days,True,True,True,1977322,2056,1542,L,34e825dd2c0cf33585a84383ba674882cab7a2857d80353956a90d63012efde3,ceb3ceb3ce33cd338de30de39d239d339d139e339e639c739c539f339c339c33
data/raw/ooc/OOC_image_dataset/train/good/cell_type_HPMEC/2-3_days/230524_38.png,230524_38,230524,train,good,HPMEC,2-3_days,1,HPMEC,2-3_days,True,True,True,2104387,2056,1542,L,8ca05fcad9a082e5fd9a7eb1e973e300ac0044f3a768c342ab1a77547665d6e6,9c639c539d939b139d9318d31e639e639e639e039e039e039e639c639ca39e63
data/raw/ooc/OOC_image_dataset/train/good/cell_type_HPMEC/2-3_days/230524_47.png,230524_47,230524,train,good,HPMEC,2-3_days,1,HPMEC,2-3_days,True,True,True,1770703,2056,1542,L,c58fd0c40ad8959975bf265b90f4b44e1bea65659f0ffe9ecf2615b687a86954,39163d163f163f1e3a0f3b0f3f0e3b0e3b0e3f0e3f8e3d9e3f1e3e9e3b1e3b16
data/raw/ooc/OOC_image_dataset/train/good/cell_type_HPMEC/2-3_days/230524_49.png,230524_49,230524,train,good,HPMEC,2-3_days,1,HPMEC,2-3_days,True,True,True,1820786,2056,1542,L,8d62dae21d60683824907d0f9ac19d327087f751059768fce4fd3f11d525410a,3dce3e873e0e3b463b073b0e398e3c8e3c8e3cce3e4c3b4c3b0d3a4f3a4e3a0e
data/raw/ooc/OOC_image_dataset/train/good/cell_type_HPMEC/2-3_days/230524_51.png,230524_51,230524,train,good,HPMEC,2-3_days,1,HPMEC,2-3_days,True,True,True,1919015,2056,1542,L,0564e1357ac14feb696d408c6b11cd1bb2a8a3cd488f4ff1ace89021c749c588,39ce39ce39ce3a8e3f0e3d8e3cce3ece3e863e863f0e3a4e38c63904398c3986
data/raw/ooc/OOC_image_dataset/train/good/cell_type_HPMEC/2-3_days/230524_52.png,230524_52,230524,train,good,HPMEC,2-3_days,1,HPMEC,2-3_days,True,True,True,1953899,2056,1542,L,0f509f780d3f5bf0976e7d16a46bd7589fced13c77dec2bfeb21cdbce5151552,3f063f063f073f073f063d863c8638c63ac63e463e473e073f863a063a463a46
data/raw/ooc/OOC_image_dataset/train/good/cell_type_HPMEC/2-3_days/230524_54.png,230524_54,230524,train,good,HPMEC,2-3_days,1,HPMEC,2-3_days,True,True,True,2060405,2056,1542,L,cd4b51751cd7e409c1eadad81812e5ed5075ac2c63a079ee55d264469bcd6d1c,3b0e3b863f8e3d8e3e9e3e1e3e0e3d8e3f8e3e0e3d8c398e398e3e8c3e0c3f0c
data/raw/ooc/OOC_image_dataset/train/good/cell_type_HPMEC/2-3_days/230524_69.png,230524_69,230524,train,good,HPMEC,2-3_days,1,HPMEC,2-3_days,True,True,True,2004483,2056,1542,L,cf6a607bad5f4233305815f49dd39cbdeeb912101de72226396927cff905f94a,f207f306f307fb07f907fa47ea27ea07f847f107e907f9c7f247f647ee47ee27
data/raw/ooc/OOC_image_dataset/train/good/cell_type_HPMEC/2-3_days/230524_72.png,230524_72,230524,train,good,HPMEC,2-3_days,1,HPMEC,2-3_days,True,True,True,2108064,2056,1542,L,14d83af80654fdac0af83f8b38b3846e66a0550575affb952bc8c9e75633927e,66314e334e334e33ce63ce63ce634d234de3cfa3cfc38fc3ce43cfc34fc3cd83
data/raw/ooc/OOC_image_dataset/train/good/cell_type_HPMEC/2-3_days/230524_73.png,230524_73,230524,train,good,HPMEC,2-3_days,1,HPMEC,2-3_days,True,True,True,1977584,2056,1542,L,b894bf3e2c16ace3f61c8afa7de4b1051ab286a0f0a4d94619f87e66e0fa9086,cd83cfc3cf43cfc3cfa3cf23cf83cf03ce47ce67ce37ceb5ce67ce67cec78ec7
data/raw/ooc/OOC_image_dataset/train/good/cell_type_HPMEC/2-3_days/230524_74.png,230524_74,230524,train,good,HPMEC,2-3_days,1,HPMEC,2-3_days,True,True,True,2009568,2056,1542,L,6d2d0dfb425ffca1471ab7b92fe974089e6d1c74fe6cceaf7650d1bd2abf4de1,8e37ce57ce77cf278f078f070f070f87cf87ce87cf87cf87cf87cf07cf87cf87
data/raw/ooc/OOC_image_dataset/train/good/cell_type_HPMEC/2-3_days/230524_75.png,230524_75,230524,train,good,HPMEC,2-3_days,1,HPMEC,2-3_days,True,True,True,1977765,2056,1542,L,2e52f8f708f37c6ec787c38f010edfaec20b1e34c30e2692f4b188034be7978c,cfc7ce874d874c474ec7cfc3cf83cf834f034f230fc70fc60fc787c71bc79b87
data/raw/ooc/OOC_image_dataset/train/good/cell_type_HPMEC/2-3_days/230524_76.png,230524_76,230524,train,good,HPMEC,2-3_days,1,HPMEC,2-3_days,True,True,True,1906859,2056,1542,L,c52b43ab883d66eaa3fb5db778d538b208038a1fc302bbb3b02fb20349f08334,9bc39bc3cb87cf878f8787c70fc70fc78f87cf07cf074f870f870f878dc70d07
data/raw/ooc/OOC_image_dataset/train/good/cell_type_HPMEC/2-3_days/230524_77.png,230524_77,230524,train,good,HPMEC,2-3_days,1,HPMEC,2-3_days,True,True,True,1990790,2056,1542,L,176fc8207b120dd0cfa2604e5580f765d16093d95a8dced207677b82dd7d8fed,8ec78f878d870f070f078f078f078f870f470f070f070d070f078ec78e078c67
data/raw/ooc/OOC_image_dataset/train/good/cell_type_HPMEC/2-3_days/230525_1.png,230525_1,230525,train,good,HPMEC,2-3_days,1,HPMEC,2-3_days,True,True,True,1577847,2056,1542,L,daf8fddb4811cea13965bf696ff833bd57bec101f358e36fe253c598abb6d810,880048004800080110019441dfe1d9e3dce3dac3dec3de43cc03cd03ce03cc43
data/raw/ooc/OOC_image_dataset/train/good/cell_type_HPMEC/2-3_days/230525_100.png,230525_100,230525,train,good,HPMEC,2-3_days,1,HPMEC,2-3_days,True,True,True,2142949,2056,1542,L,50d9979ac9114f708e19a9ba7eba633dbaef2bc2237567a940555df6f49271a2,f90df18ef90ce80de11ee30ae30ee10de41ce41ce419f0989898b8987c1c7618
data/raw/ooc/OOC_image_dataset/train/good/cell_type_HPMEC/2-3_days/230525_102.png,230525_102,230525,train,good,HPMEC,2-3_days,1,HPMEC,2-3_days,True,True,True,2118364,2056,1542,L,48b27a0cff71620ce2f0d94f794ab1a99acad2fbb83fbda5d1868d945763ab2a,ca1c6b1c731c661c741cf41c731cfa9cd81ce41cc61c4c1cec1cf81cd81ce81c
data/raw/ooc/OOC_image_dataset/train/good/cell_type_HPMEC/2-3_days/230525_103.png,230525_103,230525,train,good,HPMEC,2-3_days,1,HPMEC,2-3_days,True,True,True,2080838,2056,1542,L,e2474e96d07a317113fd3e4d42afed7b3c01bab8c2d6fe64e825d8d047a575e5,fc1ce41ce41c641ce91cda1cf21cec1c681c7a1c799ce89cd89cd91cc89cfc1c
data/raw/ooc/OOC_image_dataset/train/good/cell_type_HPMEC/2-3_days/230525_104.png,230525_104,230525,train,good,HPMEC,2-3_days,1,HPMEC,2-3_days,True,True,True,2043769,2056,1542,L,9434d443a779cc005d138c68fa69dda73fca6897952918040ad5bee00d6ad4a8,da1cea0ce40ced8cf10ca90cc90ca10cb20cc10cc80c880c8c2cd42cd80c908c
data/raw/ooc/OOC_image_dataset/train/good/cell_type_HPMEC/2-3_days/230525_105.png,230525_105,230525,train,good,HPMEC,2-3_days,1,HPMEC,2-3_days,True,True,True,2093713,2056,1542,L,59eb02ad6506faaec4edc43c763dba45c4cac90f16888325b80adcf95a259c0b,f80ce809e60ce40cd10cd30ce10ce30eb08ccc8ccc0ce00cb80cf08cd80cd80c
data/raw/ooc/OOC_image_dataset/train/good/cell_type_HPMEC/2-3_days/230525_106.png,230525_106,230525,train,good,HPMEC,2-3_days,1,HPMEC,2-3_days,True,True,True,2082551,2056,1542,L,8b7ffdca286dd54afeabcabe9d06865ca113ee1c6d3539dab1e39d546e43c5ff,d10cf10cf10cc80cda08f40ef40ee00ce00cd40cb48cb10cec0cd60cf60ce40e
data/raw/ooc/OOC_image_dataset/train/good/cell_type_HPMEC/2-3_days/230525_107.png,230525_107,230525,train,good,HPMEC,2-3_days,1,HPMEC,2-3_days,True,True,True,2005750,2056,1542,L,b06a2cb681ab58411cc1cfaf3671c570aa01f570716d3f3a748fde1f5560dd3f,f50ef18ed58ed98ed10ec60fdc0ed80ed20ed20e9e0e8e0ef30df30cfa0cee0c
data/raw/ooc/OOC_image_dataset/train/good/cell_type_HPMEC/2-3_days/230525_155.png,230525_155,230525,train,good,HPMEC,2-3_days,1,HPMEC,2-3_days,True,True,True,2051145,2056,1542,L,de24e0692d646da1143c07398cc4dfbc63dcc2ab610b86e134a1c20149b0efc2,cf03cf034f234f038f274f078e83cd83ce038f430f838e834f838f838e830c83
data/raw/ooc/OOC_image_dataset/train/good/cell_type_HPMEC/2-3_days/230525_156.png,230525_156,230525,train,good,HPMEC,2-3_days,1,HPMEC,2-3_days,True,True,True,1992172,2056,1542,L,d92c3add080929b2b2c70979c8bd5a5b0b03094ff99fc543bf82af11c8cedadb,ce838fa38f878f83cf834f83cec34e430e430e470f030f230f630dc30fc30f43
data/raw/ooc/OOC_image_dataset/train/good/cell_type_HPMEC/2-3_days/230525_157.png,230525_157,230525,train,good,HPMEC,2-3_days,1,HPMEC,2-3_days,True,True,True,1956296,2056,1542,L,30acff31147147b07bb48dfa47fabf9440b12a4b7dc8f7b65e8a340c22a901df,8e438fc38f830f430ec34fc3cf83870347834f834f030f030f0f8f8bcf0fcf07
data/raw/ooc/OOC_image_dataset/train/good/cell_type_HPMEC/2-3_days/230525_158.png,230525_158,230525,train,good,HPMEC,2-3_days,1,HPMEC,2-3_days,True,True,True,1891449,2056,1542,L,6daf740e848efeae26599b668e15315bdee3b2c0876d163163e86b6caa53f1d2,cf07cf074f8346c746cf87cfc7cf87cfc78f868b870b07cfc7cf868b878bc78b
data/raw/ooc/OOC_image_dataset/train/good/cell_type_HPMEC/2-3_days/230525_160.png,230525_160,230525,train,good,HPMEC,2-3_days,1,HPMEC,2-3_days,True,True,True,1886016,2056,1542,L,4a235d430126f245df3fe0649edd66b4fe9adaaee6f5abf3920bd784a1746b21,4fcb4f8bcf8b4e8f8ecf8ec78fc7cec3cf47cf07cf47cf478f478fc78f878e87
data/raw/ooc/OOC_image_dataset/train/good/cell_type_HPMEC/2-3_days/230525_161.png,230525_161,230525,train,good,HPMEC,2-3_days,1,HPMEC,2-3_days,True,True,True,1884145,2056,1542,L,943e9817141888524f29ec3fd3ffaf4fa3902f8ff207a1a5031f28aacd239ed6,8f878f070e478ec70ec70e070f070e474f474f074e874e474cc7cdcbcd8fcf0f
data/raw/ooc/OOC_image_dataset/train/good/cell_type_HPMEC/2-3_days/230525_162.png,230525_162,230525,train,good,HPMEC,2-3_days,1,HPMEC,2-3_days,True,True,True,1833492,2056,1542,L,b4753b3bf3ea0e0f70cb5f6902256e4553b53eb914af509eed99123f7c50f39e,4e6f4e0f4e8f4c6f4e67ccc7ccc78d878d478f470dc30fc38f838ec30ec38fc3
data/raw/ooc/OOC_image_dataset/train/good/cell_type_HPMEC/2-3_days/230525_163.png,230525_163,230525,train,good,HPMEC,2-3_days,1,HPMEC,2-3_days,True,True,True,1885633,2056,1542,L,f7dfda402afd6b123557cb0e9c3df43191f65a0af775dce97de14d5dd9189962,8ea38e838fa30fa38da38d238f238f438f430e230e830ca30c934e435e635b62
data/raw/ooc/OOC_image_dataset/train/good/cell_type_HPMEC/2-3_days/230525_164.png,230525_164,230525,train,good,HPMEC,2-3_days,1,HPMEC,2-3_days,True,True,True,1974766,2056,1542,L,15822ca5d35c3b4bc04a4e0eb9a65e5dddf7f35f16acaa21e42ce9a864f02892,cf034e078f078f074e078e078e879e871e471e479f071d871f870d8f0d870f87
data/raw/ooc/OOC_image_dataset/train/good/cell_type_HPMEC/2-3_days/230525_165.png,230525_165,230525,train,good,HPMEC,2-3_days,1,HPMEC,2-3_days,True,True,True,1944760,2056,1542,L,ed0f6cf792f00c3df29890179854e7fbb5828fc900730f34a8320de0f2c8853e,8d8f8c8f8c8f8e078e078e078f078f870f878e878d878d878c8f0f8f0f0f8f0f
data/raw/ooc/OOC_image_dataset/train/good/cell_type_HPMEC/2-3_days/230525_167.png,230525_167,230525,train,good,HPMEC,2-3_days,1,HPMEC,2-3_days,True,True,True,1935473,2056,1542,L,73b12e041ecc461e6531bef6d41afa533a1a6966a9b29167d6703d30eee14435,0f0e8f0f8f0f8e0f8e8f8e0e0c0f0e8f8e8f8f8f8f8f8f8f8d8f8dcf0e4e8c4e
data/raw/ooc/OOC_image_dataset/train/good/cell_type_HPMEC/2-3_days/230525_169.png,230525_169,230525,train,good,HPMEC,2-3_days,1,HPMEC,2-3_days,True,True,True,1879663,2056,1542,L,ba2acff8832fc23249c54434d6a4c8bf99cc162647c34704baa792b6508b04e1,8f8f8f8f8d0e8f0f0d0f0f8f8f0f8f0f8f0f8f8f8d0f8d0f8d8f8d8f8d8f8e8f
data/raw/ooc/OOC_image_dataset/train/good/cell_type_HPMEC/2-3_days/230525_171.png,230525_171,230525,train,good,HPMEC,2-3_days,1,HPMEC,2-3_days,True,True,True,1854310,2056,1542,L,4a319cd0c4c52937262bc8f5e01ac1cd6e8f71dd6d4849401081e5baf2a90376,8d8f8c8f8c8f9ecf9fcf9fcf9fcf1ecf1e4e9e4f9e879f879ec69cc79ac79987
data/raw/ooc/OOC_image_dataset/train/good/cell_type_HPMEC/2-3_days/230525_174.png,230525_174,230525,train,good,HPMEC,2-3_days,1,HPMEC,2-3_days,True,True,True,1862754,2056,1542,L,2c4bbccc51adde17d0e6b3c944193fa05b0b814ff1ad615d25b1fe805fb18b1c,8f9e8f9e8f1e8e1e8e1e8f1e8f1e8e1e8e1e8e0e8c0e0e8e0e1e8e1e8f1e8d1e
data/raw/ooc/OOC_image_dataset/train/good/cell_type_HPMEC/2-3_days/230525_180.png,230525_180,230525,train,good,HPMEC,2-3_days,1,HPMEC,2-3_days,True,True,True,1772525,2056,1542,L,fdcc98d49e12ae772a9f8eedfe8459e7d325f74a2f5e9f4658c384266899a4f4,8e0e8f0e8c0f0c0f8c0e8c8e0c8f0c8e0d8e0d8f198f1d8e198e1b8e1f4e9f4e
data/raw/ooc/OOC_image_dataset/train/good/cell_type_HPMEC/2-3_days/230525_22.png,230525_22,230525,train,good,HPMEC,2-3_days,1,HPMEC,2-3_days,True,True,True,2192977,2056,1542,L,0210280583b3c97b3e92586f438ebdd9b0b03365b82750f7ea1532f72868b091,6cb96cb96fb96eb96fb96eb96d396db16db16eb16cb96f396f316eb16cb16cb1
data/raw/ooc/OOC_image_dataset/train/good/cell_type_HPMEC/2-3_days/230525_23.png,230525_23,230525,train,good,HPMEC,2-3_days,1,HPMEC,2-3_days,True,True,True,2127219,2056,1542,L,772444de728fc9f94bcb06105de4215949ffe31e84328a34117dff13c32450f6,6c316c316d316cb16c316d116e116e116c996c196c1d6d196c396e116c136d93
data/raw/ooc/OOC_image_dataset/train/good/cell_type_HPMEC/2-3_days/230525_24.png,230525_24,230525,train,good,HPMEC,2-3_days,1,HPMEC,2-3_days,True,True,True,2119541,2056,1542,L,bef7badac72869686c190722c20168a47060ed0f0eca329df22f11946af955ba,6593659165116c3167116f316e916f116d116f116f316d316db16db16cb16e91
data/raw/ooc/OOC_image_dataset/train/good/cell_type_HPMEC/2-3_days/230525_25.png,230525_25,230525,train,good,HPMEC,2-3_days,1,HPMEC,2-3_days,True,True,True,1664916,2056,1542,L,97614c249dd79ad9650fff583a9519ee234ba3b4f3d0dc106bba8b114fcef50f,261167116711671164916e932c936c936f136f136c132c132413240204000000
data/raw/ooc/OOC_image_dataset/train/good/cell_type_HPMEC/2-3_days/230525_28.png,230525_28,230525,train,good,HPMEC,2-3_days,1,HPMEC,2-3_days,True,True,True,1659027,2056,1542,L,222448e22731b40954da2678accc945780ccfc232e7193401c942d978a46a778,0000004088415f63df63db63d963cc63c963d86bda6bdb63db63cb63c963c96b
data/raw/ooc/OOC_image_dataset/train/good/cell_type_HPMEC/2-3_days/230525_3.png,230525_3,230525,train,good,HPMEC,2-3_days,1,HPMEC,2-3_days,True,True,True,2186129,2056,1542,L,b067fb563c6d687a30f6e720bbdd23ef764d082c0b40039da532a1abbe4af435,ec65ac25ad252e256e652cc50cf54ee5cce58ae50ae50f258f258fe58f45ce35
data/raw/ooc/OOC_image_dataset/train/good/cell_type_HPMEC/2-3_days/230525_30.png,230525_30,230525,train,good,HPMEC,2-3_days,1,HPMEC,2-3_days,True,True,True,2007361,2056,1542,L,26718f0d82b7713991841e4bb53cb61c430765a783c1dde760252782bcf6e4a8,c963c873c873c873c97bc873c973c973cb73ce73ce7bce6bc86bc97ac973cd73
data/raw/ooc/OOC_image_dataset/train/good/cell_type_HPMEC/2-3_days/230525_35.png,230525_35,230525,train,good,HPMEC,2-3_days,1,HPMEC,2-3_days,True,True,True,1648102,2056,1542,L,5e54bbfc18cc8afcbbb1e3ee1788b18cd28a64e63d33437e767b7f293b989298,ed32ed62e962e922ed62ed62cd22c973ed32cd32cf224fa24502004200200000
data/raw/ooc/OOC_image_dataset/train/good/cell_type_HPMEC/2-3_days/230525_5.png,230525_5,230525,train,good,HPMEC,2-3_days,1,HPMEC,2-3_days,True,True,True,2244825,2056,1542,L,9ba2ceeb3bf3becb02d4263aab9eb6814b6a7d913f9dac0370aea3f75008336b,ce54ceb48e24ce248c348c94cc408f148e648e64ce148e04cea5ceb1cc31cd21
data/raw/ooc/OOC_image_dataset/train/good/cell_type_HPMEC/2-3_days/230525_6.png,230525_6,230525,train,good,HPMEC,2-3_days,1,HPMEC,2-3_days,True,True,True,2201895,2056,1542,L,bc2c9301ed8c6b16db9ba7fa45ef4056a4e05a7473e37ad23f9facbe751a4e4e,cd01cc21ce21ce21cd218e218e23ce238e438e02e70626868e86848684068404
data/raw/ooc/OOC_image_dataset/train/good/cell_type_HPMEC/2-3_days/230525_7.png,230525_7,230525,train,good,HPMEC,2-3_days,1,HPMEC,2-3_days,True,True,True,1946128,2056,1542,L,f2652769dfc9e9e7083cd17962ed594ead014127b9ba16315d7685c1203aa2a5,c6068604a644c644c414c42284a284e084e2868286b086308430064006000600
data/raw/ooc/OOC_image_dataset/train/good/cell_type_HPMEC/2-3_days/230525_74.png,230525_74,230525,train,good,HPMEC,2-3_days,1,HPMEC,2-3_days,True,True,True,2129441,2056,1542,L,90a2775e9e5d8ddaf82d5a7eccced40f8cadabcb920e5807f174c6f023424158,9d939f039dc31c831c039e439c439e039b031f231f231ec31fc39f639e639e33
data/raw/ooc/OOC_image_dataset/train/good/cell_type_HPMEC/2-3_days/230525_77.png,230525_77,230525,train,good,HPMEC,2-3_days,1,HPMEC,2-3_days,True,True,True,2088851,2056,1542,L,93ecb2efeb414b96bbdaa4230c54e7ebc76e7ea3994f7e38104e1266ea257d39,9dc39e839f031d231f031dc31f831e131c031e031e831b8319831c631c431a03
data/raw/ooc/OOC_image_dataset/train/good/cell_type_HPMEC/2-3_days/230525_78.png,230525_78,230525,train,good,HPMEC,2-3_days,1,HPMEC,2-3_days,True,True,True,2064748,2056,1542,L,f834864314185b41b240c21d6da78b19bf6c0a6903c3c01da569336a2a009d6f,1bc31fc31f431e831c431cc31f831f131e131ec39f839fc39c031d839d239e03
data/raw/ooc/OOC_image_dataset/train/good/cell_type_HPMEC/2-3_days/230525_8.png,230525_8,230525,train,good,HPMEC,2-3_days,1,HPMEC,2-3_days,True,True,True,1319831,2056,1542,L,bb0b98c59b31ee4bc3a837059925693031676db73e8330e5fe55796abef5c4e5,0400440004004000000002000400040205c207c6a70e870ee70e860ec70ec706
data/raw/ooc/OOC_image_dataset/train/good/cell_type_HPMEC/2-3_days/230525_82.png,230525_82,230525,train,good,HPMEC,2-3_days,1,HPMEC,2-3_days,True,True,True,2123514,2056,1542,L,a31a4669e870003128e5f2b3442f91db3dd5859d36b358a4e15120c46786b5aa,1ea31e431e031f631ee31ce31ce31cc31ec31e831f031a831a031f031c033a23
data/raw/ooc/OOC_image_dataset/train/good/cell_type_HPMEC/2-3_days/230525_83.png,230525_83,230525,train,good,HPMEC,2-3_days,1,HPMEC,2-3_days,True,True,True,1720810,2056,1542,L,d2cbe61fa21de087c536b48274ba07502bf6be1c981fc9088cd7e3ab851fa27f,3d0f3d0f398e388f380f3c9e309e391e391d3a0d3e0e3f1e3c1e381e3d1e3f1e
data/raw/ooc/OOC_image_dataset/train/good/cell_type_HPMEC/2-3_days/230525_84.png,230525_84,230525,train,good,HPMEC,2-3_days,1,HPMEC,2-3_days,True,True,True,1734334,2056,1542,L,08355b29bea73d55cfff367498fab34e324a9bb0850bde0de1c69d5a11a1328f,3b1e3a1d399f329e369e329c319c399c391c391d3d1f3f1c3b1c331c3e1e3e1e
data/raw/ooc/OOC_image_dataset/train/good/cell_type_HPMEC/2-3_days/230525_89.png,230525_89,230525,train,good,HPMEC,2-3_days,1,HPMEC,2-3_days,True,True,True,1872209,2056,1542,L,06d83db07e61b0b69d0776aee445c2329a728c69048f6e5f29f9120c50d3a453,790c790d7e0c7e0e7e0d7c0d79097909718d758d7ccd7c0f7d0e7f0c7e0c728c
data/raw/ooc/OOC_image_dataset/train/good/cell_type_HPMEC/2-3_days/230525_9.png,230525_9,230525,train,good,HPMEC,2-3_days,1,HPMEC,2-3_days,True,True,True,1288691,2056,1542,L,dec109970d0202a21fc10317e15d0a22f79cbb30300b88e7a837e7d0d1df8e8c,c6cec6c6c602c602872287b207b2078005000200040200000000000000000000
data/raw/ooc/OOC_image_dataset/train/good/cell_type_HPMEC/2-3_days/230525_90.png,230525_90,230525,train,good,HPMEC,2-3_days,1,HPMEC,2-3_days,True,True,True,1879944,2056,1542,L,8b7be628c42cc2b0f935afc5cb765bdb76a0213a30dc9c6bb2b312c743dd5b50,7d0c7f0c7b0c780e7c8e7e0e7e8e7a0c7a0c7e8e7d8c7d1e7d9e741e7c1e7b0f
data/raw/ooc/OOC_image_dataset/train/good/cell_type_HPMEC/2-3_days/230525_93.png,230525_93,230525,train,good,HPMEC,2-3_days,1,HPMEC,2-3_days,True,True,True,1925155,2056,1542,L,b0dedd6e7ead95809fcda235edbd9d4d233946ccdc07cbba09adc2f23f36602e,f09de458e45df01ce01ce07ce85ce01ce81cee1ccf1dcb1de31cf31cfb9cea1c
data/raw/ooc/OOC_image_dataset/train/good/cell_type_HPMEC/2-3_days/230525_94.png,230525_94,230525,train,good,HPMEC,2-3_days,1,HPMEC,2-3_days,True,True,True,2031506,2056,1542,L,8f477cede705dad76832a19a25dac97b99914e61a1bbfaf2aec662a83d3a5c61,f81ce21ce19cf19cf19cf19cf29ce19ce01ceb1ce01ce21fe31ee51cfc1cf81c
data/raw/ooc/OOC_image_dataset/train/good/cell_type_HPMEC/2-3_days/230525_96.png,230525_96,230525,train,good,HPMEC,2-3_days,1,HPMEC,2-3_days,True,True,True,2033178,2056,1542,L,3f64f8cc782d94d1bffec5a9e8bf19bafda74ac0868a84e8667a739aaa896288,d33cd17cf0dde09df18ce10ce08cf08ce80cee0ce70ced0ce88ce38cef0cde0c
data/raw/ooc/OOC_image_dataset/train/good/cell_type_HPMEC/2-3_days/230525_97.png,230525_97,230525,train,good,HPMEC,2-3_days,1,HPMEC,2-3_days,True,True,True,2135479,2056,1542,L,142c555cb1efc098f6cb103751061c169bccb0821456704fd00ccb8fd2a9a8a8,ec0dfa0ffc0ffe0cfe0cde0cec8cfc8cfe0cf60ee60ef48cc88cd88cd88cd98c
data/raw/ooc/OOC_image_dataset/train/good/cell_type_HPMEC/2-3_days/230525_98.png,230525_98,230525,train,good,HPMEC,2-3_days,1,HPMEC,2-3_days,True,True,True,2133904,2056,1542,L,e44fbaa387b47edbe4ad98e882cecbfe9d2aa48af8053b5c76c6a7cdf87952a2,dc8cd88cd80cc98ec38fdb0ed90cd90e7c0efc0edc0dda0cdb0cf10ef40cfc0c
data/raw/ooc/OOC_image_dataset/train/good/cell_type_HPMEC/4+_days/230123_12.png,230123_12,230123,train,good,HPMEC,4+_days,1,HPMEC,4+_days,True,True,True,2289744,2048,1536,RGB,6b50ca66b38913dcf957b493caf5561daea0fa81dc47b669f784bfc530b7be9e,00df40974217531751177117f986b9869146d80bac4ab8ea91c38ce394438463
data/raw/ooc/OOC_image_dataset/train/good/cell_type_HPMEC/4+_days/230123_15.png,230123_15,230123,train,good,HPMEC,4+_days,1,HPMEC,4+_days,True,True,True,2560487,2048,1536,RGB,fbef0b63318b0298df31f24d35d024b46efa606f4392332c84675d88e35d0c37,64796a7962797259644d776d735d72ac70cc723c393c34743114353639363a36
data/raw/ooc/OOC_image_dataset/train/good/cell_type_HPMEC/4+_days/230123_6.png,230123_6,230123,train,good,HPMEC,4+_days,1,HPMEC,4+_days,True,True,True,2266686,2048,1536,RGB,a824a3e99d765f760b498ec05c3dc3f38b274b7647c8ab9ccf496163e40fe2cc,112700251025262529264926cf265536901680378036805614d20ed21fd39fd3
data/raw/ooc/OOC_image_dataset/train/good/cell_type_HPMEC/4+_days/230123_9.png,230123_9,230123,train,good,HPMEC,4+_days,1,HPMEC,4+_days,True,True,True,2234420,2048,1536,RGB,72a99abebf0a8b89d7eda309c8224b6fe02a9168be8ef5ee852466e38a32472a,72a476cc7ed879983b143634366433a437943b8037203c8a3db23e701b9419d0
data/raw/ooc/OOC_image_dataset/train/good/cell_type_HPMEC/4+_days/230320_1.png,230320_1,230320,train,good,HPMEC,4+_days,1,HPMEC,4+_days,True,True,True,2117941,2056,1542,L,077ce4f8ff89b20bce1bef9b6bce05335bc3ab3e4f799a40d2a12ba7cdf05f39,ce624e724e308d280f220d720d5a0f424f228f228f220e820e924c924cc2ccd2
data/raw/ooc/OOC_image_dataset/train/good/cell_type_HPMEC/4+_days/230320_10.png,230320_10,230320,train,good,HPMEC,4+_days,1,HPMEC,4+_days,True,True,True,2152396,2056,1542,L,4d7bf1caaa01308c5877957e2852e4ea7b89e367a3249d37839e398d6ee64584,9bd01f909f201e301e301e309f109b101b001b0499049b049b841a051e051f05
data/raw/ooc/OOC_image_dataset/train/good/cell_type_HPMEC/4+_days/230320_101.png,230320_101,230320,train,good,HPMEC,4+_days,1,HPMEC,4+_days,True,True,True,1749921,2056,1542,L,da650a384ae7e64665fb730e6d8250eb3012580664793386d09e3d0c5d7cff93,ce614e614ec14ec1cf41cf61cf410fc1aec1ae892f29af89af09af898f89af89
data/raw/ooc/OOC_image_dataset/train/good/cell_type_HPMEC/4+_days/230320_103.png,230320_103,230320,train,good,HPMEC,4+_days,1,HPMEC,4+_days,True,True,True,1918530,2056,1542,L,26125939926f1c93ace149b8aa40e17f439a38bd852f04e8c868fa54801cbd13,4e314f914f914ea14ce14cb14e315f31df81dec9cec9cdb9cd390f310f210f21
data/raw/ooc/OOC_image_dataset/train/good/cell_type_HPMEC/4+_days/230320_105.png,230320_105,230320,train,good,HPMEC,4+_days,1,HPMEC,4+_days,True,True,True,1935073,2056,1542,L,eacd337433fcd1ad79b9d22694fbbfe26e7c4042739888b1eb28190210e51c75,4d914d090db10e010e894f990f110f110f414ec14f414f215d815e815b015b41
data/raw/ooc/OOC_image_dataset/train/good/cell_type_HPMEC/4+_days/230320_106.png,230320_106,230320,train,good,HPMEC,4+_days,1,HPMEC,4+_days,True,True,True,1869449,2056,1542,L,5d9d14a416dab6584cfa4bcfa2b51c1ca90d33b0c6369da5ac8d655f8e9edce7,df81dfc19fa19781968197619f419e819e819f819d911d819ea19e819e219c61
data/raw/ooc/OOC_image_dataset/train/good/cell_type_HPMEC/4+_days/230320_107.png,230320_107,230320,train,good,HPMEC,4+_days,1,HPMEC,4+_days,True,True,True,1881721,2056,1542,L,6e06bf0d211022bba0977c0b64e75ddaefb22b2b69b0df9903e1721e5e7bbf60,9c619e619e619e719e31de31df01df41ddc3dda3959397139d039c839427b427
data/raw/ooc/OOC_image_dataset/train/good/cell_type_HPMEC/4+_days/230320_108.png,230320_108,230320,train,good,HPMEC,4+_days,1,HPMEC,4+_days,True,True,True,1875190,2056,1542,L,32c80ce63b4ebdada2c7a56daf25a59b43a4949192ebbf2109da4d9fd9bb5323,ce03cf43cfc3cfb3cf530b535e13da03da030e134e23cf63ce635e43de83df03
data/raw/ooc/OOC_image_dataset/train/good/cell_type_HPMEC/4+_days/230320_109.png,230320_109,230320,train,good,HPMEC,4+_days,1,HPMEC,4+_days,True,True,True,1850940,2056,1542,L,f898378ceb0ec31d7362be812cae4acd287bef24c375ffe452d79082bbd2077c,cb03cf03ca435b23da23da23de43de43de83de03de431f43174316c396c39683
data/raw/ooc/OOC_image_dataset/train/good/cell_type_HPMEC/4+_days/230320_11.png,230320_11,230320,train,good,HPMEC,4+_days,1,HPMEC,4+_days,True,True,True,2194910,2056,1542,L,fdfb4ac4dedb2317dd4b646b36e8763056ff3b739d0f5cb9e9114d65e20ae313,9b859f051d851f859fc59fc59ec59f859ec59ec59ac59e459f259b259ea59e25
data/raw/ooc/OOC_image_dataset/train/good/cell_type_HPMEC/4+_days/230320_110.png,230320_110,230320,train,good,HPMEC,4+_days,1,HPMEC,4+_days,True,True,True,1946161,2056,1542,L,9dd630bb559dc1235c25740d0045c776a1e5a01e6df08b848cf8694a729d887f,96c39682160b968396c31743178b170397039703170397029702970397033583
data/raw/ooc/OOC_image_dataset/train/good/cell_type_HPMEC/4+_days/230320_111.png,230320_111,230320,train,good,HPMEC,4+_days,1,HPMEC,4+_days,True,True,True,1954549,2056,1542,L,ac5cb498caf68ec7b7de174222e16c9eca21f4011a369e71aa2450d288c256a3,9683b6033743374b3583344336033603360336023602348234c334c234823623
data/raw/ooc/OOC_image_dataset/train/good/cell_type_HPMEC/4+_days/230320_113.png,230320_113,230320,train,good,HPMEC,4+_days,1,HPMEC,4+_days,True,True,True,1954963,2056,1542,L,606247c1fc5186fc6990248e3ef0fcc3d197c37333c532146d492ed671fb4d46,3723b463b7e336c336633e0336033f033d433503374336833f033f033e033e03
data/raw/ooc/OOC_image_dataset/train/good/cell_type_HPMEC/4+_days/230320_115.png,230320_115,230320,train,good,HPMEC,4+_days,1,HPMEC,4+_days,True,True,True,1956224,2056,1542,L,ee6371d21ef4bf426c19ef80dab964d708e0e56e7dedb11a2e549185a012c70c,3e233ca32d632e632c432cc32da325232b232b032f832e432d632f6327232703
data/raw/ooc/OOC_image_dataset/train/good/cell_type_HPMEC/4+_days/230320_116.png,230320_116,230320,train,good,HPMEC,4+_days,1,HPMEC,4+_days,True,True,True,1994664,2056,1542,L,26f65d2686219058eeaeef5772c2d05c7658ac11896387cdb0f3709b6c3219db,27c32ec32e432f032d132d132d8329c329a32c232c632c332c17281628066d87
data/raw/ooc/OOC_image_dataset/train/good/cell_type_HPMEC/4+_days/230320_117.png,230320_117,230320,train,good,HPMEC,4+_days,1,HPMEC,4+_days,True,True,True,1624691,2056,1542,L,1254d332b0c4e8e17e933b311eb44b1adcd2ab042d0a478c8cd3e53a8828253c,cf27cfe68de68e468e469e06990699879dc79d869d8694c794c69d069f069f06
data/raw/ooc/OOC_image_dataset/train/good/cell_type_HPMEC/4+_days/230320_119.png,230320_119,230320,train,good,HPMEC,4+_days,1,HPMEC,4+_days,True,True,True,1859099,2056,1542,L,a86d994c9c9cde3d9e58856b410503db529739cf1907e3acb62ac2d3cf400c73,bc47bc07bda7bd07ad47ac86ab66ae66ac662f262f06ab06ab06aba62ec62f86
data/raw/ooc/OOC_image_dataset/train/good/cell_type_HPMEC/4+_days/230320_121.png,230320_121,230320,train,good,HPMEC,4+_days,1,HPMEC,4+_days,True,True,True,1939336,2056,1542,L,74f0241dcf9e9475cfb24dba659b1321cfb8cf503c3fae0eeed88dc562ca1af0,2d862ec62ec62ec62ac72f862d862d262c266cc66d462e066f076b072b866946
data/raw/ooc/OOC_image_dataset/train/good/cell_type_HPMEC/4+_days/230320_122.png,230320_122,230320,train,good,HPMEC,4+_days,1,HPMEC,4+_days,True,True,True,2000847,2056,1542,L,e2ad6755f27f8d31823ef45c454cb40d0f8cfc981dba836853ceab5efa75f674,258629062d066806680668266c066b066a066e066d066c8768876b8663866186
data/raw/ooc/OOC_image_dataset/train/good/cell_type_HPMEC/4+_days/230320_123.png,230320_123,230320,train,good,HPMEC,4+_days,1,HPMEC,4+_days,True,True,True,2005472,2056,1542,L,ea32f9217361549a22de4bdf7cc0a0710b0fdba06859a1e3b412e6d606deae8a,6b066b066d4769c769c779c679467a467a067b065f07470657465f465e465c86
data/raw/ooc/OOC_image_dataset/train/good/cell_type_HPMEC/4+_days/230320_13.png,230320_13,230320,train,good,HPMEC,4+_days,1,HPMEC,4+_days,True,True,True,2141442,2056,1542,L,67dd5a8682588278e68f3bdcb1858554c0ca935459c4c1ea1a196af421ce7a42,9f259e859f459fc51ec59f819b819b919bc11de11e811f911f811a011e811ec1
data/raw/ooc/OOC_image_dataset/train/good/cell_type_HPMEC/4+_days/230320_16.png,230320_16,230320,train,good,HPMEC,4+_days,1,HPMEC,4+_days,True,True,True,2020611,2056,1542,L,e44479b89154a0b96eefbfc8316e00ef7bb50c47e5eb94e59203fc5c83e3ba09,3f033703a683a683a70b978b978397d397c697c787478f872fc62fe629e62666
data/raw/ooc/OOC_image_dataset/train/good/cell_type_HPMEC/4+_days/230320_18.png,230320_18,230320,train,good,HPMEC,4+_days,1,HPMEC,4+_days,True,True,True,1905289,2056,1542,L,9bb500b14fd9824fe127cfe84da0ed6d8170347946c6d49211503b984d0d005d,4f10cee18ce19b311b211fa11f811cc11ec19e999f919e819ea19f319f219d61
data/raw/ooc/OOC_image_dataset/train/good/cell_type_HPMEC/4+_days/230320_186.png,230320_186,230320,train,good,HPMEC,4+_days,1,HPMEC,4+_days,True,True,True,1873437,2056,1542,L,337b7376ea79925ae33eceb2ddc51301586eddcf5d780af37cbc3c6fb1e2b54d,4e868e868f66ae462cc62cc62c06ae47ab27ad062c86ad47ad262c872c472c87
data/raw/ooc/OOC_image_dataset/train/good/cell_type_HPMEC/4+_days/230320_187.png,230320_187,230320,train,good,HPMEC,4+_days,1,HPMEC,4+_days,True,True,True,2032917,2056,1542,L,0dad29780d65365855aee4947ad92e9bd66d6fa711f7da6109d16e5031ddc100,68a66dc66dc668a66ae66a866987688769066c676c4668462a466c666b266b86
data/raw/ooc/OOC_image_dataset/train/good/cell_type_HPMEC/4+_days/230320_188.png,230320_188,230320,train,good,HPMEC,4+_days,1,HPMEC,4+_days,True,True,True,1983945,2056,1542,L,50cb9a271446cf19b786b915df9a3f6da8f9f1444fa8477fa57227522840b1a0,69064b066b066e066f066dc66c066c276d066f0649876986618663866b866a46
data/raw/ooc/OOC_image_dataset/train/good/cell_type_HPMEC/4+_days/230320_189.png,230320_189,230320,train,good,HPMEC,4+_days,1,HPMEC,4+_days,True,True,True,1993420,2056,1542,L,770c028d05cd1051b03759a11aa755f0536fd3b7abd1fbe2b264ece26c219e7a,6b866bc649866a066d876d076e066b066c066806682668066c2648476d066946
data/raw/ooc/OOC_image_dataset/train/good/cell_type_HPMEC/4+_days/230320_19.png,230320_19,230320,train,good,HPMEC,4+_days,1,HPMEC,4+_days,True,True,True,1919113,2056,1542,L,652af215a479576e1dae1f2cc10d90dbe28df7c5c0fd7208edacb6c82d29be0c,39e13fc12ed13af13f311fa11fa33ee32e632e9325832d932db32b232ba32b03
data/raw/ooc/OOC_image_dataset/train/good/cell_type_HPMEC/4+_days/230320_190.png,230320_190,230320,train,good,HPMEC,4+_days,1,HPMEC,4+_days,True,True,True,2079459,2056,1542,L,ce985716d277fbf482cd1dc38edee37beb3cb32547bcd638bf558274aa534ee6,52067a067a06582648464cc64c866ca66a266b066b06642666a66b866c866d86
data/raw/ooc/OOC_image_dataset/train/good/cell_type_HPMEC/4+_days/230320_191.png,230320_191,230320,train,good,HPMEC,4+_days,1,HPMEC,4+_days,True,True,True,2023894,2056,1542,L,55720eab26b56a7b63e3112da5d115fa809ef9fc3a7a81c305170f671b8d99e0,5e465f465b4656265f065b075a065a065b0679867986798759c75d075a065a06
data/raw/ooc/OOC_image_dataset/train/good/cell_type_HPMEC/4+_days/230320_192.png,230320_192,230320,train,good,HPMEC,4+_days,1,HPMEC,4+_days,True,True,True,1992272,2056,1542,L,86b56faa71668f24af089bf149ae83dd177b1b5e9d3e05a5a15884c56318e6a4,490e49065e465bc659c759065f065d065d065e065e065e065e065e065c075c06
data/raw/ooc/OOC_image_dataset/train/good/cell_type_HPMEC/4+_days/230320_194.png,230320_194,230320,train,good,HPMEC,4+_days,1,HPMEC,4+_days,True,True,True,1818406,2056,1542,L,a6876ff0470c14ac5abe491f5df780ca79bd8a2217de407321671a52f11ef05d,fe0ce60ce50ee50ce98cf48ef18ff08de04ee00eec0eb80efd0eb88cfb0cf90e
data/raw/ooc/OOC_image_dataset/train/good/cell_type_HPMEC/4+_days/230320_195.png,230320_195,230320,train,good,HPMEC,4+_days,1,HPMEC,4+_days,True,True,True,1740402,2056,1542,L,c605fe2297bff6c7e467c3cc87e447bc61f254e8b1827b32ea71ecab3fc70f9a,f90cf90c780c780e7a0c790c790c7b0ce78c670e750ded0cee8ce10eeb0efa8e
data/raw/ooc/OOC_image_dataset/train/good/cell_type_HPMEC/4+_days/230320_196.png,230320_196,230320,train,good,HPMEC,4+_days,1,HPMEC,4+_days,True,True,True,1786783,2056,1542,L,251a4ae00e7f5adf96a8be4473cbb2819a53c5731fec0d1fb63d03a353ea50c6,551c75186e1962185a0d581c748d6c8c4c0e6d0c6d0e680e6d0e4d0c630e760c
data/raw/ooc/OOC_image_dataset/train/good/cell_type_HPMEC/4+_days/230320_197.png,230320_197,230320,train,good,HPMEC,4+_days,1,HPMEC,4+_days,True,True,True,1777651,2056,1542,L,de5eb8db818d381a83b8e48d35c77ebae858037efb88d6fcae4e44529e9ebe27,ec18781879195c1b5c1b5e1b5e195a197019781d7c1c7e1c5a1a5a1a711a791a
data/raw/ooc/OOC_image_dataset/train/good/cell_type_HPMEC/4+_days/230320_2.png,230320_2,230320,train,good,HPMEC,4+_days,1,HPMEC,4+_days,True,True,True,2122176,2056,1542,L,2141a22e8adca96b2f1e2ab30d29ed041dbc4ac79c913558d6249e823e9286ba,cd8a4d92cd52cf428f828cc24fc80d880c380f884ed00e720f82cfa24fc20ec2
data/raw/ooc/OOC_image_dataset/train/good/cell_type_HPMEC/4+_days/230320_22.png,230320_22,230320,train,good,HPMEC,4+_days,1,HPMEC,4+_days,True,True,True,1966871,2056,1542,L,ce1f5252980ca1591ab2482076725c25d661f14efbc645f12d97ad7351b9939c,2d132d032e032f232d962c962b672c172c872a872f472f472f862b962f863b06
data/raw/ooc/OOC_image_dataset/train/good/cell_type_HPMEC/4+_days/230320_23.png,230320_23,230320,train,good,HPMEC,4+_days,1,HPMEC,4+_days,True,True,True,1863402,2056,1542,L,b61302adb39c6320bd8c6f6cb940b998800c6dd0e723df713a8a46bd4b6407c8,2f162f062f872c972d873f262e262f462f663a563a4738a6386639263b273986
data/raw/ooc/OOC_image_dataset/train/good/cell_type_HPMEC/4+_days/230320_3.png,230320_3,230320,train,good,HPMEC,4+_days,1,HPMEC,4+_days,True,True,True,2069273,2056,1542,L,eff8cea4589da58b80621d6f7084c94765940a71f475d35f03997547fdf29bd0,4f024f824fa28e608f208f208da08f200fc00dc08ec08f008f00cf004f604f20
data/raw/ooc/OOC_image_dataset/train/good/cell_type_HPMEC/4+_days/230320_4.png,230320_4,230320,train,good,HPMEC,4+_days,1,HPMEC,4+_days,True,True,True,2067151,2056,1542,L,a5d7cdf9b1aeed2c716506f1bedcd575c5c8b163bb9a7694a6b1d1d3569799c0,4f008fa08d408f008f408f208f508f808f804fe40f248f258c718e618f259f21
data/raw/ooc/OOC_image_dataset/train/good/cell_type_HPMEC/4+_days/230320_5.png,230320_5,230320,train,good,HPMEC,4+_days,1,HPMEC,4+_days,True,True,True,2103049,2056,1542,L,9dd4a353c868b9032046408da1218963770939477af9e16a026c0954976775bf,8dc18fc19e819fa19f819f219f219f819d811f811f911f919fa19f219fa3dfa3
data/raw/ooc/OOC_image_dataset/train/good/cell_type_HPMEC/4+_days/230320_6.png,230320_6,230320,train,good,HPMEC,4+_days,1,HPMEC,4+_days,True,True,True,2115517,2056,1542,L,0edce68644617fcb584bcd42c6ba1a494855b91cf6cfa3588968c0c5955f0a39,8fa38fa39f839fa31fa31fa31f631ec31f8319839f039f839f031b431ec31e43
data/raw/ooc/OOC_image_dataset/train/good/cell_type_HPMEC/4+_days/230320_72.png,230320_72,230320,train,good,HPMEC,4+_days,1,HPMEC,4+_days,True,True,True,2120985,2056,1542,L,4cb7f7cd797ede1eaa1359646139c293840f9f46a88acb4b9fc891e523feacca,5d335d535d135f135f135e135e935e835e831b431f035e835e831ad39e139f43
data/raw/ooc/OOC_image_dataset/train/good/cell_type_HPMEC/4+_days/230320_73.png,230320_73,230320,train,good,HPMEC,4+_days,1,HPMEC,4+_days,True,True,True,2095879,2056,1542,L,7f29614880b5c2c11d1d49944a26e226d1b0f754a0ecc9a585bc4efca019e562,9fa3bf03bf833ea33f433dc33c833f03b9a3bb833943be03bf03bc43bce39ec3
data/raw/ooc/OOC_image_dataset/train/good/cell_type_HPMEC/4+_days/230320_75.png,230320_75,230320,train,good,HPMEC,4+_days,1,HPMEC,4+_days,True,True,True,2134919,2056,1542,L,0b6b470164ff19c31325dbb5ed788fc12b394f118b704a6316e6ddd4ac75d7e0,68c66f476e0369836d8369c32be72ce72ce728676827792778264907690f698f
data/raw/ooc/OOC_image_dataset/train/good/cell_type_HPMEC/4+_days/230320_76.png,230320_76,230320,train,good,HPMEC,4+_days,1,HPMEC,4+_days,True,True,True,2108818,2056,1542,L,e82fbbbc37347ed0ac37c32fce916639c7a259291d56f0f0abc2259d75a53e89,69666e466c476c876ca66b866b466b476f076e476f476d476f466e876ec76cc6
data/raw/ooc/OOC_image_dataset/train/good/cell_type_HPMEC/4+_days/230320_79.png,230320_79,230320,train,good,HPMEC,4+_days,1,HPMEC,4+_days,True,True,True,2176036,2056,1542,L,c0dd3aa4974ef5e009a1ac3b2bcfe6fc23475fb34656630daa2d341248385c37,2496239623062b462d8626a62e472f462d462da62f262d862c862c262e462e46
data/raw/ooc/OOC_image_dataset/train/good/cell_type_HPMEC/4+_days/230320_8.png,230320_8,230320,train,good,HPMEC,4+_days,1,HPMEC,4+_days,True,True,True,2099357,2056,1542,L,200780e9106ec4c7e35b5a305408fd1e663098ab284671217db5bec98188b10e,9f539b139b439d439d631c6318729c739c739cb39cc39e439a469c461a871b86
data/raw/ooc/OOC_image_dataset/train/good/cell_type_HPMEC/4+_days/230320_80.png,230320_80,230320,train,good,HPMEC,4+_days,1,HPMEC,4+_days,True,True,True,2189726,2056,1542,L,dd1157e4383210a9e5d6fc6af531595c45501565990f5dc971f734fb962d64b2,36072607250624c6244727062606240624462c862dc625862106252625262906
data/raw/ooc/OOC_image_dataset/train/good/cell_type_HPMEC/4+_days/230320_81.png,230320_81,230320,train,good,HPMEC,4+_days,1,HPMEC,4+_days,True,True,True,2177434,2056,1542,L,35973ee9ad90026c66da8772d7746b3e7429111b948d060c4b45c249587121ed,36063706368636c6370637073607360737173607360637173707370635062706
data/raw/ooc/OOC_image_dataset/train/good/cell_type_HPMEC/4+_days/230320_82.png,230320_82,230320,train,good,HPMEC,4+_days,1,HPMEC,4+_days,True,True,True,2175137,2056,1542,L,1605c1067217e000c479b415665916b1afe0d2bfd70e555e359b8c705e4f3c48,9687960796271626960694c61486160696061606160694c794471487b6863506
data/raw/ooc/OOC_image_dataset/train/good/cell_type_HPMEC/4+_days/230320_83.png,230320_83,230320,train,good,HPMEC,4+_days,1,HPMEC,4+_days,True,True,True,2212527,2056,1542,L,893e6a46cd0caaf3d72c73634eed59e47276d08c84b4f8ab26433a8863db111e,cfc78d279e271fa79c269c0796071e071c271c669c461cd61497972696069747
data/raw/ooc/OOC_image_dataset/train/good/cell_type_HPMEC/4+_days/230320_87.png,230320_87,230320,train,good,HPMEC,4+_days,1,HPMEC,4+_days,True,True,True,2161631,2056,1542,L,d1822db43aac037a4b57fc30838578d0bdbece855d8f6c7d1acacb2ce2baa658,59445e04580758045d0c560e52065e0e590e592e510f538f530c550f558d548c
data/raw/ooc/OOC_image_dataset/train/good/cell_type_HPMEC/4+_days/230320_88.png,230320_88,230320,train,good,HPMEC,4+_days,1,HPMEC,4+_days,True,True,True,2068967,2056,1542,L,bc859bd8da5787480c84a715fc7eb7aa4271716852c3fe28efb706b59b5c8fab,29472b46294629062b662e6628652d462f0c2e0c3a263b042dc46f8c6f0e684c
data/raw/ooc/OOC_image_dataset/train/good/cell_type_HPMEC/4+_days/230320_9.png,230320_9,230320,train,good,HPMEC,4+_days,1,HPMEC,4+_days,True,True,True,2205014,2056,1542,L,9162444258d8bf272e904a82fb964bf164fc50e176597e8d9fcb37af489bd405,4deaccc24cd28d601e611d811d611f611f081e801ec01ee01ba09a509ec09da0
data/raw/ooc/OOC_image_dataset/train/good/cell_type_HPMEC/4+_days/230320_92.png,230320_92,230320,train,good,HPMEC,4+_days,1,HPMEC,4+_days,True,True,True,1765191,2056,1542,L,d808bb5d3f2623b344c8aac800a9f9eafe7060418d07eda391c408978c868f98,fc18fe19f819dc1bd899b119f31aeb13c91eca18ea18fe18d81afa1ef618d218
data/raw/ooc/OOC_image_dataset/train/good/cell_type_HPMEC/4+_days/230320_94.png,230320_94,230320,train,good,HPMEC,4+_days,1,HPMEC,4+_days,True,True,True,1865902,2056,1542,L,c8a710fa6cb65bd65c656da3703f1e7e031a837a11d4d574605848629c7d2d80,b432f430f830f838d03de83ef83bfc33f932f93ef43c783479377936fc34d434
data/raw/ooc/OOC_image_dataset/train/good/cell_type_HPMEC/4+_days/230320_95.png,230320_95,230320,train,good,HPMEC,4+_days,1,HPMEC,4+_days,True,True,True,1866598,2056,1542,L,3c6d21cab7e06b016f0429a493bb6065ad480485890565e03a51a779cef98aa1,fc30d6358c31cd34c93af138f838923cb33ce934c636e631b233f332f93afb33
data/raw/ooc/OOC_image_dataset/train/good/cell_type_HPMEC/4+_days/230320_96.png,230320_96,230320,train,good,HPMEC,4+_days,1,HPMEC,4+_days,True,True,True,1916283,2056,1542,L,76781df6d04364190c635c0942e39ee51d4b3da00f8a8750c05230803aa9499b,d134d534f633f634f436e62ce63fc631c430c434c534e436e636e636f276f230
data/raw/ooc/OOC_image_dataset/train/good/cell_type_HPMEC/4+_days/230320_97.png,230320_97,230320,train,good,HPMEC,4+_days,1,HPMEC,4+_days,True,True,True,1915139,2056,1542,L,f1ebf5b0e9b4cda563454fb2caab701133fa6284f5e37151ba7d9e3aab09bcb7,e239f234f228e238d232f032f032f270f2786065e874e874f875f072d86ad871
data/raw/ooc/OOC_image_dataset/train/good/cell_type_HPMEC/4+_days/230321_10.png,230321_10,230321,train,good,HPMEC,4+_days,1,HPMEC,4+_days,True,True,True,5709957,2048,1536,RGB,15fd332a3435236006d729e4cb5dd96b2696b8302ee3f10c6969e3a4fa9c22fc,eb61eb61f351e5e1f4d1e891f581d941fa516e006c007c007e0076007c007c80
data/raw/ooc/OOC_image_dataset/train/good/cell_type_HPMEC/4+_days/230321_11.png,230321_11,230321,train,good,HPMEC,4+_days,1,HPMEC,4+_days,True,True,True,5102764,2048,1536,RGB,9b943249f39dda447168745e317776e5e9734292c2cffccf93d2315f25f54b7b,77326f1a671a679a472a67326f3a6f327e6a5e6a5f4a7a6878ca7dca7ec27fc8
data/raw/ooc/OOC_image_dataset/train/good/cell_type_HPMEC/4+_days/230321_15.png,230321_15,230321,train,good,HPMEC,4+_days,1,HPMEC,4+_days,True,True,True,5798617,2048,1536,RGB,152bd21017ae69050a1e9f587db13dd4fa0732159eac79eee282f4cc4c3b40af,fa26e656f486dc16dc32d502fe8afd0aff02ff02fe02f602fd02fc0aff0ae702
data/raw/ooc/OOC_image_dataset/train/good/cell_type_HPMEC/4+_days/230321_16.png,230321_16,230321,train,good,HPMEC,4+_days,1,HPMEC,4+_days,True,True,True,5720712,2048,1536,RGB,e789d3b6a6d73a812954db74209df9389bb1135daf24e913093b0d59b70e9a03,e6edecedf8d9f8e1f729fb15ff29ff61fed1fee1f761fb21ff15f791f781ff41
data/raw/ooc/OOC_image_dataset/train/good/cell_type_HPMEC/4+_days/230321_9.png,230321_9,230321,train,good,HPMEC,4+_days,1,HPMEC,4+_days,True,True,True,5468247,2048,1536,RGB,33315d92bb587fcc7e4439f0064210aff4656f236241a43ffe2da29832582e17,dd83dbc1f0c3eb92f322f722fe82fe90ff80fe42ffc0ffe0ffe0fdf0fb60fd68
data/raw/ooc/OOC_image_dataset/train/good/cell_type_HPMEC/4+_days/230424_29.png,230424_29,230424,train,good,HPMEC,4+_days,1,HPMEC,4+_days,True,True,True,1972397,2056,1542,L,b004b0625bbdf1dd380a047849b3af974bb11dc2cd89fd10f58da8ea5ff0a487,3d023d023c463e663e673a07398638c638e6386639c63d863d873dc739c63b86
data/raw/ooc/OOC_image_dataset/train/good/cell_type_HPMEC/4+_days/230424_30.png,230424_30,230424,train,good,HPMEC,4+_days,1,HPMEC,4+_days,True,True,True,1957493,2056,1542,L,5c4d9c9384fbe291cee8ec6d9efd8f9d266c83449c38fe377859ab671b364350,3ec73e063a6638e63a263e2639673b67398738c73cc73c473d6739077c667c67
data/raw/ooc/OOC_image_dataset/train/good/cell_type_HPMEC/4+_days/230424_32.png,230424_32,230424,train,good,HPMEC,4+_days,1,HPMEC,4+_days,True,True,True,1932180,2056,1542,L,12f3fc53799dc0065174105febb5a6056b39183c976ea8242af2d571603ff108,1d261d673c251c241924392539275e965e965b06190c598c5b8e5b0c5e0c5e0c
data/raw/ooc/OOC_image_dataset/train/good/cell_type_HPMEC/4+_days/230424_34.png,230424_34,230424,train,good,HPMEC,4+_days,1,HPMEC,4+_days,True,True,True,1887694,2056,1542,L,067ffa36d8e4de15d80658f5adf288601a1909d297ed5d15b025c812bb264685,7ccc798d798d798c7ccc7c4c7c4e7e4c770c7ccc7c4c744c74ce73ce7bcc7e8c
data/raw/ooc/OOC_image_dataset/train/good/cell_type_HPMEC/4+_days/230424_40.png,230424_40,230424,train,good,HPMEC,4+_days,1,HPMEC,4+_days,True,True,True,1948579,2056,1542,L,1395262a9d3e1fcf503690bc6765ab79457044b3d18935a8054d8dcac2c37f35,749777977b977a9672967696749677167b0678867516741776057e947f147b14
data/raw/ooc/OOC_image_dataset/train/good/cell_type_HPMEC/4+_days/230424_45.png,230424_45,230424,train,good,HPMEC,4+_days,1,HPMEC,4+_days,True,True,True,2190911,2056,1542,L,0425cadb4cf58d0c373458d6806addc6642aa4b73548fb99e38ffd0faf608724,7f567f167e467b067b447b4c790ffc0efe0efe0eec0efc0efc0cfa4cfe0cfa0e
data/raw/ooc/OOC_image_dataset/train/good/cell_type_HPMEC/4+_days/230424_46.png,230424_46,230424,train,good,HPMEC,4+_days,1,HPMEC,4+_days,True,True,True,2142399,2056,1542,L,9dd15bd9a8c932813a079d2e308b003d98dc40134e837b6d22c28703868a9698,ef0e6e0c7e8cf78df88ffc8efc4efe0cfe0cfe0dfc8dfc0e7e0e6c4d7c4cfc0e
data/raw/ooc/OOC_image_dataset/train/good/cell_type_HPMEC/4+_days/230424_47.png,230424_47,230424,train,good,HPMEC,4+_days,1,HPMEC,4+_days,True,True,True,2121568,2056,1542,L,69f95134f993277836d18a717a5dffc84128b76963a15710c45a12119dce2b18,f60c7e0c7e0c7e0e6e4c6c4f6c0df40df48ff40deccde88ceb0bfb1af31af91a
data/raw/ooc/OOC_image_dataset/train/good/cell_type_HPMEC/4+_days/230424_48.png,230424_48,230424,train,good,HPMEC,4+_days,1,HPMEC,4+_days,True,True,True,2110812,2056,1542,L,8ca9efa7f9b0bd5759c1c0727fd1681dff70bf2eda81a0e88930afdb64645148,fc1afc1ffe1bfe19f499fc1dfc5af69afe1af71af71bfb1cfa1cfa9bfb98f998
data/raw/ooc/OOC_image_dataset/train/good/cell_type_HPMEC/4+_days/230424_50.png,230424_50,230424,train,good,HPMEC,4+_days,1,HPMEC,4+_days,True,True,True,1931827,2056,1542,L,ea45897bbb0be9809951f3569d0463cb4e72ae7e5d44623f77356a9faf6241d4,f433fd31df31ee33f935e734e334d8b4d8b4d834f871dc31d8bac9b8e33bf33b
data/raw/ooc/OOC_image_dataset/train/good/cell_type_HPMEC/4+_days/230424_51.png,230424_51,230424,train,good,HPMEC,4+_days,1,HPMEC,4+_days,True,True,True,1981378,2056,1542,L,477c7a36ed1cb2e91ebc28a170404505273603b2aaf4eeec3e5a8ef1205a64e4,f83bf833fc3df836f836f83af03ad93cd974f874f874f875d87cfa6cf874f868
data/raw/ooc/OOC_image_dataset/train/good/cell_type_HPMEC/4+_days/230424_52.png,230424_52,230424,train,good,HPMEC,4+_days,1,HPMEC,4+_days,True,True,True,1894264,2056,1542,L,e163ab71bef575f047332031d91cfe6488cbf8e389b91ee93a584d72171d9f26,d928dd36d838d878c77ccb70d97add6ed96cd93cc735e727c927d92ad92cd928
data/raw/ooc/OOC_image_dataset/train/good/cell_type_HPMEC/4+_days/230425_107.png,230425_107,230425,train,good,HPMEC,4+_days,1,HPMEC,4+_days,True,True,True,2092814,2056,1542,L,4e4e788a95c8f516e66b0fca71b85db64a049f6493dc2226786c02ec47e7cc1d,e6c6e726e667cca7ecc6e4e6e4c6cec6cc67ef56cdc6c586ef16eca6e7a6cf66
data/raw/ooc/OOC_image_dataset/train/good/cell_type_HPMEC/4+_days/230425_109.png,230425_109,230425,train,good,HPMEC,4+_days,1,HPMEC,4+_days,True,True,True,2161773,2056,1542,L,7ebec8c106cbb09524d18ea145830e445afb0f4f3c78f19409182866aea89a70,c4c6c726c4a6c467c647c667e4a6c587c727c566c5e6c5e6c7c6c7e6c6e6c546
data/raw/ooc/OOC_image_dataset/train/good/cell_type_HPMEC/4+_days/230425_110.png,230425_110,230425,train,good,HPMEC,4+_days,1,HPMEC,4+_days,True,True,True,2179798,2056,1542,L,084f9b0e10826efce7d502b4f03e525ccc7f46fe43fd796e7b5b9f6075177257,c6e6c496c596c586c696c686c686c6e6c6c6e586c746c746c446c486c726c746
data/raw/ooc/OOC_image_dataset/train/good/cell_type_HPMEC/4+_days/230425_112.png,230425_112,230425,train,good,HPMEC,4+_days,1,HPMEC,4+_days,True,True,True,2103494,2056,1542,L,291f451b1ef0ff29712ebce40ba80bc8d2d2cfe96bbd37d5c03a4191d550363b,c6c6c6a6c6c6c4c6c4c6c646c666c646c666c586c466c476c03ec31ec38ec38e
data/raw/ooc/OOC_image_dataset/train/good/cell_type_HPMEC/4+_days/230425_113.png,230425_113,230425,train,good,HPMEC,4+_days,1,HPMEC,4+_days,True,True,True,2040055,2056,1542,L,de1701fadba7a929c5f0a17608aaceee276d63139294ca75034f36496b78f501,c38ec38ec38ec38ec38fc19fc03fc076c476c546c527c506c5878706c606c586
data/raw/ooc/OOC_image_dataset/train/good/cell_type_HPMEC/4+_days/230425_114.png,230425_114,230425,train,good,HPMEC,4+_days,1,HPMEC,4+_days,True,True,True,2202110,2056,1542,L,9e0d2592bf6f59b579144c6971ef61f386a3213d02e50551a86a2019793a77b4,c5a6c7a6c7e6c7a6c766c786c706c786c786c6c6c6c6c4c6c546c486c406c566
data/raw/ooc/OOC_image_dataset/train/good/cell_type_HPMEC/4+_days/230425_115.png,230425_115,230425,train,good,HPMEC,4+_days,1,HPMEC,4+_days,True,True,True,1975756,2056,1542,L,1539f97428fdd78dce4c98c6d376bb28248fa937ca99979abe8632ce8c7ef3b0,e7c7c7c7c787e6c6e7c6c7c7c787c787c7c7c687c787c787c786c786e786e786
data/raw/ooc/OOC_image_dataset/train/good/cell_type_HPMEC/4+_days/230425_117.png,230425_117,230425,train,good,HPMEC,4+_days,1,HPMEC,4+_days,True,True,True,1963858,2056,1542,L,25a25720504020867a3216cc9b8e369ad3c70f1c556a39a0558f4198d51cab23,c706c7c6c7c6c786c786c726c726c7c6c787e787c787c787c7a6c7c7c787c786
data/raw/ooc/OOC_image_dataset/train/good/cell_type_HPMEC/4+_days/230425_118.png,230425_118,230425,train,good,HPMEC,4+_days,1,HPMEC,4+_days,True,True,True,1983652,2056,1542,L,ce119a0efc93680ee809f94e6f21c04b217ee35c651959f417dedc28b084145d,e7e6e6a6c686e786c727c707c7c6c6c6c7c7c687c686c687c686c686c6c6c606
data/raw/ooc/OOC_image_dataset/train/good/cell_type_HPMEC/4+_days/230425_119.png,230425_119,230425,train,good,HPMEC,4+_days,1,HPMEC,4+_days,True,True,True,1954585,2056,1542,L,459e8b32d8ee4598fd0264b39f9a8e15d9d2e77cb780ee0acba8bfbb0038c696,c606c687c797e707c747c646e646c6c6c7c7c6c7c606c707c787c787c787c706
data/raw/ooc/OOC_image_dataset/train/good/cell_type_HPMEC/4+_days/230425_120.png,230425_120,230425,train,good,HPMEC,4+_days,1,HPMEC,4+_days,True,True,True,2046538,2056,1542,L,e41df01e9dfeac3673cc8d813fabf8f5faaed9b5a33b62c663b76cd8f113026f,c787c787e707e646c647c706c786c6c7c627c746c6c6c6c6c786c7c6c7c7c7a6
data/raw/ooc/OOC_image_dataset/train/good/cell_type_HPMEC/4+_days/230425_121.png,230425_121,230425,train,good,HPMEC,4+_days,1,HPMEC,4+_days,True,True,True,2159957,2056,1542,L,99a1d57dc489ebe720fb936c57de8641cc4ac0f9d7f89e863d8917b7d32e9633,c666c686c747c7c6c7c6c7c6c7c7c7c7c6c6c6c7c6c7c6c7c4c6c6c6c6c6c746
data/raw/ooc/OOC_image_dataset/train/good/cell_type_HPMEC/4+_days/230425_123.png,230425_123,230425,train,good,HPMEC,4+_days,1,HPMEC,4+_days,True,True,True,2177027,2056,1542,L,d373e670a96e992458d1e4f3f302204d3cf52ea240b33f24ca5f941c2ebf23b7,c7c7c746c706c7c6c786c686c7c7c787c7c7c747c747c746c747c6c6c786c787
data/raw/ooc/OOC_image_dataset/train/good/cell_type_HPMEC/4+_days/230425_127.png,230425_127,230425,train,good,HPMEC,4+_days,1,HPMEC,4+_days,True,True,True,1927634,2056,1542,L,673d31137ab35fcfa032cd981e0ce1788753dfdac87061dbde7bd112d3787dab,c78e878e878ec78ec78ec78ec70ec78ec70e878ec78ec78e870ec78ec78ec78e
data/raw/ooc/OOC_image_dataset/train/good/cell_type_HPMEC/4+_days/230425_135.png,230425_135,230425,train,good,HPMEC,4+_days,1,HPMEC,4+_days,True,True,True,2223838,2056,1542,L,e4d9524d867c1543a4744b6b9c479d89518c7ce8de85161a557ef8965678ee87,ce66cc4ecc46cd46cdc6cecececece4eceaecececfcecf8ecfcecd8ece6ecf2e
data/raw/ooc/OOC_image_dataset/train/good/cell_type_HPMEC/4+_days/230425_138.png,230425_138,230425,train,good,HPMEC,4+_days,1,HPMEC,4+_days,True,True,True,2341077,2056,1542,L,3276cb33c18e6795002b2b757f631e77ddf7ef5224c2b55f8435eede1b5d2ac8,cc4ecd4e4f2e8e0e8f068f4f8ccecc46cdcecc4ecccecdcecd8cce2ece0ecf2f
data/raw/ooc/OOC_image_dataset/train/good/cell_type_HPMEC/4+_days/230425_139.png,230425_139,230425,train,good,HPMEC,4+_days,1,HPMEC,4+_days,True,True,True,2351989,2056,1542,L,e468df9b4ab945f6caa1eab3572383a222b098255e918ad9ff9fe598f23ac2fc,cf0ecfcfcf8dcf87cda6cfa6cdc6cdc7cd8ece8ecf0fcd4cce4ece8ececccfce
data/raw/ooc/OOC_image_dataset/train/good/cell_type_HPMEC/4+_days/230425_140.png,230425_140,230425,train,good,HPMEC,4+_days,1,HPMEC,4+_days,True,True,True,2331791,2056,1542,L,2d44d495caa8faf72615990cf965784f3d797ff8d3bffa5f38284db6cf1290c0,8f4ecf8ece8e8f0e8e0ece4ecc4ece4ccfaccd8eceeeceaece8ece2e8f0e8e0e
data/raw/ooc/OOC_image_dataset/train/good/cell_type_HPMEC/4+_days/230425_18.png,230425_18,230425,train,good,HPMEC,4+_days,1,HPMEC,4+_days,True,True,True,1943626,2056,1542,L,9d070c646408f1c08aad3fced2d99d87ebf5128e1d6ed6d9c51c28c0d0529dc3,cd83ce938e938c13de139a939f839f839e83968396831ec31ec39cc394c394c3
data/raw/ooc/OOC_image_dataset/train/good/cell_type_HPMEC/4+_days/230425_19.png,230425_19,230425,train,good,HPMEC,4+_days,1,HPMEC,4+_days,True,True,True,1836503,2056,1542,L,344a944e09d568c2c5f41be22ce879983e41fbe5160e291539349350f6d5a149,96a3964396639c6394e394339733974317039703963396339623973395939593
data/raw/ooc/OOC_image_dataset/train/good/cell_type_HPMEC/4+_days/230425_20.png,230425_20,230425,train,good,HPMEC,4+_days,1,HPMEC,4+_days,True,True,True,1771646,2056,1542,L,ec41ac4d8dacbdb3650a241549aa708b1035696def1df9f77061c85d030a571a,968393439d439d139d939c839cc39cc39c4395431e439f039f239c039cc39c83
data/raw/ooc/OOC_image_dataset/train/good/cell_type_HPMEC/4+_days/230425_22.png,230425_22,230425,train,good,HPMEC,4+_days,1,HPMEC,4+_days,True,True,True,1800686,2056,1542,L,12bda1756a567670c703cf41554a3508af06a77d95a2617b5a4029fa68f5ce84,98069a869e073e673c263c263c861c873e0738063846388738873867b907b827
data/raw/ooc/OOC_image_dataset/train/good/cell_type_HPMEC/4+_days/230425_23.png,230425_23,230425,train,good,HPMEC,4+_days,1,HPMEC,4+_days,True,True,True,1808722,2056,1542,L,b267032415e26797da4ba72e931c81bdb2bc07d5ca15940db7cfc2d1115516c9,bca734373e273d073d263e263ca73c273cb6389739073b063a243e243e8d3e85
data/raw/ooc/OOC_image_dataset/train/good/cell_type_HPMEC/4+_days/230425_24.png,230425_24,230425,train,good,HPMEC,4+_days,1,HPMEC,4+_days,True,True,True,1688909,2056,1542,L,63343db947009b19a0b2498b4681b46d6f43ef5103ec5569569ba3c7202d1f57,2c263ca63da63d8f3d4f3dcc3dce3f8e38cf30ee226e263e271e0f1e2e1e261f
data/raw/ooc/OOC_image_dataset/train/good/cell_type_HPMEC/4+_days/230425_25.png,230425_25,230425,train,good,HPMEC,4+_days,1,HPMEC,4+_days,True,True,True,1779116,2056,1542,L,9df3e5b3ee0ae90fc450e3a848fea0ac400ee1fb7bf888c33f30f68393261c29,263c236c31ef30cd33cc38cc38cc3c8f3e0f3e0f3f8d3b8f378e3e4c3e0c1c08
data/raw/ooc/OOC_image_dataset/train/good/cell_type_HPMEC/4+_days/230425_26.png,230425_26,230425,train,good,HPMEC,4+_days,1,HPMEC,4+_days,True,True,True,1843357,2056,1542,L,2e7a13ca6c3619e87e2907dc06160221865959f616a658ef148913605ad15e11,1c0c1c081d0e1f0e1f0f1f0f1f0e1f8e1b0f1f9f1f1f1f1f1f1f1f1e3f1c3d3c
data/raw/ooc/OOC_image_dataset/train/good/cell_type_HPMEC/4+_days/230425_27.png,230425_27,230425,train,good,HPMEC,4+_days,1,HPMEC,4+_days,True,True,True,1579620,2056,1542,L,daf6193df4be7fde5fb723d332201d2ae4d5bcca18fd917c6224143c4eef8993,20cf235f231f251e281e291629962a2628672c372c972ec72e572c272d072f07
data/raw/ooc/OOC_image_dataset/train/good/cell_type_HPMEC/4+_days/230425_28.png,230425_28,230425,train,good,HPMEC,4+_days,1,HPMEC,4+_days,True,True,True,1661456,2056,1542,L,b44fd7d8ffc4e3de924178cb34b997f9e0f9ea728bade7084fb8346fdbba937c,2c26248625262666226721c720c761076c266726660664866606644665476616
data/raw/ooc/OOC_image_dataset/train/good/cell_type_HPMEC/4+_days/230425_31.png,230425_31,230425,train,good,HPMEC,4+_days,1,HPMEC,4+_days,True,True,True,1601928,2056,1542,L,a8335db78ab19b9e4c4dbef2c9e16d40dd97042b9ddabc6e0865ef7edac4b807,701e701c641e4c1f481c641c641c601c601f621c601c441e621c661c641d701c
data/raw/ooc/OOC_image_dataset/train/good/cell_type_HPMEC/4+_days/230425_33.png,230425_33,230425,train,good,HPMEC,4+_days,1,HPMEC,4+_days,True,True,True,1793969,2056,1542,L,d8e92909d78574cdb22949695fd94e910682b44d9cfda0dfee5dee90a6d80894,2e1c2e186e196f182f186f192f182f182e182e582ed83ed83e983e9d3fba3fba
data/raw/ooc/OOC_image_dataset/train/good/cell_type_HPMEC/4+_days/230425_37.png,230425_37,230425,train,good,HPMEC,4+_days,1,HPMEC,4+_days,True,True,True,1907100,2056,1542,L,e7f4218f5386066ea39c40a3f54ddb4f862c9331d1abeaaa03fac35314593775,72067017789779977b1678867887788774867a06780678067c16760776077c06
data/raw/ooc/OOC_image_dataset/train/good/cell_type_HPMEC/4+_days/230425_38.png,230425_38,230425,train,good,HPMEC,4+_days,1,HPMEC,4+_days,True,True,True,2054912,2056,1542,L,07e181bb28674c5145f77e725445c7e79987713d9b9b99add46e55957f7c9aa2,7e067c0c7e0c7c06748f75cf74ce7c0c6c0c6d0f690f6c4d6e4c7d0d7c0d7c0c
data/raw/ooc/OOC_image_dataset/train/good/cell_type_HPMEC/4+_days/230425_43.png,230425_43,230425,train,good,HPMEC,4+_days,1,HPMEC,4+_days,True,True,True,2078915,2056,1542,L,bd46ce2e089df045fec9bf2a4a0a45e387b8d48a251cf686427ff1df97b9d6f2,be133ed3365734176c066c0e780e790e7d0efc0efa0cf38df58ff48cf18cf90e
data/raw/ooc/OOC_image_dataset/train/good/cell_type_HPMEC/4+_days/230425_44.png,230425_44,230425,train,good,HPMEC,4+_days,1,HPMEC,4+_days,True,True,True,2054460,2056,1542,L,734935f967e9e16e0f6f8930dc3281447c3fef3c85013ec6741cf780236765e0,fc0cf80e7a0e7e0c7c8cfd8cfd8dfc0df30c758ce48cf58cf38d780cfc0c7c0d
data/raw/ooc/OOC_image_dataset/train/good/cell_type_HPMEC/4+_days/230425_46.png,230425_46,230425,train,good,HPMEC,4+_days,1,HPMEC,4+_days,True,True,True,2029992,2056,1542,L,d0f80345ed7d072b2524408c951bbee0662c6785a88f899ba58fda18f6959c06,fd18fd18fe1af81ffe1ffc19fd18fc19fc1bfe1afe19fe1cfe18fe1cfa1cfa1b
data/raw/ooc/OOC_image_dataset/train/good/cell_type_HPMEC/4+_days/230425_47.png,230425_47,230425,train,good,HPMEC,4+_days,1,HPMEC,4+_days,True,True,True,1896536,2056,1542,L,7dd39f927ebb5a8c4d5a0c345a382c51f3a7bc0a4ae2c9cfbe5684ac7047adfb,fa18fe1afc1af818f838fc38fe30fc32fc30fe30fe32fe33fe3ffc3cfc3cfc3f
data/raw/ooc/OOC_image_dataset/train/good/cell_type_HPMEC/4+_days/230425_48.png,230425_48,230425,train,good,HPMEC,4+_days,1,HPMEC,4+_days,True,True,True,1667933,2056,1542,L,5edf97c521a3ba43e17f79294ef866c00c804ce7ab331848bb8bcaedb816de13,fe3cf63efc3afc39fc39f83df839f836f833f830f830f836f833f873f879f878
data/raw/ooc/OOC_image_dataset/train/good/cell_type_HPMEC/4+_days/230425_49.png,230425_49,230425,train,good,HPMEC,4+_days,1,HPMEC,4+_days,True,True,True,1819020,2056,1542,L,04b0bb89f9c978f3edcfd63d3ad270877bc6cad7e3cf8fe2870a2dbe9b42de32,f079f87cf87cf076f073e872f87af87af871f871f87dd86df86cf86cf874f96c
data/raw/ooc/OOC_image_dataset/train/good/cell_type_HPMEC/4+_days/230425_50.png,230425_50,230425,train,good,HPMEC,4+_days,1,HPMEC,4+_days,True,True,True,1894688,2056,1542,L,15b349311ce72e5f77e99c0dcb4e34e3fe106a6e4b6e21574d7a8da05eee7e34,f870f87cf964f86cea6cf068f070ec62f86ef86ce66ccb6cd974916690e7d06a
data/raw/ooc/OOC_image_dataset/train/good/cell_type_HPMEC/4+_days/230425_51.png,230425_51,230425,train,good,HPMEC,4+_days,1,HPMEC,4+_days,True,True,True,1914770,2056,1542,L,cba63c96c92c248fd7e4e48a512c6a5bf4bcf21f032487b0428c8d5cbe6bb388,c1eae168e16ce86cf86ef27ec27ec37ecde38ce08ce3cce3cde3c1e7e377f974
data/raw/ooc/OOC_image_dataset/train/good/cell_type_HPMEC/4+_days/230517_1.png,230517_1,230517,train,good,HPMEC,4+_days,1,HPMEC,4+_days,True,True,True,1804216,2056,1542,L,3d703d72f0177661f812d2b21811dab29fc26c847dc2ec63ffe2f43747c05886,c66bc66bc663c643c743c76bc76bc53bc733c7a3c5ebc5f3c5f3c573c72bc6eb
data/raw/ooc/OOC_image_dataset/train/good/cell_type_HPMEC/4+_days/230517_10.png,230517_10,230517,train,good,HPMEC,4+_days,1,HPMEC,4+_days,True,True,True,1658922,2056,1542,L,e93135c787d1add7a1d520cbe3a89ce79be367532276eab3f4196ddca1ebde23,ef03cf23cfa3ef932f938fc3cf836fc38b638fc38e838f830f43cf53cf838f63
data/raw/ooc/OOC_image_dataset/train/good/cell_type_HPMEC/4+_days/230517_13.png,230517_13,230517,train,good,HPMEC,4+_days,1,HPMEC,4+_days,True,True,True,1821360,2056,1542,L,45c723805709db4f43e4e0ae2cfc2faaa5f90864154c1174593da4e6d7daf8c0,cf33cc73ceb34ca34ce3cce3cca38d230d23cd13c873ce634d33c9f34b53cf23
data/raw/ooc/OOC_image_dataset/train/good/cell_type_HPMEC/4+_days/230517_14.png,230517_14,230517,train,good,HPMEC,4+_days,1,HPMEC,4+_days,True,True,True,1827035,2056,1542,L,a0522de7a930102007669c5546d6bc96a1da7b9352ea63269e11efa4694b4fd3,cba3cf83ccc3cc43ccc34cd34d63cc33cc13cf238c738c638d43cf938c938e53
data/raw/ooc/OOC_image_dataset/train/good/cell_type_HPMEC/4+_days/230517_15.png,230517_15,230517,train,good,HPMEC,4+_days,1,HPMEC,4+_days,True,True,True,1851872,2056,1542,L,cb6692a32160e2a047895e31dd6c26b7320fd0d63bcc6a2b4c256744ab96f122,ced3cf23cdb38ca3ce73cd53cdc38e53cd93cc93cc530d83cd93cf43cd23ce63
data/raw/ooc/OOC_image_dataset/train/good/cell_type_HPMEC/4+_days/230517_16.png,230517_16,230517,train,good,HPMEC,4+_days,1,HPMEC,4+_days,True,True,True,1828711,2056,1542,L,65b3b61a2bd510b489c3a29f3e04c4df8ca8c6a0e9fadfca1f0e934c59fc694a,cd23cf63ce43cd43cd934c1349534f53ce13ce330c734c53cd139d139d339d23
data/raw/ooc/OOC_image_dataset/train/good/cell_type_HPMEC/4+_days/230517_19.png,230517_19,230517,train,good,HPMEC,4+_days,1,HPMEC,4+_days,True,True,True,2058505,2056,1542,L,cf1cd51b023b8fe5aa00807af64e0ea30d65949becccb4d8af7a641620135e23,ce43cf03cdd38e93cea30e630e630d930fc30fc30f938d938f23ce23cca3ccd3
data/raw/ooc/OOC_image_dataset/train/good/cell_type_HPMEC/4+_days/230517_2.png,230517_2,230517,train,good,HPMEC,4+_days,1,HPMEC,4+_days,True,True,True,1754210,2056,1542,L,58747b47812f614f67b10d6a1b86cdc59b108918caaae3de1ef917f6e2e778b8,c46bcddbc453c5dbc72bc7abc753c3f3c3db87b3872b863bc4738433c73b871b
data/raw/ooc/OOC_image_dataset/train/good/cell_type_HPMEC/4+_days/230517_20.png,230517_20,230517,train,good,HPMEC,4+_days,1,HPMEC,4+_days,True,True,True,2036126,2056,1542,L,b32a2bb2e6ad073b5d79bbcb8b3cec88e8c06e38e8cf13a7baf6d2d52c2c49fb,cd93cd93ce93cf93cf338d33cca3cc334f634f43cf23cea3cc938d93ce13ce13
data/raw/ooc/OOC_image_dataset/train/good/cell_type_HPMEC/4+_days/230517_21.png,230517_21,230517,train,good,HPMEC,4+_days,1,HPMEC,4+_days,True,True,True,1954846,2056,1542,L,27fdcf2f3d6b3a9235c90a2deea5864473840f8142e78fd0468f8237f9963393,ce13ce134d63cf63cfb34e534e538cc3cf334fd34d134cb34ef3ccc3cfc3ccc3
data/raw/ooc/OOC_image_dataset/train/good/cell_type_HPMEC/4+_days/230517_22.png,230517_22,230517,train,good,HPMEC,4+_days,1,HPMEC,4+_days,True,True,True,1880637,2056,1542,L,df207e052775f5056216cda9a6dd7079ad62df5d92e40734ee410179d231ad55,cec3cd93ceb3ce8309630d238f038f434cd3cc93cd234f234ca34da34d034ee3
data/raw/ooc/OOC_image_dataset/train/good/cell_type_HPMEC/4+_days/230517_24.png,230517_24,230517,train,good,HPMEC,4+_days,1,HPMEC,4+_days,True,True,True,1883162,2056,1542,L,431918364ccfdddb490b02834d4f0f3a29b363a99d1ff7851ca1d973356c7601,ccc3cec3cec3ced38d938fb38f938ea38ee30cf30c934f634f810dcf4f474e8b
data/raw/ooc/OOC_image_dataset/train/good/cell_type_HPMEC/4+_days/230517_26.png,230517_26,230517,train,good,HPMEC,4+_days,1,HPMEC,4+_days,True,True,True,1890480,2056,1542,L,c79a1de0a8eaf20f1b7e22adf0e5525b7cd5f8bc9c4c959246ecd562be4f8b7d,8ef38f23894388c38d138d838e838bc3afc38ca38da18d318e418ca1ceb14f65
data/raw/ooc/OOC_image_dataset/train/good/cell_type_HPMEC/4+_days/230517_27.png,230517_27,230517,train,good,HPMEC,4+_days,1,HPMEC,4+_days,True,True,True,1872465,2056,1542,L,fa62e6f726f0ee26004cb829934b15c30c7db63cce1440a1e3a1ab354d1be206,4fc50f55cf55cd65ce258e158f85cf85cf35cf35cf614f214d31cd71ce91cda1
data/raw/ooc/OOC_image_dataset/train/good/cell_type_HPMEC/4+_days/230517_32.png,230517_32,230517,train,good,HPMEC,4+_days,1,HPMEC,4+_days,True,True,True,2108419,2056,1542,L,1e0cdf47999ebd40fb95a07580998522b4455cc534c9b383c56f608fb5f909bb,9e438bc30d221d239a8b0e4b0e4b8fcb8c838ce38f2b8f0b89cb9ceb1ecb1ecb
data/raw/ooc/OOC_image_dataset/train/good/cell_type_HPMEC/4+_days/230517_33.png,230517_33,230517,train,good,HPMEC,4+_days,1,HPMEC,4+_days,True,True,True,2108515,2056,1542,L,82ae49ad7f85b3b44a28cacffba0d6ee1bd0ab2668448bd31b695dd728fc51ab,8e8b8e8b8f2b8d6b1dab9b2b1bcb8f4b8f0b1bab18cb0fcb1e8b9e9b9e1b9ccb
data/raw/ooc/OOC_image_dataset/train/good/cell_type_HPMEC/4+_days/230517_4.png,230517_4,230517,train,good,HPMEC,4+_days,1,HPMEC,4+_days,True,True,True,1759958,2056,1542,L,7e6db89f556d7a6001b1de2f24ba97afb00a42e0a5e5e440d5efbf02b09a81fb,cf534e53cc79ce1bceb94c79cc79cd2b4dd9cfb9c5e3ceb9cc73ce3bce29ce63
data/raw/ooc/OOC_image_dataset/train/good/cell_type_HPMEC/4+_days/230517_5.png,230517_5,230517,train,good,HPMEC,4+_days,1,HPMEC,4+_days,True,True,True,1752473,2056,1542,L,e83548798f014aa54831e7e8eb3c1578e1d32fe506ab272e06b4a14bab96d0d5,cd51cc59ccd9ccb9ceb18e31cc31cc69cd09cf03cf23cf21ce698e29cc29ce69
data/raw/ooc/OOC_image_dataset/train/good/cell_type_HPMEC/4+_days/230517_6.png,230517_6,230517,train,good,HPMEC,4+_days,1,HPMEC,4+_days,True,True,True,1749753,2056,1542,L,592a33bb6f26437ac0af70f2e8f1cc64f2aa75d25ec2d8f19fa635764f4855a8,cd29cfa9cdc94dc94de94e39cc99cd99ccabcc8bcd914dc94ca9ccb9cea9ce99
data/raw/ooc/OOC_image_dataset/train/good/cell_type_HPMEC/4+_days/230517_7.png,230517_7,230517,train,good,HPMEC,4+_days,1,HPMEC,4+_days,True,True,True,1713250,2056,1542,L,92286df85c26f70b95033587618dc480ce9fae0ac59ae5627bf40b0d2f808daa,c7d9c7c9ceb1cea9cd918e29c64bcf9bc79387b3ce13cd13df33d733c653864b
data/raw/ooc/OOC_image_dataset/train/good/cell_type_HPMEC/4+_days/230517_8.png,230517_8,230517,train,good,HPMEC,4+_days,1,HPMEC,4+_days,True,True,True,1702095,2056,1542,L,9d4574e5c9bc3ea55587cdd0216d217442fa3bab0699abf483e599a088b2adbf,cee9ce59ce69cf69c6bbce31ceb18eb1863116311eb99f49df69dff91f791f61
data/raw/ooc/OOC_image_dataset/train/good/cell_type_HPMEC/4+_days/230517_9.png,230517_9,230517,train,good,HPMEC,4+_days,1,HPMEC,4+_days,True,True,True,1676930,2056,1542,L,86e117779c1d265dcd5b82f4fb2f1daa733251e408135b635697b6a87d596ece,1fa95fa95ee95ed956e9df29d631d439dcb994e996c39cc3d68b56c3d6c716c9
data/raw/ooc/OOC_image_dataset/train/good/cell_type_HPMEC/4+_days/230529_1.png,230529_1,230529,train,good,HPMEC,4+_days,1,HPMEC,4+_days,True,True,True,1557004,2056,1542,L,9c64dca5d75ca6451305df7fb99a73f0eb9f57ab2a03017de5d2eb230e459f43,000002000400000024b06571a791e689e685c705e635e715e685e705e745e565
data/raw/ooc/OOC_image_dataset/train/good/cell_type_HPMEC/4+_days/230529_10.png,230529_10,230529,train,good,HPMEC,4+_days,1,HPMEC,4+_days,True,True,True,1547229,2056,1542,L,490c98319f0578192302224f1dd74c332c69e64ecdb984f8e7e96990fb4fd5de,00000000020000408340c364c3c4833483e4c4a4c624d60cc72cd70cd68cc79c
data/raw/ooc/OOC_image_dataset/train/good/cell_type_HPMEC/4+_days/230529_11.png,230529_11,230529,train,good,HPMEC,4+_days,1,HPMEC,4+_days,True,True,True,1944147,2056,1542,L,9ffde4555158fbf99f52ef2922d86d5fb3b350dc972bb06973eced194e1eda4a,d69cc68ec24ec6eed66ec66cd4e4d66cd62c962cf62cd52cc46cf6ecf6e4d66c
data/raw/ooc/OOC_image_dataset/train/good/cell_type_HPMEC/4+_days/230529_14.png,230529_14,230529,train,good,HPMEC,4+_days,1,HPMEC,4+_days,True,True,True,2068692,2056,1542,L,4015cfe9423ad5a214141eaed4b1c8d50889f7a99e4676efc497b1ec9f21ab57,536c535c13bc133c138417c4166456365614564c56cc56b4d6b4d6e4d7c4d48c
data/raw/ooc/OOC_image_dataset/train/good/cell_type_HPMEC/4+_days/230529_159.png,230529_159,230529,train,good,HPMEC,4+_days,1,HPMEC,4+_days,True,True,True,1922436,2056,1542,L,cc2e124789245eb8d5281185fc1b93a7c33ee38b972c35dac0fb84660358cc15,c783c783c7430667062786c7c6c7c74747274727472747c7c7c7c7c7c787c687
data/raw/ooc/OOC_image_dataset/train/good/cell_type_HPMEC/4+_days/230529_167.png,230529_167,230529,train,good,HPMEC,4+_days,1,HPMEC,4+_days,True,True,True,1916178,2056,1542,L,db3c33205df6924a187ea578b118f9cb6de02924446ee4879ba2a13eaf38cfcb,8e0fcf07ce074e0f8e87cec7cec7cec7ce87ce8fcf0fcf8fcf8fcf8fce8f8f8f
data/raw/ooc/OOC_image_dataset/train/good/cell_type_HPMEC/4+_days/230529_168.png,230529_168,230529,train,good,HPMEC,4+_days,1,HPMEC,4+_days,True,True,True,1894518,2056,1542,L,6f1ad68e7df03838764bee2a1676e479fc57356623ccbb8b28c323520f758b79,8f0fcf0f4f874f878f8f8f8f8f8f8fcf0f8f4f8f0ecf0ecbcecb4e8bce8bce8f
data/raw/ooc/OOC_image_dataset/train/good/cell_type_HPMEC/4+_days/230529_169.png,230529_169,230529,train,good,HPMEC,4+_days,1,HPMEC,4+_days,True,True,True,1919079,2056,1542,L,100a190631eccc7b30280cff3136cb93ba1ccd000aadfa42430c6ef03f4229d3,8e8bce8b4ecb0f8f0f4fcd8fcecfcec7cec7cea74f87cdc7cec74e474ec7cec7
data/raw/ooc/OOC_image_dataset/train/good/cell_type_HPMEC/4+_days/230529_170.png,230529_170,230529,train,good,HPMEC,4+_days,1,HPMEC,4+_days,True,True,True,1986728,2056,1542,L,aabbacd2fe528f9303edd1def73625a399a6e6b8f25e1920c6631b4039c792d0,cec7ce47cfc7cdc7cdc7cfe7cf478f47cf478f838f674f674e674ec3ccc3ccc7
data/raw/ooc/OOC_image_dataset/train/good/cell_type_HPMEC/4+_days/230529_171.png,230529_171,230529,train,good,HPMEC,4+_days,1,HPMEC,4+_days,True,True,True,2111448,2056,1542,L,bc59be259b8dfa64fb8020ebebd1f44613f0e2245ea36095b44734b40d89dfc9,cde3cdc3cdc3cee38e63ce738e73ce33ce838ca38d238f230b838be38f239923
data/raw/ooc/OOC_image_dataset/train/good/cell_type_HPMEC/4+_days/230529_4.png,230529_4,230529,train,good,HPMEC,4+_days,1,HPMEC,4+_days,True,True,True,2082078,2056,1542,L,2ad3d7ff4ed98a9df650e6d257f8a9f3fe54d68fb42328a1357ee85feb7d3c28,c516c716c616c646843686a6c63a86168586c586c526c70a851a871a860ac61a
data/raw/ooc/OOC_image_dataset/train/good/cell_type_HPMEC/4+_days/230529_72.png,230529_72,230529,train,good,HPMEC,4+_days,1,HPMEC,4+_days,True,True,True,2033395,2056,1542,L,76b532d9084d7516cdd7af49507dcb743efe23d2d0b8a66800dcebe71df5ff2f,e398e389a7318659c6c147f187f1878147c146c1c659c651c761c731c72186e1
data/raw/ooc/OOC_image_dataset/train/good/cell_type_HPMEC/4+_days/230529_8.png,230529_8,230529,train,good,HPMEC,4+_days,1,HPMEC,4+_days,True,True,True,1386695,2056,1542,L,1a0dc59f2bfdedb9517b6bf4276cf2bb3f5ce3d3e87ae5da7cb8d89e2829acec,8400000000000000020000000426060e860e861ee60ec60e873ac73ac61ec416
data/raw/ooc/OOC_image_dataset/train/good/cell_type_HPMEC/4+_days/230529_82.png,230529_82,230529,train,good,HPMEC,4+_days,1,HPMEC,4+_days,True,True,True,2020372,2056,1542,L,e0bfc440662f1389e1af7a8951c7820d6ed580f5d07492a7130a7fdc1c6c06d1,9cc71e471d479d879e479ec79e4f9d8f1d8f9dcf9ccb1f8b1ecb1e2b1b2f1f0f
data/raw/ooc/OOC_image_dataset/train/good/cell_type_HPMEC/4+_days/230529_83.png,230529_83,230529,train,good,HPMEC,4+_days,1,HPMEC,4+_days,True,True,True,2076440,2056,1542,L,50b0c29d62ae4c8e7d5bdd8c710d116967ce44be8f3238bec2ab6ae1772ddf28,9ee79def9f4f1d679ccf9dcf9dcf9e2f9f079f079f479ec79f879e679eeb1d8b
data/raw/ooc/OOC_image_dataset/train/good/cell_type_HPMEC/4+_days/230529_84.png,230529_84,230529,train,good,HPMEC,4+_days,1,HPMEC,4+_days,True,True,True,2100409,2056,1542,L,8d52380f4981d591a378c4492c0fa985f97148e22339adfb49cc8cc60c178288,8ca78e678e678ec78ee78e678e678e878ec71c679d078f878f079f279f268f27
data/raw/ooc/OOC_image_dataset/train/good/cell_type_HPMEC/4+_days/230529_85.png,230529_85,230529,train,good,HPMEC,4+_days,1,HPMEC,4+_days,True,True,True,2101904,2056,1542,L,fb0c84848046e9408a9bf0bc98845940d5c12a7083784d57f17531c1924d0b4b,0e278e278fc78fc78de78d278fa78fa78f870f878de39ce79ce31ce31d039fc3
data/raw/ooc/OOC_image_dataset/train/good/cell_type_HPMEC/4+_days/230529_86.png,230529_86,230529,train,good,HPMEC,4+_days,1,HPMEC,4+_days,True,True,True,2126179,2056,1542,L,39a3ec7fd78dc9486fd26e263ff7103db5a0bdba1733e865f1625c0a14afc5a1,8ec38f638f630f438fc39fc38fe38ee38de30cc31ec31ec39f839f839f839fc3
data/raw/ooc/OOC_image_dataset/train/good/cell_type_HPMEC/4+_days/230529_87.png,230529_87,230529,train,good,HPMEC,4+_days,1,HPMEC,4+_days,True,True,True,1958835,2056,1542,L,1236adb43fb56045d7747b4b6d41709adf8129cbcaae1a4edb4e46d1b51cf14b,1fe31fe39e631fe31f431f639f639ee31ce31ea31f239ee31e631e639f439f23
data/raw/ooc/OOC_image_dataset/train/good/cell_type_HPMEC/4+_days/230529_93.png,230529_93,230529,train,good,HPMEC,4+_days,1,HPMEC,4+_days,True,True,True,2097286,2056,1542,L,69b589069a2edb71faf60b821d81c500709e7a71ce9b3fa77f6edf47879ce50f,39a6388738873d4739073d863a863a873f273f473dc73c4638473d0733073627
data/raw/ooc/OOC_image_dataset/train/good/cell_type_HPMEC/4+_days/230529_94.png,230529_94,230529,train,good,HPMEC,4+_days,1,HPMEC,4+_days,True,True,True,2079543,2056,1542,L,f85d6dba093f549f98ace66191e5e47f7346197815ee14f7514ea1561b012045,3e2736273e073c073e073e273fa73d877f073d073c673f637f477f4377437723
data/raw/ooc/OOC_image_dataset/train/good/cell_type_HPMEC/4+_days/230529_95.png,230529_95,230529,train,good,HPMEC,4+_days,1,HPMEC,4+_days,True,True,True,2020457,2056,1542,L,8a106499bc4aa251e039380b33ff039d6aeaf411703d9a8c7f97cee6ae0b9770,7d037d837dc37d237f23332372a377837303772375237ac772c376c376c37d43
data/raw/ooc/OOC_image_dataset/train/good/cell_type_HPMEC/4+_days/230529_96.png,230529_96,230529,train,good,HPMEC,4+_days,1,HPMEC,4+_days,True,True,True,1988604,2056,1542,L,0ae11f0be327c5a3ed516a5596701d549e013f50a38787ab035c13e5449edb8c,5e437b4b3f033f037f137da37da37ce379837b43733375737d737f4371837b43
data/raw/ooc/OOC_image_dataset/train/good/cell_type_HPMEC/4+_days/230529_97.png,230529_97,230529,train,good,HPMEC,4+_days,1,HPMEC,4+_days,True,True,True,1937768,2056,1542,L,51aec5702c33ec7c40bd1006b2fe8adb64a7803c5ea587f69026d2ba60a81422,7d037d237b437343732372837e037b837e837e137e437e2379037cc37ff37d23
data/raw/ooc/OOC_image_dataset/train/good/cell_type_HPMEC/4+_days/230529_98.png,230529_98,230529,train,good,HPMEC,4+_days,1,HPMEC,4+_days,True,True,True,1957877,2056,1542,L,aae06bbc1d4ae8519690bedc066eba0c125da452f56ee2bc4dae0a3b2d166b9f,3de33e231c033c7338a331a73ea73e2637a671a77c877d8e6d8eeb8eee1eed1b
data/raw/ooc/OOC_image_dataset/train/good/cell_type_HPMEC/4_days/230317_13.png,230317_13,230317,train,good,HPMEC,4_days,1,HPMEC,4_days,True,True,True,2122333,2056,1542,L,50cb4b9fb7790e77c76024c76f0e4b03350f8d94d137d92294f2af4e92aade8b,f137f037f016f816ed17ee97ee86fb06fb06ec07e807f806f886f027f125f925
data/raw/ooc/OOC_image_dataset/train/good/cell_type_HPMEC/4_days/230317_15.png,230317_15,230317,train,good,HPMEC,4_days,1,HPMEC,4_days,True,True,True,2041098,2056,1542,L,8b31d1286833277357bdcf168ed053f9d68fb641fa1999f56b42930d9d99b52f,f42df62cf22cfc2cfc0dfc0dec0df90ef88cf80cfc0dfcadf88df88ef88cf90c
data/raw/ooc/OOC_image_dataset/train/good/cell_type_HPMEC/4_days/230317_17.png,230317_17,230317,train,good,HPMEC,4_days,1,HPMEC,4_days,True,True,True,1965191,2056,1542,L,fbd59bfae3ffd837681152f95599e9df160bca44be6e85aa7019bae5b0471fd2,f818f818f818f898f01ab09ab218be58bc18bc18be18be18b918b818fc18fd1d
data/raw/ooc/OOC_image_dataset/train/good/cell_type_HPMEC/4_days/230317_18.png,230317_18,230317,train,good,HPMEC,4_days,1,HPMEC,4_days,True,True,True,2054100,2056,1542,L,584c9db73fbf3816e08fe2d5c9f2239a5f8fed765114e3d786e687e1e5c5bf6d,fd18f998f49cfd18ec18ec18f018f018f038e838e038f039f839cc30cc30dc32
data/raw/ooc/OOC_image_dataset/train/good/cell_type_HPMEC/4_days/230317_2.png,230317_2,230317,train,good,HPMEC,4_days,1,HPMEC,4_days,True,True,True,2010772,2056,1542,L,4728b268a2be2c0693b41163aa7f43a6a66f59c0763d7f4d6e4dbaeb90177cb9,360b3f0b2e0b370b370b370b3a0b270327c319c239e338f338d338c339c319c3
data/raw/ooc/OOC_image_dataset/train/good/cell_type_HPMEC/4_days/230317_20.png,230317_20,230317,train,good,HPMEC,4_days,1,HPMEC,4_days,True,True,True,2044822,2056,1542,L,d89db3815639bf77760acd94bbed4b0a37bd991f4726fe68514496ff175e9998,fd86fd06f606fec6f386f247fc26eb06ee06fc06fc06ee07ee06fc07fd06fd06
data/raw/ooc/OOC_image_dataset/train/good/cell_type_HPMEC/4_days/230317_21.png,230317_21,230317,train,good,HPMEC,4_days,1,HPMEC,4_days,True,True,True,1797497,2056,1542,L,88ffad65ec25018f2f4c5163c1e498cad43f577445d2cbf4f2ad2ca053c14963,fc46fc36f89ef98ff18fe1cef18ee98f8c9f9337719671c6f0c6f0c7f8c7f8c6
data/raw/ooc/OOC_image_dataset/train/good/cell_type_HPMEC/4_days/230317_22.png,230317_22,230317,train,good,HPMEC,4_days,1,HPMEC,4_days,True,True,True,1969880,2056,1542,L,3398338c23a039426dff451dde3c7540a882b515af06584f24305e45e5bdbe07,71c631c697c68f06ee86ec06fc4cff0efe8dec8fec8fef0efb0ef30df70efe0f
data/raw/ooc/OOC_image_dataset/train/good/cell_type_HPMEC/4_days/230317_23.png,230317_23,230317,train,good,HPMEC,4_days,1,HPMEC,4_days,True,True,True,2024562,2056,1542,L,9a66623c81c43012cfbe0fed4236c646e04d339ecdea0e9d22e0aa5c343d8f59,f60fef0fee0fec8fbe0dfb8ef98efccef48fe68df98df8ce964fb64ff6cff08f
data/raw/ooc/OOC_image_dataset/train/good/cell_type_HPMEC/4_days/230317_25.png,230317_25,230317,train,good,HPMEC,4_days,1,HPMEC,4_days,True,True,True,2025623,2056,1542,L,914f8cb6305dfdfb223730422b03aa1ac6072836acde1bd635044ec75f8ac979,fc0dfc0fdccbf89bd899f899f89bf89bfcdafc5f781e7c1e7899fa9a5c1a591d
data/raw/ooc/OOC_image_dataset/train/good/cell_type_HPMEC/4_days/230317_28.png,230317_28,230317,train,good,HPMEC,4_days,1,HPMEC,4_days,True,True,True,1924025,2056,1542,L,f7ed67facea315eb6bda1ca3797db5b62374ac40de9f503470d41e2b6997d269,9890b81138423ec67e047b2c7f8cfb4ce7cce58ce1ccf08cb14cb04eb82cba2c
data/raw/ooc/OOC_image_dataset/train/good/cell_type_HPMEC/4_days/230317_29.png,230317_29,230317,train,good,HPMEC,4_days,1,HPMEC,4_days,True,True,True,2020693,2056,1542,L,769ffc80a2cd4c4c5bde0e45234c9938ecddff8f3553253a7730e7c03c8701ec,b10cb20cb90cb90cb90cbc0cb8ccac8cbd8dbd0dbc4cbc8cec0cf60cfb0cfc0c
data/raw/ooc/OOC_image_dataset/train/good/cell_type_HPMEC/4_days/230317_3.png,230317_3,230317,train,good,HPMEC,4_days,1,HPMEC,4_days,True,True,True,2095880,2056,1542,L,b1c9facebb39b557472d614bce2155edeeeed6d58b1b4169ed4b85797000720d,039367136f136c137e137c537b037e027e137c937c137f167b177c167c567c96
data/raw/ooc/OOC_image_dataset/train/good/cell_type_HPMEC/4_days/230317_30.png,230317_30,230317,train,good,HPMEC,4_days,1,HPMEC,4_days,True,True,True,1979843,2056,1542,L,27bdb451f5ee365da844798a83d4704d7cac9feb5213e47ee31ad82e490ab77b,ec8cfc0cec0df84cf60cfe0dfc0dfc0dfc0cfd0cfe0dfc4dfc0dfc0dfe4dfe0c
data/raw/ooc/OOC_image_dataset/train/good/cell_type_HPMEC/4_days/230317_31.png,230317_31,230317,train,good,HPMEC,4_days,1,HPMEC,4_days,True,True,True,1926951,2056,1542,L,01074f9ab5e60fa52ffdbaa53b7f4b76b67072d9226fa2fa7f9a5c0785fed8c7,fe0cf68cfc0d3d0d7c0d6e0d6d0c4e4d6e0d674cedcccccd3c8d7d8ff48ed8cc
data/raw/ooc/OOC_image_dataset/train/good/cell_type_HPMEC/4_days/230317_35.png,230317_35,230317,train,good,HPMEC,4_days,1,HPMEC,4_days,True,True,True,1952162,2056,1542,L,9b452b06121b7f7b5b291c33f5558f0aa67136cba7e44c83a040a221ff69f295,633063396030623062b152b1523145307930d83b583378316cb969b979386338
data/raw/ooc/OOC_image_dataset/train/good/cell_type_HPMEC/4_days/230317_4.png,230317_4,230317,train,good,HPMEC,4_days,1,HPMEC,4_days,True,True,True,2115892,2056,1542,L,064e836f2f457681736869fdff94960a6e1bbef2a9599144ce212b58929715e2,7c977d167f167e167e167e567f167d167c167e567c1677177e147b1573177316
data/raw/ooc/OOC_image_dataset/train/good/cell_type_HPMEC/4_days/230317_5.png,230317_5,230317,train,good,HPMEC,4_days,1,HPMEC,4_days,True,True,True,2103538,2056,1542,L,bcab66ea70703e31a8a95b0c262ae9f836383b220970954a6cc9a3a9d9840754,79167c167e5676166517651674167a147a046e047e047e067b1479046f046e04
data/raw/ooc/OOC_image_dataset/train/good/cell_type_HPMEC/4_days/230317_56.png,230317_56,230317,train,good,HPMEC,4_days,1,HPMEC,4_days,True,True,True,1972378,2056,1542,L,21f760d3933ab4890127daf7eac2c66507e9bc166da251676a291647934647fd,38cc3b4c3f0e3f8e3a4e3e8e3e4e39ce3bce2ace2e8c2c8c2d0c3b0c3d0c7d0e
data/raw/ooc/OOC_image_dataset/train/good/cell_type_HPMEC/4_days/230317_58.png,230317_58,230317,train,good,HPMEC,4_days,1,HPMEC,4_days,True,True,True,2026694,2056,1542,L,a090d03801df97133422901a08493838d78175608ec68acf2f0072494dc0cb57,51cc5b0c5f0e5f0c5ccc5ccc5f8c5f0f5f0e5b0c590c584dd9ccdb8cdf8cdf0e
data/raw/ooc/OOC_image_dataset/train/good/cell_type_HPMEC/4_days/230317_59.png,230317_59,230317,train,good,HPMEC,4_days,1,HPMEC,4_days,True,True,True,2018779,2056,1542,L,6cb4a056d52cd8c9a3bb33c1b205bf3b5e066866ed44bcd37f339c2315f4d048,594e5a4e5acc568c538cde0cdc0ddc0dd80dfa0dfc0df48ddc8dfc8ddc0ddc0f
data/raw/ooc/OOC_image_dataset/train/good/cell_type_HPMEC/4_days/230317_6.png,230317_6,230317,train,good,HPMEC,4_days,1,HPMEC,4_days,True,True,True,2092268,2056,1542,L,ddbc5dcb2423fc25221f1e3075be70c3bc668f874ec9cf247db4da6d9dc0e962,6f146c947f067f057d057c0e7e0e6f066c8e7c0e7c0e7e8e7a4c7a4c7c0c7d0d
data/raw/ooc/OOC_image_dataset/train/good/cell_type_HPMEC/4_days/230317_60.png,230317_60,230317,train,good,HPMEC,4_days,1,HPMEC,4_days,True,True,True,1555405,2056,1542,L,f0f79fa71325a6b8b1a2111ab2ab0b1948029ee1b028dc2e220761364075b1a6,3987788e64cc64cde45ff41bd91ac335f235f831e031e131e432f433f033f832
data/raw/ooc/OOC_image_dataset/train/good/cell_type_HPMEC/4_days/230317_61.png,230317_61,230317,train,good,HPMEC,4_days,1,HPMEC,4_days,True,True,True,1584778,2056,1542,L,1e487111fd85606ce3a19b402b9705cf367a0ae2c51b26f09723b60cc0b056f5,e832f033ec33f4389439b533f831f833f233e633a533b133e933ed30e930fa31
data/raw/ooc/OOC_image_dataset/train/good/cell_type_HPMEC/4_days/230317_62.png,230317_62,230317,train,good,HPMEC,4_days,1,HPMEC,4_days,True,True,True,1584547,2056,1542,L,83c86860a09b6d0b6b4fbf7df4ae371e482b1894e39a45e758d9eb4a876550bf,ec30fa34fe30f234e234c63686369637e636a632ad32f431f432fc309e339d37
data/raw/ooc/OOC_image_dataset/train/good/cell_type_HPMEC/4_days/230317_63.png,230317_63,230317,train,good,HPMEC,4_days,1,HPMEC,4_days,True,True,True,1593456,2056,1542,L,b72b5279e2da198a152baceebfc3b1fa5dfe09478d39137b7f49fdc7f046b0fa,993799369532f532e530c4309434b831b236f236f332f132d032f436f836f032
data/raw/ooc/OOC_image_dataset/train/good/cell_type_HPMEC/4_days/230317_64.png,230317_64,230317,train,good,HPMEC,4_days,1,HPMEC,4_days,True,True,True,1589690,2056,1542,L,a41969d375b6a5b77bb30e76728ac771474a1ba4dc536f7a00de24b7a28fa953,f036f436f434f435f835b235b835b435f430d030e831783178307830f020f830
data/raw/ooc/OOC_image_dataset/train/good/cell_type_HPMEC/4_days/230317_7.png,230317_7,230317,train,good,HPMEC,4_days,1,HPMEC,4_days,True,True,True,2100232,2056,1542,L,6aa7d111d7939fd36acc8f1a78d076ad821c158b70fd788b6d732ab75fad8ad2,748c7d8c7d8c7c0c7d0e7d8e7e8c7e8d6d8c790c7f8c748c780c780c780e780e
data/raw/ooc/OOC_image_dataset/train/good/cell_type_HPMEC/4_days/230512_1.png,230512_1,230512,train,good,HPMEC,4_days,1,HPMEC,4_days,True,True,True,1846455,2056,1542,L,3b986db4cf999f1d1381aa6b4f9a82fdb66338bfc78ebab8adb87862d95afd2c,0ccfcc73cdb3ce03ce63ce83cf43cec3cf63ce63cea3cf83cf03ce83cee3cf43
data/raw/ooc/OOC_image_dataset/train/good/cell_type_HPMEC/4_days/230512_12.png,230512_12,230512,train,good,HPMEC,4_days,1,HPMEC,4_days,True,True,True,1780368,2056,1542,L,b9014b91aa7ef3911acf15d18332c5daee641160be819f37ccea27be0404dede,dda69d269cc69c8798969c861e469a769c76182618e798e798c79c669e269d07
data/raw/ooc/OOC_image_dataset/train/good/cell_type_HPMEC/4_days/230512_13.png,230512_13,230512,train,good,HPMEC,4_days,1,HPMEC,4_days,True,True,True,1744680,2056,1542,L,c66804b3e1641cfe2f4cb757a6bdd238ce445d8a52742dce654ebcf8da3f5b82,9c869ca69c679ce79ae79b671b4699479d861b8693c681e68ce79c679c669c66
data/raw/ooc/OOC_image_dataset/train/good/cell_type_HPMEC/4_days/230512_15.png,230512_15,230512,train,good,HPMEC,4_days,1,HPMEC,4_days,True,True,True,1772099,2056,1542,L,78f5332f32ec000ce530ce5ccf047a75b16487622aa763e000b8c6b6e7389098,9ac69d269d279c679ce69f479ec79cc69c469c4699869b269ba69be69a469c26
data/raw/ooc/OOC_image_dataset/train/good/cell_type_HPMEC/4_days/230512_19.png,230512_19,230512,train,good,HPMEC,4_days,1,HPMEC,4_days,True,True,True,1865289,2056,1542,L,f0d325b3fab45079f20ce540bd6f1c9e913a0c4776500f65fac391191ced289e,ce434e034c638cc38cc38c838d838ac3cfa3cf03cf83cd83ccc3ccc2cda34ea2
data/raw/ooc/OOC_image_dataset/train/good/cell_type_HPMEC/4_days/230512_20.png,230512_20,230512,train,good,HPMEC,4_days,1,HPMEC,4_days,True,True,True,1790811,2056,1542,L,676b8a9880d5230367478a1c2d13783d2634212e793083e436afc2525b193da0,cee34e62ce63ce63ce834d83cf034e438c63cc62ccc34ec30e630a438b038902
data/raw/ooc/OOC_image_dataset/train/good/cell_type_HPMEC/4_days/230512_22.png,230512_22,230512,train,good,HPMEC,4_days,1,HPMEC,4_days,True,True,True,1744664,2056,1542,L,9d1a9e8b2140685739fbafb04ff50bba153f0d383086f6116fed242106abfb52,db83caa3da22de434e434c434f461d660f234f274f27dd071b031d131c939ca7
data/raw/ooc/OOC_image_dataset/train/good/cell_type_HPMEC/4_days/230512_23.png,230512_23,230512,train,good,HPMEC,4_days,1,HPMEC,4_days,True,True,True,1746675,2056,1542,L,2f8b007042a502ee05867bd553944b33a3e5f27d2943e0d95d4766d47f442941,cc43dec3db034c838c879da38fc38fc38fc78fc79f271ba71d871d031cc71886
data/raw/ooc/OOC_image_dataset/train/good/cell_type_HPMEC/4_days/230512_25.png,230512_25,230512,train,good,HPMEC,4_days,1,HPMEC,4_days,True,True,True,1750587,2056,1542,L,b29cb75f8dd0ddeb17c6ee629fde9f2ee1af1bf1927610d1b2c7035e1ec20f07,96139a1b9e035d4219421962188a4ccb4c8b59c359c358e24a630b034f0b4f8b
data/raw/ooc/OOC_image_dataset/train/good/cell_type_HPMEC/4_days/230512_3.png,230512_3,230512,train,good,HPMEC,4_days,1,HPMEC,4_days,True,True,True,1840773,2056,1542,L,122797c7ea5a60d37339996722823e67b49993ee92244d0524b6568f5596bb77,8e438e438e438e838f838f238ea38f838f230f438f230c231d231cc31cc38c83
data/raw/ooc/OOC_image_dataset/train/good/cell_type_HPMEC/4_days/230512_5.png,230512_5,230512,train,good,HPMEC,4_days,1,HPMEC,4_days,True,True,True,1849352,2056,1542,L,7bdd4b4db58b12f45225eb75309bbb6841d4a3b20a4f8c1208d4ba1a89083f07,9e439c039d039f139f139f129d139f939e939e339e039d8399c3918393139633
data/raw/ooc/OOC_image_dataset/train/good/cell_type_HSAEC/0-1_days/220429_19.png,220429_19,220429,train,good,HSAEC,0-1_days,1,HSAEC,0-1_days,True,True,True,2446169,2048,1536,RGB,389b63491cebcb52885a1c20c0451f4a214d8a1dc6b44d3325edff5ca9441924,30ff00be01bf4177107710b7885f046f028f604f207f217e20df20ef227f237b
data/raw/ooc/OOC_image_dataset/train/good/cell_type_HSAEC/0-1_days/220429_20.png,220429_20,220429,train,good,HSAEC,0-1_days,1,HSAEC,0-1_days,True,True,True,2519283,2048,1536,RGB,b9589d3c368f05be376621e0472c2ae3c015b6dbaa24d7abead5a6609a02c81c,10ff067f0e3f0e1f8b9f8f1f0fbf063f027f81ef033f8c9f049f84dd8a3dda37
data/raw/ooc/OOC_image_dataset/train/good/cell_type_HSAEC/0-1_days/220429_22.png,220429_22,220429,train,good,HSAEC,0-1_days,1,HSAEC,0-1_days,True,True,True,2566605,2048,1536,RGB,5f7276d3b2448517312741ca5dfe63b891c6271abd237d79706e00b6558423ec,3737029f061f061f171f123f12b78ec781ff917f637f457f207f82bf83bf2199
data/raw/ooc/OOC_image_dataset/train/good/cell_type_HSAEC/0-1_days/220429_23.png,220429_23,220429,train,good,HSAEC,0-1_days,1,HSAEC,0-1_days,True,True,True,2561633,2048,1536,RGB,7c51ab2afd121cd0ed5eb68a02bb20204db867524e3aaaeb4175c08e8adc075b,1edf069f051f251f041f0c3f0a1f073f075f057f021f0d5f433f00ff225f031d
data/raw/ooc/OOC_image_dataset/train/good/cell_type_HSAEC/0-1_days/220429_24.png,220429_24,220429,train,good,HSAEC,0-1_days,1,HSAEC,0-1_days,True,True,True,2513566,2048,1536,RGB,849e6a24a5fdf5d0527000e1b8d7770c33c0b051bfc6b38878c160a6cb7e75a1,a8df222f255f343724cf68df739f61ef2567a3cf43df47cf26f731f7006f003d
data/raw/ooc/OOC_image_dataset/train/good/cell_type_HSAEC/0-1_days/220429_25.png,220429_25,220429,train,good,HSAEC,0-1_days,1,HSAEC,0-1_days,True,True,True,2389527,2048,1536,RGB,de8bf79fb172f1b4619e30c20fa99596731a1d006b155b811cb5896be3032d9e,289f4d0f113f100f262f460e65df279f063f91bf10ff09ff01df22bf009445be
data/raw/ooc/OOC_image_dataset/train/good/cell_type_HSAEC/0-1_days/220429_26.png,220429_26,220429,train,good,HSAEC,0-1_days,1,HSAEC,0-1_days,True,True,True,2335194,2048,1536,RGB,8660eb13378440e873a14b7ea88c7bbfd01bfaebfeb035ea671df97c576a72bf,440b063f262f300f301f301f013f843f80bfe0ff00ff027f815b099fb9baacfb
data/raw/ooc/OOC_image_dataset/train/good/cell_type_HSAEC/0-1_days/220429_27.png,220429_27,220429,train,good,HSAEC,0-1_days,1,HSAEC,0-1_days,True,True,True,2410899,2048,1536,RGB,d886cf6a53eb94aebe2dafcd2eef8404b1e2e72a24ca990437f068adc401ee03,c0ab003f023f802f846f005f031f835f624fa23d887f24f722b70277069f38cf
data/raw/ooc/OOC_image_dataset/train/good/cell_type_HSAEC/0-1_days/220429_28.png,220429_28,220429,train,good,HSAEC,0-1_days,1,HSAEC,0-1_days,True,True,True,2409089,2048,1536,RGB,8951a0dcaa203fa8bb887a50f13390c52c1f61ad086b63456237242bc4802f22,9095003b003f081f001f807f021b8a1fc43fc03f607f589b58ef045b101f009f
data/raw/ooc/OOC_image_dataset/train/good/cell_type_HSAEC/0-1_days/220429_29.png,220429_29,220429,train,good,HSAEC,0-1_days,1,HSAEC,0-1_days,True,True,True,2423522,2048,1536,RGB,2e32e9ed52447d80a9b1c14b9b635d7e73edb9c782f2f21f915d84f814b1c405,20af003d9115805e841f441f103790bf005f045f0c3f805f086f245f625f0f9f
data/raw/ooc/OOC_image_dataset/train/good/cell_type_HSAEC/0-1_days/220429_31.png,220429_31,220429,train,good,HSAEC,0-1_days,1,HSAEC,0-1_days,True,True,True,2327137,2048,1536,RGB,782084ceec78f2d115ec88b8864ded3a60df6683a4eec750c734ff50f72cb797,609f201f903f442f842f4a3f053f003f002f803f103f442fa83f286f4c6f886b
data/raw/ooc/OOC_image_dataset/train/good/cell_type_HSAEC/0-1_days/220429_33.png,220429_33,220429,train,good,HSAEC,0-1_days,1,HSAEC,0-1_days,True,True,True,2684713,2048,1536,RGB,d7d0a65c0285a9de4ac5994e4a62c0dc1e4b3fe38a42e3af07727b167be53413,20f905df05fc016a01f609fd14bf0c1e0a3f041f049c072e075b02c903c10393
data/raw/ooc/OOC_image_dataset/train/good/cell_type_HSAEC/0-1_days/220626_11.png,220626_11,220626,train,good,HSAEC,0-1_days,1,HSAEC,0-1_days,True,True,True,2737244,2048,1536,RGB,b07bcb8d6c6516c12b3033a25090bb4667a0ea49749e8cb78f805b47b5cf953a,2b7725f52abb3bbb1bdc1b3a931f171f07db87cf9dca9dcc0dce29bf2b250586
data/raw/ooc/OOC_image_dataset/train/good/cell_type_HSAEC/0-1_days/220626_12.png,220626_12,220626,train,good,HSAEC,0-1_days,1,HSAEC,0-1_days,True,True,True,2799766,2048,1536,RGB,855cf16af5b1a871630ee1be29d42b9d61701cd0a9dc7a5164ac4c68d5195401,274f1546242c05be19991d978f5ccc694f6c0e660b4a073c071d45cc35c62484
data/raw/ooc/OOC_image_dataset/train/good/cell_type_HSAEC/0-1_days/220626_13.png,220626_13,220626,train,good,HSAEC,0-1_days,1,HSAEC,0-1_days,True,True,True,2624743,2048,1536,RGB,bd59028c38d0aef5fe50dc0ac9a728049b4bd142a061bf12b8224ece12a8197e,899c092e09572357069c1ccb0acd034c8759035906cc075b0d9219860958036d
data/raw/ooc/OOC_image_dataset/train/good/cell_type_HSAEC/0-1_days/220626_15.png,220626_15,220626,train,good,HSAEC,0-1_days,1,HSAEC,0-1_days,True,True,True,2636509,2048,1536,RGB,e6b6922e3fb8ca439fbb984f439955f088d080007ac9bfa1bec1078d628e278b,1fea0e6a055e050e112c138e132d078d1d9f1d9a1f990f390733191b11964d27
data/raw/ooc/OOC_image_dataset/train/good/cell_type_HSAEC/0-1_days/220626_9.png,220626_9,220626,train,good,HSAEC,0-1_days,1,HSAEC,0-1_days,True,True,True,2698961,2048,1536,RGB,1fecc839ecc919087425f389e2ad388180bdf98bf02f9dccbe084beeee43dab5,0d9b276b553a29e80e835ac7103a13471f240cb40ed9044314a90b1d0f2e076a
data/raw/ooc/OOC_image_dataset/train/good/cell_type_HSAEC/0-1_days/220708_9.png,220708_9,220708,train,good,HSAEC,0-1_days,1,HSAEC,0-1_days,True,True,True,2855032,2048,1536,RGB,31fa74aad1e922b27328a578329cd783acfd24307a39ca25ae7abd9ef8aab732,1feffd9fe53701b7812f412b03bd138f19bf187f10fd01e701f50b52060f07fb
data/raw/ooc/OOC_image_dataset/train/good/cell_type_HSAEC/0-1_days/220715_13.png,220715_13,220715,train,good,HSAEC,0-1_days,1,HSAEC,0-1_days,True,True,True,2299149,2048,1536,RGB,90b576f7e9fd5a5ed8c1f00a78113c917c3344b349ec4973f4c83a177f7cc78e,43bf01f930f91cb181e398b29cb108b80c7c447d8261c3614b69cd5f84568051
data/raw/ooc/OOC_image_dataset/train/good/cell_type_HSAEC/0-1_days/220715_14.png,220715_14,220715,train,good,HSAEC,0-1_days,1,HSAEC,0-1_days,True,True,True,2497302,2048,1536,RGB,5f57055e2756b44027310f198e63f6d018410af42aa0ae3110e0c75d9e71dfc5,c3fd03df039303971b77129716ae154d477f073b347e0ccd8cff0d7e05bf808b
data/raw/ooc/OOC_image_dataset/train/good/cell_type_HSAEC/0-1_days/220715_15.png,220715_15,220715,train,good,HSAEC,0-1_days,1,HSAEC,0-1_days,True,True,True,2459540,2048,1536,RGB,02e9f6a2f379032a07325ce6cd3d14b43804cb0f062b2d84000a8eec48b4361e,5bcf188f1a9718e7187e1c7d1d5b8ddbd1fbb3ada68f8c9b1e371cbf9b398a41
data/raw/ooc/OOC_image_dataset/train/good/cell_type_HSAEC/0-1_days/221010_21.png,221010_21,221010,train,good,HSAEC,0-1_days,1,HSAEC,0-1_days,True,True,True,2859605,2048,1536,RGB,a808442329b00135d9d6730eddf2359e922892ba209dded310cc09066af05696,d053d042d041d041d0c0d062d0e0d070d070d0a05064507470707010700e720e
data/raw/ooc/OOC_image_dataset/train/good/cell_type_HSAEC/0-1_days/221010_22.png,221010_22,221010,train,good,HSAEC,0-1_days,1,HSAEC,0-1_days,True,True,True,2821697,2048,1536,RGB,b7c92859876b998c5fa85b2cebefb35b07bb129e1f8540f09de4ffe20fe6b684,0032413261b24232003200d200f210d210f28072a072107200929012109210da
data/raw/ooc/OOC_image_dataset/train/good/cell_type_HSAEC/0-1_days/221010_24.png,221010_24,221010,train,good,HSAEC,0-1_days,1,HSAEC,0-1_days,True,True,True,2996821,2048,1536,RGB,0ec015297d608e3b48b4f523a7faae15816859f32b7d43fa8fea41dfe0c54e26,006d10ec80ac402c012c016c016c8069002c482c006c002c806c846c88ac408c
data/raw/ooc/OOC_image_dataset/train/good/cell_type_HSAEC/0-1_days/221010_26.png,221010_26,221010,train,good,HSAEC,0-1_days,1,HSAEC,0-1_days,True,True,True,2972801,2048,1536,RGB,3c8989085d7611cf50b75b163e3bd3d1651612e4af7b0d79ec8a0dacca19fa4b,803c802c809482348a3482748244c2548274c06684e6805680a680468116891e
data/raw/ooc/OOC_image_dataset/train/good/cell_type_HSAEC/0-1_days/221010_46.png,221010_46,221010,train,good,HSAEC,0-1_days,1,HSAEC,0-1_days,True,True,True,2589727,2048,1536,RGB,8842a87836fec94003c2e12fb6a46d8dfd354416f17d1e54674dfa3242ca9930,001d061d452d8005a00c860c020c810c040c8404801c001414160c061616040e
data/raw/ooc/OOC_image_dataset/train/good/cell_type_HSAEC/0-1_days/221010_48.png,221010_48,221010,train,good,HSAEC,0-1_days,1,HSAEC,0-1_days,True,True,True,2603288,2048,1536,RGB,a0262c8032d52fc7efab8004fb9617d32f316f20dbce9ab51475cf62765a897d,c217c82bc89bc907e907ea0fe917e80fe807e98f680f680f6a0f6a076e0f6e0f
data/raw/ooc/OOC_image_dataset/train/good/cell_type_HSAEC/0-1_days/221010_51.png,221010_51,221010,train,good,HSAEC,0-1_days,1,HSAEC,0-1_days,True,True,True,3040091,2048,1536,RGB,e776bc8968e34551904dcba1b85bdf30f05a12c0d9a44fa4530ffbee7f096319,801f801f800fc01fc10f600fe00fc00be00bc20bc01fe00fe20fd60fda07c20f
data/raw/ooc/OOC_image_dataset/train/good/cell_type_HSAEC/0-1_days/221010_52.png,221010_52,221010,train,good,HSAEC,0-1_days,1,HSAEC,0-1_days,True,True,True,3089551,2048,1536,RGB,5bce5f1837efe366431c521fefede140298356bd5c7a878516a67042c0910592,001f001f009b400f400f400fe00f410fc00fe00fe00fe00fa00fc40fcc07820f
data/raw/ooc/OOC_image_dataset/train/good/cell_type_HSAEC/0-1_days/221010_53.png,221010_53,221010,train,good,HSAEC,0-1_days,1,HSAEC,0-1_days,True,True,True,3020572,2048,1536,RGB,210f9746efb462bc12a2b961ab089ed4659f5b4b05c877e0689aa6ca9ae3bdbe,c04fc08fc08fc08fc88fe00fe00fc10fc10fe00fe02fe20f622f620f624f620f
data/raw/ooc/OOC_image_dataset/train/good/cell_type_HSAEC/0-1_days/221010_54.png,221010_54,221010,train,good,HSAEC,0-1_days,1,HSAEC,0-1_days,True,True,True,3059009,2048,1536,RGB,5d75f903d68247eb6f3cb8013d436c85e96729f19f9ea9f0535103cfaa301669,801f801fc08fe00fe00fe00fd00fc10fc00dc00de20fe30dd20dda0fce07ce0f
data/raw/ooc/OOC_image_dataset/train/good/cell_type_HSAEC/0-1_days/221010_56.png,221010_56,221010,train,good,HSAEC,0-1_days,1,HSAEC,0-1_days,True,True,True,2616042,2048,1536,RGB,80d1472b73aa374ba63574ca6bacf49bc70ccf711a7c0462e2b5ee336ed07951,003801380158005a001a411a9018801b223b001b4019a01b001b0819081d081d
data/raw/ooc/OOC_image_dataset/train/good/cell_type_HSAEC/0-1_days/230119_41.png,230119_41,230119,train,good,HSAEC,0-1_days,1,HSAEC,0-1_days,True,True,True,2642974,2048,1536,RGB,0615b5f18408ce9c08f796a7c9dc31f65abfcab04145a3f445930de7ff9c3672,fe653f65bfe5be99a4d9bdd1ad91acc5bde5bda1bce9bde9adc9af71b8e1bde4
data/raw/ooc/OOC_image_dataset/train/good/cell_type_HSAEC/0-1_days/230119_42.png,230119_42,230119,train,good,HSAEC,0-1_days,1,HSAEC,0-1_days,True,True,True,2570016,2048,1536,RGB,1f89ae99824f99e12e0d1fd1d79f90f05e5353b8dfab2e4c14df88583e98db44,bfa8bf0abf4ebdc6bf8cbf16dc84d786dfc6df84dda4dfe6df34df75db65ffe5
data/raw/ooc/OOC_image_dataset/train/good/cell_type_HSAEC/0-1_days/230119_43.png,230119_43,230119,train,good,HSAEC,0-1_days,1,HSAEC,0-1_days,True,True,True,2603922,2048,1536,RGB,fca0c932855519fac53865aa8dce8742a5b27d3dc29ec19eceaf5494d1b32527,bdb1bdadbda1af29bb86f9ebfdedf8e8f7cbf36ef3ced7ecf9e2dcd25db2754b
data/raw/ooc/OOC_image_dataset/train/good/cell_type_HSAEC/0-1_days/230119_47.png,230119_47,230119,train,good,HSAEC,0-1_days,1,HSAEC,0-1_days,True,True,True,2510130,2048,1536,RGB,5d9417d5b0672dfc135d086d9ec121696b190af48bd23950a34440172caa2cd6,d9f9d0fdececf4fce7acffacf9f8ed98efe4ffccfdb4ed74676c7d727e3266b6
data/raw/ooc/OOC_image_dataset/train/good/cell_type_HSAEC/0-1_days/230119_48.png,230119_48,230119,train,good,HSAEC,0-1_days,1,HSAEC,0-1_days,True,True,True,2568295,2048,1536,RGB,a2dec5a0d1a9c45695b04fb52d1ce7a5e7ab79d84a97f1e19fd6fb885181180b,c7d5e69cf26ce378e57ced7cef5cf6d4e734f66066bc66ba6538654e715e711e
data/raw/ooc/OOC_image_dataset/train/good/cell_type_HSAEC/0-1_days/230119_49.png,230119_49,230119,train,good,HSAEC,0-1_days,1,HSAEC,0-1_days,True,True,True,2573358,2048,1536,RGB,434666f2a23a5d172225d986d05ad63e26e9c096643d7e77d5c731e81ba2b48e,d0cdd18de5ccf5cef08ef8a6ea66dcc6dea6fde6f3c7f7a3f7d3f7f3e7b372b3
data/raw/ooc/OOC_image_dataset/train/good/cell_type_HSAEC/0-1_days/230119_50.png,230119_50,230119,train,good,HSAEC,0-1_days,1,HSAEC,0-1_days,True,True,True,2552488,2048,1536,RGB,46fdc312ce8d6ce07e7271bfeeba0fe4bbdfdad278a52df0623191829627853b,ddb3ddb3d493f693f2b3f61bfe3bfb39fb19f989f999f9b9fdb9fdd9fee9eeb8
data/raw/ooc/OOC_image_dataset/train/good/cell_type_HSAEC/0-1_days/230119_51.png,230119_51,230119,train,good,HSAEC,0-1_days,1,HSAEC,0-1_days,True,True,True,2564797,2048,1536,RGB,07a68f46afd696593c0ebaa1bd9bf375a60ddea5ea843648b97d2297e6952fcd,344f5e4fda6ef9ceebe6cfa68fa6ada6eda6e726dc67f877fc93fd73f7f3f4f3
data/raw/ooc/OOC_image_dataset/train/good/cell_type_HSAEC/0-1_days/230119_53.png,230119_53,230119,train,good,HSAEC,0-1_days,1,HSAEC,0-1_days,True,True,True,2480670,2048,1536,RGB,d2f9d926e1f4f3a3b71d6c936072bc6a09d1ab3d949836930162b71ba196fe0d,270e732efe0efe0eef26ce66876683a783e7e7a7a387e767e4e7ece7e5f3d8c3
data/raw/ooc/OOC_image_dataset/train/good/cell_type_HSAEC/0-1_days/230119_54.png,230119_54,230119,train,good,HSAEC,0-1_days,1,HSAEC,0-1_days,True,True,True,2666838,2048,1536,RGB,6239c38a760bb34633de9bb32fb0ea06edccab25f131a53ab1397ea034924ff5,299b2d9bb39be399e99dbd98b9999e9dadcdf1cd31cc334d9b0c758e616fabe6
data/raw/ooc/OOC_image_dataset/train/good/cell_type_HSAEC/0-1_days/230119_55.png,230119_55,230119,train,good,HSAEC,0-1_days,1,HSAEC,0-1_days,True,True,True,2659512,2048,1536,RGB,ed6ba4966d7505a1a0ee1efc0cf9985633e6257b9d6a27f6de253a0c5091c5ae,77637a93759374b37f337b937ab17ef13d793f993fa93d583fd83b983ba41efc
data/raw/ooc/OOC_image_dataset/train/good/cell_type_HSAEC/0-1_days/230119_57.png,230119_57,230119,train,good,HSAEC,0-1_days,1,HSAEC,0-1_days,True,True,True,2650032,2048,1536,RGB,4e38ef58d012d8736b197a9eee1782cee8a7b62992adc3768d986eb8d2cbc011,375d8f4c9b4cda4cc3cce5ccf78eee4eeec6c686ce26cf26f6e7e3a7e6e37f63
data/raw/ooc/OOC_image_dataset/train/good/cell_type_HSAEC/0-1_days/230119_58.png,230119_58,230119,train,good,HSAEC,0-1_days,1,HSAEC,0-1_days,True,True,True,2693407,2048,1536,RGB,c6ea299600f351b04597e30798a8a32aa993005e775a9192b8884ba152d478e5,c7cc9d4dc8ccdaccc96ed3a6ed86ed26f566fae6fb47fbb3f7b37763739377d3
data/raw/ooc/OOC_image_dataset/train/good/cell_type_HSAEC/0-1_days/230119_59.png,230119_59,230119,train,good,HSAEC,0-1_days,1,HSAEC,0-1_days,True,True,True,2808772,2048,1536,RGB,a82a3ea5fc5cb066e29677164516d3a16b6df6dc7a5a2887537e3ed2906e504b,d1b6cb92f293f3d3d353cb7bd353db6bdf69cf79dbf9d5e9d76947e959e971a8
data/raw/ooc/OOC_image_dataset/train/good/cell_type_HSAEC/0-1_days/230119_63.png,230119_63,230119,train,good,HSAEC,0-1_days,1,HSAEC,0-1_days,True,True,True,2457588,2048,1536,RGB,31bc17f18cdb604555055948d8b56b0fdf3f4a4e3bf966be5753fe848999b231,953353b357d35ed34793199b181b394999399e89d4e9d9edadec6bcccb4cef34
data/raw/ooc/OOC_image_dataset/train/good/cell_type_HSAEC/0-1_days/230119_64.png,230119_64,230119,train,good,HSAEC,0-1_days,1,HSAEC,0-1_days,True,True,True,2557107,2048,1536,RGB,46e423bc9b908228c8c23ba9c3b4001f66f634768b1d4311b5a20e22f29a4c31,c9d8e3ecfbe8d7acf5acd7ccd3bcf3ecef6c6e6c6ed46cf469d66bb66fb76793
data/raw/ooc/OOC_image_dataset/train/good/cell_type_HSAEC/0-1_days/230119_65.png,230119_65,230119,train,good,HSAEC,0-1_days,1,HSAEC,0-1_days,True,True,True,2379488,2048,1536,RGB,037ee389ec5e889d8774e6b4df3d9ad913a4cd7b9ce9a82aacd9ab815150d41d,e6f0ec20ed30fd28deb0de18ceb8ef58ce58db10dd98cd8cef0ceb4efd8efe88
data/raw/ooc/OOC_image_dataset/train/good/cell_type_HSAEC/0-1_days/230119_66.png,230119_66,230119,train,good,HSAEC,0-1_days,1,HSAEC,0-1_days,True,True,True,2587328,2048,1536,RGB,202e4413cc2da1caf20e7c3258cf91d636d228ddfa25d42ca74968d1dd75701d,97ecaf67ee67d9e6d766e726e726eb67f2e6ddf3cd73fcf3eef3e7337df37f9b
data/raw/ooc/OOC_image_dataset/train/good/cell_type_HSAEC/0-1_days/230119_67.png,230119_67,230119,train,good,HSAEC,0-1_days,1,HSAEC,0-1_days,True,True,True,2730860,2048,1536,RGB,1ac4102442147799cae74ec507fcc71d9bbed4150a16e70aa9e966deace6eac3,dbe6dbe6dfb6ff36ebf7dbf3f733f3b3f7b3f3f36ad36eb36e596ed97bb976b9
data/raw/ooc/OOC_image_dataset/train/good/cell_type_HSAEC/0-1_days/230119_68.png,230119_68,230119,train,good,HSAEC,0-1_days,1,HSAEC,0-1_days,True,True,True,2698463,2048,1536,RGB,e05b40618d3c49291066650747715b70e1e0dab1e07c044528f1f553acf8a5d3,6ba99da9d7b9dbb9fb91ef99eed9cb9cdfdcf5d8ff4cde88e7e8f76c67cc6769
data/raw/ooc/OOC_image_dataset/train/good/cell_type_HSAEC/0-1_days/230119_69.png,230119_69,230119,train,good,HSAEC,0-1_days,1,HSAEC,0-1_days,True,True,True,2407270,2048,1536,RGB,2c5dc25e7736e3be82415075ec721432d9d3105bcad0ccd3590eb56de0de4fa2,fad3f9937ddb6d5b7b1b7e9976997fd93b99337933c93bbc3f6c386c3a6c3b6c
data/raw/ooc/OOC_image_dataset/train/good/cell_type_HSAEC/2-3_days/220506_5.png,220506_5,220506,train,good,HSAEC,2-3_days,1,HSAEC,2-3_days,True,True,True,2804987,2048,1536,RGB,0ec634522b304c80ec4f90c44ab4c04ce02be7e0d39403671fc283b279063227,002d9e39422121215021432313218a218362036305610369016a116e1054004a
data/raw/ooc/OOC_image_dataset/train/good/cell_type_HSAEC/2-3_days/220506_7.png,220506_7,220506,train,good,HSAEC,2-3_days,1,HSAEC,2-3_days,True,True,True,3093791,2048,1536,RGB,b763b49b66f750da00ebced4b7ed491b4cad44aa22a567ea1ec6fb3ae3a8dcdb,b6db20a74187484120d5219109a3059105911111030101822016050e25973400
data/raw/ooc/OOC_image_dataset/train/good/cell_type_HSAEC/2-3_days/220716_1.png,220716_1,220716,train,good,HSAEC,2-3_days,1,HSAEC,2-3_days,True,True,True,2571418,2048,1536,RGB,765b4a388ad13697d4ce35a27e12dad7d977e0a6a4c1b012a8dcae094e22f294,01c541171073023b021e121f305d125f107d19ad107d1279121d2a4d211c03ba
data/raw/ooc/OOC_image_dataset/train/good/cell_type_HSAEC/2-3_days/220716_2.png,220716_2,220716,train,good,HSAEC,2-3_days,1,HSAEC,2-3_days,True,True,True,2633367,2048,1536,RGB,2bd97ad9caf44087e0f6d1523bfe93f87921bc24adbabed8006f87df80b56292,7d7e2993093309f3198708c609cc89c581c181c3108701a524a524b104a14001
data/raw/ooc/OOC_image_dataset/train/good/cell_type_HSAEC/2-3_days/220716_3.png,220716_3,220716,train,good,HSAEC,2-3_days,1,HSAEC,2-3_days,True,True,True,2316186,2048,1536,RGB,5ef8f92c342d3a85bfa071740fb1f5cbc206ad215efab0d2cf812b691ec02b61,c3db93d394b394e20acee2c6d0d3ce950727253765e313e353a741b10253430f
data/raw/ooc/OOC_image_dataset/train/good/cell_type_HSAEC/2-3_days/220716_4.png,220716_4,220716,train,good,HSAEC,2-3_days,1,HSAEC,2-3_days,True,True,True,2703802,2048,1536,RGB,19668f35687d363350ae65898db9c813db4729d0761544174a7700bd27ae3ebd,07bf021f00df0057004700462886204f00590559075b86cb1693061314172c99
data/raw/ooc/OOC_image_dataset/train/good/cell_type_HSAEC/2-3_days/220716_6.png,220716_6,220716,train,good,HSAEC,2-3_days,1,HSAEC,2-3_days,True,True,True,2643521,2048,1536,RGB,0f53f4c192092f566d02e9e12c7a5919c201456bb602ccc17e7f4b8025ee690b,02db005f015b099d11da18ca08cec31bc30d505d0b4e892c0a2f0a5b0479418f
data/raw/ooc/OOC_image_dataset/train/good/cell_type_HSAEC/2-3_days/220716_7.png,220716_7,220716,train,good,HSAEC,2-3_days,1,HSAEC,2-3_days,True,True,True,2460971,2048,1536,RGB,b99b507227f189e15190de97a27ea0ce30ed7c11d4cbe2af1b16d1fe0815e771,027b06398b3d8a9e181d3899618961054115939e918e91a7086b18eb64ecfcdd
data/raw/ooc/OOC_image_dataset/train/good/cell_type_HSAEC/2-3_days/221012_10.png,221012_10,221012,train,good,HSAEC,2-3_days,1,HSAEC,2-3_days,True,True,True,2717514,2048,1536,RGB,deea87b4b32579d5f1f609248cb40c02571b928c6e646d28db8a9bd6d98c1731,8395b00540038107804ec00f4081810781079886988ca28e6004490e71029400
data/raw/ooc/OOC_image_dataset/train/good/cell_type_HSAEC/2-3_days/221012_12.png,221012_12,221012,train,good,HSAEC,2-3_days,1,HSAEC,2-3_days,True,True,True,2655489,2048,1536,RGB,981b6e57fa810d651d5c15367abb9d3a29bffda9569fe67a069d3cda57b12c13,83ae3517d10341c381d341c74347c217801780878087c04e000c330e53025680
data/raw/ooc/OOC_image_dataset/train/good/cell_type_HSAEC/2-3_days/221012_13.png,221012_13,221012,train,good,HSAEC,2-3_days,1,HSAEC,2-3_days,True,True,True,2684631,2048,1536,RGB,619418a9a4f63047eaee3dbed5f5f3a61e3a02a6ec80ce44622f2881bbbca7e8,c40b008b4107418700e711b708d508da0ac30289009900d70211001c60244e04
data/raw/ooc/OOC_image_dataset/train/good/cell_type_HSAEC/2-3_days/221012_14.png,221012_14,221012,train,good,HSAEC,2-3_days,1,HSAEC,2-3_days,True,True,True,2880193,2048,1536,RGB,b410af59bdb361d54e95ee4c01fa88928c634217e30fdea677232a289d021793,80078007000700074337411302c301c201c18091819a803880288104011c0f18
data/raw/ooc/OOC_image_dataset/train/good/cell_type_HSAEC/2-3_days/221012_15.png,221012_15,221012,train,good,HSAEC,2-3_days,1,HSAEC,2-3_days,True,True,True,2756085,2048,1536,RGB,4c36f2997f595ad621d32c882e0be858995496fcb5f31b75407679b3fbaeb2e0,e007010711171867c0ef40e7c157017708eb88fa8937413641ac2d182602881f
data/raw/ooc/OOC_image_dataset/train/good/cell_type_HSAEC/2-3_days/221012_17.png,221012_17,221012,train,good,HSAEC,2-3_days,1,HSAEC,2-3_days,True,True,True,2739975,2048,1536,RGB,a8eec9d66bc6cf1ded1fdb36d7ea07104ad9a5aac27e65ca76616fd76d19bb99,84e704ef04c700c700cf00df02df873a034a01a908ca00d8c599c3b9c09303fd
data/raw/ooc/OOC_image_dataset/train/good/cell_type_HSAEC/2-3_days/221012_19.png,221012_19,221012,train,good,HSAEC,2-3_days,1,HSAEC,2-3_days,True,True,True,2868870,2048,1536,RGB,f7ee72de820b77717d9a1d5a3c6430538f9ebac8a2b2aaf4018a31a7f7aa57b7,258e410ec107c0b6819e82d000f004f8867880fb00db08cb18cf39c071066306
data/raw/ooc/OOC_image_dataset/train/good/cell_type_HSAEC/2-3_days/221012_20.png,221012_20,221012,train,good,HSAEC,2-3_days,1,HSAEC,2-3_days,True,True,True,2710097,2048,1536,RGB,a6c4d901cfd86740b9dbc885e7dbc1ca6d22d6da03229b52d96974da210c08b1,f3e788cf02c70347016f018f05968067049e244e243603350234023602163326
data/raw/ooc/OOC_image_dataset/train/good/cell_type_HSAEC/2-3_days/221012_21.png,221012_21,221012,train,good,HSAEC,2-3_days,1,HSAEC,2-3_days,True,True,True,2914570,2048,1536,RGB,8e3f7c29eb79e9fee2d77917cce3a707cd2309973d6f1a55c7a11e239dd6522f,4097818f018701c7016f03cf03df01db00b7008700c9805e111a0008001f039f
data/raw/ooc/OOC_image_dataset/train/good/cell_type_HSAEC/2-3_days/221012_22.png,221012_22,221012,train,good,HSAEC,2-3_days,1,HSAEC,2-3_days,True,True,True,2684080,2048,1536,RGB,f4efcd0196e6662c389ccf02855c76e0f103df05b2407f276e6516fb260c1f5d,00618065c164c0e48464c45481449244c000c48083088c189400d502c40acc8a
data/raw/ooc/OOC_image_dataset/train/good/cell_type_HSAEC/2-3_days/221012_23.png,221012_23,221012,train,good,HSAEC,2-3_days,1,HSAEC,2-3_days,True,True,True,2765215,2048,1536,RGB,1325ecb608a126173463f0319fe00b8feccfd55bb629e8878ad9136a14a96656,80628002c0c2e24ac092c0c2c042c022e030c091c089c091c001c805d20dd71d
data/raw/ooc/OOC_image_dataset/train/good/cell_type_HSAEC/2-3_days/221012_24.png,221012_24,221012,train,good,HSAEC,2-3_days,1,HSAEC,2-3_days,True,True,True,2502520,2048,1536,RGB,9c1a0961a82309c27f01c1f0e47fae997a2ae1ca83d775570edeb52ca8eaeae5,a060a170e13ae17cb13ed1bcf11cd12ef126d18bd940d8c0dcccd245d245da07
data/raw/ooc/OOC_image_dataset/train/good/cell_type_HSAEC/2-3_days/221012_4.png,221012_4,221012,train,good,HSAEC,2-3_days,1,HSAEC,2-3_days,True,True,True,2743934,2048,1536,RGB,b396aa2cc703cca4b607a5aaca0fe7114d3089c2cf794d77865d4565c564ba5d,ee07e00fc20f821f011f8137c19b8190c197c18641a641866087d38ed210c000
data/raw/ooc/OOC_image_dataset/train/good/cell_type_HSAEC/2-3_days/221012_6.png,221012_6,221012,train,good,HSAEC,2-3_days,1,HSAEC,2-3_days,True,True,True,2709244,2048,1536,RGB,89201d6d0df9f44f162f47152c6b55fe3d9be002bbbd86d77f8088744e7fa19a,c007c023408f40a70227416f81c790e7c09fc0c74842905e10cca809482f5f80
data/raw/ooc/OOC_image_dataset/train/good/cell_type_HSAEC/2-3_days/221012_7.png,221012_7,221012,train,good,HSAEC,2-3_days,1,HSAEC,2-3_days,True,True,True,2886697,2048,1536,RGB,a29a310b79cbbc9e143710b6a2de59b0b63c1eb0021c675750cb1bdcb1c8e942,e807400f408701270007008fc0c3c087808780934097d01a121e12009800000f
data/raw/ooc/OOC_image_dataset/train/good/cell_type_HSAEC/2-3_days/221012_8.png,221012_8,221012,train,good,HSAEC,2-3_days,1,HSAEC,2-3_days,True,True,True,2959875,2048,1536,RGB,409cddb52e96483bbf0f6878cb2db641d97668838668d680b89bc921ce734e06,d60bc089801e001f103f18c398cb0d4b0c051c0e064d440d720f7206c0808400
data/raw/ooc/OOC_image_dataset/train/good/cell_type_HSAEC/2-3_days/221012_9.png,221012_9,221012,train,good,HSAEC,2-3_days,1,HSAEC,2-3_days,True,True,True,3048187,2048,1536,RGB,6c962a0bf81dcca93e02f0c1bfa9d2ed848a95939dbfbf45a720bcdb532c8308,1e0ff00fc10b41cb004f0047c04fc00f820f808f810fa18e208ce30e31068512
data/raw/ooc/OOC_image_dataset/train/good/cell_type_HSAEC/4+_days/220503_5.png,220503_5,220503,train,good,HSAEC,4+_days,1,HSAEC,4+_days,True,True,True,3046830,2048,1536,RGB,ee23ad564fa4f5931e6c6a58dc06cc80894e3ac87faea982754f65643857f2ab,1bff143e146d29bc08dc24db06570e4b0f0b174d07150795069b151f090e0013
data/raw/ooc/OOC_image_dataset/train/good/cell_type_HSAEC/4+_days/220512_7.png,220512_7,220512,train,good,HSAEC,4+_days,1,HSAEC,4+_days,True,True,True,2681496,2048,1536,RGB,fb30bf75fe3b1e111225fe8783f33fdb50fbf3f737a6fbb6929214694d9cb6f2,191c840cb037a417100f180718171c0b0c030a0902010021000380830003004b
data/raw/ooc/OOC_image_dataset/train/good/cell_type_HSAEC/4+_days/220512_8.png,220512_8,220512,train,good,HSAEC,4+_days,1,HSAEC,4+_days,True,True,True,2757428,2048,1536,RGB,92e8d99f59cba8c114229d03f29cb553cbf12995e56cbab276b16a636023eb2e,08360037001f90070007200f200f100312038a0584038401010100050017000f
data/raw/ooc/OOC_image_dataset/train/good/cell_type_HSAEC/4+_days/220515_10.png,220515_10,220515,train,good,HSAEC,4+_days,1,HSAEC,4+_days,True,True,True,3051928,2048,1536,RGB,4e52cf494b3be610957d1f8c03d88cee4613e4fd3633bab3ef887ffd5333b3b3,00cfd02344332a29421802c414640453938b86c0034603c6018711a633168217
data/raw/ooc/OOC_image_dataset/train/good/cell_type_HSAEC/4+_days/220515_9.png,220515_9,220515,train,good,HSAEC,4+_days,1,HSAEC,4+_days,True,True,True,3139825,2048,1536,RGB,5298d18ea0c9e08e860599f3ae39d25aea60dd53b6dcb18a93be2590340f5a7f,007f7ffde86409330828220320231229424902828692051195864814031f3e3e
data/raw/ooc/OOC_image_dataset/train/good/cell_type_HSAEC/4+_days/220526_3.png,220526_3,220526,train,good,HSAEC,4+_days,1,HSAEC,4+_days,True,True,True,2689639,2048,1536,RGB,5d67e0a341e680a3f19a8f5e2a935505c1b9c46f10dc9de908136844f271ccd6,1feff72b9329ce0986880b400e029241074a0b0b072107c10b911b00099f1f55
data/raw/ooc/OOC_image_dataset/train/good/cell_type_HSAEC/4+_days/220526_5.png,220526_5,220526,train,good,HSAEC,4+_days,1,HSAEC,4+_days,True,True,True,2560926,2048,1536,RGB,f3bbe2b3c9589b22ac274bfb0bad1202d896082f653ba4df370e125c646749e3,34e314f32ceb54cb6542a263a266246963299b3aaa3262180b1118374f98fa18
data/raw/ooc/OOC_image_dataset/train/good/cell_type_HSAEC/4+_days/220526_6.png,220526_6,220526,train,good,HSAEC,4+_days,1,HSAEC,4+_days,True,True,True,2621934,2048,1536,RGB,934d76750452abfe67d6e63ffbb3de28042c59b77ed39ce67618b86616f903ee,be7a3e7fbe29f6c4e6a6e6b0d65336cc22602cc14949866292f2a5100d367d97
data/raw/ooc/OOC_image_dataset/train/good/cell_type_HSAEC/4+_days/220706_10.png,220706_10,220706,train,good,HSAEC,4+_days,1,HSAEC,4+_days,True,True,True,2573738,2048,1536,RGB,3259186cc0b0b271aa9905b07721810a702fa1d9eb4ca2e49655987cf537296d,fdd6f3b0d8049a008a0ff637ca32cf0f6a0ee187f307d613c603c60340e700ea
data/raw/ooc/OOC_image_dataset/train/good/cell_type_HSAEC/4+_days/220706_3.png,220706_3,220706,train,good,HSAEC,4+_days,1,HSAEC,4+_days,True,True,True,2808644,2048,1536,RGB,fa4ab2ceb73e85dc9393945e57ccd301bf958beb1c03056e7401229315bc3c75,63e8618c43258370935240da00b808ac08ac48d948cc00e8a10cc300c204c2f1
data/raw/ooc/OOC_image_dataset/train/good/cell_type_HSAEC/4+_days/220706_8.png,220706_8,220706,train,good,HSAEC,4+_days,1,HSAEC,4+_days,True,True,True,2458534,2048,1536,RGB,42fdf5c9d0a2a135e3210d726a03c488441fbd9902db61173ef1029128c4b9ef,9426c007c05f285f881f4a0f021e800e820e139726836483060f024f03090724
data/raw/ooc/OOC_image_dataset/train/good/cell_type_HSAEC/4+_days/220722_8.png,220722_8,220722,train,good,HSAEC,4+_days,1,HSAEC,4+_days,True,True,True,2610807,2048,1536,RGB,0649d231f6cdc1a5bffd2bb325904c8423cd0410d5f0099138ac4aebcf50f77b,0037101630dd3087b227906600660866a86f023b107e01ba020c222c33267864
data/raw/ooc/OOC_image_dataset/train/good/cell_type_HSAEC/4+_days/220722_9.png,220722_9,220722,train,good,HSAEC,4+_days,1,HSAEC,4+_days,True,True,True,2708462,2048,1536,RGB,8eb1ad030b620c3fe361f6006b9156a250c85fa96ef5cdd6b9ca9d02423f7cfd,8187888788e488e4086660e220e804e004d82c5c61cf4767c46fc98e49be09be
data/raw/ooc/OOC_image_dataset/train/good/cell_type_HSAEC/4+_days/220724_2.png,220724_2,220724,train,good,HSAEC,4+_days,1,HSAEC,4+_days,True,True,True,2622042,2048,1536,RGB,73db5c8ef5e3d8445b33cca18bc69ab9618274fe49adbdc30003acd3323d72ec,8473a0b3c02d811d1139313930791079107802388038a01cc114c01d809f2017
data/raw/ooc/OOC_image_dataset/train/good/cell_type_HSAEC/4+_days/230123_1.png,230123_1,230123,train,good,HSAEC,4+_days,1,HSAEC,4+_days,True,True,True,2322713,2048,1536,RGB,4a9f346cedf0d2a3ecef92378f6ed92ab5e53ac6f62f17aa5c4b3c88f45fcd40,b2c4f8c4fb44ff24ff44ffc6fe82ffc6ffc2ff86ff02df82ef92768276925d92
data/raw/ooc/OOC_image_dataset/train/good/cell_type_HSAEC/4+_days/230123_10.png,230123_10,230123,train,good,HSAEC,4+_days,1,HSAEC,4+_days,True,True,True,2579024,2048,1536,RGB,1c0fb474294b766128893b5c4a953c511b6626e6172e13ea0660d0758dde5ef2,f691f689f6317b4965897d097f8077017e807c007e407640370038c034903fa0
data/raw/ooc/OOC_image_dataset/train/good/cell_type_HSAEC/4+_days/230123_11.png,230123_11,230123,train,good,HSAEC,4+_days,1,HSAEC,4+_days,True,True,True,2586855,2048,1536,RGB,b472a5c3367ee9325165340c5f36303b6799c4d589744de238ba3639a0a8a09c,d0cbd4cfd47fd47dd479ea6fe45fd6b7eb3bee3ae77ee73c6512601c688d620d
data/raw/ooc/OOC_image_dataset/train/good/cell_type_HSAEC/4+_days/230123_13.png,230123_13,230123,train,good,HSAEC,4+_days,1,HSAEC,4+_days,True,True,True,2376993,2048,1536,RGB,f2ee993c3298760fad05b706f28763a526c06d34723ef06368c439f21188c756,6a4f494f214fa1c685ee81a7a367e067ec66aa07f2a6f8c6eb97da07d847dc77
data/raw/ooc/OOC_image_dataset/train/good/cell_type_HSAEC/4+_days/230123_17.png,230123_17,230123,train,good,HSAEC,4+_days,1,HSAEC,4+_days,True,True,True,2348372,2048,1536,RGB,3c4e79c396c91425669c971a720db40d2dd63477e6729845e74b664d97e91642,c9b3d1b3f8bbcc9bcc7bc0dbc5bbc0fbe0dbe879e4dde469f469e6596469727d
data/raw/ooc/OOC_image_dataset/train/good/cell_type_HSAEC/4+_days/230123_19.png,230123_19,230123,train,good,HSAEC,4+_days,1,HSAEC,4+_days,True,True,True,2547783,2048,1536,RGB,a6c61af3bec27119088a60081b95acee1469a9347b418a0a23a35185790c634f,fef3fbf37bb37f33779379936eb17ab976597bb971997cf93be93b693b293f4c
data/raw/ooc/OOC_image_dataset/train/good/cell_type_HSAEC/4+_days/230123_2.png,230123_2,230123,train,good,HSAEC,4+_days,1,HSAEC,4+_days,True,True,True,2295072,2048,1536,RGB,fd59ec98b3a2a1b3e1e2f7c47cc4c10d47bb6c3f518372d89715cd51c4ec4b33,07495409910dac0cdc08940c5484b604fe84bf449e04f106e106ea86e482b586
data/raw/ooc/OOC_image_dataset/train/good/cell_type_HSAEC/4+_days/230123_22.png,230123_22,230123,train,good,HSAEC,4+_days,1,HSAEC,4+_days,True,True,True,2789709,2048,1536,RGB,bb4c73422d7922df0ee9f216fb1750500d3c001aefd69c2de7567b2372b64347,ec99cd19da09ea09ed09f409e22df80de60cf30cfe88f90cfb04f984fb04fb04
data/raw/ooc/OOC_image_dataset/train/good/cell_type_HSAEC/4+_days/230123_23.png,230123_23,230123,train,good,HSAEC,4+_days,1,HSAEC,4+_days,True,True,True,2882925,2048,1536,RGB,4b2978a7b5b1c9a8a3dbd1491b4882f5f33d5088d5e33a4406863b27c1c22463,f693f493f513ba13e853f65bd65bf619d3c9d789ef09cb09d329eb6ceb4cfb4c
data/raw/ooc/OOC_image_dataset/train/good/cell_type_HSAEC/4+_days/230123_24.png,230123_24,230123,train,good,HSAEC,4+_days,1,HSAEC,4+_days,True,True,True,2788502,2048,1536,RGB,7e06e9604c4dc80f87ce744141edfd853dc3ad3230da3450c7dc7ed6900889ee,8ac35893b913d753c663d611125186591d4957491f199d2991298d019d009b08
data/raw/ooc/OOC_image_dataset/train/good/cell_type_HSAEC/4+_days/230123_25.png,230123_25,230123,train,good,HSAEC,4+_days,1,HSAEC,4+_days,True,True,True,2897313,2048,1536,RGB,f2f76ff00b9c0f3a1f703e3b7578ec67a406a54ad5efd8f48a919830989fe658,7ad378a339833a833d0334613ac13ec93ec53a3539b1bcc99ca59cf19ee19ed8
data/raw/ooc/OOC_image_dataset/train/good/cell_type_HSAEC/4+_days/230123_3.png,230123_3,230123,train,good,HSAEC,4+_days,1,HSAEC,4+_days,True,True,True,2279168,2048,1536,RGB,e59bfdeda1e2da7c8ec9a16c4ab152806e32e8accf554fce17238019815c86cc,5004d484f6249a84ce26d346f284bea6df02df03f983e3c2f602f2c35dd34a73
data/raw/ooc/OOC_image_dataset/train/good/cell_type_HSAEC/4+_days/230123_8.png,230123_8,230123,train,good,HSAEC,4+_days,1,HSAEC,4+_days,True,True,True,2467115,2048,1536,RGB,a1fcad9499436dfe1857e2ff25d80f2864f1e78d53e665f3dee14f4981e79900,c959d119d909f7c9c749f129f38deb04da0ccd44fb44f454f724ec0cfa64f2a0
data/raw/ooc/OOC_image_dataset/train/good/cell_type_HSAEC/4_days/220502_1.png,220502_1,220502,train,good,HSAEC,4_days,1,HSAEC,4_days,True,True,True,3020535,2048,1536,RGB,f6c0e81f3ae4b7966c62841f5c8902782c186688d4509390adcb37ff90d89dc6,fa3982339012802290600051023002480660064205610103081b109e100300e7
data/raw/ooc/OOC_image_dataset/train/good/cell_type_HSAEC/4_days/220502_3.png,220502_3,220502,train,good,HSAEC,4_days,1,HSAEC,4_days,True,True,True,3183279,2048,1536,RGB,7ae0faf8110fa695cc1a91b93efe2291f5d38178544f70b34b04c82b61447279,373f000f081f000f000f100f1107100f900388118013821102118055806f805b
data/raw/ooc/OOC_image_dataset/train/good/cell_type_HSAEC/4_days/220502_4.png,220502_4,220502,train,good,HSAEC,4_days,1,HSAEC,4_days,True,True,True,2993204,2048,1536,RGB,3dacf18d1b03cc9f47312241a4c237d796bdf8626bd9f7b2ed258255e0f9d161,806f080f181f000f000f000f100f200f0a0786038403828380028033807b0026
data/raw/ooc/OOC_image_dataset/train/good/cell_type_HSAEC/4_days/220502_5.png,220502_5,220502,train,good,HSAEC,4_days,1,HSAEC,4_days,True,True,True,2775878,2048,1536,RGB,b18cacbe48db381891a59cd5116a36fe1daf108dafe9ea7fade122c4b5ac0873,100f001f001f000f000f100f000f0007040700038a0383058305c00fc01f007f
data/raw/ooc/OOC_image_dataset/train/good/cell_type_HSAEC/4_days/220502_7.png,220502_7,220502,train,good,HSAEC,4_days,1,HSAEC,4_days,True,True,True,3078759,2048,1536,RGB,72b5c4626e0a35db38e65ca2e74b6f137b313d76faa5d13be7f2d25870787aa4,052c052c042d000f000f000f040f80078303c303c303c303a307822780330061
data/raw/ooc/OOC_image_dataset/train/good/cell_type_HSAEC/4_days/220630_11.png,220630_11,220630,train,good,HSAEC,4_days,1,HSAEC,4_days,True,True,True,2626234,2048,1536,RGB,ad3619166efbcefa1d5b96d461d968288e5df354433daf079d180dcba94062af,00ff00af0083984398c35883e82318031c031c431c032819112b01cc006c025f
data/raw/ooc/OOC_image_dataset/train/good/cell_type_HSAEC/4_days/220630_12.png,220630_12,220630,train,good,HSAEC,4_days,1,HSAEC,4_days,True,True,True,2522055,2048,1536,RGB,fd3a3e65cea93533bb8f4cfa5cc819797901a1c01d2aa9535bc5527509ef77ce,007f006710430c031c239831982318231c432c610c27002700fe019c00be0013
data/raw/ooc/OOC_image_dataset/train/good/cell_type_HUVEC/0-1_days/221010_69.png,221010_69,221010,train,good,HUVEC,0-1_days,1,HUVEC,0-1_days,True,True,True,2644721,2048,1536,RGB,55de72e441538b2ca48cf92eb9c3fbdec9404ffca2cb758238cb8d0e0abfe760,303b303f30cb30d934e93ae339f11ad518d7189d18b8167198d598d39a3f9a37
data/raw/ooc/OOC_image_dataset/train/good/cell_type_HUVEC/0-1_days/221010_70.png,221010_70,221010,train,good,HUVEC,0-1_days,1,HUVEC,0-1_days,True,True,True,2667761,2048,1536,RGB,95ad8d632c21e9ffcd522deca8285bf3ccedc6e8719eace9a839586af2a91c1c,801ac87ac83ad83accfad85a58fa187aec7a543b6c7b7c7bf47b447b48f944b9
data/raw/ooc/OOC_image_dataset/train/good/cell_type_HUVEC/0-1_days/221010_72.png,221010_72,221010,train,good,HUVEC,0-1_days,1,HUVEC,0-1_days,True,True,True,2677400,2048,1536,RGB,211aa4833d03841a0b6afdf71ff61e3c5bd26c472bc91cebe84d5535a7f61bfa,a47a103ac03ae83af43af83bdc7b5c6bfcbb70ab78bb70eb6479743978597459
data/raw/ooc/OOC_image_dataset/train/good/cell_type_HUVEC/0-1_days/221010_73.png,221010_73,221010,train,good,HUVEC,0-1_days,1,HUVEC,0-1_days,True,True,True,2535365,2048,1536,RGB,9855977c71f9c4453706f1f37469aa7becd05217a6196df6c181f8bf06ba68c0,e203e003e003e003f0c3f003f123f063f043f063f963f863f863f563f123f1e3
data/raw/ooc/OOC_image_dataset/train/good/cell_type_HUVEC/0-1_days/221010_74.png,221010_74,221010,train,good,HUVEC,0-1_days,1,HUVEC,0-1_days,True,True,True,2587915,2048,1536,RGB,c02b84fc803602a20b3f677d4b6573d84c8c7426a79cea8b9f7326b4eed265b3,c006c006c806c807c807d107d107d487d407d107b907f107f087e087c007d007
data/raw/ooc/OOC_image_dataset/train/good/cell_type_HUVEC/0-1_days/221010_79.png,221010_79,221010,train,good,HUVEC,0-1_days,1,HUVEC,0-1_days,True,True,True,2402365,2048,1536,RGB,3695a3f2641346883ef5582d70bcffbe4a8d213cca47ed350b30af5c8414341e,8096c596c586c306c906cd06c506c206c207c003c083d807d807c807c8878a07
data/raw/ooc/OOC_image_dataset/train/good/cell_type_HUVEC/0-1_days/221010_80.png,221010_80,221010,train,good,HUVEC,0-1_days,1,HUVEC,0-1_days,True,True,True,2437264,2048,1536,RGB,72b22e1171ef81de8fc1671e0ffd2ac2bb55a9f29094d5c8f92a8314222b0d41,001e001c001c320cb20ce20eb00fa00fc00de00cf00dd30f990f990f9b0f810f
data/raw/ooc/OOC_image_dataset/train/good/cell_type_HUVEC/0-1_days/221010_81.png,221010_81,221010,train,good,HUVEC,0-1_days,1,HUVEC,0-1_days,True,True,True,2459167,2048,1536,RGB,30de5ed0f3e85ce81444370aef3300a631e2bd0e23464c896c879a04065b2cff,3cc03cd03d403d903dc03e603ee03fe03fe03ed03cc03da03dd03f183fb03f98
data/raw/ooc/OOC_image_dataset/train/good/cell_type_HUVEC/0-1_days/221215_10.png,221215_10,221215,train,good,HUVEC,0-1_days,1,HUVEC,0-1_days,True,True,True,2289972,2048,1536,RGB,21b0c30e7364ad256dce56d342ced7b0cdc3808c71083658d56aa10e8142d4bc,809b01990b990699839a819a039b819a139800d811c901c903c901c903c901cd
data/raw/ooc/OOC_image_dataset/train/good/cell_type_HUVEC/0-1_days/221215_8.png,221215_8,221215,train,good,HUVEC,0-1_days,1,HUVEC,0-1_days,True,True,True,2323414,2048,1536,RGB,3c40c6c09d6678a2fb4e9dc207a57f6b2cfa5d72b930538e5af8dbc4e177ab96,56535233793370b3f8b3fe31f411703968312a39313931b921392339a439a139
data/raw/ooc/OOC_image_dataset/train/good/cell_type_NHBE/0-1_days/230316_18.png,230316_18,230316,train,good,NHBE,0-1_days,1,NHBE,0-1_days,True,True,True,6048782,2048,1536,RGB,478b09e324d11a8a7211e4ac71ec23a1e53fd38716595263d741fba49c0e3be0,6233619373b37573ecb34c73f473ac7ba73b47bb4f3b547bca3b52393b39eb39
data/raw/ooc/OOC_image_dataset/train/good/cell_type_NHBE/0-1_days/230316_19.png,230316_19,230316,train,good,NHBE,0-1_days,1,NHBE,0-1_days,True,True,True,6277944,2048,1536,RGB,297d3f41f5665573087eb9272f467ad38c5ae8a40ba9a7181d995b13998697af,618d71ad760d710c719c715c210c211c318c250c2e4c264c3a8cb99ca88e25ae
data/raw/ooc/OOC_image_dataset/train/good/cell_type_NHBE/0-1_days/230316_20.png,230316_20,230316,train,good,NHBE,0-1_days,1,NHBE,0-1_days,True,True,True,6202872,2048,1536,RGB,75cc8049b885b9d07b015e9b325d1863f31c86be425cf51ad5a7a0f90b57a12e,e47be85b687be33bc9d98359c939713971195239457946194a594a594f396c9d
data/raw/ooc/OOC_image_dataset/train/good/cell_type_NHBE/0-1_days/230316_22.png,230316_22,230316,train,good,NHBE,0-1_days,1,NHBE,0-1_days,True,True,True,6091897,2048,1536,RGB,03500b339e6e96de9a6b9701a67264daafb890e510db634e575705c0deab994d,78b37c73727376737373323b33fb22dbbab9ac59bc79b859ac79acd9acf9b93d
data/raw/ooc/OOC_image_dataset/train/good/cell_type_NHBE/0-1_days/230316_23.png,230316_23,230316,train,good,NHBE,0-1_days,1,NHBE,0-1_days,True,True,True,6316311,2048,1536,RGB,a5f6e6bbb5d552807b4714d72885de08ad7018fa256eef6a03409701fdcfcd27,c979cd79ec79653950594c594e5846586718571c571c793c753c761c5c9c6e1c
data/raw/ooc/OOC_image_dataset/train/good/cell_type_NHBE/0-1_days/230316_24.png,230316_24,230316,train,good,NHBE,0-1_days,1,NHBE,0-1_days,True,True,True,5846833,2048,1536,RGB,d3680a62e08e676404ea63fcd833a77ca05243d3a67d2bd154c4acc347437138,c2f3c2f3c8b38f33b3b3f2b3a1338373ce738c73947398739873983bca39c939
data/raw/ooc/OOC_image_dataset/train/good/cell_type_NHBE/0-1_days/230316_25.png,230316_25,230316,train,good,NHBE,0-1_days,1,NHBE,0-1_days,True,True,True,5918628,2048,1536,RGB,0f1661b1d2862f94c20029b86abbcaf9e3780e21e6d3a80a11b592a3a1a98a46,dc82dce2de62de82cdb2cda2ce82cf02cf33ca83c913ed13ee23ef036e636ee1
data/raw/ooc/OOC_image_dataset/train/good/cell_type_NHBE/0-1_days/230316_26.png,230316_26,230316,train,good,NHBE,0-1_days,1,NHBE,0-1_days,True,True,True,5827217,2048,1536,RGB,5c64dd4666cf279bbfe43357faecc52ad9850dcce7702fe48f700485148c8212,0467a1672377197708b61cb624b644375c779472ac728473a0b382738233e093
data/raw/ooc/OOC_image_dataset/train/good/cell_type_NHBE/0-1_days/230316_27.png,230316_27,230316,train,good,NHBE,0-1_days,1,NHBE,0-1_days,True,True,True,5938471,2048,1536,RGB,d02aa4d855b04ceb196e015d4dca3f227703ce1a3a2e48a6651be651d1e274b9,69fb089b8a3b52393999edd9db59cbd99bc99cc9b509b5199c29ac199c1d9c5d
data/raw/ooc/OOC_image_dataset/train/good/cell_type_NHBE/0-1_days/230316_30.png,230316_30,230316,train,good,NHBE,0-1_days,1,NHBE,0-1_days,True,True,True,5129264,2048,1536,RGB,322078c3a760ac91f03f4731240345530f8dfd33e3c85a7194ba3393f7c6fc92,2379b2b9b2b9b3bdb6ada55db33cb73cb8bc989c90bc957c986c9e5cdeeedcf6
data/raw/ooc/OOC_image_dataset/train/good/cell_type_NHBE/0-1_days/230316_32.png,230316_32,230316,train,good,NHBE,0-1_days,1,NHBE,0-1_days,True,True,True,5272454,2048,1536,RGB,7a3b0828c42a94294aa8530dbdcbd6db6080b643acf36655fd4136f7ab66bb99,db39b159d199d939d519f23972394a1964596a7c721849bc494c622c6afc6adc
data/raw/ooc/OOC_image_dataset/train/good/cell_type_NHBE/2-3_days/230317_100.png,230317_100,230317,train,good,NHBE,2-3_days,1,NHBE,2-3_days,True,True,True,1709934,2056,1542,L,ed78fd1f00bbbf794a826b6b5f3d4a791768875661fd286c8a23d61ff0377036,e864e061f060f060f063b061b861e860e862e062e86978637861f060f060d860
data/raw/ooc/OOC_image_dataset/train/good/cell_type_NHBE/2-3_days/230317_66.png,230317_66,230317,train,good,NHBE,2-3_days,1,NHBE,2-3_days,True,True,True,1830758,2056,1542,L,be720a6c6a7d99c98b13c23a99f8856ff92c2f9ecf411c804c83c58a2827a499,871387138f92cf83cf938f838f438d438dd38cb28c338c338d338c238d438d93
data/raw/ooc/OOC_image_dataset/train/good/cell_type_NHBE/2-3_days/230317_67.png,230317_67,230317,train,good,NHBE,2-3_days,1,NHBE,2-3_days,True,True,True,1935135,2056,1542,L,29abbed8399b02e554b70f86d1269b259184bf1ecb4ff18b64757cc08c8cfe5d,8d938db38ea38e038e138f638f639fc31f031f039f239e231f031f831f039f03
data/raw/ooc/OOC_image_dataset/train/good/cell_type_NHBE/2-3_days/230317_68.png,230317_68,230317,train,good,NHBE,2-3_days,1,NHBE,2-3_days,True,True,True,1788520,2056,1542,L,acdb0be8d0687e2c78e3dc7971b2b19e0e4bbce6ef075bef1fbb1ef69018807c,9e039f131e039e039f039f839d839dc39ec39e835e835f835f035e435f035e93
data/raw/ooc/OOC_image_dataset/train/good/cell_type_NHBE/2-3_days/230317_69.png,230317_69,230317,train,good,NHBE,2-3_days,1,NHBE,2-3_days,True,True,True,1863277,2056,1542,L,0d7434349c335c7d97a9c440acf93fb0bdac4b46b169965f9bcdd67c5b20fc17,4f034f035f435e035d035d035b235f239dc39e639ae39ae39b239b239d239ba3
data/raw/ooc/OOC_image_dataset/train/good/cell_type_NHBE/2-3_days/230317_70.png,230317_70,230317,train,good,NHBE,2-3_days,1,NHBE,2-3_days,True,True,True,1910787,2056,1542,L,51ce2d091169f0948aa8658bb8e7c215f4fee88b3245e182c7e5f70ef70a9df9,9e839fc39b839fa39f839f839f039f839f839ec39e83be839ca39d239b539953
data/raw/ooc/OOC_image_dataset/train/good/cell_type_NHBE/2-3_days/230317_71.png,230317_71,230317,train,good,NHBE,2-3_days,1,NHBE,2-3_days,True,True,True,1905354,2056,1542,L,1ab82f446064223ecfb0b37d9975f29d3e37282ed36c5a5a7cf83563b304c036,995319031d031fc31f831dc39cc39cc31ec31ea31f431f431ba31cc31e431e43
data/raw/ooc/OOC_image_dataset/train/good/cell_type_NHBE/2-3_days/230317_76.png,230317_76,230317,train,good,NHBE,2-3_days,1,NHBE,2-3_days,True,True,True,1873438,2056,1542,L,d655f079bdcecb42e11076b53632860cfcb48deb19e30b64a39f182e5edc4eb8,94c7948794069cc796869706962696269c469c86bd06bc06be06be863e863d07
data/raw/ooc/OOC_image_dataset/train/good/cell_type_NHBE/2-3_days/230317_77.png,230317_77,230317,train,good,NHBE,2-3_days,1,NHBE,2-3_days,True,True,True,1838763,2056,1542,L,6f30e9fdd85efb9c480c819f66a8728aee09ec8834668df63f7ff7604906a8ef,3c473c473d463d873d463c862d862d862c862f863f062c072c072e872e872e07
data/raw/ooc/OOC_image_dataset/train/good/cell_type_NHBE/2-3_days/230317_79.png,230317_79,230317,train,good,NHBE,2-3_days,1,NHBE,2-3_days,True,True,True,1818567,2056,1542,L,b3dcee3d45c6f368a5344ebd34352e8f3eab5507a3b3c64e8c2142dd62b807f0,69c769466b6669066d266f866386664669066d866fa66b866a876f076c866886
data/raw/ooc/OOC_image_dataset/train/good/cell_type_NHBE/2-3_days/230317_81.png,230317_81,230317,train,good,NHBE,2-3_days,1,NHBE,2-3_days,True,True,True,1796079,2056,1542,L,1bb62ab687ef1c4bf5187542514c4c4131a4316a6eaf31cf4d7dbced7754a939,690675466e867b867b866e865cc65c8657466626764657c65f065a26522654e6
data/raw/ooc/OOC_image_dataset/train/good/cell_type_NHBE/2-3_days/230317_82.png,230317_82,230317,train,good,NHBE,2-3_days,1,NHBE,2-3_days,True,True,True,1803858,2056,1542,L,56d1657877b28329c9edfef4114c5b3256e21ba19189428b9f57b9e0c729ffb5,570677077b277926592653075a075c875c4646465b465e46570659875e875ec6
data/raw/ooc/OOC_image_dataset/train/good/cell_type_NHBE/2-3_days/230317_83.png,230317_83,230317,train,good,NHBE,2-3_days,1,NHBE,2-3_days,True,True,True,1892938,2056,1542,L,15251ee0b81c297d34daef97495fc37cdb6951572f94a3f64100032c28b1e3be,4e464e464e065f0653865346562757a75fa6568757e75de75d6751665126590e
data/raw/ooc/OOC_image_dataset/train/good/cell_type_NHBE/2-3_days/230317_85.png,230317_85,230317,train,good,NHBE,2-3_days,1,NHBE,2-3_days,True,True,True,2159445,2056,1542,L,50a85f24ef6ee49900e5c1d7891dbe95cd21f1da2bbfb19b6aaa5fc7523fe7b7,38cc3b4c3f0c3f8c3ace3e8e3ecd39ce3ace2ace2a8c2c8c290c3b0c3d0c7d0d
data/raw/ooc/OOC_image_dataset/train/good/cell_type_NHBE/2-3_days/230317_86.png,230317_86,230317,train,good,NHBE,2-3_days,1,NHBE,2-3_days,True,True,True,2151541,2056,1542,L,0e875698c6b81f3bbd7851830d02e8d9237e392082d37c8ad0dcdffcc68e67d4,2b0e790c7b4c794e7b0e7b4f7b4e7b4c7e8c5e8c5b8c5b0c5e2e564c520c530e
data/raw/ooc/OOC_image_dataset/train/good/cell_type_NHBE/2-3_days/230317_89.png,230317_89,230317,train,good,NHBE,2-3_days,1,NHBE,2-3_days,True,True,True,1986537,2056,1542,L,5b74563e34367677e53add8e87c2a853894fcaa99c500d4fcc95e0f82865d454,594e5ace5acc468c768cde0dde0ddd0dfa0dfa0dfc0df48dfc8dfc8ddc0ddc0f
data/raw/ooc/OOC_image_dataset/train/good/cell_type_NHBE/2-3_days/230317_90.png,230317_90,230317,train,good,NHBE,2-3_days,1,NHBE,2-3_days,True,True,True,2013971,2056,1542,L,ee27a7d0abf18d4477711b66e998167827f5f575aad0c72eba473b8a9be1acc8,f68ef60ede0ed60ddf0cfc8efc8cfacdfc8cfe8df8ccf64ef64cf64cfa4cfc4f
data/raw/ooc/OOC_image_dataset/train/good/cell_type_NHBE/2-3_days/230317_91.png,230317_91,230317,train,good,NHBE,2-3_days,1,NHBE,2-3_days,True,True,True,2016139,2056,1542,L,4cb02726464389087d53803cf108939937c5020d288d82f6b4e4d1b3a8339c82,f9ccfa8dec0cf64cf74df70ef38ef38ff38df68cfc4cf88cfa8cf60cff0dfacf
data/raw/ooc/OOC_image_dataset/train/good/cell_type_NHBE/2-3_days/230317_92.png,230317_92,230317,train,good,NHBE,2-3_days,1,NHBE,2-3_days,True,True,True,1849261,2056,1542,L,342b145ad73fa0ac442f5d8e6907aa8eaa9c00b814914d6b2761cade1f9fe97f,f68df60df30da3cd81cc9c6cbc3c3c1dfc1cfc1dfe1cfd1cfb1df21ef81ef31d
data/raw/ooc/OOC_image_dataset/train/good/cell_type_NHBE/2-3_days/230317_93.png,230317_93,230317,train,good,NHBE,2-3_days,1,NHBE,2-3_days,True,True,True,1706227,2056,1542,L,6ab6f7336569c6eb44578b55354649700b119d4eda36826a341288e8a0d0e015,e832f433ec33e0389439b133f831f432f633c633a533a133e933ed31e930fa31
data/raw/ooc/OOC_image_dataset/train/good/cell_type_NHBE/2-3_days/230317_95.png,230317_95,230317,train,good,NHBE,2-3_days,1,NHBE,2-3_days,True,True,True,1714005,2056,1542,L,eb32de68b1ad3208c467a5995a7cedde56fbd9d061444d43a7fa8984f967efd9,99379b369536f532e530e4309434b831b230f236f236f132d032f436f836f032
data/raw/ooc/OOC_image_dataset/train/good/cell_type_NHBE/2-3_days/230317_96.png,230317_96,230317,train,good,NHBE,2-3_days,1,NHBE,2-3_days,True,True,True,1733751,2056,1542,L,e9c513a2f41b96e67b11f56ac03522cdc7e8afd216a534e5f768bfbc1253ccd1,f836f436f434f035f235f235a835b435f430f030e831783078307030f0217030
data/raw/ooc/OOC_image_dataset/train/good/cell_type_NHBE/2-3_days/230317_98.png,230317_98,230317,train,good,NHBE,2-3_days,1,NHBE,2-3_days,True,True,True,1685803,2056,1542,L,2451d6ad4d7057d46bad7a4a4ea6567ab3a65e7e4745fce8399f9e7b364788b9,f660e46266667876fe76fc61be60ec606a626c606c64cc69cc60cc64cc60cc60
data/raw/ooc/OOC_image_dataset/train/good/cell_type_NHBE/2-3_days/230317_99.png,230317_99,230317,train,good,NHBE,2-3_days,1,NHBE,2-3_days,True,True,True,1716963,2056,1542,L,447d067ed74bebcb8648d396924ccab20ec47e5a08d5593c376e8c72b5dd913d,d865cc67cc64d064e464e461e461f665d060c260e264e666e462e46ae062c461
data/raw/ooc/OOC_image_dataset/train/good/cell_type_NHBE/4+_days/230320_134.png,230320_134,230320,train,good,NHBE,4+_days,1,NHBE,4+_days,True,True,True,1831361,2056,1542,L,d16f739aa76d873724e8ee45d71a712464dd026e01f875a75abb2a8de5ca13d1,cfc3cf43cd438d138d53cc73ce738f738f330e534e73ce63ca63ca738cf38ce3
data/raw/ooc/OOC_image_dataset/train/good/cell_type_NHBE/4+_days/230320_135.png,230320_135,230320,train,good,NHBE,4+_days,1,NHBE,4+_days,True,True,True,1874405,2056,1542,L,8df51be88f871e44b897a94924320d7c731152cfd2c77311066248dcea468d0a,cdbbcf33ce338c638ca18c738e638cc388e30c638c639cf39cc39c639c619e63
data/raw/ooc/OOC_image_dataset/train/good/cell_type_NHBE/4+_days/230320_136.png,230320_136,230320,train,good,NHBE,4+_days,1,NHBE,4+_days,True,True,True,1863898,2056,1542,L,3bbd34abafc63167b4b44cf05111d6fe8e01222f854a704748d174c14e82c399,9cc39ec39ec1de61ce814f014e994d894f494f490f010e990f190f994f194d31
data/raw/ooc/OOC_image_dataset/train/good/cell_type_NHBE/4+_days/230320_139.png,230320_139,230320,train,good,NHBE,4+_days,1,NHBE,4+_days,True,True,True,1897962,2056,1542,L,4a690686a739d4f9e5c6559c8d372f3995dcfc73e8070666923790660898939c,1dc11da11cc11ed11e319f411b4119611e611f611f011f011f11193119231f23
data/raw/ooc/OOC_image_dataset/train/good/cell_type_NHBE/4+_days/230320_140.png,230320_140,230320,train,good,NHBE,4+_days,1,NHBE,4+_days,True,True,True,1903483,2056,1542,L,c5cceb6c4409b406657939ba9bb849d4116dfffa4e707e85b7489e6b50d4912e,5d315c515c915f195f115e135e935ec35ec31b635f035ec35ec31ac39ad39d83
data/raw/ooc/OOC_image_dataset/train/good/cell_type_NHBE/4+_days/230320_142.png,230320_142,230320,train,good,NHBE,4+_days,1,NHBE,4+_days,True,True,True,1838005,2056,1542,L,973ff13bda4b85a07a0a9afc47510c2f370adb5b8946724ef0fb5ba1b4eb239c,9e639e639eb39c739e33dcc3dec397e396531a533d333b8623262f272de524e5
data/raw/ooc/OOC_image_dataset/train/good/cell_type_NHBE/4+_days/230320_143.png,230320_143,230320,train,good,NHBE,4+_days,1,NHBE,4+_days,True,True,True,1778545,2056,1542,L,56ecfc5fbbd9f94914b0cbe578d900c407ddd34f4b97c81e3c190d891746bc9b,9687960796279627960794c79486960696061606160614c714479487b6863407
data/raw/ooc/OOC_image_dataset/train/good/cell_type_NHBE/4+_days/230320_144.png,230320_144,230320,train,good,NHBE,4+_days,1,NHBE,4+_days,True,True,True,1760540,2056,1542,L,05db480fdc9c8ddcde1614ba05e61ad2a1f28b0f27166939d4126f97a90c480f,36073607250624462547360726062606244624862d8625c62586252624262d06
data/raw/ooc/OOC_image_dataset/train/good/cell_type_NHBE/4+_days/230320_145.png,230320_145,230320,train,good,NHBE,4+_days,1,NHBE,4+_days,True,True,True,1735859,2056,1542,L,50fb80f981c1ebe6c99c9eb25c648e4e6e38e8491c62f7dfceb7c63d0fb9cbbd,2cc32cc22e622e022e422f032f432b022ec32dc32b032a476a826e266e866e86
data/raw/ooc/OOC_image_dataset/train/good/cell_type_NHBE/4+_days/230320_148.png,230320_148,230320,train,good,NHBE,4+_days,1,NHBE,4+_days,True,True,True,1773812,2056,1542,L,dbee51977ca2fa8c51567c00a020d7d4d5f2aace84afb6699e13637bc62987f0,68c26f436f032d832d0339c329e32ce32ce728672837793778266907690f698f
data/raw/ooc/OOC_image_dataset/train/good/cell_type_NHBE/4+_days/230320_149.png,230320_149,230320,train,good,NHBE,4+_days,1,NHBE,4+_days,True,True,True,2040235,2056,1542,L,4026dbfd8f974d74a5e8fb3cd4525a5d0bad70d4d0a74bf247be2e9d05479bce,8de69e669a869c069b0e990eb88fbd0db90d38cf3cce39063a0e3b4e3b063907
data/raw/ooc/OOC_image_dataset/train/good/cell_type_NHBE/4+_days/230320_150.png,230320_150,230320,train,good,NHBE,4+_days,1,NHBE,4+_days,True,True,True,2027912,2056,1542,L,d03f0892cf6f292dbd6bc1397432a83544cbf0be265df6d6d0fd9319825caa74,38c639473b8639863b062b462946292629862d8629862ac62cc62986288c2906
data/raw/ooc/OOC_image_dataset/train/good/cell_type_NHBE/4+_days/230320_151.png,230320_151,230320,train,good,NHBE,4+_days,1,NHBE,4+_days,True,True,True,1967664,2056,1542,L,6baec38064fb44a00af9a05d27f10884b0da8ce27d763d58c8e5fe7f023e475e,a9452b07294629062b662a6628e42d472f042f043a263b062dc46f846f066846
data/raw/ooc/OOC_image_dataset/train/good/cell_type_NHBE/4+_days/230320_152.png,230320_152,230320,train,good,NHBE,4+_days,1,NHBE,4+_days,True,True,True,1933177,2056,1542,L,4b3ba00534d14da59d1bfc960e75c23892eaa3e32903856ad5615a0e447e40cf,2c4668c668a66d466d44690669876b076aa668a468a669c669864b464d8444c4
data/raw/ooc/OOC_image_dataset/train/good/cell_type_NHBE/4+_days/230320_153.png,230320_153,230320,train,good,NHBE,4+_days,1,NHBE,4+_days,True,True,True,1886324,2056,1542,L,2ac87f9389de53f29365508f7b8db0a01f13f37af0f0324332fa06b1f95d4b42,6cc46cc461856b864f846b246804694449446d064f0653077a846b0471065b04
data/raw/ooc/OOC_image_dataset/train/good/cell_type_NHBE/4+_days/230320_154.png,230320_154,230320,train,good,NHBE,4+_days,1,NHBE,4+_days,True,True,True,1868161,2056,1542,L,aeea377b848553887bf9799d9b97ffd6892a81b5c60d9919f40ea62704d48432,59445e04580658245c0456065a065e045d065926550553855384550455855584
data/raw/ooc/OOC_image_dataset/train/good/cell_type_NHBE/4+_days/230320_155.png,230320_155,230320,train,good,NHBE,4+_days,1,NHBE,4+_days,True,True,True,1863313,2056,1542,L,ecda8052d530817106d00b198ce599c12dc0ea0a1c4f339833a9ac4b292f6c96,57065506552456855f44556450c65a465324532650e6548d520cd60cd50ed74c
data/raw/ooc/OOC_image_dataset/train/good/cell_type_NHBE/4+_days/230320_157.png,230320_157,230320,train,good,NHBE,4+_days,1,NHBE,4+_days,True,True,True,1836197,2056,1542,L,9b36a926b254602f124d0a9056294fccd79a6f8c9887b5762373b2afb7db7713,da8cdf0c5c2edd0edb0e590e5d0e5e0e5bcd53cd56cc5f4c590c5f0ed70ed31e
data/raw/ooc/OOC_image_dataset/train/good/cell_type_NHBE/4+_days/230320_158.png,230320_158,230320,train,good,NHBE,4+_days,1,NHBE,4+_days,True,True,True,1929059,2056,1542,L,0ddfa2f4f13943e185f3f739c7069ae47f76ea076057c3a7e38ea2c2c439a769,f61cec1ee21ef01cf09df098f018e419ee1bfc1adc1af61bf41bf01af618d618
data/raw/ooc/OOC_image_dataset/train/good/cell_type_NHBE/4+_days/230320_159.png,230320_159,230320,train,good,NHBE,4+_days,1,NHBE,4+_days,True,True,True,1920276,2056,1542,L,524d7c8bdfd6d087260f243fb0a18fda258b287e10af18247209fec15f355de6,db18d31bea1aee1ace1ad71af619fa19761adc98c89fd81a761af71af418f618
data/raw/ooc/OOC_image_dataset/train/good/cell_type_NHBE/4+_days/230320_160.png,230320_160,230320,train,good,NHBE,4+_days,1,NHBE,4+_days,True,True,True,1968502,2056,1542,L,d762e1bf7e623d1e15339dee8ad082e63b3e2c4cdd55e7a132e5c1abdde8d0aa,d618d618da1cda1ad83a9839f139f83cf436bc35bc34e432c032f232f232e232
data/raw/ooc/OOC_image_dataset/train/good/cell_type_NHBE/4+_days/230320_163.png,230320_163,230320,train,good,NHBE,4+_days,1,NHBE,4+_days,True,True,True,1947029,2056,1542,L,4d675dbc42c4e43db84b44872513987fba78ad28e0453ddec8250df1b8f33ca9,d134d134f631f630f434e63ce63ec631c430c634c734e432e632e632f232f230
data/raw/ooc/OOC_image_dataset/train/good/cell_type_NHBE/4+_days/230320_164.png,230320_164,230320,train,good,NHBE,4+_days,1,NHBE,4+_days,True,True,True,1971912,2056,1542,L,47480d12bab0cc7bf8cba579dc59c19f80aea938748e53817eb0d0ae82154ada,e239f234f23ce238d232f232f032f231f23c6034e832e834e835f032f83ad831
data/raw/ooc/OOC_image_dataset/train/good/cell_type_NHBE/4+_days/230320_165.png,230320_165,230320,train,good,NHBE,4+_days,1,NHBE,4+_days,True,True,True,1932709,2056,1542,L,af8b79bde038c05cbe997ae47d007172244f70b8ae942ed33efacdd5e94960d7,d030f034f033e032f034783178303c341c30e878e064f066e264e271aa6bf06e
data/raw/ooc/OOC_image_dataset/train/good/cell_type_NHBE/4+_days/230320_206.png,230320_206,230320,train,good,NHBE,4+_days,1,NHBE,4+_days,True,True,True,1915946,2056,1542,L,509694cdf298efda38aff2f910c3b968ebe14eabca1b8b43d6c753c8a23a8f6e,7b074a27cb038ac38a830a838b038b034b038b138b138b13ca034a41cb83cbc1
data/raw/ooc/OOC_image_dataset/train/good/cell_type_NHBE/4+_days/230320_208.png,230320_208,230320,train,good,NHBE,4+_days,1,NHBE,4+_days,True,True,True,1852938,2056,1542,L,ae0537a7e64e3a26ca5ee296a34952c37e707d1f2a671a8692e39b3054f68e5a,9303330332431243124313231303130313031223124392831303130312831ac3
data/raw/ooc/OOC_image_dataset/train/good/cell_type_NHBE/4+_days/230320_209.png,230320_209,230320,train,good,NHBE,4+_days,1,NHBE,4+_days,True,True,True,1846948,2056,1542,L,59f4c1ee32360ad5b0d2ed653a519752d88e39f3c301323e045efb48fed8ecdf,964116c1968112911381968193a193419381978111a111811143116392439213
data/raw/ooc/OOC_image_dataset/train/good/cell_type_NHBE/4+_days/230320_210.png,230320_210,230320,train,good,NHBE,4+_days,1,NHBE,4+_days,True,True,True,1838846,2056,1542,L,eb9ce6a7ef710901041aeb383fc7f2348bbd6c0bc85a4ae51733160b47415595,3701b701b521b6c13761178117811781b7011721960117011621962197219301
data/raw/ooc/OOC_image_dataset/train/good/cell_type_NHBE/4+_days/230320_214.png,230320_214,230320,train,good,NHBE,4+_days,1,NHBE,4+_days,True,True,True,2098552,2056,1542,L,fcdf403ecfc217357b862ad57c1962178ebd916a4690d8c5b16b0e0610ceb6ef,95231c031643166314c216231e431c438e03ce034e23cd438eb3ce73c733c733
data/raw/ooc/OOC_image_dataset/train/good/cell_type_NHBE/4+_days/230320_216.png,230320_216,230320,train,good,NHBE,4+_days,1,NHBE,4+_days,True,True,True,1975984,2056,1542,L,c3781b926e223e9857be0c61b4efb436cd37d1bc1c1550a762c024115244ab91,28832d8325832603260326e3262326132783278324c320c221c321c321c32503
data/raw/ooc/OOC_image_dataset/train/good/cell_type_NHBE/4+_days/230320_218.png,230320_218,230320,train,good,NHBE,4+_days,1,NHBE,4+_days,True,True,True,1981675,2056,1542,L,90105151dbc9b4b753c0186c4433f369fcfe25eaba29632dcd4bf47ae585f332,690729072a43284328622a422c832a932ab32b032b932a132a932a832a432a83
data/raw/ooc/OOC_image_dataset/train/good/cell_type_NHBE/4+_days/230320_221.png,230320_221,230320,train,good,NHBE,4+_days,1,NHBE,4+_days,True,True,True,1765258,2056,1542,L,7a03ed8395470137704e8e3df7636d7e39cd3a140ac1d762ebe783e09559c56f,fe0efa0ebe0cbe0dff0cb30cfa0ef80fec4e6c4c700e780f788c798439b63c32
data/raw/ooc/OOC_image_dataset/train/good/cell_type_NHBE/4+_days/230320_222.png,230320_222,230320,train,good,NHBE,4+_days,1,NHBE,4+_days,True,True,True,1856691,2056,1542,L,512e2e1d338c368f2c705d4e43f013a9930259ba22e3c6e6346e353ae1186138,ad0ca60eb70ee50ca88ce48ef08ff88fa84ea20eac0eb80efd0eb80cf90cf90e
data/raw/ooc/OOC_image_dataset/train/good/cell_type_NHBE/4+_days/230320_224.png,230320_224,230320,train,good,NHBE,4+_days,1,NHBE,4+_days,True,True,True,1839223,2056,1542,L,89fbfeee17ff2870db3f78b4431546ea4adc5655c80fa4fc780532a29a072b4e,750cf50dee0d730cdb0cdc0cf48de40cec0ea50eac0eaa0fad0efd0eb30eb50c
data/raw/ooc/OOC_image_dataset/train/good/cell_type_NHBE/4+_days/230320_225.png,230320_225,230320,train,good,NHBE,4+_days,1,NHBE,4+_days,True,True,True,1830361,2056,1542,L,f5a3f5801ce7635045b1b18e09e38dfcbd57cec458314d1f66ff557d75b03653,ec18fc1c391968195c191e095e095a0934093c0d3c0c7e0c7a0eea0ef00cf90c
data/raw/ooc/OOC_image_dataset/train/good/cell_type_NHBE/4+_days/230320_227.png,230320_227,230320,train,good,NHBE,4+_days,1,NHBE,4+_days,True,True,True,1859731,2056,1542,L,aa8e561dc788f96ac11e21232ff3510337837837557be72660a2f6a76eb33641,711873197a98731e631a639c7b1c731c731c7b1d7319661d709c5598569d689d
data/raw/ooc/OOC_image_dataset/train/good/cell_type_NHBE/4+_days/230320_228.png,230320_228,230320,train,good,NHBE,4+_days,1,NHBE,4+_days,True,True,True,1907843,2056,1542,L,15d4d15a41986999eb754292da9330b7e1d707f11f1cc0dec91a08a2d89a7e83,6c1874185c18701c781c7818701878196919791c711c7918791c711c79187918
data/raw/ooc/OOC_image_dataset/val/bad/cell_type_A549/0-1_days/230109_107.png,230109_107,230109,val,bad,A549,0-1_days,2,A549,0-1_days,True,True,True,2581286,2048,1536,RGB,00b011e9476fd48a74f366c53dd9f98aa24780491d87561084fe610f21c12806,3fcd3b5a3bec3bbc7dbc79fcfdbced51ecd1da83b8837a47f8c77c4fb30fa81e
data/raw/ooc/OOC_image_dataset/val/bad/cell_type_A549/0-1_days/230109_121.png,230109_121,230109,val,bad,A549,0-1_days,2,A549,0-1_days,True,True,True,2638563,2048,1536,RGB,e215b7867f53ffb32ef21e000b8d5e1e2a67dea50e878ada70e35651eb0de3d8,5d706f5c4ff44ffc4edc4ed84ff865b9e5b9d5b1d6f1a271f263b9e331e7f187
data/raw/ooc/OOC_image_dataset/val/bad/cell_type_A549/0-1_days/230206_27.png,230206_27,230206,val,bad,A549,0-1_days,2,A549,0-1_days,True,True,True,663318,640,480,RGB,effe0aabd6e562d7b75d9b846ca59a2708ef6dba36d9feac6f74112c3db98a60,7a4463547a34726079e079a079f07bf070f836e83a6839f839d83bd838d831f8
data/raw/ooc/OOC_image_dataset/val/bad/cell_type_A549/0-1_days/230525_113.png,230525_113,230525,val,bad,A549,0-1_days,2,A549,0-1_days,True,True,True,1412610,2056,1542,L,09e16c6de2b5ccd35aeee2bb51fedcede0dc03747a2a10a1d9e96bb056a2be99,9f039e039ec31e839c839ca39e239d239e639e631ec31e831f831f831f731ae3
data/raw/ooc/OOC_image_dataset/val/bad/cell_type_A549/0-1_days/230525_125.png,230525_125,230525,val,bad,A549,0-1_days,2,A549,0-1_days,True,True,True,1548611,2056,1542,L,bd21425368c4b833346681b98b372592f46555bbcd624a4b6e0f67a1867e5713,9d669f069e079ec79f661e661ca69d969c979c279c669e869cc61cc61e869f87
data/raw/ooc/OOC_image_dataset/val/bad/cell_type_A549/2-3_days/230110_142.png,230110_142,230110,val,bad,A549,2-3_days,2,A549,2-3_days,True,True,True,2685594,2048,1536,RGB,c367e6209da5c3662974993282b747bf4194b4b51b96604316913ce3d52f0f81,f3e8dae49ac4d5e8d7a2c482c446c986c920ce564a424c0246444e114c216873
data/raw/ooc/OOC_image_dataset/val/bad/cell_type_A549/4+_days/220612_18.png,220612_18,220612,val,bad,A549,4+_days,2,A549,4+_days,True,True,True,2743473,2048,1536,RGB,5f92a18a5c71cb9363f6ebd4791560ca961bdb0e9c16bc4f7d772d257ceb11a1,000308010800070007388731073747b304eb050b056782c5c0e75ffb81fffc4b
data/raw/ooc/OOC_image_dataset/val/bad/cell_type_A549/4+_days/221219_11.png,221219_11,221219,val,bad,A549,4+_days,2,A549,4+_days,True,True,True,3080222,2048,1536,RGB,9519d68d98a17a07992a11f6039046369ae5ff233ce4d20f6a5168d6e2d91eeb,dae3ef93fa335333731375937e737b0979393db9acc924a9b6e9b8c9deb09890
data/raw/ooc/OOC_image_dataset/val/bad/cell_type_A549/4+_days/230425_105.png,230425_105,230425,val,bad,A549,4+_days,2,A549,4+_days,True,True,True,1984116,2056,1542,L,1fbc77df687a68f437ca3033ac7c463c5d51f77a216a0ad2e6511e2e74e0557b,e3eae168e964e964f86cf26ec37ec37accf38ce0cc63cce3ccf3c1f7e337f934
data/raw/ooc/OOC_image_dataset/val/bad/cell_type_A549/4+_days/230425_162.png,230425_162,230425,val,bad,A549,4+_days,2,A549,4+_days,True,True,True,1816892,2056,1542,L,1e9d3f79236e96c29d3a1db75cb1eb52ae49071594602b4bf135c63f18a22775,e70ec78fc70ec78ec78ec78ec78ec78ec78ec78ec78ec78e878e878ec78ec78e
data/raw/ooc/OOC_image_dataset/val/bad/cell_type_A549/4+_days/230425_55.png,230425_55,230425,val,bad,A549,4+_days,2,A549,4+_days,True,True,True,1562842,2056,1542,L,2917d132fa72b47223a5df630794e97757d6eec85309ff228692dc390b266d43,8791c78147c10781c7838783878347c38783878b878b87438743878387c387c3
data/raw/ooc/OOC_image_dataset/val/bad/cell_type_A549/4+_days/230425_82.png,230425_82,230425,val,bad,A549,4+_days,2,A549,4+_days,True,True,True,1514967,2056,1542,L,29c227ca0017ba26cb10638359260b85565b87084b75bf9bfd60dabe5f485e26,2c86258627262666226721c720c72b076f266726668624872646654665476616
data/raw/ooc/OOC_image_dataset/val/bad/cell_type_A549/4+_days/230512_45.png,230512_45,230512,val,bad,A549,4+_days,2,A549,4+_days,True,True,True,1909290,2056,1542,L,bc0a2a112fcfd3217689b678d4b19f4676781e958daaf080454e3dc772349817,0e3788f3c9f3cef3cb33cb33cb83cc83cd03cf33cf33cd23cf43cec3ce43ce62
data/raw/ooc/OOC_image_dataset/val/bad/cell_type_A549/4+_days/230512_70.png,230512_70,230512,val,bad,A549,4+_days,2,A549,4+_days,True,True,True,1754769,2056,1542,L,2a8855205af5c7caf64a07ca05b33059904d5d61471803c637b57d35bace27fc,1b26196699461d471c061a4699079e071cc718c79bc79b47998799861c871287
data/raw/ooc/OOC_image_dataset/val/bad/cell_type_A549/4+_days/230517_69.png,230517_69,230517,val,bad,A549,4+_days,2,A549,4+_days,True,True,True,1785344,2056,1542,L,ac477c43a88eb0931beb039f47769dee21f2aced07983c8727f6bcbe48d38f21,8eab0f4b8d2b8d630cab8bab0bcb8f6b8f2b0d8b0acb0f8b0ecb9e9b8c4b88cb
data/raw/ooc/OOC_image_dataset/val/bad/cell_type_A549/4+_days/230517_70.png,230517_70,230517,val,bad,A549,4+_days,2,A549,4+_days,True,True,True,1783889,2056,1542,L,4c7c6d5f50c6a385252b10e569fe9186a3b2b96081795d0404a29977e7e43c44,c94b8c6b8c638caa8c2b4d6b4b2b4b2a192b08ab0cea0c6a0eea0e238d038dab
data/raw/ooc/OOC_image_dataset/val/bad/cell_type_A549/4+_days/230517_72.png,230517_72,230517,val,bad,A549,4+_days,2,A549,4+_days,True,True,True,1748920,2056,1542,L,4555c63a532b7848a2689a8c72f6aae3827985730bdc2b3eb2a8656f4ad3e2fe,8bab8eeb8dab0f0b4d2bcccb8c4b0e630e6b09cb8b4b8a4b894b89238f038b03
data/raw/ooc/OOC_image_dataset/val/bad/cell_type_A549/4+_days/230529_56.png,230529_56,230529,val,bad,A549,4+_days,2,A549,4+_days,True,True,True,1866003,2056,1542,L,f20bb88c46072f3245b7a5d3c73e9d3ec76182d84516c7f826e3bca0af95f08f,351c371c351c345c341c341c249c3416241524d1249125112591249124992691
data/raw/ooc/OOC_image_dataset/val/bad/cell_type_A549/4+_days/230529_65.png,230529_65,230529,val,bad,A549,4+_days,2,A549,4+_days,True,True,True,1502576,2056,1542,L,3f656a2190f1c5f39af3f2f3effb88c8099509223cefc88cc6c1273f005ae291,e729e7b9e7b9e5b9e7b9e73bc633c6b3e5b3e733e723e773e763e773e773e763
data/raw/ooc/OOC_image_dataset/val/bad/cell_type_A549/4_days/230424_103.png,230424_103,230424,val,bad,A549,4_days,2,A549,4_days,True,True,True,2081549,2056,1542,L,90429d23979f832c3e4a71208232bfa9f99b4417b28f63e426d9cc286b85df3a,fd1af91aee1aec9afc18fc1afa18fc98fc91fe30fc37f836cbb4f9b3f933f437
data/raw/ooc/OOC_image_dataset/val/bad/cell_type_A549/4_days/230424_54.png,230424_54,230424,val,bad,A549,4_days,2,A549,4_days,True,True,True,1910527,2056,1542,L,3a365cdaff4eeef5b76aeb2a7d0bd86bb349928b911fbb484ad1e31a057b5a44,cc20cc30ce58cccccdc44dc4cdc4cdc4cccc0c580c38cccc49c40bc4cbc2ca82
data/raw/ooc/OOC_image_dataset/val/bad/cell_type_CACO/2-3_days/220606_15.png,220606_15,220606,val,bad,CACO,2-3_days,2,CACO,2-3_days,True,True,True,2428639,2048,1536,RGB,dcb3f7fb99b2c685ad1228ffbb11cae595642500687c130bcd3d51bb59100d13,1e3f3e2f0c1c205b23da0cdf1c6f183f1837113614361b770e6584e583e80341
data/raw/ooc/OOC_image_dataset/val/bad/cell_type_CACO/2-3_days/230329_11.png,230329_11,230329,val,bad,CACO,2-3_days,2,CACO,2-3_days,True,True,True,4505693,1536,2048,RGB,c2628b41296d622285ccbea10ffed895f9efc7f983488ca03789d92b92497b38,709e79c67165622c787171637f0173917b59790d79a976317310707072d67616
data/raw/ooc/OOC_image_dataset/val/bad/cell_type_CACO/2-3_days/230405_120.png,230405_120,230405,val,bad,CACO,2-3_days,2,CACO,2-3_days,True,True,True,1932398,2056,1542,L,f1fd13cfbde9c2573642e5433d6e6132def848811d5a82cee60e57c158c3b90b,8d0c8d0e990c9d8ccd0c990cda0cda0c9d0c9d0c9d0c990c9dcc988cde0cde4c
data/raw/ooc/OOC_image_dataset/val/bad/cell_type_CACO/2-3_days/230405_129.png,230405_129,230405,val,bad,CACO,2-3_days,2,CACO,2-3_days,True,True,True,2007275,2056,1542,L,ba80403cb91a285de4d1e0e861f0fa43125e71768026df6278c9683efcad9235,998c9a8c98cc99ce986c988c99ce9c4e9d2e9e0c1e8e1f8c1e0c1f4c9f4e994c
data/raw/ooc/OOC_image_dataset/val/bad/cell_type_CACO/2-3_days/230405_137.png,230405_137,230405,val,bad,CACO,2-3_days,2,CACO,2-3_days,True,True,True,1949976,2056,1542,L,47bfdb304503b32934252748c315194a840ec7c84c935949aafbb05287697955,1ccc9ccc9dcc1bcc1f4c180c1c0c9d0c1c1c9c5c9e1c1e0c1e1c9e1c1e1c1e1c
data/raw/ooc/OOC_image_dataset/val/bad/cell_type_CACO/2-3_days/230419_104.png,230419_104,230419,val,bad,CACO,2-3_days,2,CACO,2-3_days,True,True,True,2264221,2056,1542,L,62fd45054926b9000b5b3caa54b5af60ae37eae48b6d1b2c1ec1a2d388dfe1c9,cf0ccb4e8ccccacc8f8c8e0c8a8c4acc4c4c8ccc4ccc4d0c4e8ccb0ecd8cdf4c
data/raw/ooc/OOC_image_dataset/val/bad/cell_type_CACO/2-3_days/230419_91.png,230419_91,230419,val,bad,CACO,2-3_days,2,CACO,2-3_days,True,True,True,1485808,2056,1542,L,55a5bb1c8e4249e541ce1ad3db446d7534120ee84e172f90731c74a1107e8d0d,ce0ece4e8e4dcd2fcececbcecbce8dcecd4e8d2eceec8ecc8e8e8e6fce4d8ecc
data/raw/ooc/OOC_image_dataset/val/bad/cell_type_CACO/2-3_days/230419_93.png,230419_93,230419,val,bad,CACO,2-3_days,2,CACO,2-3_days,True,True,True,1463824,2056,1542,L,137271b78fdeb14d7c8bf9a2a6e5da755d9ad4ed8387cec8474ef63aff4ba37a,ceac8e4d8e4d8c8c8d8c8d8c8dcc8d8c898ccb0dca4dcf4cc94dcbcd898f8b0c
data/raw/ooc/OOC_image_dataset/val/bad/cell_type_CACO/2-3_days/230419_99.png,230419_99,230419,val,bad,CACO,2-3_days,2,CACO,2-3_days,True,True,True,2008759,2056,1542,L,d6f79e58e86e402ea9d49bca73ff4034efbb7e2ae776fd008ea3a8174465f057,846f846fc4eee4e4eec4afc5cfc78d67ce4ececfcc0fec27cd07cd0eed2ecf0e
data/raw/ooc/OOC_image_dataset/val/bad/cell_type_CACO/4+_days/220610_10.png,220610_10,220610,val,bad,CACO,4+_days,2,CACO,4+_days,True,True,True,2754138,2048,1536,RGB,0ca13c50eb95348f5c48ced3aa6efc5b59cd2b83400df7196d64093728d7889e,74ef69fbf5edebedfbddffb55fb53f6e5b42db6345ce1ab75af5a1e98040026f
data/raw/ooc/OOC_image_dataset/val/bad/cell_type_CACO/4+_days/230405_22.png,230405_22,230405,val,bad,CACO,4+_days,2,CACO,4+_days,True,True,True,1928104,2056,1542,L,ae0bf86f46bc977cfe3055d2d5f2af291647102a7ec280ad41361d41ecc1eb72,9b269cc69d869d879f079b269f069f069e469a469a479b4619869f8e9f0e1b0e
data/raw/ooc/OOC_image_dataset/val/bad/cell_type_CACO/4+_days/230405_3.png,230405_3,230405,val,bad,CACO,4+_days,2,CACO,4+_days,True,True,True,1934939,2056,1542,L,73051a0d6071a4217d1d916538bddfa2df350ffa73017201a32883eb3188ffea,8d878d878f878f470e474ec6ce66cf27cf270fa78f874e27ce270ea78ea78f87
data/raw/ooc/OOC_image_dataset/val/bad/cell_type_CACO/4+_days/230411_72.png,230411_72,230411,val,bad,CACO,4+_days,2,CACO,4+_days,True,True,True,1799066,2056,1542,L,d3c7844c9a4a1b088b6c21883a58f50cfecaf3f70da4ab7d2cb207ce2909755c,9b1e9f0e9e1e9d1e9a1e9f1e9e1c1a1c1b1c9f1c1e1c1e5c9e5c9e5c9e5c9b5e
data/raw/ooc/OOC_image_dataset/val/bad/cell_type_CACO/4+_days/230411_73.png,230411_73,230411,val,bad,CACO,4+_days,2,CACO,4+_days,True,True,True,1901831,2056,1542,L,aefc43f67bb53cf3afc5849ef464f8386bff2936d7b87dd7714939545645e491,965c1a1c9c1c9d5c1d5c1d9c199c18dc18dc195c99dc19dc1d5c9e5c1a5c1f5c
data/raw/ooc/OOC_image_dataset/val/bad/cell_type_CACO/4+_days/230411_76.png,230411_76,230411,val,bad,CACO,4+_days,2,CACO,4+_days,True,True,True,1846173,2056,1542,L,a27ec649a15d1ee0812871dd3d3f431fa73c6e422723ee495954aa9769e05e7f,9d9c9d4c99dc999c9cdd9c991c9c151c1d5c191c1718941c9c5c1ed89c989cd8
data/raw/ooc/OOC_image_dataset/val/bad/cell_type_CACO/4+_days/230425_182.png,230425_182,230425,val,bad,CACO,4+_days,2,CACO,4+_days,True,True,True,2055474,2056,1542,L,9ee6222932e53166374b74c466728793b9eecde02a9e07208bf28a4ab0987fe2,cd87cdc7cd87ccc68dc6ce668e468c86ce67cf46cfc6cf86cf86ce86cd868ca6
data/raw/ooc/OOC_image_dataset/val/bad/cell_type_CACO/4+_days/230425_188.png,230425_188,230425,val,bad,CACO,4+_days,2,CACO,4+_days,True,True,True,2060134,2056,1542,L,e3afae891fcc5f8b6f924b28a69a0fdad5b090480be483992e826ecc9daa7f19,c6c6c786c7b7c7a6e666c617c797c796e756e706c736c716c6b6d7a6c786c766
data/raw/ooc/OOC_image_dataset/val/bad/cell_type_CACO/4+_days/230425_189.png,230425_189,230425,val,bad,CACO,4+_days,2,CACO,4+_days,True,True,True,1663280,2056,1542,L,fa17a39c4d49872b10e4a3c9bf3df190906805c809ad0ba7608e43a195d7541c,88efc86eceecefa4cf04cf8f8f8f0f0f0f0f8ecf8ea7ce87cc848c248ec68e66
data/raw/ooc/OOC_image_dataset/val/bad/cell_type_CACO/4+_days/230425_195.png,230425_195,230425,val,bad,CACO,4+_days,2,CACO,4+_days,True,True,True,2212903,2056,1542,L,17f8d5abf51d58a731a5509487efcb0201dbbd69bc05fef1fff70a152e495732,c726c7a7c667c526c426c607c7a7e526c537e7a6c766c726c726c6e7c6c7e647
data/raw/ooc/OOC_image_dataset/val/bad/cell_type_CACO/4+_days/230425_198.png,230425_198,230425,val,bad,CACO,4+_days,2,CACO,4+_days,True,True,True,2065934,2056,1542,L,3a7a04bd72b474c13e8115460e6cd5480b29b9f9b33e2a19dcc040bae3fb17f2,c8cccd8cdf8c4f0c4f0c8b8e8b0e0b0e0a4ec8cfcd4e0ccc4a8c8b8c8f0e8f8c
data/raw/ooc/OOC_image_dataset/val/bad/cell_type_CACO/4+_days/230425_199.png,230425_199,230425,val,bad,CACO,4+_days,2,CACO,4+_days,True,True,True,2224801,2056,1542,L,2e257826c76fcb3363c91de0e6f8df7483849ad0d2f49b8c90cbbdd2857975b7,9b8c8c4c8b2c8f8e0f8e0b4e8c4e0e8e0f0e0b0c0d0c8e0e8ecc8cce0f4c0f4c
data/raw/ooc/OOC_image_dataset/val/bad/cell_type_CACO/4+_days/230425_204.png,230425_204,230425,val,bad,CACO,4+_days,2,CACO,4+_days,True,True,True,2185246,2056,1542,L,81356de3b4c11a7a23ec079e35186ba762c02c05048a71160057428913842d56,ceafcf2ecb5fc93f86ad83ed896e8def8d8dcd6d8defcd6e8feececdce9fcf1e
data/raw/ooc/OOC_image_dataset/val/bad/cell_type_CACO/4_days/220608_10.png,220608_10,220608,val,bad,CACO,4_days,2,CACO,4_days,True,True,True,2651150,2048,1536,RGB,96883fb89c3cf3fb8a754130247fee0b55dcf08ca76fd9d7ece802c9eccf8881,60c7c13e7612ac68d986744d88586322048740c7835b459782aeaa0cae010007
data/raw/ooc/OOC_image_dataset/val/bad/cell_type_HPMEC/0-1_days/220429_17.png,220429_17,220429,val,bad,HPMEC,0-1_days,2,HPMEC,0-1_days,True,True,True,2232435,2048,1536,RGB,d6af0d7a54ba77902ba907189e5632b0b59cae776e6506ea7c4afdebe3dd760a,41bf00db204b006b0023902710a7104310133117310f230f331f230f623f107c
data/raw/ooc/OOC_image_dataset/val/bad/cell_type_HPMEC/0-1_days/221010_33.png,221010_33,221010,val,bad,HPMEC,0-1_days,2,HPMEC,0-1_days,True,True,True,2688153,2048,1536,RGB,acbf3cb86dc4ffc837853d6d66d21813e51e1a9ddb156c5f387d5235190a1026,800e800e0006800680068006d006c0064006c006c406c406c8078807e007c407
data/raw/ooc/OOC_image_dataset/val/bad/cell_type_HPMEC/0-1_days/230215_18.png,230215_18,230215,val,bad,HPMEC,0-1_days,2,HPMEC,0-1_days,True,True,True,4827327,2048,1536,RGB,459aeabb41a3426badf8bb0c5e38dc0f2bacb200e88889f2a536fab847bca515,ab1fa71ecb8cc28fc78fba8ed30ea907c606ea86da87d2c6f987c987ed83ed83
data/raw/ooc/OOC_image_dataset/val/bad/cell_type_HPMEC/0-1_days/230215_22.png,230215_22,230215,val,bad,HPMEC,0-1_days,2,HPMEC,0-1_days,True,True,True,4481846,2048,1536,RGB,9af1512781ebb90a05af3b1bf0faf205591221651eaad6c71443bd850583c696,75a179317da177b97599769977707f783ef03cf03dc83fd83f883ef03f241d34
data/raw/ooc/OOC_image_dataset/val/bad/cell_type_HPMEC/0-1_days/230314_12.png,230314_12,230314,val,bad,HPMEC,0-1_days,2,HPMEC,0-1_days,True,True,True,1914389,2056,1542,L,b1a4d0063b144fc9cbcf3929a14579c2421c3a1fae8ba3b43c580238a3f22823,7c036c037c037c837403760378037c027c067c067806780278037a077c067c06
data/raw/ooc/OOC_image_dataset/val/bad/cell_type_HPMEC/0-1_days/230314_23.png,230314_23,230314,val,bad,HPMEC,0-1_days,2,HPMEC,0-1_days,True,True,True,1816385,2056,1542,L,4180fce60636b9a1cfc192cdc2e089ac91200929ff5c12c841e0fcb16fddd25b,ff44fe8cfe8ceecdfe4fec4efc4cfe4efe4efe4efd0fff0ffe0fff0ffd0dff0c
data/raw/ooc/OOC_image_dataset/val/bad/cell_type_HPMEC/0-1_days/230314_24.png,230314_24,230314,val,bad,HPMEC,0-1_days,2,HPMEC,0-1_days,True,True,True,1843664,2056,1542,L,45bda0534776b372f047a72faaadd04b4208e71c2835d2251d92524e8c568698,ff8df60efe8ffd8fbf8cbb8cfb8cfaccfe0efe4cfcccfe8cfe0cfe0cfe8afe8e
data/raw/ooc/OOC_image_dataset/val/bad/cell_type_HPMEC/0-1_days/230314_27.png,230314_27,230314,val,bad,HPMEC,0-1_days,2,HPMEC,0-1_days,True,True,True,1141481,2056,1542,L,6e3265d7bb2c6ab9ef68d8a6728a02aad047bfdc0fce02cf65f991ac05253f5a,ee1edc1edc1df819b80bb80fb007700770077007700778077c077c077e077e07
data/raw/ooc/OOC_image_dataset/val/bad/cell_type_HPMEC/0-1_days/230523_16.png,230523_16,230523,val,bad,HPMEC,0-1_days,2,HPMEC,0-1_days,True,True,True,2223729,2056,1542,L,67d1fe7778c09b1b1fad5e4c269b2b36ff4634a6afcfa6a7f002f77e345500ec,4676666666e66716671666b62696269627b667a6678667846784674466445704
data/raw/ooc/OOC_image_dataset/val/bad/cell_type_HPMEC/0-1_days/230523_22.png,230523_22,230523,val,bad,HPMEC,0-1_days,2,HPMEC,0-1_days,True,True,True,2104676,2056,1542,L,61d5ee50ba0b8d81fb235ca64c0da3b29f41ddb2cf99fffc5d30deac79a9784e,b648b658b6d8b698b698b698b6d8365836589558975836d8b6d8b6d8b69cb65c
data/raw/ooc/OOC_image_dataset/val/bad/cell_type_HPMEC/0-1_days/230523_35.png,230523_35,230523,val,bad,HPMEC,0-1_days,2,HPMEC,0-1_days,True,True,True,1939523,2056,1542,L,6e8a9ac0c7d59ee0e831eb90ff436278096d96e7b14c90be31b547a8b6338bc5,e7b9e731e6b1c7b1e7b3ecb3e5b365b365b3e3b3e6b364b365b3e5bbc5b966b9
data/raw/ooc/OOC_image_dataset/val/bad/cell_type_HPMEC/0-1_days/230523_36.png,230523_36,230523,val,bad,HPMEC,0-1_days,2,HPMEC,0-1_days,True,True,True,1097938,2056,1542,L,9592e7ced0811d423d0f75730bda9d86870aacd21efd223b387067ff20f3146f,6691669345302411020001200120020104000621673a273b67336733e733e733
data/raw/ooc/OOC_image_dataset/val/bad/cell_type_HPMEC/0-1_days/230523_8.png,230523_8,230523,val,bad,HPMEC,0-1_days,2,HPMEC,0-1_days,True,True,True,2076539,2056,1542,L,037a43551dea262bb72418fb1053356a039dd3dbc230f1ee2cccf430951744e4,c6c2c64247426702c702c742e742e710e710c610c688c698c718873886388620
data/raw/ooc/OOC_image_dataset/val/bad/cell_type_HPMEC/2-3_days/230315_60.png,230315_60,230315,val,bad,HPMEC,2-3_days,2,HPMEC,2-3_days,True,True,True,1610005,2056,1542,L,bb2f7b690746dc663d00d0d8c3301b92f0763a9eb8eeeabaa8b5c82cc75500d6,f330fa30c73ccb3ce6315a315b3d733cb234b83678347836fd36dd36d0349932
data/raw/ooc/OOC_image_dataset/val/bad/cell_type_HPMEC/2-3_days/230315_64.png,230315_64,230315,val,bad,HPMEC,2-3_days,2,HPMEC,2-3_days,True,True,True,1601179,2056,1542,L,4edc61980f9941d656f5e9d0e4638328657f0f56da51f9cb15d3df552626c5c2,f430f232f23472347a327c3070347a346a346066da628a64aa6558736c7e8c53
data/raw/ooc/OOC_image_dataset/val/bad/cell_type_HPMEC/2-3_days/230315_75.png,230315_75,230315,val,bad,HPMEC,2-3_days,2,HPMEC,2-3_days,True,True,True,1770607,2056,1542,L,142e0d1a00d34b427d43da691865956d6f8c8573bc2e5863835e8389dc4ec917,99c299c2918291029d829cc216821dc21f031e03b603b607b5423402b503b703
data/raw/ooc/OOC_image_dataset/val/bad/cell_type_HPMEC/2-3_days/230419_13.png,230419_13,230419,val,bad,HPMEC,2-3_days,2,HPMEC,2-3_days,True,True,True,2027900,2056,1542,L,6a27ef0c54d160503fb95bc9fcc0a100840814bf09506291fae881ed970ef103,7c467a267aa676a67c867f067d867e047666762676447c4c7c0c7e2c7e4c6fcc
data/raw/ooc/OOC_image_dataset/val/bad/cell_type_HPMEC/2-3_days/230419_19.png,230419_19,230419,val,bad,HPMEC,2-3_days,2,HPMEC,2-3_days,True,True,True,1902489,2056,1542,L,2a5afe3ae1252d69cc89b41583a123491a9468e27fec55af280455004dacf38c,3e8632463a4638863a873a473e06762673267c067f067a467e46758674867686
data/raw/ooc/OOC_image_dataset/val/bad/cell_type_HPMEC/2-3_days/230419_39.png,230419_39,230419,val,bad,HPMEC,2-3_days,2,HPMEC,2-3_days,True,True,True,2223434,2056,1542,L,8bebad5a1896faee7c3ad0979d62769599c79c88eee7c3199396811030f8c23c,dd18d51bd118d118d118d5189119d11ad318f619f419b716d016d092d494fc18
data/raw/ooc/OOC_image_dataset/val/bad/cell_type_HPMEC/2-3_days/230419_44.png,230419_44,230419,val,bad,HPMEC,2-3_days,2,HPMEC,2-3_days,True,True,True,2058017,2056,1542,L,6d39460d45fa2c21e6ded0836d035d45dfe62bf8d5e7342e45f84d8752ca192e,fa0cee8cd41ef919ed1cf498d41bcb1dda19b419d51cd61ae41ae41af91af418
data/raw/ooc/OOC_image_dataset/val/bad/cell_type_HPMEC/2-3_days/230419_54.png,230419_54,230419,val,bad,HPMEC,2-3_days,2,HPMEC,2-3_days,True,True,True,2086598,2056,1542,L,6279b9899289d919349b9abe3576634a46dbb5296a534140e47c3c0716eb1a00,736373636353725372e3779363c363436663772376c36743679366336653f753
data/raw/ooc/OOC_image_dataset/val/bad/cell_type_HPMEC/2-3_days/230419_65.png,230419_65,230419,val,bad,HPMEC,2-3_days,2,HPMEC,2-3_days,True,True,True,1956836,2056,1542,L,4064ba00ee15e2d1b5f6ce40e5a54d7e06c9df7773af11ce64de32eca37d88f3,66836793673366a3e683e783e743e623e703e682e6e2e7b2e732e752e752e712
data/raw/ooc/OOC_image_dataset/val/bad/cell_type_HPMEC/2-3_days/230419_74.png,230419_74,230419,val,bad,HPMEC,2-3_days,2,HPMEC,2-3_days,True,True,True,1966328,2056,1542,L,1b3e8f8ef9f5126071188b07945d49b8d032031bb8400dcd3a96be023e6e092a,e6b3e5e3e6e3e483c583c7c3c7b3e743e753cec7ce83eec7ef27efc7cee6cee7
data/raw/ooc/OOC_image_dataset/val/bad/cell_type_HPMEC/2-3_days/230419_75.png,230419_75,230419,val,bad,HPMEC,2-3_days,2,HPMEC,2-3_days,True,True,True,1909150,2056,1542,L,b4435dc06f05e90857e2d7bfa72365bb22ebef2cd3be053468ebbae8e892ec6e,cee7cca7eee7cfc7cec7ce47cfc6cea6cec6cea6ee66cec6ce47ce47cf67cd87
data/raw/ooc/OOC_image_dataset/val/bad/cell_type_HPMEC/2-3_days/230419_79.png,230419_79,230419,val,bad,HPMEC,2-3_days,2,HPMEC,2-3_days,True,True,True,2200883,2056,1542,L,c66a245f6fb4320f3ffa9fab702dfd7d47802afde282cfd28608bf24e989d973,cca68e268c2ece2ece268e6ecc4e8e0e8e268e268e0e8e4e8e0e8e2e8e268f26
data/raw/ooc/OOC_image_dataset/val/bad/cell_type_HPMEC/2-3_days/230510_25.png,230510_25,230510,val,bad,HPMEC,2-3_days,2,HPMEC,2-3_days,True,True,True,1779154,2056,1542,L,d04be4abaee0375015375ca921f2bac361c50d5f1f8cc396fffa326873dfef08,de46db469b069f271fa69bc69b869a269e869ac6990799a69da619e79f261f26
data/raw/ooc/OOC_image_dataset/val/bad/cell_type_HPMEC/2-3_days/230524_19.png,230524_19,230524,val,bad,HPMEC,2-3_days,2,HPMEC,2-3_days,True,True,True,1992896,2056,1542,L,202e904a516db973b02c360ad6d3738ec9612b8c43935407c15645f0c9c57a6a,6f9949996c996c9948a948ad0ca52da14ca149a34ba34ba34b234ba34bb34e33
data/raw/ooc/OOC_image_dataset/val/bad/cell_type_HPMEC/2-3_days/230524_21.png,230524_21,230524,val,bad,HPMEC,2-3_days,2,HPMEC,2-3_days,True,True,True,1920266,2056,1542,L,5649d3c52516b16a3b35f3896256daff4e981ece66d368fb98fc2ff65c4b6d91,69b969b968b968b169b169b969b168b168b16c316f316b3968b968b969b96cb9
data/raw/ooc/OOC_image_dataset/val/bad/cell_type_HPMEC/2-3_days/230524_23.png,230524_23,230524,val,bad,HPMEC,2-3_days,2,HPMEC,2-3_days,True,True,True,2037289,2056,1542,L,931364fd0c1615f71c125aba3b02005a1c15231afa8afda2fe03ad460b3f6ef5,6da36cb16cb16eb96e396d396db16db16db16db16cb16cb16e316e316e316cb3
data/raw/ooc/OOC_image_dataset/val/bad/cell_type_HPMEC/2-3_days/230524_26.png,230524_26,230524,val,bad,HPMEC,2-3_days,2,HPMEC,2-3_days,True,True,True,1158233,2056,1542,L,2f029b6c8f63cf6c9a33e7e716defd28440dc27b0205bab132475ea4bf11962f,6c336cb36cb36bbb2c332c222c920c224802080200020000010008024c106c33
data/raw/ooc/OOC_image_dataset/val/bad/cell_type_HPMEC/2-3_days/230524_30.png,230524_30,230524,val,bad,HPMEC,2-3_days,2,HPMEC,2-3_days,True,True,True,1439882,2056,1542,L,9a70709087477a8525df634829e391ff1b0e9c0545731b770866eadb7e50ae47,d8639c635c63d863d862db62d963d863db62db72d962d862d972d972d772de72
data/raw/ooc/OOC_image_dataset/val/bad/cell_type_HPMEC/2-3_days/230524_4.png,230524_4,230524,val,bad,HPMEC,2-3_days,2,HPMEC,2-3_days,True,True,True,2153918,2056,1542,L,d98b872949ae4c66b67077e2b7056875d86fa1b26deaf768fb65674e58523922,4e55cc85ccb58eb58e258e650cc54ee54ea50e650ce58dc58d958cd58db58c15
data/raw/ooc/OOC_image_dataset/val/bad/cell_type_HPMEC/2-3_days/230524_44.png,230524_44,230524,val,bad,HPMEC,2-3_days,2,HPMEC,2-3_days,True,True,True,1920711,2056,1542,L,9ef263e377017b1ebf7cccf539ad93a2c64376512e7ade5f55b0bad1adc8acfb,9e439e439c039f039e439e839f839ec39f639f039d039d839d019c019d219c63
data/raw/ooc/OOC_image_dataset/val/bad/cell_type_HPMEC/2-3_days/230524_48.png,230524_48,230524,val,bad,HPMEC,2-3_days,2,HPMEC,2-3_days,True,True,True,1667736,2056,1542,L,da9401c87fbfed4baa9982c1b9f78545a8f8b8970d16d97f5de6584ac999858c,3f163d963d163f16384e380e391639963d4e3cce3b0e3a4e384e384e394e39ce
data/raw/ooc/OOC_image_dataset/val/bad/cell_type_HPMEC/2-3_days/230524_8.png,230524_8,230524,val,bad,HPMEC,2-3_days,2,HPMEC,2-3_days,True,True,True,1502570,2056,1542,L,3551e1d99f9ea532af8f670a2e4b99875b75a8acb678cbca2d5280c9949a781e,05004200080088000000000004010dc70c068c0c8c0ce64c8e0c8e0c8c0dce05
data/raw/ooc/OOC_image_dataset/val/bad/cell_type_HPMEC/2-3_days/230524_80.png,230524_80,230524,val,bad,HPMEC,2-3_days,2,HPMEC,2-3_days,True,True,True,1983138,2056,1542,L,7e0fc58a7f50b0e9b7212cbadca24d59f9028f92e97b47d8ae6e7685462924ce,8f038f238c73ce43cecbcc5b9c398ce18cd18c118c610d018f839c839cc394c3
data/raw/ooc/OOC_image_dataset/val/bad/cell_type_HPMEC/2-3_days/230524_92.png,230524_92,230524,val,bad,HPMEC,2-3_days,2,HPMEC,2-3_days,True,True,True,1882692,2056,1542,L,483134847aaca3d8c47c0822e10bb01116fda7816977f50f247e73f764e0d372,cf0f8e878e878e878f078e0f8e4f8e8fcf0f0f078f0f8ecf8ec70ec78ecf8fcf
data/raw/ooc/OOC_image_dataset/val/bad/cell_type_HPMEC/2-3_days/230524_98.png,230524_98,230524,val,bad,HPMEC,2-3_days,2,HPMEC,2-3_days,True,True,True,1955775,2056,1542,L,02ed39225e01522b48c3777d19c40cae06c455afc8881d2be2566eb322cf28e6,998799879dc79d879d8719a79d679cc71ce79c679d279d239d639f639f039fa3
data/raw/ooc/OOC_image_dataset/val/bad/cell_type_HPMEC/2-3_days/230525_149.png,230525_149,230525,val,bad,HPMEC,2-3_days,2,HPMEC,2-3_days,True,True,True,1944441,2056,1542,L,11f8930a611940056c9b59b3da66db7540b805b9c5f906d78ef7008c2f54c6d8,8f87cec7cf27ce078e478e470fc70da78f27cf074f870d478d478d87cd87cf87
data/raw/ooc/OOC_image_dataset/val/bad/cell_type_HPMEC/2-3_days/230525_16.png,230525_16,230525,val,bad,HPMEC,2-3_days,2,HPMEC,2-3_days,True,True,True,1732794,2056,1542,L,f5d5554fab351209edac378d0688c0c98a7a44d6a8d81440b470b6e0aea56bb9,d42cd42cd6ccd74c942497ac97cc570c576c166c16ac14ac8688860884008400
data/raw/ooc/OOC_image_dataset/val/bad/cell_type_HPMEC/4+_days/230320_99.png,230320_99,230320,val,bad,HPMEC,4+_days,2,HPMEC,4+_days,True,True,True,1650340,2056,1542,L,2da28e50a3ddc633b73d02a9c66c831770d6e9932734ad950a6dbaa5e707cf4f,c7c3e7c3e7e3c74b87234713c6738679871987118713c6794671c7694339c731
data/raw/ooc/OOC_image_dataset/val/bad/cell_type_HPMEC/4+_days/230424_20.png,230424_20,230424,val,bad,HPMEC,4+_days,2,HPMEC,4+_days,True,True,True,1845280,2056,1542,L,b8309b7f2d8f21c89aa87c7b45842e0f0bcbe53ba18f1ba7e6559fafa25e4a5d,9d8397e397e396f39d339f139f931f839f839e239f239f239bb39fb39d839583
data/raw/ooc/OOC_image_dataset/val/bad/cell_type_HPMEC/4+_days/230424_22.png,230424_22,230424,val,bad,HPMEC,4+_days,2,HPMEC,4+_days,True,True,True,1883617,2056,1542,L,a2751cb2503d9cc6e03aeb993c2514ee7bc7d0fda0de6834ff5694abd53bb062,9fd39d939e839e039f839c839ed39e539ee31f831f439d83948b139b14639ce3
data/raw/ooc/OOC_image_dataset/val/bad/cell_type_HPMEC/4+_days/230424_6.png,230424_6,230424,val,bad,HPMEC,4+_days,2,HPMEC,4+_days,True,True,True,2125547,2056,1542,L,ea1927e83f312df44225880cdcd98ea01bb094656dbeca7ff2e20e04186b1d12,9d039e839f839e831e031b8399c399c39d039f221f221e531f139f131c731e53
data/raw/ooc/OOC_image_dataset/val/bad/cell_type_HPMEC/4+_days/230425_130.png,230425_130,230425,val,bad,HPMEC,4+_days,2,HPMEC,4+_days,True,True,True,1927466,2056,1542,L,6969c74916958286a29dbc68c9dd338a3d420c5eb4e43035d7b405d1d9520540,c5ee876e876e876e87ae86ae86ee85ae85af85af85ae84ee846e856e852e85ae
data/raw/ooc/OOC_image_dataset/val/bad/cell_type_HPMEC/4+_days/230425_6.png,230425_6,230425,val,bad,HPMEC,4+_days,2,HPMEC,4+_days,True,True,True,1653493,2056,1542,L,ee3c72cb43b8a5609308d77634d130d49bb890f7491d71e56a055d6b3583c90e,9f839a5b929b93bb93e393f3935392b393a313b397b396bb923b9133933b91b3
data/raw/ooc/OOC_image_dataset/val/bad/cell_type_HPMEC/4+_days/230517_76.png,230517_76,230517,val,bad,HPMEC,4+_days,2,HPMEC,4+_days,True,True,True,1554633,2056,1542,L,75a69f74be7f903815259f2b3f78f1bb5c252f6f55daa66e8ae5f2f1ffae9ad7,cfc3cfc38fdb8f43cfc38fe38bcbcbc3cfdb4fcb4fcb0fdb8fcb8fc30fc30fc3
data/raw/ooc/OOC_image_dataset/val/bad/cell_type_HPMEC/4+_days/230517_81.png,230517_81,230517,val,bad,HPMEC,4+_days,2,HPMEC,4+_days,True,True,True,1556386,2056,1542,L,e2e75486b86a4bfb73578ee7817b6a6eda140ded122582eb1a2f62b825213bcc,8fc38fc30fdb0f9b0fbb8fb30fbb0b9b0f9b0fc30fd30fd30fd30fd30fd30fd3
data/raw/ooc/OOC_image_dataset/val/bad/cell_type_HPMEC/4+_days/230529_102.png,230529_102,230529,val,bad,HPMEC,4+_days,2,HPMEC,4+_days,True,True,True,2034011,2056,1542,L,810cf21106ce652ec9fe22b873a86c7039fc84e49d818789f923e173ee57366c,ec66e467e407e607ee0bec03ec07fe07fe06fb06f907f487f487f806f987ec87
data/raw/ooc/OOC_image_dataset/val/bad/cell_type_HPMEC/4+_days/230529_103.png,230529_103,230529,val,bad,HPMEC,4+_days,2,HPMEC,4+_days,True,True,True,1958742,2056,1542,L,1294052566691677b75fa470ab2599ad8665bb33b68022c7dcde331120cf0ce3,eb07f306fa03fa03fc03f602f187f2c7e447ec23dc22dd22dc37de16dc16dd12
data/raw/ooc/OOC_image_dataset/val/bad/cell_type_HPMEC/4+_days/230529_12.png,230529_12,230529,val,bad,HPMEC,4+_days,2,HPMEC,4+_days,True,True,True,1380459,2056,1542,L,2bf6059381bc55d94314d574ba34359adcbc7470b7f6240acc7eef5a20cddb34,f26cf3fcd35cd34cd26cd3acd22cd28cd2ccf3cef384b3b417b4539c532c732c
data/raw/ooc/OOC_image_dataset/val/bad/cell_type_HPMEC/4+_days/230529_177.png,230529_177,230529,val,bad,HPMEC,4+_days,2,HPMEC,4+_days,True,True,True,1506787,2056,1542,L,779ab3e3c8a2b029834a5aa903c0adde1334074456302c51b090646fb9fa30da,8e1e861e859e859f859f8e9f8e0e8e0e8e0e0e0f060f0e0f0e8f0e8f0e8f0e0f
data/raw/ooc/OOC_image_dataset/val/bad/cell_type_HPMEC/4+_days/230529_179.png,230529_179,230529,val,bad,HPMEC,4+_days,2,HPMEC,4+_days,True,True,True,1753434,2056,1542,L,4c6bf01bbae97f4da3e8c1a5b7f8c9de66e4995dd3694208567a2c8c3da028a0,0f0f0e0f0e4f0e0f0e470ec70ec78dc70fc70ec70dc70fc78f478d478d478d47
data/raw/ooc/OOC_image_dataset/val/bad/cell_type_HPMEC/4+_days/230529_18.png,230529_18,230529,val,bad,HPMEC,4+_days,2,HPMEC,4+_days,True,True,True,1329777,2056,1542,L,1f0b32dcb575e65e72ad2b16dfc273d94e601bbcca4c95a0f92bac63ee023e87,000000000000041037d037d036503610351836523752371237163794349c341c
data/raw/ooc/OOC_image_dataset/val/bad/cell_type_HPMEC/4+_days/230529_22.png,230529_22,230529,val,bad,HPMEC,4+_days,2,HPMEC,4+_days,True,True,True,1860780,2056,1542,L,1368ff801f99d18e77cd0578bc6320f4b45dcde0f2d3b3b78907548f54951948,3611341134113411341124912411341124112495251924192419261924392511
data/raw/ooc/OOC_image_dataset/val/bad/cell_type_HPMEC/4+_days/230529_31.png,230529_31,230529,val,bad,HPMEC,4+_days,2,HPMEC,4+_days,True,True,True,1573398,2056,1542,L,61da0d6e7ba45a73f0f76bfa7e43e946a1a0d1b4c69abd6e22f69540bae31b46,e0e3e363e763e663c463c773c763c573c173c773c773c563c56387638773c776
data/raw/ooc/OOC_image_dataset/val/bad/cell_type_HPMEC/4+_days/230529_32.png,230529_32,230529,val,bad,HPMEC,4+_days,2,HPMEC,4+_days,True,True,True,1577165,2056,1542,L,2bf4ef6f26c75483eda2e4977ed9be817bc937aa9365a4bf35d3b21d0eada223,e0e3e363e763e663c463c773c763c573c173c773c773c563c56387638773c776
data/raw/ooc/OOC_image_dataset/val/bad/cell_type_HPMEC/4+_days/230529_75.png,230529_75,230529,val,bad,HPMEC,4+_days,2,HPMEC,4+_days,True,True,True,1855353,2056,1542,L,dcf633d08a394408b4499046ca88c7101084844cab66ace2571b7d97560192b5,c7c0c7c0c7d0c7f0c798c798c7f087b0c7b0c790c7a987f187e1c7e1c7f187d1
data/raw/ooc/OOC_image_dataset/val/bad/cell_type_HPMEC/4+_days/230529_89.png,230529_89,230529,val,bad,HPMEC,4+_days,2,HPMEC,4+_days,True,True,True,1976543,2056,1542,L,6d7ecb575078d3bfe1c1129e2c13336b880b4331b58a7d0c773013cbd0ab536a,9f879f079e478f430f038f878ec78ec71f871d071f071f871f863f063d8f758f
data/raw/ooc/OOC_image_dataset/val/bad/cell_type_HPMEC/4_days/230317_39.png,230317_39,230317,val,bad,HPMEC,4_days,2,HPMEC,4_days,True,True,True,1938607,2056,1542,L,22ce03dd6d764197c0927595e604e5b2b0c00bbe9fdcb1ff7643f06b83b2a26c,1e039e031e039e039f039f839d839fc39e839e835e835f834f034e434f435e93
data/raw/ooc/OOC_image_dataset/val/bad/cell_type_HPMEC/4_days/230317_45.png,230317_45,230317,val,bad,HPMEC,4_days,2,HPMEC,4_days,True,True,True,2033614,2056,1542,L,9ac9945d98c4ff0b2e20384ae3ef5a13f4afc7dee22ff53c188ad5aa8bb24066,3d433d433d433c433ec33dc33e433f53bf03bf83b383bbc720e6207627362716
data/raw/ooc/OOC_image_dataset/val/bad/cell_type_HPMEC/4_days/230512_2.png,230512_2,230512,val,bad,HPMEC,4_days,2,HPMEC,4_days,True,True,True,1384033,2056,1542,L,7c0ecfd8438b54ce17783e00cc3a7228fb68e263a551c55b59cc2d54355f3320,8fa38d838cc38cc38e438e438ec38f838fa38ea38ea38f238f630f038e230c23
data/raw/ooc/OOC_image_dataset/val/bad/cell_type_HPMEC/4_days/230512_73.png,230512_73,230512,val,bad,HPMEC,4_days,2,HPMEC,4_days,True,True,True,2257022,2056,1542,L,2bc0e038c5ed4c59af8b94c287758b5dcf25a8ce9fd2ed24a7fc2a8c3e5922db,eccdec29cca9cc69cc69cc29cc09cc69ec69ecc9cd69cda9cdc98ded8dcd8fcd
data/raw/ooc/OOC_image_dataset/val/bad/cell_type_HPMEC/4_days/230512_75.png,230512_75,230512,val,bad,HPMEC,4_days,2,HPMEC,4_days,True,True,True,2249709,2056,1542,L,433d588376ec1e4dad5f83c4cffdc926750dd24a4fdac533a7c1bcd452e29160,eee94ded8ded8fc98d29cc698c69ec29cc89cc698c496d49cdc9ccc98e498be9
data/raw/ooc/OOC_image_dataset/val/bad/cell_type_HSAEC/2-3_days/220718_2.png,220718_2,220718,val,bad,HSAEC,2-3_days,2,HSAEC,2-3_days,True,True,True,2406723,2048,1536,RGB,79d3b71ce56dce903914123c82e9ae4add479baec03a8b5d09c8dbb5bd00f4da,009f044e405c004c024c004c404e421e065e064e824d82031407080f00010043
data/raw/ooc/OOC_image_dataset/val/bad/cell_type_HSAEC/4+_days/220512_6.png,220512_6,220512,val,bad,HSAEC,4+_days,2,HSAEC,4+_days,True,True,True,2585381,2048,1536,RGB,75eea6cdcd8869d16a89973b1770ec033a0834e8d5a52087570ab68dc9f7a1be,3a3700111228000908090809100998048e038c03860300470073031102160407
data/raw/ooc/OOC_image_dataset/val/bad/cell_type_HSAEC/4+_days/220706_1.png,220706_1,220706,val,bad,HSAEC,4+_days,2,HSAEC,4+_days,True,True,True,2593875,2048,1536,RGB,f2b8b70dbff3ba87f2446b32e1f963dfa448069b7a1932868ec07c0be2933be4,09ac09e488390009801c88388838cc2114301651366296301a341b36d11cb01c
data/raw/ooc/OOC_image_dataset/val/bad/cell_type_HSAEC/4+_days/220724_6.png,220724_6,220724,val,bad,HSAEC,4+_days,2,HSAEC,4+_days,True,True,True,2470759,2048,1536,RGB,914026db587623d67541e6cdef48ffb6281920010749599996f887daa3cbc717,0827012711690027018fa027a027800780078107411ec147400740c51083900f
data/raw/ooc/OOC_image_dataset/val/bad/cell_type_HSAEC/4+_days/220724_8.png,220724_8,220724,val,bad,HSAEC,4+_days,2,HSAEC,4+_days,True,True,True,2478924,2048,1536,RGB,e65d878aeebc0f2f7f61afa8e949cd4c2be6bbc987d123a365d331cc4cfb4326,804c00440866004e4083204620cb0009005110115891c8828843c0c344002000
data/raw/ooc/OOC_image_dataset/val/bad/cell_type_HSAEC/4_days/220630_18.png,220630_18,220630,val,bad,HSAEC,4_days,2,HSAEC,4_days,True,True,True,2341640,2048,1536,RGB,79d9437cccde6f3c2b626b1c263210c6c7f6cbf4e0014c8b827e0feb21fc7aca,007e004f004690031803b847e803f0035003908390c700a60072036601300001
data/raw/ooc/OOC_image_dataset/val/bad/cell_type_HUVEC/2-3_days/230405_43.png,230405_43,230405,val,bad,HUVEC,2-3_days,2,HUVEC,2-3_days,True,True,True,1906991,2056,1542,L,e4f31326097774d77ba47bb6f8643c8d9873bb8599fbcf124696acbcce7ccae7,8c8e8c6e886c886e8aec88ae886c886c8b8c098c8d8c892ccc8c8e8c8e8c8c4e
data/raw/ooc/OOC_image_dataset/val/bad/cell_type_HUVEC/2-3_days/230405_52.png,230405_52,230405,val,bad,HUVEC,2-3_days,2,HUVEC,2-3_days,True,True,True,2206688,2056,1542,L,881aa83639b37fd850c2d6d5343722a32fd7e4c62a7e7c02a790b68c2645f111,8e4ecf4ccf0e8e2c8d0ccf8c8ece8fcc8b8e8b8e8ace8cce8ecc8f2ccf0c8f8c
data/raw/ooc/OOC_image_dataset/val/bad/cell_type_HUVEC/2-3_days/230405_58.png,230405_58,230405,val,bad,HUVEC,2-3_days,2,HUVEC,2-3_days,True,True,True,2110105,2056,1542,L,700ab120ccf4bea967408c43547c2df7525646248f15c8eed880c43dc4c01cb4,0acc8bee8b8c0c8c0d8e08cc0e0c8f0c8d0c998c1c8c1cce9b8c19cc1ccc1c4c
data/raw/ooc/OOC_image_dataset/val/bad/cell_type_HUVEC/2-3_days/230405_66.png,230405_66,230405,val,bad,HUVEC,2-3_days,2,HUVEC,2-3_days,True,True,True,2048570,2056,1542,L,659c81d9b3ccf774024cf4fe82533327eef12c46007fd832447110dcf3ed749c,cc0ccd0c8c0ccc4eca0c8c6ecceecccccccece4cce4ececccf4ccb4ccccccccc
data/raw/ooc/OOC_image_dataset/val/bad/cell_type_HUVEC/2-3_days/230405_79.png,230405_79,230405,val,bad,HUVEC,2-3_days,2,HUVEC,2-3_days,True,True,True,2138163,2056,1542,L,4d9016fc9313100459a8aa2688316272d36375b70f5eb0322a8a05e30f301217,cf47cf26cf26cf27cc84cca5ccc7cd27cf27cca7cd66cd86cd86cf86cea6ccc6
data/raw/ooc/OOC_image_dataset/val/bad/cell_type_HUVEC/4+_days/230411_22.png,230411_22,230411,val,bad,HUVEC,4+_days,2,HUVEC,4+_days,True,True,True,2145841,2056,1542,L,c823d2cf793a424ba98c18099da6c907a3bd15cd0cd98382eaac8da4b251ea69,cf46ce47cce6ccc6cde6cc86cca7cc86cd86ccc6ccc6cd46cf4ece8ecce6ce26
data/raw/ooc/OOC_image_dataset/val/bad/cell_type_HUVEC/4+_days/230411_27.png,230411_27,230411,val,bad,HUVEC,4+_days,2,HUVEC,4+_days,True,True,True,2122058,2056,1542,L,500c35aa260c3a27f64e239beefafc19485d6103ea5d2c89580f4e71ea091a06,ce4ec94ece4ece4e8e8ece4e8f8e8d8e8d8e89ee896c89ec8dcc8d4c890ccf0e
data/raw/ooc/OOC_image_dataset/val/bad/cell_type_HUVEC/4+_days/230411_36.png,230411_36,230411,val,bad,HUVEC,4+_days,2,HUVEC,4+_days,True,True,True,2165404,2056,1542,L,73a15dfe30d9951495ab62f29c2e8ddc92816917bc07721c61e7c2251365e096,9c9c9cdc9c991c9c1d1c1d5c1d1c171894181c5c1ed81cd89ed816581adc1918
data/raw/ooc/OOC_image_dataset/val/bad/cell_type_NHBE/4+_days/230320_211.png,230320_211,230320,val,bad,NHBE,4+_days,2,NHBE,4+_days,True,True,True,1767865,2056,1542,L,0a54e111b4e32faaad53344b8c799b0a951fd866bc8244b03ed70d5b47a8cf85,3701370137013721362137213701378134c136813601360136a1378137413741
data/raw/ooc/OOC_image_dataset/val/good/cell_type_A549/0-1_days/230109_109.png,230109_109,230109,val,good,A549,0-1_days,1,A549,0-1_days,True,True,True,2625202,2048,1536,RGB,656fb00d8a1856a23440e2e5986e4dd3e2875d75d0b0a31035ad462b4d926a4b,1af32fbb27fb27f323fb37bb1b791ba9b8999ae9919192e99b49996999299129
data/raw/ooc/OOC_image_dataset/val/good/cell_type_A549/0-1_days/230109_35.png,230109_35,230109,val,good,A549,0-1_days,1,A549,0-1_days,True,True,True,2686062,2048,1536,RGB,546e2b35af4102deae3001c3c25abe48ee0a60a0280de0af1643b040fb41640e,f603b683b383dea3c6d3e4e3f1239913d353c243e801e101e0014851d2115819
data/raw/ooc/OOC_image_dataset/val/good/cell_type_A549/0-1_days/230109_36.png,230109_36,230109,val,good,A549,0-1_days,1,A549,0-1_days,True,True,True,2566139,2048,1536,RGB,85c02df835cbf23077f268e419a2e4a174570a4e37f764955f3cc0eb396badba,cec795c78ec78fe748e308c380c7a8c3a0c3a063a063a843a823c0a349034083
data/raw/ooc/OOC_image_dataset/val/good/cell_type_A549/0-1_days/230206_25.png,230206_25,230206,val,good,A549,0-1_days,1,A549,0-1_days,True,True,True,668505,640,480,RGB,59d0b959d0a6dd4d7878c2714d6edc0d941a5b090e348c02ae26dc1f3b56ef5d,e793f5b1edb1ed51cfb1ae51a691ae71a7d9a7c98cd186688760c770ce30c690
data/raw/ooc/OOC_image_dataset/val/good/cell_type_A549/0-1_days/230206_28.png,230206_28,230206,val,good,A549,0-1_days,1,A549,0-1_days,True,True,True,593089,640,480,RGB,d8fb4f34e29e443f53bcd149d85f87d1827e7e12c0b480a4e13b7a0056ddf6fe,d5b1d301ce81cf91cb31cd51cdf1cff1c771f7d1eff1fa61d761dd61e7a9e739
data/raw/ooc/OOC_image_dataset/val/good/cell_type_A549/0-1_days/230206_29.png,230206_29,230206,val,good,A549,0-1_days,1,A549,0-1_days,True,True,True,678591,640,480,RGB,83a07fed94ccb1eeaba45d06d57177659c8fd336870c3cc8313e18779d2ccd45,f9c8f958d7d8f378fb38fb68f968f96cfb74f2f4f5e4fbdcfd94ef84f2ecf6a4
data/raw/ooc/OOC_image_dataset/val/good/cell_type_A549/0-1_days/230206_42.png,230206_42,230206,val,good,A549,0-1_days,1,A549,0-1_days,True,True,True,711172,640,480,RGB,e231ae31006460d2e30ece91bc1ed880bab4a782585be562a2ba2b58aa2056a2,d518f958c92ceca8ca08e69afa2af36cfb2c770c755c74c871c876e86bcc766c
data/raw/ooc/OOC_image_dataset/val/good/cell_type_A549/0-1_days/230316_13.png,230316_13,230316,val,good,A549,0-1_days,1,A549,0-1_days,True,True,True,5687561,2048,1536,RGB,0d93665fcb43b403f16aa27ce89138f80ce4cfcf3fe2065c9e4769b7635bd6eb,b834ad3c8d2cdf4cb74cbe4ceeccda9cdd0cdf4cce5ccc1cccece0eee3be771e
data/raw/ooc/OOC_image_dataset/val/good/cell_type_A549/0-1_days/230316_9.png,230316_9,230316,val,good,A549,0-1_days,1,A549,0-1_days,True,True,True,5345608,2048,1536,RGB,d127374ccd52b2bd1b91614cef803b49824d7d6c3d89ab7e205579305457d988,be6afe62d4e3d99bf3bbf673e6e5dfcddbcfdd0fdd1dd87df95dcd99ddbdfbb9
data/raw/ooc/OOC_image_dataset/val/good/cell_type_A549/0-1_days/230525_192.png,230525_192,230525,val,good,A549,0-1_days,1,A549,0-1_days,True,True,True,1790229,2056,1542,L,b085e7df08a87d1481d58aefdc9ca9a12c0a54aedd9780598b1c1b7e3ccc3af9,86c386838783cf83c7c3c7c3c743c643074387638703c723876306e387c3c7e3
data/raw/ooc/OOC_image_dataset/val/good/cell_type_A549/0-1_days/230525_193.png,230525_193,230525,val,good,A549,0-1_days,1,A549,0-1_days,True,True,True,1790446,2056,1542,L,432846133037a7f547c38afb6863d7a48cbe56034c34599eabf5f93b99e1ea0a,8743c7c386c307a307c346c3c7a38783078347c38703078387878787c687c707
data/raw/ooc/OOC_image_dataset/val/good/cell_type_A549/0-1_days/230525_204.png,230525_204,230525,val,good,A549,0-1_days,1,A549,0-1_days,True,True,True,1731000,2056,1542,L,f2623cc818545d4ee3863dcc6fdd99dcfdd5cc075516bf1d3c07b8269d5c4e30,8e278e078e47ce07cf078f878e87ce87cec7cec7ce87cf0fcf0fcf07cf8fcf8f
data/raw/ooc/OOC_image_dataset/val/good/cell_type_A549/0-1_days/230525_38.png,230525_38,230525,val,good,A549,0-1_days,1,A549,0-1_days,True,True,True,1477118,2056,1542,L,1460da37e8b1120c1921c63ff9bde524eb9b1c2f4c17b860131460ab5592291d,880008000800080010011221dfe1d9e3dce3dac3dec3de43dd03dd03ce03dc43
data/raw/ooc/OOC_image_dataset/val/good/cell_type_A549/0-1_days/230525_50.png,230525_50,230525,val,good,A549,0-1_days,1,A549,0-1_days,True,True,True,1803563,2056,1542,L,9a0ad57f96cc4928317f243dbfbc553993ce467a87f8c11881f288d3bf27d4ba,edccef4dee49ee09ee096c097d097e09740974c974c96c896e6c6f0c6d48cd68
data/raw/ooc/OOC_image_dataset/val/good/cell_type_A549/0-1_days/230525_59.png,230525_59,230525,val,good,A549,0-1_days,1,A549,0-1_days,True,True,True,1818788,2056,1542,L,954113422f087dd60a589e297b646b67b9080779a310aeb1ff39e9fa1a3b8fdc,6cb36cb16f396eb36fb36ebb6d3b6bb368b36ab36d336e336e316d3168b168b1
data/raw/ooc/OOC_image_dataset/val/good/cell_type_A549/0-1_days/230525_68.png,230525_68,230525,val,good,A549,0-1_days,1,A549,0-1_days,True,True,True,1883373,2056,1542,L,b7176186c1c6ef9bedd11e1e9f04e16e0fe110da08cc447bc948a8fc001e2ac5,ca52d872d872d872d872d872da72da72da72de72dc72db72da72d862d866d866
data/raw/ooc/OOC_image_dataset/val/good/cell_type_A549/0-1_days/230525_72.png,230525_72,230525,val,good,A549,0-1_days,1,A549,0-1_days,True,True,True,1386666,2056,1542,L,375cd2e1f97e7ba0623384887e27736795ab1319af0a891e9b4b40b4e6a3fb0b,480088000800002248124e7eef76cf62cf62ce72ce72ce72ce72ce62ce62ca72
data/raw/ooc/OOC_image_dataset/val/good/cell_type_A549/2-3_days/220606_1.png,220606_1,220606,val,good,A549,2-3_days,1,A549,2-3_days,True,True,True,2595864,2048,1536,RGB,67e965eb70a72164a65304c31c4328a159e1d8c3e7b5952a1751ff7a77f3acac,19e31ba71bf316db166736777667f2671027109d103f033f83fd927b1a7f0861
data/raw/ooc/OOC_image_dataset/val/good/cell_type_A549/2-3_days/230110_145.png,230110_145,230110,val,good,A549,2-3_days,1,A549,2-3_days,True,True,True,2750927,2048,1536,RGB,732afeb13af2c41b823608322f7daa19eb5d7ea1ae9fe5bebaf45fd459792ed0,3b6b785b5c895101482948894c1918190e190c199c198811b018b240b06098c0
data/raw/ooc/OOC_image_dataset/val/good/cell_type_A549/2-3_days/230206_49.png,230206_49,230206,val,good,A549,2-3_days,1,A549,2-3_days,True,True,True,740686,640,480,RGB,eba397f4bcd721ca420053929d5347a2ec6c40d6d726d7932031ce3ff43f9a64,ed88f548e708e308d9c8f2c8f2a8f1c8e568eda8ea28f74ce5ece2e8fbacf8ae
data/raw/ooc/OOC_image_dataset/val/good/cell_type_A549/2-3_days/230510_55.png,230510_55,230510,val,good,A549,2-3_days,1,A549,2-3_days,True,True,True,2124197,2056,1542,L,74446ba504a1911fa04c32bda0938d0528bfaad00796e4862196db3363b654dd,99e79ca69ea69f469ec79ac719c7934711a719a719e79de719673667b9e7b9c7
data/raw/ooc/OOC_image_dataset/val/good/cell_type_A549/2-3_days/230510_56.png,230510_56,230510,val,good,A549,2-3_days,1,A549,2-3_days,True,True,True,2099556,2056,1542,L,c99535c1a7c022695fe3556d440e0f932f4eb8272e63402fe0be3060ffd1db90,b0c6bd869927992699463d673e673e67368632c63cc6bd663ac63fc735a63727
data/raw/ooc/OOC_image_dataset/val/good/cell_type_A549/2-3_days/230510_61.png,230510_61,230510,val,good,A549,2-3_days,1,A549,2-3_days,True,True,True,1984966,2056,1542,L,fa85ffb8a92697d4a65539df84e02045c3660c7b7c13c30f0e4bbff705901ddc,cde3cd43cd83cd138da3cd13cd33ce33ca530b530bb30a538e43ca82ca824ec3
data/raw/ooc/OOC_image_dataset/val/good/cell_type_A549/2-3_days/230510_64.png,230510_64,230510,val,good,A549,2-3_days,1,A549,2-3_days,True,True,True,2118755,2056,1542,L,9f0643312d8001e549481d329a8c72040fa844b677f99d2687ad9c8a196debb2,9e269b269f2694a69ce69ec618c798869c2799a717a79fa79dc79fc717e61f27
data/raw/ooc/OOC_image_dataset/val/good/cell_type_A549/4+_days/220609_15.png,220609_15,220609,val,good,A549,4+_days,1,A549,4+_days,True,True,True,2742155,2048,1536,RGB,c8d7dc22fce8ff61c660cce342e9256a73aa76c4abd0389312b36975e280e560,083a003f03ed1a8500e540eb0283028f22d6007f107f1236033d02bb01df0304
data/raw/ooc/OOC_image_dataset/val/good/cell_type_A549/4+_days/220612_20.png,220612_20,220612,val,good,A549,4+_days,1,A549,4+_days,True,True,True,2999253,2048,1536,RGB,90416af4c9e180e7ee1f900b24523bc2c8d7323ab5a73c0ad792528f49906819,040f04032001010043444d40049402240a6622ee2acaaee3faf6fede3fdf07fe
data/raw/ooc/OOC_image_dataset/val/good/cell_type_A549/4+_days/220620_1.png,220620_1,220620,val,good,A549,4+_days,1,A549,4+_days,True,True,True,2743855,2048,1536,RGB,a4636756a7776c52187ffa223e16bee14a5c824e18e367146bb40a5dc4ff333d,11f9932899a8949808a019309921b431363172237083e2e3d2e3d243f243c203
data/raw/ooc/OOC_image_dataset/val/good/cell_type_A549/4+_days/220620_12.png,220620_12,220620,val,good,A549,4+_days,1,A549,4+_days,True,True,True,2770323,2048,1536,RGB,aab1168d32f27d566e6f90605e02df29adcf34165b56a83e4e00c323aae44bfb,090f413759ef588a4043914b306f26478087904b84432695238d052585218523
data/raw/ooc/OOC_image_dataset/val/good/cell_type_A549/4+_days/220620_4.png,220620_4,220620,val,good,A549,4+_days,1,A549,4+_days,True,True,True,2721290,2048,1536,RGB,b15e36d4baf7b6fc0a3462f35679bc3a418ce996d41fc204c4b4864a452b23aa,080f200f20078067464f220e930fc137621d434f8c46652e81aa89cb61c6e1c7
data/raw/ooc/OOC_image_dataset/val/good/cell_type_A549/4+_days/230320_34.png,230320_34,230320,val,good,A549,4+_days,1,A549,4+_days,True,True,True,1900280,2056,1542,L,8510ef76b1a3f5d1dcefc04646b64f74832039c245fa6d0f0e0b6ecb71a012c2,cd8a4d128d424f428d8a0ec24dc80d8a0c380f8a4eda0e720f82cfa20fc20ec2
data/raw/ooc/OOC_image_dataset/val/good/cell_type_A549/4+_days/230320_36.png,230320_36,230320,val,good,A549,4+_days,1,A549,4+_days,True,True,True,1849157,2056,1542,L,f883c5bf413692d54c963c93e39d11f52964f922207c91c17a768a9b0fc3ccbe,4f808fa08d408f008f608f208f50cf80cf804fe40f248d218c718e618f259f21
data/raw/ooc/OOC_image_dataset/val/good/cell_type_A549/4+_days/230320_38.png,230320_38,230320,val,good,A549,4+_days,1,A549,4+_days,True,True,True,1855932,2056,1542,L,16aa8fcbaa1c80aa265653004520164619d8487acd012c250ed4678e4288107a,8fc18ec19f819f219f819f219f019f819d811f811f911f919fa19fb19fa3df93
data/raw/ooc/OOC_image_dataset/val/good/cell_type_A549/4+_days/230320_39.png,230320_39,230320,val,good,A549,4+_days,1,A549,4+_days,True,True,True,1839610,2056,1542,L,476792760a36501bc60a19d6cda50a4f2d96fc8e1e951fd238bea39ea174f703,8fa35fa39f839f231fa31fa31e631ec39f8319239f039f831f031b431ec39e43
data/raw/ooc/OOC_image_dataset/val/good/cell_type_A549/4+_days/230320_48.png,230320_48,230320,val,good,A549,4+_days,1,A549,4+_days,True,True,True,1828739,2056,1542,L,ca294141b05e7b11cbe2ecd398206056b351ca0d0f63e7ab7bbdecc40e6733a8,bf833e933ce3bd633cc33d53bce3b9a3bb23bb63bb23bea3bf033d83bf233f03
data/raw/ooc/OOC_image_dataset/val/good/cell_type_A549/4+_days/230320_50.png,230320_50,230320,val,good,A549,4+_days,1,A549,4+_days,True,True,True,1719689,2056,1542,L,c478cd2c408adc3b25e6218882ee8e14c0858e526ed049ad60d2a91e085fc878,2c362f362db62c362e362e263666319639063c263806390638063e063b063b07
data/raw/ooc/OOC_image_dataset/val/good/cell_type_A549/4+_days/230320_52.png,230320_52,230320,val,good,A549,4+_days,1,A549,4+_days,True,True,True,2054767,2056,1542,L,b2f98bce81b60b7ed4dd2d661d7494cd2b42240d5917d17c91a08676aa7553f9,9f219ca19eb91f899f811fc11fd11fd11f511fa11f211d211d611db11f813cc1
data/raw/ooc/OOC_image_dataset/val/good/cell_type_A549/4+_days/230321_3.png,230321_3,230321,val,good,A549,4+_days,1,A549,4+_days,True,True,True,5537931,2048,1536,RGB,d0229b1f0377de90a7f9e5a232ce637d412519a55854055472981a3092f5069b,aea5ae05acd5f8459c619f65bc61bc41b9a1dd21bb819285ee818e819e819e91
data/raw/ooc/OOC_image_dataset/val/good/cell_type_A549/4+_days/230425_150.png,230425_150,230425,val,good,A549,4+_days,1,A549,4+_days,True,True,True,1794145,2056,1542,L,da6be0c1655f39cc55dc20814ab47e904d532454c645f74d8361daa12ba2da83,c5a6c7a6c7e6c7e7c726c786c706c786c786c6c6c6c6c4c6c546c486c406c566
data/raw/ooc/OOC_image_dataset/val/good/cell_type_A549/4+_days/230425_64.png,230425_64,230425,val,good,A549,4+_days,1,A549,4+_days,True,True,True,1671594,2056,1542,L,a784f0898e434af2a339461a69c3578f002ca1da5745aa6b6f6c598daab38cb1,17b39663943b959395931d939cb39e639f639f339f339f839f8396c3962394c3
data/raw/ooc/OOC_image_dataset/val/good/cell_type_A549/4+_days/230425_91.png,230425_91,230425,val,good,A549,4+_days,1,A549,4+_days,True,True,True,1700418,2056,1542,L,7aa816403f140679e58ae28282ac0a34a1610800b859b66ca29aea7015cb5ba6,720678177c9779177a0678867887708774867a06780678067e1676077e077c06
data/raw/ooc/OOC_image_dataset/val/good/cell_type_A549/4+_days/230425_97.png,230425_97,230425,val,good,A549,4+_days,1,A549,4+_days,True,True,True,1973294,2056,1542,L,364f0a3928a6374245f212a293b5bdba31718dedf465e35c6443eaf086030452,bf933e5336d736166c066406780e7d0e7d0efc0efa0cf38ff58ff58cf38cf90e
data/raw/ooc/OOC_image_dataset/val/good/cell_type_A549/4+_days/230512_37.png,230512_37,230512,val,good,A549,4+_days,1,A549,4+_days,True,True,True,1904871,2056,1542,L,874f8b1ef11c8f4dfd58091af244920ed07db1d2701bb642e05d2bf2268463a2,cf23cd23cf83cf83cf838f838f438f438e438e838f438f038da39c838cc38e43
data/raw/ooc/OOC_image_dataset/val/good/cell_type_A549/4+_days/230517_41.png,230517_41,230517,val,good,A549,4+_days,1,A549,4+_days,True,True,True,1931798,2056,1542,L,8ff18aae5b2c7dda0f1bc9f287cfac30f644ff122500b07b5924c566e04332ca,dd539cdbdcdbccb38ca39c239c6b9c6b8f0b9e239f2396639e6b1e3b9c3b164b
data/raw/ooc/OOC_image_dataset/val/good/cell_type_A549/4+_days/230517_53.png,230517_53,230517,val,good,A549,4+_days,1,A549,4+_days,True,True,True,1882358,2056,1542,L,4bb9d25a791a90a4ff3eaaa7d99599ed5a04ecd019172be898960d49e820ffe3,9d339d339db39d339d439ec319b319a39dc39cc39d539d6399629e239a639a63
data/raw/ooc/OOC_image_dataset/val/good/cell_type_A549/4+_days/230529_111.png,230529_111,230529,val,good,A549,4+_days,1,A549,4+_days,True,True,True,1907853,2056,1542,L,ddd9541b16c155eda7cad7fafe2ce3ce8da8e83368ee715a05540506f592de49,c7c0c7c0c7d0c7f08798c79007f0c7a0c7b0c790c7a987f187f1c7e1c7f187d1
data/raw/ooc/OOC_image_dataset/val/good/cell_type_A549/4+_days/230529_192.png,230529_192,230529,val,good,A549,4+_days,1,A549,4+_days,True,True,True,1654121,2056,1542,L,0016110e2c1ad6a5cfcf471c069352f0694c4ba02ba363a937175f4197e6f0e7,cc83cc838fc78f670ec3cf03cf038e034f03cf43cf034f030e0f4f0b4707cf07
data/raw/ooc/OOC_image_dataset/val/good/cell_type_A549/4+_days/230529_53.png,230529_53,230529,val,good,A549,4+_days,1,A549,4+_days,True,True,True,1334855,2056,1542,L,4da840beac029e4afe4545371c47bf265cab6db28d28a35b0b19dc63df9f5cd7,8000000000000000000004000724172497b69686862486668606864c0644568c
data/raw/ooc/OOC_image_dataset/val/good/cell_type_A549/4+_days/230529_57.png,230529_57,230529,val,good,A549,4+_days,1,A549,4+_days,True,True,True,1920080,2056,1542,L,3184e8cf9c55a48e0e8a017ee86a6858b2af7d5acb66b00cbf63fe27070e9ad2,2695261534113450345134d1361d3619341526112619259d259d259d241d241d
data/raw/ooc/OOC_image_dataset/val/good/cell_type_A549/4+_days/230529_62.png,230529_62,230529,val,good,A549,4+_days,1,A549,4+_days,True,True,True,1263804,2056,1542,L,5c0ffede9862fecd9e4a48c4d08174dbf51006e9b2bc1fc5b964fa600ecadaed,000000000000000000012411249b6519255124912591269165936593679b259b
data/raw/ooc/OOC_image_dataset/val/good/cell_type_A549/4_days/230424_72.png,230424_72,230424,val,good,A549,4_days,1,A549,4_days,True,True,True,1837565,2056,1542,L,1715e7cc84a15bc029a393e1f6d3cf3863860fd0854c738b93d5833599959f8d,cc438c839c939c139f839f039f839e939683978313931d839da39c939cd39d83
data/raw/ooc/OOC_image_dataset/val/good/cell_type_A549/4_days/230424_76.png,230424_76,230424,val,good,A549,4_days,1,A549,4_days,True,True,True,1614274,2056,1542,L,cad6869958b4e051f043585d55baccf766155c556cfc1d387fdaa5e9ef05f1a2,997298e21e621f723a323e531f079f8739c73a663ab63a96bb07b3e7b3763736
data/raw/ooc/OOC_image_dataset/val/good/cell_type_A549/4_days/230424_91.png,230424_91,230424,val,good,A549,4_days,1,A549,4_days,True,True,True,1630910,2056,1542,L,4753a66a9af7e1117ef8742e62c091200176175f0e41b80bac495ed032061f52,3f1a3c0e3e26346638663e26380f3d1e3e0e3c073827382739073d0e3e063e47
data/raw/ooc/OOC_image_dataset/val/good/cell_type_CACO/0-1_days/230328_18.png,230328_18,230328,val,good,CACO,0-1_days,1,CACO,0-1_days,True,True,True,2816139,2048,1536,RGB,fedddd458769f3e7e7035046df841e2ed616239b486ed37a805998412152e4eb,7d707d5079d071507a307a603ea038a0331038503cc039e039603b703a5030aa
data/raw/ooc/OOC_image_dataset/val/good/cell_type_CACO/0-1_days/230328_20.png,230328_20,230328,val,good,CACO,0-1_days,1,CACO,0-1_days,True,True,True,2706152,2048,1536,RGB,d15fdc903447af777faf5fb7852782ce5471937e83879388796b74eb6ca724e8,f291eec1eda1ecf1ea11e231e791e5b1f7b171b973e170e1796879d078587130
data/raw/ooc/OOC_image_dataset/val/good/cell_type_CACO/0-1_days/230328_21.png,230328_21,230328,val,good,CACO,0-1_days,1,CACO,0-1_days,True,True,True,2858858,2048,1536,RGB,5e5f28a4cfae4b23df2fe76e4b66e7e6c7d547029f109855050c85cbea712234,d8a3e923e1a3e0e3e1d3e0c3e1b3e193f373e873fa73773365516da161217371
data/raw/ooc/OOC_image_dataset/val/good/cell_type_CACO/2-3_days/220506_11.png,220506_11,220506,val,good,CACO,2-3_days,1,CACO,2-3_days,True,True,True,2903055,2048,1536,RGB,4b62acf786dc9433530302e56d205fdd5029e3d3d62bfa8d05932da0a51707b7,c27481f4a119a1b9c1fcc178413c21389138819980bb90fa34be313e3d8e9baf
data/raw/ooc/OOC_image_dataset/val/good/cell_type_CACO/2-3_days/220606_19.png,220606_19,220606,val,good,CACO,2-3_days,1,CACO,2-3_days,True,True,True,2434092,2048,1536,RGB,82ef373e181373a38fece63a682ea34017530679a3b62514d8e158e7dffa2366,fa15344a546a0c624826306530690191915181b080b2408a804a0368cb403000
data/raw/ooc/OOC_image_dataset/val/good/cell_type_CACO/4+_days/220610_12.png,220610_12,220610,val,good,CACO,4+_days,1,CACO,4+_days,True,True,True,2738881,2048,1536,RGB,2250f3f3b85633a29c84963a9eb83ce0f6c202584a871d349e771a826940f96c,109b00af0047914300d32899213a112e021e209e429f02de026e051d0f9700d3
data/raw/ooc/OOC_image_dataset/val/good/cell_type_CACO/4+_days/220611_2.png,220611_2,220611,val,good,CACO,4+_days,1,CACO,4+_days,True,True,True,2561520,2048,1536,RGB,6ef1039539b3f9ce1535f60fc65d77be06ce3c3f766002845ac1761874677d87,8d33de73de1b988bd90b870bc71b061b5f3b58eb597d5a19531bd19fd13e526e
data/raw/ooc/OOC_image_dataset/val/good/cell_type_CACO/4+_days/220611_6.png,220611_6,220611,val,good,CACO,4+_days,1,CACO,4+_days,True,True,True,2633690,2048,1536,RGB,42dec318d0063441faed299cce3467e1df7cdc09f96ea178195cf4cd1c2c09f1,105833cc130017041f241904938413849a44946290c299b2919c91ac9bae9ad2
data/raw/ooc/OOC_image_dataset/val/good/cell_type_CACO/4+_days/220612_6.png,220612_6,220612,val,good,CACO,4+_days,1,CACO,4+_days,True,True,True,2624062,2048,1536,RGB,87d2556c73e936860dc260c36fb2b2c3482f7bb791cc9c8597590b064f3891cf,008f00a7006380111040194013440343032a81a2c9b229741af50d728c78c6ca
data/raw/ooc/OOC_image_dataset/val/good/cell_type_HPMEC/0-1_days/220429_05.png,220429_05,220429,val,good,HPMEC,0-1_days,1,HPMEC,0-1_days,True,True,True,2491490,2048,1536,RGB,56d979e847298b2097b7b10ae14ca6742587e77aeb5705c2d3f5419318d088d4,019f00cf008f003f087f004f301f001f001f003f013f039f071f078f05070f6f
data/raw/ooc/OOC_image_dataset/val/good/cell_type_HPMEC/0-1_days/220429_11.png,220429_11,220429,val,good,HPMEC,0-1_days,1,HPMEC,0-1_days,True,True,True,2194752,2048,1536,RGB,b3b2f8d295db108574433aa6c3be0fbfd9cd1faaf44f0bb158ccff9665e544fb,8621000f0003001300130043102b801f405f203f203d200f203f205f203f38b0
data/raw/ooc/OOC_image_dataset/val/good/cell_type_HPMEC/0-1_days/220626_3.png,220626_3,220626,val,good,HPMEC,0-1_days,1,HPMEC,0-1_days,True,True,True,3106020,2048,1536,RGB,8d02e37a2055ab38c23c61b3b48be7b1d4f5697d5b95b2e350ea53a6504b7f4b,fc460887169f049e0cdb14db14d218c890cc08c80ca80b230b7306630e662c20
data/raw/ooc/OOC_image_dataset/val/good/cell_type_HPMEC/0-1_days/220715_3.png,220715_3,220715,val,good,HPMEC,0-1_days,1,HPMEC,0-1_days,True,True,True,2601244,2048,1536,RGB,64236b65fc4741f0226b7dbe10efb95c44b83fbefd4495ec6cc054c04c43fcc6,39fef1da412a126c424dc5af41a614b70c7980e3c18ac5062128212a00180018
data/raw/ooc/OOC_image_dataset/val/good/cell_type_HPMEC/0-1_days/221010_8.png,221010_8,221010,val,good,HPMEC,0-1_days,1,HPMEC,0-1_days,True,True,True,2643561,2048,1536,RGB,2a9595a0848963e5ec295df48cb70348859fe11dad78410ccafa15f57fb4b1ca,002c000c002c000c0c2c0c0d102c102c082c882c002d042d402d402d042d882d
data/raw/ooc/OOC_image_dataset/val/good/cell_type_HPMEC/0-1_days/221214_21.png,221214_21,221214,val,good,HPMEC,0-1_days,1,HPMEC,0-1_days,True,True,True,2739686,2048,1536,RGB,16592cf338b5f8dc019882d107eae97e337c9a2d91b633e351837c39569d592a,48e610e7b2e610669ae794a7f5e7d8a7da27bd6777e7d467c9676f67a5e71aa7
data/raw/ooc/OOC_image_dataset/val/good/cell_type_HPMEC/0-1_days/221214_30.png,221214_30,221214,val,good,HPMEC,0-1_days,1,HPMEC,0-1_days,True,True,True,2293000,2048,1536,RGB,9d1a1df3de3802193a055980c0884e41a4f139faa093e4d544f2497120451a15,14e3045f77941cb539e56acf5a479b535e9335d3bb312bd833d4a5dc1cec1560
data/raw/ooc/OOC_image_dataset/val/good/cell_type_HPMEC/0-1_days/230109_2.png,230109_2,230109,val,good,HPMEC,0-1_days,1,HPMEC,0-1_days,True,True,True,2602055,2048,1536,RGB,4281fd7836940e9277d0baa7b4f89b38f672dd74971818e5d0be780d16f2fb85,ff09ff09ff09fd89ffc9fb89ff00ff80fd00f140ff00ff04fe04fe44fe44fa44
data/raw/ooc/OOC_image_dataset/val/good/cell_type_HPMEC/0-1_days/230109_67.png,230109_67,230109,val,good,HPMEC,0-1_days,1,HPMEC,0-1_days,True,True,True,2511975,2048,1536,RGB,e6ef2f248cbbda5fe0fdb38f854e74f3a67440e50850cd249ea06959674d0726,da0cee0cde0ed60ee60edc0ef20eea0ee00ee406f406fc06fe06fc07f807f007
data/raw/ooc/OOC_image_dataset/val/good/cell_type_HPMEC/0-1_days/230109_77.png,230109_77,230109,val,good,HPMEC,0-1_days,1,HPMEC,0-1_days,True,True,True,2450539,2048,1536,RGB,1a926752e57c3d811e6bd5164d337ddc06a4bbfdf0e61989b16c2a6484fdd239,f418ce1cec1cfa1cfa1cd81cf81cf01cce1ecc0eec0ee20fe80ee40ee60eec0e
data/raw/ooc/OOC_image_dataset/val/good/cell_type_HPMEC/0-1_days/230109_81.png,230109_81,230109,val,good,HPMEC,0-1_days,1,HPMEC,0-1_days,True,True,True,2374545,2048,1536,RGB,8e9616c65abd77c24501d34f57184916cafc06b907e57a4909cc3ba01f345c33,f60efe0ef706f606f206fa06f206fa07e807e807e407e407e207fc07e407f407
data/raw/ooc/OOC_image_dataset/val/good/cell_type_HPMEC/0-1_days/230109_94.png,230109_94,230109,val,good,HPMEC,0-1_days,1,HPMEC,0-1_days,True,True,True,2318344,2048,1536,RGB,4deb5c19cf12f49198dceead728c826dfc4904da7fe956885d898d51c7ce7cd2,be0ede0fe60ed60ef60eda0eda06f106e806dc06d207ca07ce07e647e207f203
data/raw/ooc/OOC_image_dataset/val/good/cell_type_HPMEC/0-1_days/230119_16.png,230119_16,230119,val,good,HPMEC,0-1_days,1,HPMEC,0-1_days,True,True,True,2422693,2048,1536,RGB,1bbf5a4ab6470847b63a46f62813cbdcee8b6af050f1c56c580f447e51d41cf7,f9c17d817d217721676176c17e617fa07e803f903f903fd03ec03cd83f503f70
data/raw/ooc/OOC_image_dataset/val/good/cell_type_HPMEC/0-1_days/230119_18.png,230119_18,230119,val,good,HPMEC,0-1_days,1,HPMEC,0-1_days,True,True,True,2723198,2048,1536,RGB,65504e29a767dbf4d1ee13a5869202c0a366931095e65aaaea0dcfa493a0dddd,f7a7d787df27de67dc67ec63ee63fd83ef43ffc3fd53f793fd137f4367417749
data/raw/ooc/OOC_image_dataset/val/good/cell_type_HPMEC/0-1_days/230119_24.png,230119_24,230119,val,good,HPMEC,0-1_days,1,HPMEC,0-1_days,True,True,True,2578756,2048,1536,RGB,865198a5a8313bccb2d1ae51821f49839c83b20fc9ac0e87affb4d1e72745cc2,da0ff20fe207f206ec06fc06fc07fc07fc07ec07dc03fb03fb03ff83d503ec83
data/raw/ooc/OOC_image_dataset/val/good/cell_type_HPMEC/0-1_days/230119_3.png,230119_3,230119,val,good,HPMEC,0-1_days,1,HPMEC,0-1_days,True,True,True,2546681,2048,1536,RGB,b08482ea4e3058dcb340f3325bb928a1388c1c2a5b9539ca4366e66fc834b2c8,fc80f880fd00ef80fb00fe00fa60fcc0fa40f980fde0ff40ffc0fec0fdc0fba0
data/raw/ooc/OOC_image_dataset/val/good/cell_type_HPMEC/0-1_days/230119_33.png,230119_33,230119,val,good,HPMEC,0-1_days,1,HPMEC,0-1_days,True,True,True,2263144,2048,1536,RGB,cc482893413d1d3f33652871c6326a28529313c4e1d486c99588969b329b3b26,e64fe64fe20ef606f207f607ff07ff07fd07fc07fd07f507f703f103fa03fa03
data/raw/ooc/OOC_image_dataset/val/good/cell_type_HPMEC/0-1_days/230214_24.png,230214_24,230214,val,good,HPMEC,0-1_days,1,HPMEC,0-1_days,True,True,True,475152,640,480,RGB,574f8d33a952d9ed22ddb2e522284bdb465fc53e2fc951c047c5daf812a36691,0f9e435c61f861f870f07b703a783afc3a6c3db83cfc3cfc387c3af43e743edc
data/raw/ooc/OOC_image_dataset/val/good/cell_type_HPMEC/0-1_days/230214_32.png,230214_32,230214,val,good,HPMEC,0-1_days,1,HPMEC,0-1_days,True,True,True,479678,640,480,RGB,1d669cbd10a1d65a5bf9feb8ba884203daa28604a2069e2718d85726a2221f13,1dc931022526cd078927d906cf07c627852692269152e013e213d213d243d51b
data/raw/ooc/OOC_image_dataset/val/good/cell_type_HPMEC/0-1_days/230215_11.png,230215_11,230215,val,good,HPMEC,0-1_days,1,HPMEC,0-1_days,True,True,True,4982688,2048,1536,RGB,3684711831491585e654d8090d1dc405fb36fffdbd78ef3b3722b564c4c83dc1,ef11e691e791ef01f408f108f388f208fa88fe08fc08ec88f680f780fb24fba0
data/raw/ooc/OOC_image_dataset/val/good/cell_type_HPMEC/0-1_days/230215_14.png,230215_14,230215,val,good,HPMEC,0-1_days,1,HPMEC,0-1_days,True,True,True,5131374,2048,1536,RGB,fea28af1919d9db34537d45e94a6a685e9c0596813a5205fe2e47e211445a463,1e13d6039441b56183c989098b69db61ed61f360d3e0c5e4d954dcd4ccd4e2d0
data/raw/ooc/OOC_image_dataset/val/good/cell_type_HPMEC/0-1_days/230215_2.png,230215_2,230215,val,good,HPMEC,0-1_days,1,HPMEC,0-1_days,True,True,True,464964,640,480,RGB,b930762006a1de0ccc2f3379b3872c1941a0320a05c00e9dde39f4695de7c980,3bfad40706553456347a2cb62ce3193b292a0cac4e9b6b13125b0e67a762a500
data/raw/ooc/OOC_image_dataset/val/good/cell_type_HPMEC/0-1_days/230215_21.png,230215_21,230215,val,good,HPMEC,0-1_days,1,HPMEC,0-1_days,True,True,True,5530076,2048,1536,RGB,5fd9cd5cca674283fc001b86ee918861839d6b71dd22e1bf07c6d2232ce87d96,79c13af13af138e1393139b138d11be01eb01ec01f381e301f181f980ebc8e8c
data/raw/ooc/OOC_image_dataset/val/good/cell_type_HPMEC/0-1_days/230314_36.png,230314_36,230314,val,good,HPMEC,0-1_days,1,HPMEC,0-1_days,True,True,True,4974017,2048,1536,RGB,ae88140d2fdb53acf88335bc781bdd5df8dddf07213d9f2bb83c563fd7593f51,fff37ff3fffbfff9fff9fff9ffb9ff99ff99bff9fff9ffecffecffbcdfecdffc
data/raw/ooc/OOC_image_dataset/val/good/cell_type_HPMEC/0-1_days/230314_43.png,230314_43,230314,val,good,HPMEC,0-1_days,1,HPMEC,0-1_days,True,True,True,4996620,2048,1536,RGB,63f184a0471fe604fd14fb5c8405fe93b68554bab680e71107e5f206ec381b52,bfdf3fdfabcebbcfafcfafcebbce8beebbeebbe77fe7efe7bfe7b7e79ff79f73
data/raw/ooc/OOC_image_dataset/val/good/cell_type_HPMEC/0-1_days/230314_46.png,230314_46,230314,val,good,HPMEC,0-1_days,1,HPMEC,0-1_days,True,True,True,5124266,2048,1536,RGB,7769c7b722bd89a10f10dedbc865c531f1bb991ee3f25b73f1dc67fa46d32c51,eff7fff7fff7fff37ff37bf36ff37ff37ff34db35ff37ffb7ffb7bf97df97df9
data/raw/ooc/OOC_image_dataset/val/good/cell_type_HPMEC/0-1_days/230316_36.png,230316_36,230316,val,good,HPMEC,0-1_days,1,HPMEC,0-1_days,True,True,True,5607906,2048,1536,RGB,a735681b5d39f9f959529956cfe62d3c95725becfc69ac0a09d88bc5735387f4,2d3399739873a6339ab39bbb9939b919de79d6d94f995d197d895e295d3d5f5d
data/raw/ooc/OOC_image_dataset/val/good/cell_type_HPMEC/0-1_days/230523_2.png,230523_2,230523,val,good,HPMEC,0-1_days,1,HPMEC,0-1_days,True,True,True,2186618,2056,1542,L,f38d2a05f265ce4eca548b73a69c1d049281c2c0c1befad15c7a429444c0d20c,67a867a867186798468846b8469837205620c7c066d02628e628678867886750
data/raw/ooc/OOC_image_dataset/val/good/cell_type_HPMEC/0-1_days/230523_4.png,230523_4,230523,val,good,HPMEC,0-1_days,1,HPMEC,0-1_days,True,True,True,2213764,2056,1542,L,60c48b95ef78eaa6c0c41da9f6c21560f459dffe11024f37f5a3884cf136b888,46e2c72ac72ac65aa672a64ae7d28652c662c76ac732a7126712c612c602c642
data/raw/ooc/OOC_image_dataset/val/good/cell_type_HPMEC/0-1_days/230523_56.png,230523_56,230523,val,good,HPMEC,0-1_days,1,HPMEC,0-1_days,True,True,True,2033484,2056,1542,L,201ee8b1cf2efa01edff4451720acf311f313c3e9e318732aedda5269dd6c0c3,3d863c0e3d0e3b0e7b0e791e78167e16780e790e3e0e3e0d3b0d3b1c791c7c1d
data/raw/ooc/OOC_image_dataset/val/good/cell_type_HPMEC/0-1_days/230523_64.png,230523_64,230523,val,good,HPMEC,0-1_days,1,HPMEC,0-1_days,True,True,True,2174506,2056,1542,L,97f195d4b0a2803c3c7cd626d9caaa8a626483c368d899a1317b7befb8ea1ad6,fa06f986fb86fa46f604fd06fd06fe06fd06fc86fe06fa46fa0ef68cf60ce30c
data/raw/ooc/OOC_image_dataset/val/good/cell_type_HPMEC/0-1_days/230523_85.png,230523_85,230523,val,good,HPMEC,0-1_days,1,HPMEC,0-1_days,True,True,True,1845731,2056,1542,L,6497ed4eb88821fba9ea3a0c84994a600c6e98fe02b444a301a96116c01d0c29,c6c3c7c3c703c7a3c6c3c6c346c346e38723c783c783c78307c307c3c6c3c663
data/raw/ooc/OOC_image_dataset/val/good/cell_type_HPMEC/2-3_days/230216_1.png,230216_1,230216,val,good,HPMEC,2-3_days,1,HPMEC,2-3_days,True,True,True,5141307,2048,1536,RGB,f3eb2456777523c6c312adda83942538e6032f48070fa1d1f65b348f67d9e49f,ec06f807c807ec07f607e607fe03ec03e403e603f803fc03fc03fc03fe01fc01
data/raw/ooc/OOC_image_dataset/val/good/cell_type_HPMEC/2-3_days/230315_10.png,230315_10,230315,val,good,HPMEC,2-3_days,1,HPMEC,2-3_days,True,True,True,2208476,2056,1542,L,55649b367a80504e7c8bca91297dd3cac1452ac79dbd584e340d1c46bfb03d4c,6739e770c6480e48ce808ce00ee0cf488fc81ec29fc29fc29f829fd09f505f00
data/raw/ooc/OOC_image_dataset/val/good/cell_type_HPMEC/2-3_days/230315_21.png,230315_21,230315,val,good,HPMEC,2-3_days,1,HPMEC,2-3_days,True,True,True,2071151,2056,1542,L,0ec0b3f71830c5723828407141551e6767672f5fbcd43eecc685b65f4f3e221f,9fc89ec89f489f489f909f809f119d899dc199619f619e619e6197a19dc19d41
data/raw/ooc/OOC_image_dataset/val/good/cell_type_HPMEC/2-3_days/230315_53.png,230315_53,230315,val,good,HPMEC,2-3_days,1,HPMEC,2-3_days,True,True,True,1892084,2056,1542,L,b271134576939bdc235aa4734882a20d35c1434d223871009ee8dd1305f512e5,728453c45a445cc45cc65ac4564454265c465c86dc065826540d50ccd846d546
data/raw/ooc/OOC_image_dataset/val/good/cell_type_HPMEC/2-3_days/230315_69.png,230315_69,230315,val,good,HPMEC,2-3_days,1,HPMEC,2-3_days,True,True,True,1907394,2056,1542,L,b738df145da9ba77cc69a58b183879b76cc11a9bb51791521909c8c61f86661d,4f814dc14fa14f694f214fa14fc14fc15f61df41df41df41cfc1cda14f110f81
data/raw/ooc/OOC_image_dataset/val/good/cell_type_HPMEC/2-3_days/230315_8.png,230315_8,230315,val,good,HPMEC,2-3_days,1,HPMEC,2-3_days,True,True,True,2147383,2056,1542,L,dcc27d3380d08902d03b4bd09997ec26c43c282340c9b3317ecdfb9d7b8c1700,4fc10de18da18dc0cdc0cfd8cfc00dc80d984f88cfcccfc84f30ce60cee02dc0
data/raw/ooc/OOC_image_dataset/val/good/cell_type_HPMEC/2-3_days/230315_87.png,230315_87,230315,val,good,HPMEC,2-3_days,1,HPMEC,2-3_days,True,True,True,2005124,2056,1542,L,2609b04eb6efe2de435e779e5a54b817db751d75beccca227f8e6cc0c606df04,2cc62c866f466e866cc66cc67c866c066c066e06798679c67b867a867e867b06
data/raw/ooc/OOC_image_dataset/val/good/cell_type_HPMEC/2-3_days/230315_88.png,230315_88,230315,val,good,HPMEC,2-3_days,1,HPMEC,2-3_days,True,True,True,1968077,2056,1542,L,012e579803491dc8af1399d0a344727409a4695518916360ec497c163c298287,6f066b067b666e666e466e466b467a267e277d076c867c067c06788678e66846
data/raw/ooc/OOC_image_dataset/val/good/cell_type_HPMEC/2-3_days/230510_19.png,230510_19,230510,val,good,HPMEC,2-3_days,1,HPMEC,2-3_days,True,True,True,1865658,2056,1542,L,2c533e2021ddf81ffa77d5e34740b17a052ae0f2035a349adef372f5ee4fc0b7,3124358635c63d8e3b8f330e398e3ecf3b4f33ef32ce34ce326e326e3a6e3a4e
data/raw/ooc/OOC_image_dataset/val/good/cell_type_HPMEC/2-3_days/230510_4.png,230510_4,230510,val,good,HPMEC,2-3_days,1,HPMEC,2-3_days,True,True,True,1916545,2056,1542,L,5ab70d87847fb65de3f6c4f49e06613dd349f652acca8f0ec53cc6f249db1f5d,8fc38cb39c638c438e539e539ee31de39f239e939f639f639dc39d839d231d63
data/raw/ooc/OOC_image_dataset/val/good/cell_type_HPMEC/2-3_days/230510_8.png,230510_8,230510,val,good,HPMEC,2-3_days,1,HPMEC,2-3_days,True,True,True,1895999,2056,1542,L,6d05ef83160981113af9f7bc41f9d262fb6baa07abf04262dd953beb2411e52b,98c698c69e929f96b966ba063a163916bd163c27ba26bc6638e63a8638863986
data/raw/ooc/OOC_image_dataset/val/good/cell_type_HPMEC/2-3_days/230524_66.png,230524_66,230524,val,good,HPMEC,2-3_days,1,HPMEC,2-3_days,True,True,True,2141158,2056,1542,L,8bddc74b5d61ca3f9a1d0e3354000d418148fc553b2411cca12e7c923a9b3921,f00ef50ef50edbcee60ee40ebd0efc8ef84ecc4eccc6c60ecb0ec906fd86de46
data/raw/ooc/OOC_image_dataset/val/good/cell_type_HPMEC/2-3_days/230524_67.png,230524_67,230524,val,good,HPMEC,2-3_days,1,HPMEC,2-3_days,True,True,True,2103654,2056,1542,L,493ca9124e89c6321ada818f8afa8ce2fd073a8529c73d5c099ca271e35379f5,d6c6cc06dcc6d406d886d886fa86c506c406c416ca16cc06ce06ed06e606d286
data/raw/ooc/OOC_image_dataset/val/good/cell_type_HPMEC/2-3_days/230525_170.png,230525_170,230525,val,good,HPMEC,2-3_days,1,HPMEC,2-3_days,True,True,True,1837756,2056,1542,L,1f0b1aa026ca05c96105edb0fb5e7163d799872a3b6fff85170f37bd07ed2a76,8e4f8f0f8e0f8d0f8d0f0c8f0e8f0d8f8d8b8c8f8ccf8f8f8d8f9dcf9c4f9f0f
data/raw/ooc/OOC_image_dataset/val/good/cell_type_HPMEC/2-3_days/230525_2.png,230525_2,230525,val,good,HPMEC,2-3_days,1,HPMEC,2-3_days,True,True,True,2194472,2056,1542,L,131a54b21d3b864342b0b359768e4aa0f8a0e7e802cde7138d9003165bef17d1,cf01cd21ccf1c8d18c918c414d438d418d81cb914b51494189d18d61ce654a25
data/raw/ooc/OOC_image_dataset/val/good/cell_type_HPMEC/2-3_days/230525_87.png,230525_87,230525,val,good,HPMEC,2-3_days,1,HPMEC,2-3_days,True,True,True,1780169,2056,1542,L,1e5875dc561d2db64cd4911973e274cd1acc2f8012b95495b914dc966f8cfce6,320e3e0e3e0e3c0f3e8f3e8e380c380c3e0d330c338c340c320c3e0c3e0c360c
data/raw/ooc/OOC_image_dataset/val/good/cell_type_HPMEC/2-3_days/230525_95.png,230525_95,230525,val,good,HPMEC,2-3_days,1,HPMEC,2-3_days,True,True,True,1975207,2056,1542,L,edc1d112479bd7ada81c79558ac5156a415c9ca90fcee5fed854f93193122c1e,f81cf89cf89cfa1ce61cf91cf31cf61cfe1cec1eec1cec9cf89cf07df33ff33e
data/raw/ooc/OOC_image_dataset/val/good/cell_type_HPMEC/4+_days/230320_112.png,230320_112,230320,val,good,HPMEC,4+_days,1,HPMEC,4+_days,True,True,True,1966243,2056,1542,L,4e69f96aa5a7a6b2bdfd65359dfafe0c5f52efd2f643c064c3f516236af6f0b5,3583b6833693b383b703350334c33643370337c237823703370336c334833663
data/raw/ooc/OOC_image_dataset/val/good/cell_type_HPMEC/4+_days/230320_185.png,230320_185,230320,val,good,HPMEC,4+_days,1,HPMEC,4+_days,True,True,True,1902367,2056,1542,L,93d84a8cf50b3768cc1f044adb4341f8a7afc90c4b4d8ac4b0808cabc24643c5,2c462e662c862ca62c862c062c262c462dc63cc639c635863d463c863d063d06
data/raw/ooc/OOC_image_dataset/val/good/cell_type_HPMEC/4+_days/230320_193.png,230320_193,230320,val,good,HPMEC,4+_days,1,HPMEC,4+_days,True,True,True,1673877,2056,1542,L,0bf14dcaf64523e2b17ece262c99b7d93a0b5e86a1ce5d6dacefe212e012f0d7,bc0efa0eae0cbe0cfb0cb70cf20ef80fe84fec0cf00e710f798c798471a43c26
data/raw/ooc/OOC_image_dataset/val/good/cell_type_HPMEC/4+_days/230320_199.png,230320_199,230320,val,good,HPMEC,4+_days,1,HPMEC,4+_days,True,True,True,1786879,2056,1542,L,81804c79ddf4a7d69fc09c38c6179783562cce9a4d893f876884e685844fd3ef,7318721b7a9a731c631a629c531c731c621d7a1d73196e19789c55985499789d
data/raw/ooc/OOC_image_dataset/val/good/cell_type_HPMEC/4+_days/230320_89.png,230320_89,230320,val,good,HPMEC,4+_days,1,HPMEC,4+_days,True,True,True,2084288,2056,1542,L,d7f390a7f4ac8ad4de79a13d4245ab94fff495e80d1fa7258649b1187708af40,38c63b4e3b8e398e3b0e2a0e294e290e298e2d8e29862ac62cc6298e288c290e
data/raw/ooc/OOC_image_dataset/val/good/cell_type_HPMEC/4+_days/230320_90.png,230320_90,230320,val,good,HPMEC,4+_days,1,HPMEC,4+_days,True,True,True,2030742,2056,1542,L,900ba5571219b9113a6b1c1714358b304c2e6be6ad5ba5909b94b2bbddf9e022,9de69ee69e869c0e9b0eb90eb98ebd0db98d38ce3cce390e3a0e3b4e3b4e390e
data/raw/ooc/OOC_image_dataset/val/good/cell_type_HPMEC/4+_days/230320_91.png,230320_91,230320,val,good,HPMEC,4+_days,1,HPMEC,4+_days,True,True,True,1694118,2056,1542,L,10ad0d4f984ab8f788d29d090771356ab09973f2cea6859f9caa712f37ce2831,f61cec1ee01cf018f039f018e419ec19ee19fc19dc1bf61bf41bf01af618f41b
data/raw/ooc/OOC_image_dataset/val/good/cell_type_HPMEC/4+_days/230320_93.png,230320_93,230320,val,good,HPMEC,4+_days,1,HPMEC,4+_days,True,True,True,1835085,2056,1542,L,7629ab68aede52fb92cca26731d7e46101964d8a96ee760ca7e852da4d6d01d8,d630d634da3cda3ad83a9833f131f835f436bc36bc34e432c032f232f234e030
data/raw/ooc/OOC_image_dataset/val/good/cell_type_HPMEC/4+_days/230320_98.png,230320_98,230320,val,good,HPMEC,4+_days,1,HPMEC,4+_days,True,True,True,1831616,2056,1542,L,2a289e48f90a850ebf4d3d4eeb37382d544a4cfdda13db284b72e6eaa90cc76c,d030f034f032e032f024783378303c30dc30e878f064f064e265e671aa7af04e
data/raw/ooc/OOC_image_dataset/val/good/cell_type_HPMEC/4+_days/230424_33.png,230424_33,230424,val,good,HPMEC,4+_days,1,HPMEC,4+_days,True,True,True,1939409,2056,1542,L,80f6d0b6af00a2fb0574ed9b9641362973e88a615685f3126e863fe98d697ff3,5ccd5ccc5ccc5e4c79cc79cc5dcc7f4c7e4e7a4e5b4e59ce590e784e7c4e79cc
data/raw/ooc/OOC_image_dataset/val/good/cell_type_HPMEC/4+_days/230424_41.png,230424_41,230424,val,good,HPMEC,4+_days,1,HPMEC,4+_days,True,True,True,1894654,2056,1542,L,2f439c4ea829fdb66d04a6a24c35154786b8ffa9dbf9e0eacbbec2bf2fb80731,3b867f86749674d67c847e8c7e4d784d744e7a4e7b4c6d0d6d8d678d63cd49ce
data/raw/ooc/OOC_image_dataset/val/good/cell_type_HPMEC/4+_days/230424_49.png,230424_49,230424,val,good,HPMEC,4+_days,1,HPMEC,4+_days,True,True,True,2031599,2056,1542,L,e2a8bb798c038d86c1f97dce973d946381b07bb2e9cf03ae492fc363db72a4c5,ff1af91afa1aec9afc1afc18fa18fc99ecb3f630fdb7f9b6ebb4fbb3f933f533
data/raw/ooc/OOC_image_dataset/val/good/cell_type_HPMEC/4+_days/230425_116.png,230425_116,230425,val,good,HPMEC,4+_days,1,HPMEC,4+_days,True,True,True,1870168,2056,1542,L,65d3ac00f2f4e0ca3047e02fd0b7e672f10bdcb5d083c8dc136fb172e41c4049,e7a6c7a6e7a6e746a7868786c786c787c787c786c786c786c786c7c6e786e726
data/raw/ooc/OOC_image_dataset/val/good/cell_type_HPMEC/4+_days/230425_126.png,230425_126,230425,val,good,HPMEC,4+_days,1,HPMEC,4+_days,True,True,True,1981156,2056,1542,L,2fcaa5680afcc3ab45688fb63c7c0f2b55bf0476cdbabab8110aded5f03c6894,e70ec78fc70ec78ec78ec78ec78ec78ec78ec78ec70e870e870e878e878ec78e
data/raw/ooc/OOC_image_dataset/val/good/cell_type_HPMEC/4+_days/230425_141.png,230425_141,230425,val,good,HPMEC,4+_days,1,HPMEC,4+_days,True,True,True,2192237,2056,1542,L,dd68cda68bcdc05b7e13a38e2b2fb0b0531064ab0a64834801fc65405f1f4d19,8e0e8e6e8e8ece8fcf8fcf0ecececece8f8e8e4e8ecccdccccceccac8dcc8f8c
data/raw/ooc/OOC_image_dataset/val/good/cell_type_HPMEC/4+_days/230425_29.png,230425_29,230425,val,good,HPMEC,4+_days,1,HPMEC,4+_days,True,True,True,1563777,2056,1542,L,994b9876560be847635525179f325e9586e3e1cdcf69d50a36007e14d57fb33e,621e663e6c2f6c1f683d643c641e603e403e603e703c603c407d40fd40ff407d
data/raw/ooc/OOC_image_dataset/val/good/cell_type_HPMEC/4+_days/230425_34.png,230425_34,230425,val,good,HPMEC,4+_days,1,HPMEC,4+_days,True,True,True,1870873,2056,1542,L,c507dc9a1e20545affbefc1e28a3274ec83ce4dbdfa00add938d6d4ce8d21295,992b1b2b3963386238c739863806380638063c063c063c063c073c073c073c06
data/raw/ooc/OOC_image_dataset/val/good/cell_type_HPMEC/4+_days/230425_35.png,230425_35,230425,val,good,HPMEC,4+_days,1,HPMEC,4+_days,True,True,True,1798908,2056,1542,L,a48f5b3e58e452b981289de2a4f7819bc12cc69738755987235851563b063319,3c073c073e073e073e0738073c073c073c073e063e063e063e063b0636077606
data/raw/ooc/OOC_image_dataset/val/good/cell_type_HPMEC/4+_days/230425_45.png,230425_45,230425,val,good,HPMEC,4+_days,1,HPMEC,4+_days,True,True,True,2046165,2056,1542,L,117e29d11dfbf3c9babe00bcbf396f62ace117eb067459acf951e64a0d6c6fe4,7c0cfc0cfe0cfc0c7c0cfc0cfc0c7c0efc0df61df61cf11df89cf89cf81afc18
data/raw/ooc/OOC_image_dataset/val/good/cell_type_HPMEC/4+_days/230517_12.png,230517_12,230517,val,good,HPMEC,4+_days,1,HPMEC,4+_days,True,True,True,1785783,2056,1542,L,8a24265bc1caaf1c0bae26f584d1ebafc495e983bcd7d9221b6a47e2fd7a3811,cd93cd83cd83cdc3cde3ceb30f934f83cdc38cc38cb38c73ccc3ccc3cc53cd73
data/raw/ooc/OOC_image_dataset/val/good/cell_type_HPMEC/4+_days/230517_25.png,230517_25,230517,val,good,HPMEC,4+_days,1,HPMEC,4+_days,True,True,True,1899298,2056,1542,L,36c89050c3b1d4400e8ee4006cf6411886f93e374c94d48aae12abd180f01103,8f23cb03c88bc9e3cba3ced34e434d434e23ce23cf238ba3ccc30cd38cf34c63
data/raw/ooc/OOC_image_dataset/val/good/cell_type_HPMEC/4+_days/230529_3.png,230529_3,230529,val,good,HPMEC,4+_days,1,HPMEC,4+_days,True,True,True,1991551,2056,1542,L,3668ae67c2b84c0c97ab0f4069300ceabdf0e815c5b3280ee475ab7bcdf2b99e,c714c4a4e464c4248436a426e56685568c868d86851684668646c596c6168516
data/raw/ooc/OOC_image_dataset/val/good/cell_type_HPMEC/4+_days/230529_6.png,230529_6,230529,val,good,HPMEC,4+_days,1,HPMEC,4+_days,True,True,True,2004773,2056,1542,L,a50a0384d088b9447ce515b40bfc2a339165e62aac0b755ce3c6105f353a4244,c762c7628706c6168612c712858e8606c6b22722a32283368706860ec706c606
data/raw/ooc/OOC_image_dataset/val/good/cell_type_HPMEC/4+_days/230529_73.png,230529_73,230529,val,good,HPMEC,4+_days,1,HPMEC,4+_days,True,True,True,1949642,2056,1542,L,aeb34a387862b7986bf45bb60dafd894a29df2a0052a542370bc2ec07600d47e,46c0c7e0c66006204700c710c700c788c799c79987218721c7c1e7c087c087c0
data/raw/ooc/OOC_image_dataset/val/good/cell_type_HPMEC/4_days/230317_24.png,230317_24,230317,val,good,HPMEC,4_days,1,HPMEC,4_days,True,True,True,2043735,2056,1542,L,1a376e50d35d5a81c5fddda2d71db295593270f5c385d4f253e4ed4ba296b3b0,f08cfc8cfe0ef80ef48ef48dfc8dfc8efc0efc0ef80fda0ccc0efc0ffc0ffc1e
data/raw/ooc/OOC_image_dataset/val/good/cell_type_HPMEC/4_days/230317_27.png,230317_27,230317,val,good,HPMEC,4_days,1,HPMEC,4_days,True,True,True,2065045,2056,1542,L,7f4e9a6326a2e55d812930d9e2d5db211af014b129a7c11ad928ef26b5682375,fc98f898d899d899d099649c6494dc9cdc93f4977593499acb18cb9ec79ac798
data/raw/ooc/OOC_image_dataset/val/good/cell_type_HPMEC/4_days/230317_36.png,230317_36,230317,val,good,HPMEC,4_days,1,HPMEC,4_days,True,True,True,1960216,2056,1542,L,4da64e55c6e2179248fd6ae2ffbf8699c58cfe08b4ae64adbff64885f12ca495,63b373337b3765346d345b357933f8337933ef31cf31df31cf31cf20cf22fe22
data/raw/ooc/OOC_image_dataset/val/good/cell_type_HPMEC/4_days/230512_16.png,230512_16,230512,val,good,HPMEC,4_days,1,HPMEC,4_days,True,True,True,1726042,2056,1542,L,2dd3d046bcdfc6a16f92f79dd36367419cd5af888929a109f612d2c448f02dc2,9b261d261c46936783a799e798e79ce69ce698e789e687c737063e263a263d26
data/raw/ooc/OOC_image_dataset/val/good/cell_type_HPMEC/4_days/230512_17.png,230512_17,230512,val,good,HPMEC,4_days,1,HPMEC,4_days,True,True,True,1801525,2056,1542,L,83207f113581bdb8327600738f7b418d5bab95d85732b691828fcc942bf44ec5,be46bbc63f063b463ba638c63ac63bc63f663b26386638e6bc66272603860b87
data/raw/ooc/OOC_image_dataset/val/good/cell_type_HSAEC/0-1_days/220429_30.png,220429_30,220429,val,good,HSAEC,0-1_days,1,HSAEC,0-1_days,True,True,True,2349184,2048,1536,RGB,2def727a49774f74b28c75709b0c1eb9e0cdb8272b34a412060f8969b5bf4aee,1137101f301321132017004f212d405d205f82af00ff09770a9f12dffb7f184f
data/raw/ooc/OOC_image_dataset/val/good/cell_type_HSAEC/0-1_days/220626_16.png,220626_16,220626,val,good,HSAEC,0-1_days,1,HSAEC,0-1_days,True,True,True,3026105,2048,1536,RGB,470c79719bc01508647e77b71b205cb41d223f8b8e6fb283b5bbf7f371d7fb1c,1e9c0659205e28530cd714cf9a479e1a059213db1b271d950ea6062a061b0580
data/raw/ooc/OOC_image_dataset/val/good/cell_type_HSAEC/0-1_days/221010_25.png,221010_25,221010,val,good,HSAEC,0-1_days,1,HSAEC,0-1_days,True,True,True,2876352,2048,1536,RGB,b9b48f157b8ba7b34b3383a324d69cda8f39fd82e0748ba936122aba8f6be53e,001a001b40cb408b400b005b006b033b02a901c9006908792039506900794009
data/raw/ooc/OOC_image_dataset/val/good/cell_type_HSAEC/0-1_days/221010_50.png,221010_50,221010,val,good,HSAEC,0-1_days,1,HSAEC,0-1_days,True,True,True,2630649,2048,1536,RGB,d45b0779ac838fb1b2b9ac6e3dd5e294007cd30f9dd5e8a15b52660a5fadc1d7,003d004d014dc00d400c410c000c440c400c840c840c840e860e8e0e962e920e
data/raw/ooc/OOC_image_dataset/val/good/cell_type_HSAEC/0-1_days/221010_55.png,221010_55,221010,val,good,HSAEC,0-1_days,1,HSAEC,0-1_days,True,True,True,2885679,2048,1536,RGB,21075a83c2f6ea60bb337fba2bb6e011bdf45532a74acd7e49fd34ad687aa24b,821fc01f800f810ed00ec01fc00fc00fc20780078c0786278e0f9e0f9c0f880f
data/raw/ooc/OOC_image_dataset/val/good/cell_type_HSAEC/0-1_days/230119_45.png,230119_45,230119,val,good,HSAEC,0-1_days,1,HSAEC,0-1_days,True,True,True,2540898,2048,1536,RGB,82a357137a17212e079eb391dbd7c49149097b7328f2e906a63fee3f57d6a79d,bb70fa54f676f5e6dbb2dbeacccececedbaef736fb34f7f9fdb9f19ff999fdf9
data/raw/ooc/OOC_image_dataset/val/good/cell_type_HSAEC/0-1_days/230119_70.png,230119_70,230119,val,good,HSAEC,0-1_days,1,HSAEC,0-1_days,True,True,True,2515419,2048,1536,RGB,7e426724aef6261e1b07a726e0692b105979c2238594b03b4e886e6364c505e7,b19cb0deb1d8ecd8bcccbccdeecce74ca54eed6dea6ffa67d866ec66ece6cfe6
data/raw/ooc/OOC_image_dataset/val/good/cell_type_HSAEC/2-3_days/220716_5.png,220716_5,220716,val,good,HSAEC,2-3_days,1,HSAEC,2-3_days,True,True,True,2523424,2048,1536,RGB,310e4e3df2405b2b84b6a2afc4b05b47da893a5210acd23f42aa35e1e01389ca,095f0c5d404d506fd1abc1b3019c40b403220763856101cb072a456a27132058
data/raw/ooc/OOC_image_dataset/val/good/cell_type_HSAEC/2-3_days/221012_1.png,221012_1,221012,val,good,HSAEC,2-3_days,1,HSAEC,2-3_days,True,True,True,2735298,2048,1536,RGB,72d192441ccd581beda12c2c07ff0da761000ebb8a78959c73133ef2a90a32b9,210b00374057c0d7018700978087820ec096c0468044c0042010200000020004
data/raw/ooc/OOC_image_dataset/val/good/cell_type_HSAEC/2-3_days/221012_16.png,221012_16,221012,val,good,HSAEC,2-3_days,1,HSAEC,2-3_days,True,True,True,2778014,2048,1536,RGB,25e37ebf740a8d3c519031fe420b5c6ebb016c452a2d4bbbd5e2fbbb0a9a93e7,a16361e4415741a30567046e08bb18b6100e810b8119809dc08de08860884000
data/raw/ooc/OOC_image_dataset/val/good/cell_type_HSAEC/4+_days/220503_7.png,220503_7,220503,val,good,HSAEC,4+_days,1,HSAEC,4+_days,True,True,True,2783011,2048,1536,RGB,486f28b07e6925b00141898b8df6a6fd135eeaf1f7912ab740a6371ccb32da27,78e7388e151c14b9128938adda266b262f070e6346491ee816908e8305b02c00
data/raw/ooc/OOC_image_dataset/val/good/cell_type_HSAEC/4+_days/230123_14.png,230123_14,230123,val,good,HSAEC,4+_days,1,HSAEC,4+_days,True,True,True,2433581,2048,1536,RGB,5e593cde6df0e2003c90e328bc1a99dd6e11c51711bd9a96fce9867728a0346b,61cd00cd04cd114d31edd16cb0e6e0e6f464f466f0e6f136f076e836d0b3f813
data/raw/ooc/OOC_image_dataset/val/good/cell_type_HSAEC/4+_days/230123_7.png,230123_7,230123,val,good,HSAEC,4+_days,1,HSAEC,4+_days,True,True,True,2510197,2048,1536,RGB,63a624ab553197f11dd8c7c48a1af9ef57fe3da717de5a4be54f8a6b8ee40712,b993c7938e5ba21be72bd6899619da89e889e809ea59dcc9f449e151d26ac42a
data/raw/ooc/OOC_image_dataset/val/good/cell_type_HSAEC/4_days/220502_8.png,220502_8,220502,val,good,HSAEC,4_days,1,HSAEC,4_days,True,True,True,2723211,2048,1536,RGB,c9525880b0304fad6e6df920a49f29bea2858ae0a47b53172716b87d385ee320,0f1fc81f800f000f000f800f200f6007020344030003800382038003103a8c60
data/raw/ooc/OOC_image_dataset/val/good/cell_type_HUVEC/0-1_days/221010_67.png,221010_67,221010,val,good,HUVEC,0-1_days,1,HUVEC,0-1_days,True,True,True,2670659,2048,1536,RGB,c19a082ea7fb008c6a1406f575fbb8f4b8208ff9d20b9ea94a2d7d2a7e620201,403e407e60ff603f683f686f6c9b689f72df702f742764b360b361b360cf604f
data/raw/ooc/OOC_image_dataset/val/good/cell_type_NHBE/0-1_days/230316_21.png,230316_21,230316,val,good,NHBE,0-1_days,1,NHBE,0-1_days,True,True,True,6109750,2048,1536,RGB,7cb6f8e809785f1e21a7a220f98b0be910c168ee85be2a5e1b5242baf5c113ed,dcb6dc3edc5edd92dc72deb3dcabdc2bcd3fcd3fcd9bcbafcc2fce2feaafebdf
data/raw/ooc/OOC_image_dataset/val/good/cell_type_NHBE/2-3_days/230317_73.png,230317_73,230317,val,good,NHBE,2-3_days,1,NHBE,2-3_days,True,True,True,1963697,2056,1542,L,d569ea5f68cc4377c6d8100b48ac95ef5874c96eedc2f2d830d898578a854ec7,97039f23be03be033e033e433e133ca33e833f833f433f033f833d833b033983
data/raw/ooc/OOC_image_dataset/val/good/cell_type_NHBE/2-3_days/230317_87.png,230317_87,230317,val,good,NHBE,2-3_days,1,NHBE,2-3_days,True,True,True,2109646,2056,1542,L,e65ac754c41a0732f1e87007df9571092fd9b70ab6c1e713262d0d8e7739c237,730c534c558c5c0c584c5c0c5c4c564c5e4c5b0c550c530e560e560c504c51cc
data/raw/ooc/OOC_image_dataset/val/good/cell_type_NHBE/2-3_days/230317_94.png,230317_94,230317,val,good,NHBE,2-3_days,1,NHBE,2-3_days,True,True,True,1694738,2056,1542,L,28bde4f4c04b04705eb4674bf6bf4b6f6268e3289cff3356e43dad8cff1f98e3,ec30fa34fc30f234e234e63486369637e636a632bd32f431f432b4309e309d37
data/raw/ooc/OOC_image_dataset/val/good/cell_type_NHBE/4+_days/230320_141.png,230320_141,230320,val,good,NHBE,4+_days,1,NHBE,4+_days,True,True,True,1940630,2056,1542,L,abb6387d3475f9058d669d6c062702f35b66c66d7d62323977d9295bfa41657c,9fa3bf03be83bea33f433d833e933f13bd83bd833d23be23bf03bc43bce39ce3
data/raw/ooc/OOC_image_dataset/val/good/cell_type_NHBE/4+_days/230320_161.png,230320_161,230320,val,good,NHBE,4+_days,1,NHBE,4+_days,True,True,True,1963875,2056,1542,L,e6fa2414921c99ed2ef3532be82365407f22d3b4aa0b3b6ca94cbc16873a0858,b432f430f830f830d03cec3ef83bfc33b932f93efc3c783479377936fc34f434
data/raw/ooc/OOC_image_dataset/val/good/cell_type_NHBE/4+_days/230320_205.png,230320_205,230320,val,good,NHBE,4+_days,1,NHBE,4+_days,True,True,True,1949129,2056,1542,L,6939c7b22b1ba31f55652fde4fe5fae281e7de463d144d792ea691e3f62b49a0,8b818a098a010b018a81ca210b010b094a198a718bc9cf9146a16761e741e641
data/raw/ooc/OOC_image_dataset/val/good/cell_type_NHBE/4+_days/230320_215.png,230320_215,230320,val,good,NHBE,4+_days,1,NHBE,4+_days,True,True,True,1999393,2056,1542,L,5279a9bdd7298ad7d9c640ce12e136f7fd83ea6a760ef75b55e5e2d3470b5427,24a3a4c3a4c32453255325432583244324a326a3360234433423262336a32783
data/raw/ooc/OOC_image_dataset/val/good/cell_type_NHBE/4+_days/230320_223.png,230320_223,230320,val,good,NHBE,4+_days,1,NHBE,4+_days,True,True,True,1782181,2056,1542,L,4ff3b018824d2fb4f1fbc0c0f9a29c23c953f69e15acc4ec924150d99319f4ce,f90cb90cb80c380ef88eb90cf90ceb0ca78ca70eb50db50ce48ca38eab8daa8f
